ISO-10303-21;
HEADER;
FILE_DESCRIPTION (( 'STEP AP214' ),
    '1' );
FILE_NAME ('CAP_ALU_THT_5P_12D5_20H.STEP',
    '2026-07-21T03:53:05',
    ( '' ),
    ( '' ),
    'SwSTEP 2.0',
    'SolidWorks 2021',
    '' );
FILE_SCHEMA (( 'AUTOMOTIVE_DESIGN' ));
ENDSEC;

DATA;
#1 = VERTEX_POINT ( 'NONE', #570 ) ;
#2 = DIRECTION ( 'NONE',  ( -1.000000000000000000, -1.133040108182892458E-14, 0.000000000000000000 ) ) ;
#3 = VECTOR ( 'NONE', #407, 1000.000000000000000 ) ;
#4 = FILL_AREA_STYLE ('',( #2480 ) ) ;
#5 = PRESENTATION_LAYER_ASSIGNMENT (  '', '', ( #2841 ) ) ;
#6 = CIRCLE ( 'NONE', #2493, 1.004999999999999893 ) ;
#7 = EDGE_CURVE ( 'NONE', #2871, #891, #1851, .T. ) ;
#8 = ORIENTED_EDGE ( 'NONE', *, *, #940, .F. ) ;
#9 = CIRCLE ( 'NONE', #2162, 6.349999999999837996 ) ;
#10 = CARTESIAN_POINT ( 'NONE',  ( -4.270623448989669366E-14, 4.162741699796609574, 0.000000000000000000 ) ) ;
#11 = CARTESIAN_POINT ( 'NONE',  ( 5.233433961325217432, 2.629280640169547656, -1.906847915391174819 ) ) ;
#12 = EDGE_CURVE ( 'NONE', #2964, #1, #804, .T. ) ;
#13 = VERTEX_POINT ( 'NONE', #2379 ) ;
#14 =( NAMED_UNIT ( * ) PLANE_ANGLE_UNIT ( ) SI_UNIT ( $, .RADIAN. ) );
#15 = DIRECTION ( 'NONE',  ( -1.000000000000000000, -1.156482317317871607E-14, 0.000000000000000000 ) ) ;
#16 = CARTESIAN_POINT ( 'NONE',  ( 5.358791396932422124, 3.139543394776943330, -1.905802708886221497 ) ) ;
#17 = CARTESIAN_POINT ( 'NONE',  ( -2.258603258347991103E-13, 19.89999999999996305, 0.000000000000000000 ) ) ;
#18 = EDGE_LOOP ( 'NONE', ( #684, #2380, #2351, #1708, #1394, #1115, #1665, #1280 ) ) ;
#19 = DIRECTION ( 'NONE',  ( 1.000000000000000000, 1.143536619735955098E-14, 0.000000000000000000 ) ) ;
#20 = SURFACE_STYLE_USAGE ( .BOTH. , #2901 ) ;
#21 = DIRECTION ( 'NONE',  ( 1.000000000000000000, 1.138412281109779498E-14, 0.000000000000000000 ) ) ;
#22 = CARTESIAN_POINT ( 'NONE',  ( 6.020716308202070266, 19.77308329908258244, 1.905413480765476786 ) ) ;
#23 = FACE_OUTER_BOUND ( 'NONE', #988, .T. ) ;
#24 = EDGE_CURVE ( 'NONE', #2202, #1466, #2265, .T. ) ;
#25 = DIRECTION ( 'NONE',  ( -1.000000000000000000, -1.138412281109779656E-14, 0.000000000000000000 ) ) ;
#26 = MECHANICAL_DESIGN_GEOMETRIC_PRESENTATION_REPRESENTATION (  '', ( #650 ), #697 ) ;
#27 = EDGE_LOOP ( 'NONE', ( #1925, #2312, #1942, #1309 ) ) ;
#28 = STYLED_ITEM ( 'NONE', ( #2533 ), #299 ) ;
#29 = CONICAL_SURFACE ( 'NONE', #2672, 0.2999999999999999334, 0.7853981633974466137 ) ;
#30 = CARTESIAN_POINT ( 'NONE',  ( -5.220891953973730422E-14, 5.000000000000000000, 0.000000000000000000 ) ) ;
#31 = DIRECTION ( 'NONE',  ( 1.000000000000000000, 0.000000000000000000, 1.224646799147352961E-16 ) ) ;
#32 = DIRECTION ( 'NONE',  ( -1.000000000000000000, -1.134976511732661027E-14, 0.000000000000000000 ) ) ;
#33 = PRESENTATION_STYLE_ASSIGNMENT (( #2300 ) ) ;
#34 = PRESENTATION_LAYER_ASSIGNMENT (  '', '', ( #929 ) ) ;
#35 = ORIENTED_EDGE ( 'NONE', *, *, #2839, .F. ) ;
#36 = SURFACE_STYLE_FILL_AREA ( #1154 ) ;
#37 = FILL_AREA_STYLE ('',( #1172 ) ) ;
#38 = SURFACE_SIDE_STYLE ('',( #64 ) ) ;
#39 = CARTESIAN_POINT ( 'NONE',  ( 3.552794967594593789, 0.7999999999969339415, -1.837837837850356371 ) ) ;
#40 = FILL_AREA_STYLE ('',( #2803 ) ) ;
#41 = CARTESIAN_POINT ( 'NONE',  ( 5.414093782845020186, 2.166586693338384606, -1.905354841111946529 ) ) ;
#42 = EDGE_CURVE ( 'NONE', #141, #2401, #2020, .T. ) ;
#43 = ORIENTED_EDGE ( 'NONE', *, *, #1528, .T. ) ;
#44 = DIRECTION ( 'NONE',  ( -1.115179377413650795E-14, 1.000000000000000000, 0.000000000000000000 ) ) ;
#45 = ORIENTED_EDGE ( 'NONE', *, *, #717, .T. ) ;
#46 =( LENGTH_UNIT ( ) NAMED_UNIT ( * ) SI_UNIT ( .MILLI., .METRE. ) );
#47 = CARTESIAN_POINT ( 'NONE',  ( 3.286335345024453236, -3.069159509871965952E-12, -1.399999999999999689 ) ) ;
#48 = UNCERTAINTY_MEASURE_WITH_UNIT (LENGTH_MEASURE( 1.000000000000000082E-05 ), #2688, 'distance_accuracy_value', 'NONE');
#49 = PRESENTATION_LAYER_ASSIGNMENT (  '', '', ( #2153 ) ) ;
#50 = DIRECTION ( 'NONE',  ( 1.134976511732661027E-14, -1.000000000000000000, 0.000000000000000000 ) ) ;
#51 = CIRCLE ( 'NONE', #897, 5.512741699800045581 ) ;
#52 = PRESENTATION_LAYER_ASSIGNMENT (  '', '', ( #197 ) ) ;
#53 = CARTESIAN_POINT ( 'NONE',  ( -2.500000000000004441, 0.3999999999999716560, -1.399999999999999911 ) ) ;
#54 = AXIS2_PLACEMENT_3D ( 'NONE', #599, #1697, #2611 ) ;
#55 = VECTOR ( 'NONE', #232, 1000.000000000000000 ) ;
#56 = VERTEX_POINT ( 'NONE', #2224 ) ;
#57 =( NAMED_UNIT ( * ) PLANE_ANGLE_UNIT ( ) SI_UNIT ( $, .RADIAN. ) );
#58 = SURFACE_STYLE_USAGE ( .BOTH. , #1152 ) ;
#59 = ADVANCED_FACE ( 'NONE', ( #2937, #423 ), #2922, .F. ) ;
#60 = ORIENTED_EDGE ( 'NONE', *, *, #1738, .F. ) ;
#61 = DIRECTION ( 'NONE',  ( -1.134976511732661027E-14, 1.000000000000000000, -0.000000000000000000 ) ) ;
#62 = SURFACE_SIDE_STYLE ('',( #308 ) ) ;
#63 = FACE_OUTER_BOUND ( 'NONE', #1977, .T. ) ;
#64 = SURFACE_STYLE_FILL_AREA ( #2291 ) ;
#65 = AXIS2_PLACEMENT_3D ( 'NONE', #954, #98, #1923 ) ;
#66 = CARTESIAN_POINT ( 'NONE',  ( 6.006052376015097671, 0.8974484926708652388, 1.905578563446131746 ) ) ;
#67 = PRODUCT_DEFINITION_SHAPE ( 'NONE', 'NONE',  #1355 ) ;
#68 = ORIENTED_EDGE ( 'NONE', *, *, #2039, .F. ) ;
#69 = SURFACE_STYLE_FILL_AREA ( #587 ) ;
#70 = STYLED_ITEM ( 'NONE', ( #1849 ), #1720 ) ;
#71 = CARTESIAN_POINT ( 'NONE',  ( 5.271139306679907932, 2.408615586393791475, 1.906521028784710303 ) ) ;
#72 = SURFACE_STYLE_FILL_AREA ( #352 ) ;
#73 = DIRECTION ( 'NONE',  ( -1.000000000000000000, -1.138412281109779340E-14, 0.000000000000000000 ) ) ;
#74 = AXIS2_PLACEMENT_3D ( 'NONE', #1256, #1747, #385 ) ;
#75 = ORIENTED_EDGE ( 'NONE', *, *, #1127, .F. ) ;
#76 = DIRECTION ( 'NONE',  ( 0.000000000000000000, 0.000000000000000000, 1.000000000000000000 ) ) ;
#77 = EDGE_CURVE ( 'NONE', #850, #240, #1710, .T. ) ;
#78 = FILL_AREA_STYLE ('',( #1430 ) ) ;
#79 = SURFACE_STYLE_FILL_AREA ( #1098 ) ;
#80 = CARTESIAN_POINT ( 'NONE',  ( 3.286335345024454568, -3.069159509871965952E-12, 1.699999999999999956 ) ) ;
#81 = CARTESIAN_POINT ( 'NONE',  ( -3.286335345006544006, -3.143752619338968657E-12, -1.700000000000000178 ) ) ;
#82 = CARTESIAN_POINT ( 'NONE',  ( 5.701144372094543833, 19.99482139709694195, 1.901962746382578118 ) ) ;
#83 = UNCERTAINTY_MEASURE_WITH_UNIT (LENGTH_MEASURE( 1.000000000000000082E-05 ), #1118, 'distance_accuracy_value', 'NONE');
#84 = EDGE_CURVE ( 'NONE', #2813, #1376, #2957, .T. ) ;
#85 = SURFACE_STYLE_FILL_AREA ( #483 ) ;
#86 = CARTESIAN_POINT ( 'NONE',  ( 5.225653747652283521, 0.3799999999966363617, 1.900383630429409498 ) ) ;
#87 =( LENGTH_UNIT ( ) NAMED_UNIT ( * ) SI_UNIT ( .MILLI., .METRE. ) );
#88 = UNCERTAINTY_MEASURE_WITH_UNIT (LENGTH_MEASURE( 1.000000000000000082E-05 ), #2487, 'distance_accuracy_value', 'NONE');
#89 = EDGE_LOOP ( 'NONE', ( #713, #230, #1461, #2890 ) ) ;
#90 = SURFACE_SIDE_STYLE ('',( #1219 ) ) ;
#91 = PRESENTATION_STYLE_ASSIGNMENT (( #2141 ) ) ;
#92 = DIRECTION ( 'NONE',  ( -1.000000000000000000, -1.134976511732646669E-14, 0.000000000000000000 ) ) ;
#93 = CARTESIAN_POINT ( 'NONE',  ( -2.799999999999972733, -2.000000000003137934, 0.000000000000000000 ) ) ;
#94 = FACE_OUTER_BOUND ( 'NONE', #2182, .T. ) ;
#95 = MECHANICAL_DESIGN_GEOMETRIC_PRESENTATION_REPRESENTATION (  '', ( #582 ), #1774 ) ;
#96 = EDGE_CURVE ( 'NONE', #2620, #13, #855, .T. ) ;
#97 = CARTESIAN_POINT ( 'NONE',  ( 6.078167818614864437, 5.000000000000069278, 1.905984251968504628 ) ) ;
#98 = DIRECTION ( 'NONE',  ( -1.134976511732661027E-14, 1.000000000000000000, -0.000000000000000000 ) ) ;
#99 = PRESENTATION_LAYER_ASSIGNMENT (  '', '', ( #1187 ) ) ;
#100 = VERTEX_POINT ( 'NONE', #2695 ) ;
#101 = VERTEX_POINT ( 'NONE', #2045 ) ;
#102 = CARTESIAN_POINT ( 'NONE',  ( 6.040265794989839954, 3.913554524517568023, -1.905773342822523198 ) ) ;
#103 = LINE ( 'NONE', #1663, #1135 ) ;
#104 = STYLED_ITEM ( 'NONE', ( #1107 ), #464 ) ;
#105 = DIRECTION ( 'NONE',  ( -1.000000000000000000, 0.000000000000000000, 0.000000000000000000 ) ) ;
#106 = AXIS2_PLACEMENT_3D ( 'NONE', #1875, #281, #1893 ) ;
#107 = ADVANCED_FACE ( 'NONE', ( #1540 ), #646, .T. ) ;
#108 = EDGE_LOOP ( 'NONE', ( #625, #1197, #2150, #2272 ) ) ;
#109 =( NAMED_UNIT ( * ) PLANE_ANGLE_UNIT ( ) SI_UNIT ( $, .RADIAN. ) );
#110 = SURFACE_STYLE_FILL_AREA ( #2192 ) ;
#111 = CARTESIAN_POINT ( 'NONE',  ( -2.500000000000016875, 1.499999999996872280, 0.000000000000000000 ) ) ;
#112 = PRESENTATION_LAYER_ASSIGNMENT (  '', '', ( #1391 ) ) ;
#113 = CARTESIAN_POINT ( 'NONE',  ( 5.174970632642707180, 0.3799999999969209674, 1.899999999999958611 ) ) ;
#114 = ADVANCED_FACE ( 'NONE', ( #2767 ), #1608, .F. ) ;
#115 = DIRECTION ( 'NONE',  ( -1.134976511732661184E-14, 1.000000000000000000, -0.000000000000000000 ) ) ;
#116 = CIRCLE ( 'NONE', #2945, 5.000000000000000000 ) ;
#117 = ORIENTED_EDGE ( 'NONE', *, *, #1546, .F. ) ;
#118 = VERTEX_POINT ( 'NONE', #1146 ) ;
#119 = CARTESIAN_POINT ( 'NONE',  ( 6.078167818614862661, 4.162741699796677963, -1.905984251968526166 ) ) ;
#120 = CIRCLE ( 'NONE', #1209, 1.399999999999999689 ) ;
#121 = CARTESIAN_POINT ( 'NONE',  ( 5.370008743439798060, 0.3959863491350743558, -1.901439705211218412 ) ) ;
#122 = ORIENTED_EDGE ( 'NONE', *, *, #140, .F. ) ;
#123 = CIRCLE ( 'NONE', #2671, 1.399999999999999911 ) ;
#124 = PRESENTATION_STYLE_ASSIGNMENT (( #1978 ) ) ;
#125 = CARTESIAN_POINT ( 'NONE',  ( -3.286335344975547024, -3.143752619338968657E-12, -1.399999999999999689 ) ) ;
#126 = DIRECTION ( 'NONE',  ( -1.134976511732661027E-14, 1.000000000000000000, -0.000000000000000000 ) ) ;
#127 = COLOUR_RGB ( '',0.9411764705882352811, 0.9411764705882352811, 0.7843137254901960675 ) ;
#128 =( GEOMETRIC_REPRESENTATION_CONTEXT ( 3 ) GLOBAL_UNCERTAINTY_ASSIGNED_CONTEXT ( ( #2174 ) ) GLOBAL_UNIT_ASSIGNED_CONTEXT ( ( #2753, #2568, #296 ) ) REPRESENTATION_CONTEXT ( 'NONE', 'WORKASPACE' ) );
#129 = STYLED_ITEM ( 'NONE', ( #1700 ), #2818 ) ;
#130 =( NAMED_UNIT ( * ) SI_UNIT ( $, .STERADIAN. ) SOLID_ANGLE_UNIT ( ) );
#131 = COLOUR_RGB ( '',0.7803921568627451011, 0.7607843137254901578, 0.7411764705882353255 ) ;
#132 = CARTESIAN_POINT ( 'NONE',  ( 6.038339581158012059, 1.493850449424761528, 1.905752450146649846 ) ) ;
#133 =( GEOMETRIC_REPRESENTATION_CONTEXT ( 3 ) GLOBAL_UNCERTAINTY_ASSIGNED_CONTEXT ( ( #2118 ) ) GLOBAL_UNIT_ASSIGNED_CONTEXT ( ( #1853, #2936, #432 ) ) REPRESENTATION_CONTEXT ( 'NONE', 'WORKASPACE' ) );
#134 =( NAMED_UNIT ( * ) SI_UNIT ( $, .STERADIAN. ) SOLID_ANGLE_UNIT ( ) );
#135 = CARTESIAN_POINT ( 'NONE',  ( 2.499999999999979572, 1.799999999996922062, 0.000000000000000000 ) ) ;
#136 = ORIENTED_EDGE ( 'NONE', *, *, #1596, .T. ) ;
#137 = DIRECTION ( 'NONE',  ( 1.000000000000000000, 1.134976511732662131E-14, 0.000000000000000000 ) ) ;
#138 = FILL_AREA_STYLE_COLOUR ( '', #1933 ) ;
#139 = DIRECTION ( 'NONE',  ( -1.115179377413657421E-14, 1.000000000000000000, 0.000000000000000000 ) ) ;
#140 = EDGE_CURVE ( 'NONE', #2123, #592, #1216, .T. ) ;
#141 = VERTEX_POINT ( 'NONE', #257 ) ;
#142 = APPLICATION_PROTOCOL_DEFINITION ( 'draft international standard', 'automotive_design', 1998, #1375 ) ;
#143 = FACE_OUTER_BOUND ( 'NONE', #1178, .T. ) ;
#144 =( NAMED_UNIT ( * ) PLANE_ANGLE_UNIT ( ) SI_UNIT ( $, .RADIAN. ) );
#145 = DIRECTION ( 'NONE',  ( -2.757607627364684805E-16, -3.129819885633750407E-30, -1.000000000000000000 ) ) ;
#146 = SURFACE_STYLE_FILL_AREA ( #2369 ) ;
#147 = DIRECTION ( 'NONE',  ( -1.134976511732661027E-14, 1.000000000000000000, -0.000000000000000000 ) ) ;
#148 = UNCERTAINTY_MEASURE_WITH_UNIT (LENGTH_MEASURE( 1.000000000000000082E-05 ), #2216, 'distance_accuracy_value', 'NONE');
#149 = COLOUR_RGB ( '',0.2509803921568627416, 0.2509803921568627416, 0.2509803921568627416 ) ;
#150 = CARTESIAN_POINT ( 'NONE',  ( 5.939628650623453687, 19.84720296513970084, -1.904560239895026541 ) ) ;
#151 = CIRCLE ( 'NONE', #857, 0.5000000000000004441 ) ;
#152 = ORIENTED_EDGE ( 'NONE', *, *, #2923, .T. ) ;
#153 = VECTOR ( 'NONE', #2616, 1000.000000000000000 ) ;
#154 = CARTESIAN_POINT ( 'NONE',  ( 6.068625200773407613, 4.018577526653052345, -1.905938569274201688 ) ) ;
#155 = MECHANICAL_DESIGN_GEOMETRIC_PRESENTATION_REPRESENTATION (  '', ( #2887 ), #1292 ) ;
#156 =( GEOMETRIC_REPRESENTATION_CONTEXT ( 3 ) GLOBAL_UNCERTAINTY_ASSIGNED_CONTEXT ( ( #972 ) ) GLOBAL_UNIT_ASSIGNED_CONTEXT ( ( #1991, #2939, #842 ) ) REPRESENTATION_CONTEXT ( 'NONE', 'WORKASPACE' ) );
#157 = CIRCLE ( 'NONE', #1737, 4.379999999999999893 ) ;
#158 = ORIENTED_EDGE ( 'NONE', *, *, #1344, .F. ) ;
#159 = SURFACE_STYLE_FILL_AREA ( #2776 ) ;
#160 = EDGE_CURVE ( 'NONE', #1253, #1267, #2076, .T. ) ;
#161 = CIRCLE ( 'NONE', #54, 1.000000000000000000 ) ;
#162 = DIRECTION ( 'NONE',  ( -1.134976511732661027E-14, 1.000000000000000000, -0.000000000000000000 ) ) ;
#163 = CYLINDRICAL_SURFACE ( 'NONE', #1505, 1.399999999999999911 ) ;
#164 = PRESENTATION_LAYER_ASSIGNMENT (  '', '', ( #2548 ) ) ;
#165 = ORIENTED_EDGE ( 'NONE', *, *, #1792, .F. ) ;
#166 = COLOUR_RGB ( '',0.2509803921568627416, 0.2509803921568627416, 0.2509803921568627416 ) ;
#167 = FILL_AREA_STYLE ('',( #1297 ) ) ;
#168 = DIRECTION ( 'NONE',  ( 1.000000000000000000, 1.130619127184362373E-14, 2.757607627278932173E-16 ) ) ;
#169 = VERTEX_POINT ( 'NONE', #926 ) ;
#170 = DIRECTION ( 'NONE',  ( 1.134976511732661027E-14, -1.000000000000000000, 0.000000000000000000 ) ) ;
#171 = LINE ( 'NONE', #428, #828 ) ;
#172 = SURFACE_STYLE_USAGE ( .BOTH. , #653 ) ;
#173 = UNCERTAINTY_MEASURE_WITH_UNIT (LENGTH_MEASURE( 1.000000000000000082E-05 ), #1855, 'distance_accuracy_value', 'NONE');
#174 =( GEOMETRIC_REPRESENTATION_CONTEXT ( 3 ) GLOBAL_UNCERTAINTY_ASSIGNED_CONTEXT ( ( #88 ) ) GLOBAL_UNIT_ASSIGNED_CONTEXT ( ( #2487, #655, #456 ) ) REPRESENTATION_CONTEXT ( 'NONE', 'WORKASPACE' ) );
#175 = AXIS2_PLACEMENT_3D ( 'NONE', #2370, #147, #358 ) ;
#176 = EDGE_CURVE ( 'NONE', #783, #2576, #1637, .T. ) ;
#177 = CIRCLE ( 'NONE', #1796, 0.9000000000042698289 ) ;
#178 = AXIS2_PLACEMENT_3D ( 'NONE', #1452, #50, #255 ) ;
#179 = VECTOR ( 'NONE', #2096, 1000.000000000000000 ) ;
#180 = FILL_AREA_STYLE_COLOUR ( '', #351 ) ;
#181 =( GEOMETRIC_REPRESENTATION_CONTEXT ( 3 ) GLOBAL_UNCERTAINTY_ASSIGNED_CONTEXT ( ( #290 ) ) GLOBAL_UNIT_ASSIGNED_CONTEXT ( ( #2508, #228, #1906 ) ) REPRESENTATION_CONTEXT ( 'NONE', 'WORKASPACE' ) );
#182 = CARTESIAN_POINT ( 'NONE',  ( 5.613179636537252826, 20.02000000000002444, -1.900952850306104169 ) ) ;
#183 = DIRECTION ( 'NONE',  ( 1.000000000000000000, 1.134075472419837638E-14, 0.000000000000000000 ) ) ;
#184 = DIRECTION ( 'NONE',  ( 1.000000000000000000, 0.000000000000000000, 1.224646799147354193E-16 ) ) ;
#185 = VERTEX_POINT ( 'NONE', #537 ) ;
#186 = SURFACE_STYLE_FILL_AREA ( #194 ) ;
#187 = DIRECTION ( 'NONE',  ( 1.134976511732661027E-14, -1.000000000000000000, 0.000000000000000000 ) ) ;
#188 = DIRECTION ( 'NONE',  ( 1.000000000000000000, 1.105886215935214207E-14, 0.000000000000000000 ) ) ;
#189 = CARTESIAN_POINT ( 'NONE',  ( 6.078167818614699236, 19.50000000000003197, -1.905984251968503296 ) ) ;
#190 = EDGE_CURVE ( 'NONE', #948, #1253, #463, .T. ) ;
#191 = SURFACE_STYLE_USAGE ( .BOTH. , #2483 ) ;
#192 =( GEOMETRIC_REPRESENTATION_CONTEXT ( 3 ) GLOBAL_UNCERTAINTY_ASSIGNED_CONTEXT ( ( #1487 ) ) GLOBAL_UNIT_ASSIGNED_CONTEXT ( ( #1260, #2177, #130 ) ) REPRESENTATION_CONTEXT ( 'NONE', 'WORKASPACE' ) );
#193 = ORIENTED_EDGE ( 'NONE', *, *, #651, .F. ) ;
#194 = FILL_AREA_STYLE ('',( #1544 ) ) ;
#195 = CYLINDRICAL_SURFACE ( 'NONE', #2934, 0.2999999999999999334 ) ;
#196 = STYLED_ITEM ( 'NONE', ( #561 ), #1632 ) ;
#197 = STYLED_ITEM ( 'NONE', ( #33 ), #1488 ) ;
#198 = ADVANCED_FACE ( 'NONE', ( #1854 ), #1074, .T. ) ;
#199 =( LENGTH_UNIT ( ) NAMED_UNIT ( * ) SI_UNIT ( .MILLI., .METRE. ) );
#200 = UNCERTAINTY_MEASURE_WITH_UNIT (LENGTH_MEASURE( 1.000000000000000082E-05 ), #2466, 'distance_accuracy_value', 'NONE');
#201 = CARTESIAN_POINT ( 'NONE',  ( 6.450000000005013057, 2.699999999999876721, 7.898971854506599556E-16 ) ) ;
#202 = AXIS2_PLACEMENT_3D ( 'NONE', #30, #1625, #490 ) ;
#203 = FILL_AREA_STYLE_COLOUR ( '', #866 ) ;
#204 = VECTOR ( 'NONE', #2689, 1000.000000000000000 ) ;
#205 = CONICAL_SURFACE ( 'NONE', #728, 0.2999999999999951594, 0.7853981633974469467 ) ;
#206 = ORIENTED_EDGE ( 'NONE', *, *, #1226, .T. ) ;
#207 = SURFACE_STYLE_USAGE ( .BOTH. , #1808 ) ;
#208 = EDGE_CURVE ( 'NONE', #2047, #784, #2711, .T. ) ;
#209 = LINE ( 'NONE', #2956, #2488 ) ;
#210 = ORIENTED_EDGE ( 'NONE', *, *, #1691, .F. ) ;
#211 = MECHANICAL_DESIGN_GEOMETRIC_PRESENTATION_REPRESENTATION (  '', ( #645 ), #2700 ) ;
#212 = DIRECTION ( 'NONE',  ( -1.134976511732661027E-14, 1.000000000000000000, 0.000000000000000000 ) ) ;
#213 = CARTESIAN_POINT ( 'NONE',  ( -4.380000000000225491, 19.89999999999991331, 0.000000000000000000 ) ) ;
#214 = CARTESIAN_POINT ( 'NONE',  ( 1.100000000000000089, -3.093939638850604424E-12, 0.000000000000000000 ) ) ;
#215 = TOROIDAL_SURFACE ( 'NONE', #1308, 6.450000000005039702, 0.9000000000042693848 ) ;
#216 = ORIENTED_EDGE ( 'NONE', *, *, #2248, .T. ) ;
#217 = FACE_OUTER_BOUND ( 'NONE', #564, .T. ) ;
#218 = MECHANICAL_DESIGN_GEOMETRIC_PRESENTATION_REPRESENTATION (  '', ( #2811 ), #2227 ) ;
#219 = CARTESIAN_POINT ( 'NONE',  ( 5.532856405148758761, 20.02000000000002444, -1.899999999999998579 ) ) ;
#220 = SURFACE_STYLE_FILL_AREA ( #1871 ) ;
#221 = EDGE_LOOP ( 'NONE', ( #403, #355 ) ) ;
#222 = SURFACE_STYLE_USAGE ( .BOTH. , #2108 ) ;
#223 = EDGE_CURVE ( 'NONE', #100, #1005, #2594, .T. ) ;
#224 = ORIENTED_EDGE ( 'NONE', *, *, #2768, .T. ) ;
#225 = DIRECTION ( 'NONE',  ( -1.134976511732661027E-14, 1.000000000000000000, -0.000000000000000000 ) ) ;
#226 = SURFACE_STYLE_USAGE ( .BOTH. , #1816 ) ;
#227 = EDGE_LOOP ( 'NONE', ( #1033, #831, #1709, #2621 ) ) ;
#228 =( NAMED_UNIT ( * ) PLANE_ANGLE_UNIT ( ) SI_UNIT ( $, .RADIAN. ) );
#229 = CARTESIAN_POINT ( 'NONE',  ( 5.284043811584682615, 2.412569327399736174, -1.906327658467330544 ) ) ;
#230 = ORIENTED_EDGE ( 'NONE', *, *, #140, .T. ) ;
#231 = PRESENTATION_LAYER_ASSIGNMENT (  '', '', ( #2290 ) ) ;
#232 = DIRECTION ( 'NONE',  ( -1.000000000000000000, -1.130619127149202054E-14, -2.757607627193175597E-16 ) ) ;
#233 = CARTESIAN_POINT ( 'NONE',  ( 5.233435131373253668, 2.841784451146994073, -1.906844704157472314 ) ) ;
#234 = STYLED_ITEM ( 'NONE', ( #91 ), #905 ) ;
#235 =( NAMED_UNIT ( * ) PLANE_ANGLE_UNIT ( ) SI_UNIT ( $, .RADIAN. ) );
#236 = ORIENTED_EDGE ( 'NONE', *, *, #729, .F. ) ;
#237 = EDGE_CURVE ( 'NONE', #1230, #1023, #2675, .T. ) ;
#238 = COLOUR_RGB ( '',0.2509803921568627416, 0.2509803921568627416, 0.2509803921568627416 ) ;
#239 =( NAMED_UNIT ( * ) SI_UNIT ( $, .STERADIAN. ) SOLID_ANGLE_UNIT ( ) );
#240 = VERTEX_POINT ( 'NONE', #272 ) ;
#241 = PLANE ( 'NONE',  #178 ) ;
#242 = COLOUR_RGB ( '',0.7803921568627451011, 0.7607843137254901578, 0.7411764705882353255 ) ;
#243 = AXIS2_PLACEMENT_3D ( 'NONE', #1377, #2554, #2542 ) ;
#244 = ORIENTED_EDGE ( 'NONE', *, *, #2923, .F. ) ;
#245 =( NAMED_UNIT ( * ) SI_UNIT ( $, .STERADIAN. ) SOLID_ANGLE_UNIT ( ) );
#246 = CARTESIAN_POINT ( 'NONE',  ( 5.233434350709718075, 2.700000006433106226, 1.906846846713144750 ) ) ;
#247 = PRESENTATION_LAYER_ASSIGNMENT (  '', '', ( #2459 ) ) ;
#248 = AXIS2_PLACEMENT_3D ( 'NONE', #2869, #555, #2585 ) ;
#249 = VERTEX_POINT ( 'NONE', #2303 ) ;
#250 = CARTESIAN_POINT ( 'NONE',  ( -3.286335345006553332, 0.7999999999968563369, -1.700000000000000178 ) ) ;
#251 =( NAMED_UNIT ( * ) SI_UNIT ( $, .STERADIAN. ) SOLID_ANGLE_UNIT ( ) );
#252 = DIRECTION ( 'NONE',  ( -1.000000000000000000, -1.134976511732648247E-14, 0.000000000000000000 ) ) ;
#253 = VECTOR ( 'NONE', #2133, 1000.000000000000000 ) ;
#254 = CARTESIAN_POINT ( 'NONE',  ( 5.723229692403990043, 19.98751478930600101, 1.902199181794903549 ) ) ;
#255 = DIRECTION ( 'NONE',  ( 1.000000000000000000, 1.134976511732661027E-14, 0.000000000000000000 ) ) ;
#256 = EDGE_CURVE ( 'NONE', #1, #792, #1433, .T. ) ;
#257 = CARTESIAN_POINT ( 'NONE',  ( 3.504999999999979465, 1.799999999996933608, 0.000000000000000000 ) ) ;
#258 = AXIS2_PLACEMENT_3D ( 'NONE', #1011, #2451, #188 ) ;
#259 = PRESENTATION_LAYER_ASSIGNMENT (  '', '', ( #2707 ) ) ;
#260 = DIRECTION ( 'NONE',  ( 1.134976511732661027E-14, -1.000000000000000000, 0.000000000000000000 ) ) ;
#261 = AXIS2_PLACEMENT_3D ( 'NONE', #1903, #760, #2819 ) ;
#262 = VERTEX_POINT ( 'NONE', #309 ) ;
#263 = COLOUR_RGB ( '',0.2509803921568627416, 0.2509803921568627416, 0.2509803921568627416 ) ;
#264 = COLOUR_RGB ( '',0.9411764705882352811, 0.9411764705882352811, 0.7843137254901960675 ) ;
#265 = CARTESIAN_POINT ( 'NONE',  ( 2.799999999999990941, 0.7999999999969255038, 3.673940397442058882E-17 ) ) ;
#266 = CARTESIAN_POINT ( 'NONE',  ( -2.602085213965210642E-14, 2.699999999999803446, 0.000000000000000000 ) ) ;
#267 = FILL_AREA_STYLE ('',( #957 ) ) ;
#268 = ORIENTED_EDGE ( 'NONE', *, *, #2104, .F. ) ;
#269 =( NAMED_UNIT ( * ) SI_UNIT ( $, .STERADIAN. ) SOLID_ANGLE_UNIT ( ) );
#270 = AXIS2_PLACEMENT_3D ( 'NONE', #1086, #1551, #444 ) ;
#271 = DIRECTION ( 'NONE',  ( 1.134976511732661027E-14, -1.000000000000000000, 0.000000000000000000 ) ) ;
#272 = CARTESIAN_POINT ( 'NONE',  ( -2.199999999999982414, -2.000000000003131273, 3.673940397442190770E-17 ) ) ;
#273 = SURFACE_STYLE_USAGE ( .BOTH. , #38 ) ;
#274 = CARTESIAN_POINT ( 'NONE',  ( -3.586335345000009944, 0.7999999999968528952, 1.700000000000000844 ) ) ;
#275 = SURFACE_SIDE_STYLE ('',( #1371 ) ) ;
#276 = CARTESIAN_POINT ( 'NONE',  ( 5.784579574336439656, 0.5964467203524915773, 1.904216649021068575 ) ) ;
#277 = EDGE_CURVE ( 'NONE', #991, #118, #2470, .T. ) ;
#278 = DIRECTION ( 'NONE',  ( -1.134976511732661184E-14, 1.000000000000000000, -0.000000000000000000 ) ) ;
#279 = ORIENTED_EDGE ( 'NONE', *, *, #2429, .F. ) ;
#280 = SURFACE_STYLE_USAGE ( .BOTH. , #466 ) ;
#281 = DIRECTION ( 'NONE',  ( -1.134976511732661027E-14, 1.000000000000000000, -0.000000000000000000 ) ) ;
#282 = CARTESIAN_POINT ( 'NONE',  ( 3.946441435014361510, 20.02000000000000668, -1.899999999999999467 ) ) ;
#283 = ORIENTED_EDGE ( 'NONE', *, *, #2967, .F. ) ;
#284 =( LENGTH_UNIT ( ) NAMED_UNIT ( * ) SI_UNIT ( .MILLI., .METRE. ) );
#285 = DIRECTION ( 'NONE',  ( -1.134976511732661027E-14, 1.000000000000000000, 0.000000000000000000 ) ) ;
#286 = CARTESIAN_POINT ( 'NONE',  ( -3.552794967577544316, -3.146788385421928069E-12, -1.837837837836061583 ) ) ;
#287 = PRESENTATION_LAYER_ASSIGNMENT (  '', '', ( #582 ) ) ;
#288 = FILL_AREA_STYLE ('',( #920 ) ) ;
#289 = LINE ( 'NONE', #964, #2851 ) ;
#290 = UNCERTAINTY_MEASURE_WITH_UNIT (LENGTH_MEASURE( 1.000000000000000082E-05 ), #2508, 'distance_accuracy_value', 'NONE');
#291 = AXIS2_PLACEMENT_3D ( 'NONE', #1794, #1542, #184 ) ;
#292 = PRESENTATION_STYLE_ASSIGNMENT (( #518 ) ) ;
#293 =( LENGTH_UNIT ( ) NAMED_UNIT ( * ) SI_UNIT ( .MILLI., .METRE. ) );
#294 = CIRCLE ( 'NONE', #2586, 0.2999999999999951594 ) ;
#295 = PRESENTATION_LAYER_ASSIGNMENT (  '', '', ( #2889 ) ) ;
#296 =( NAMED_UNIT ( * ) SI_UNIT ( $, .STERADIAN. ) SOLID_ANGLE_UNIT ( ) );
#297 = CARTESIAN_POINT ( 'NONE',  ( 5.233434161195307688, 2.770954733696114669, 1.906847368358169259 ) ) ;
#298 = COLOUR_RGB ( '',0.7803921568627451011, 0.7607843137254901578, 0.7411764705882353255 ) ;
#299 = ADVANCED_FACE ( 'NONE', ( #1900 ), #2097, .T. ) ;
#300 = STYLED_ITEM ( 'NONE', ( #766 ), #583 ) ;
#301 = ORIENTED_EDGE ( 'NONE', *, *, #7, .F. ) ;
#302 = DIRECTION ( 'NONE',  ( -1.000000000000000000, -1.134797687957723842E-14, 0.000000000000000000 ) ) ;
#303 = CARTESIAN_POINT ( 'NONE',  ( 5.359336067885097421, 2.259570526574363747, 1.905798304803963061 ) ) ;
#304 = CARTESIAN_POINT ( 'NONE',  ( 6.074906609622821030, 1.356146255580227056, -1.905987536719319753 ) ) ;
#305 =( NAMED_UNIT ( * ) PLANE_ANGLE_UNIT ( ) SI_UNIT ( $, .RADIAN. ) );
#306 = ADVANCED_FACE ( 'NONE', ( #2084 ), #1915, .T. ) ;
#307 = ORIENTED_EDGE ( 'NONE', *, *, #277, .F. ) ;
#308 = SURFACE_STYLE_FILL_AREA ( #2353 ) ;
#309 = CARTESIAN_POINT ( 'NONE',  ( 3.552794967594602671, -3.066123743789006539E-12, -1.837837837850356371 ) ) ;
#310 = DIRECTION ( 'NONE',  ( 1.134976511732661027E-14, -1.000000000000000000, 0.000000000000000000 ) ) ;
#311 = DIRECTION ( 'NONE',  ( -1.224646799147353207E-16, -1.389945352200831651E-30, 1.000000000000000000 ) ) ;
#312 = CARTESIAN_POINT ( 'NONE',  ( -5.000000000000008882, 0.7999999999968369080, 6.123233995736769241E-16 ) ) ;
#313 = FILL_AREA_STYLE ('',( #2120 ) ) ;
#314 = B_SPLINE_CURVE_WITH_KNOTS ( 'NONE', 3,
 ( #1196, #297, #2122, #1246, #2850, #539, #763, #2410, #1689, #1438, #2805, #2636, #1457 ),
 .UNSPECIFIED., .F., .F.,
 ( 4, 2, 2, 1, 2, 2, 4 ),
 ( 0.5000305213513807079, 0.6250228910135399163, 0.6875190758446197981, 0.7187671682601600720, 0.7343912144679295428, 0.7500152606756991247, 1.000000000000000000 ),
 .UNSPECIFIED. ) ;
#315 = CARTESIAN_POINT ( 'NONE',  ( -2.500000000000009770, 0.7999999999968652187, -1.399999999999999911 ) ) ;
#316 = PRESENTATION_LAYER_ASSIGNMENT (  '', '', ( #650 ) ) ;
#317 = ORIENTED_EDGE ( 'NONE', *, *, #2674, .F. ) ;
#318 = PRESENTATION_LAYER_ASSIGNMENT (  '', '', ( #2223 ) ) ;
#319 = CARTESIAN_POINT ( 'NONE',  ( -2.269953023465317951E-13, 19.99999999999996092, 0.000000000000000000 ) ) ;
#320 = SURFACE_STYLE_FILL_AREA ( #337 ) ;
#321 = CYLINDRICAL_SURFACE ( 'NONE', #2642, 3.999999999986235011 ) ;
#322 = AXIS2_PLACEMENT_3D ( 'NONE', #919, #723, #21 ) ;
#323 = MECHANICAL_DESIGN_GEOMETRIC_PRESENTATION_REPRESENTATION (  '', ( #2062 ), #846 ) ;
#324 = VERTEX_POINT ( 'NONE', #1534 ) ;
#325 = SURFACE_SIDE_STYLE ('',( #1481 ) ) ;
#326 =( LENGTH_UNIT ( ) NAMED_UNIT ( * ) SI_UNIT ( .MILLI., .METRE. ) );
#327 = FACE_OUTER_BOUND ( 'NONE', #2412, .T. ) ;
#328 = ADVANCED_FACE ( 'NONE', ( #818 ), #1964, .F. ) ;
#329 = DIRECTION ( 'NONE',  ( -1.000000000000000000, -1.134976511732646669E-14, 0.000000000000000000 ) ) ;
#330 = LINE ( 'NONE', #1965, #1089 ) ;
#331 =( LENGTH_UNIT ( ) NAMED_UNIT ( * ) SI_UNIT ( .MILLI., .METRE. ) );
#332 = UNCERTAINTY_MEASURE_WITH_UNIT (LENGTH_MEASURE( 1.000000000000000082E-05 ), #2007, 'distance_accuracy_value', 'NONE');
#333 = EDGE_CURVE ( 'NONE', #2428, #169, #2916, .T. ) ;
#334 = DIRECTION ( 'NONE',  ( -1.000000000000000000, -1.156482317317890066E-14, 0.000000000000000000 ) ) ;
#335 = VERTEX_POINT ( 'NONE', #1762 ) ;
#336 = ORIENTED_EDGE ( 'NONE', *, *, #1149, .F. ) ;
#337 = FILL_AREA_STYLE ('',( #2364 ) ) ;
#338 = FILL_AREA_STYLE_COLOUR ( '', #1425 ) ;
#339 = ORIENTED_EDGE ( 'NONE', *, *, #2131, .T. ) ;
#340 = DIRECTION ( 'NONE',  ( 1.000000000000000000, 1.127570259384924296E-14, 0.000000000000000000 ) ) ;
#341 = DIRECTION ( 'NONE',  ( -1.134976511732661027E-14, 1.000000000000000000, -0.000000000000000000 ) ) ;
#342 = CYLINDRICAL_SURFACE ( 'NONE', #175, 6.349999999999837996 ) ;
#343 = EDGE_CURVE ( 'NONE', #2292, #1032, #161, .T. ) ;
#344 = CYLINDRICAL_SURFACE ( 'NONE', #2260, 1.399999999999999689 ) ;
#345 = CARTESIAN_POINT ( 'NONE',  ( -2.167805137409727200E-13, 19.49999999999996092, 0.000000000000000000 ) ) ;
#346 = AXIS2_PLACEMENT_3D ( 'NONE', #81, #126, #92 ) ;
#347 = PRESENTATION_LAYER_ASSIGNMENT (  '', '', ( #1131 ) ) ;
#348 = ORIENTED_EDGE ( 'NONE', *, *, #2090, .T. ) ;
#349 = ORIENTED_EDGE ( 'NONE', *, *, #2052, .T. ) ;
#350 = DIRECTION ( 'NONE',  ( -1.000000000000000000, -1.108955646743164336E-14, 0.000000000000000000 ) ) ;
#351 = COLOUR_RGB ( '',0.7803921568627451011, 0.7607843137254901578, 0.7411764705882353255 ) ;
#352 = FILL_AREA_STYLE ('',( #138 ) ) ;
#353 = PRESENTATION_LAYER_ASSIGNMENT (  '', '', ( #1629 ) ) ;
#354 = TOROIDAL_SURFACE ( 'NONE', #2655, 6.450000000005039702, 0.9000000000042693848 ) ;
#355 = ORIENTED_EDGE ( 'NONE', *, *, #2545, .T. ) ;
#356 =( NAMED_UNIT ( * ) PLANE_ANGLE_UNIT ( ) SI_UNIT ( $, .RADIAN. ) );
#357 = CARTESIAN_POINT ( 'NONE',  ( 3.286335345030996447, -3.069159509871965952E-12, -1.700000000000000400 ) ) ;
#358 = DIRECTION ( 'NONE',  ( -1.000000000000000000, -1.133716917370698098E-14, 0.000000000000000000 ) ) ;
#359 =( GEOMETRIC_REPRESENTATION_CONTEXT ( 3 ) GLOBAL_UNCERTAINTY_ASSIGNED_CONTEXT ( ( #2563 ) ) GLOBAL_UNIT_ASSIGNED_CONTEXT ( ( #700, #2495, #1318 ) ) REPRESENTATION_CONTEXT ( 'NONE', 'WORKASPACE' ) );
#360 = COLOUR_RGB ( '',0.2509803921568627416, 0.2509803921568627416, 0.2509803921568627416 ) ;
#361 = DIRECTION ( 'NONE',  ( 1.000000000000000000, 1.127570259384924296E-14, 0.000000000000000000 ) ) ;
#362 = ADVANCED_FACE ( 'NONE', ( #1040 ), #1504, .F. ) ;
#363 = CARTESIAN_POINT ( 'NONE',  ( 3.286335345024454568, -3.069159509871965952E-12, 1.699999999999999956 ) ) ;
#364 =( GEOMETRIC_REPRESENTATION_CONTEXT ( 3 ) GLOBAL_UNCERTAINTY_ASSIGNED_CONTEXT ( ( #2570 ) ) GLOBAL_UNIT_ASSIGNED_CONTEXT ( ( #696, #1316, #134 ) ) REPRESENTATION_CONTEXT ( 'NONE', 'WORKASPACE' ) );
#365 = EDGE_LOOP ( 'NONE', ( #1248, #2257, #979, #649 ) ) ;
#366 = ORIENTED_EDGE ( 'NONE', *, *, #2684, .T. ) ;
#367 = CARTESIAN_POINT ( 'NONE',  ( 1.222676473955356453E-11, -3.106456064605467304E-12, -6.324801793411438666E-12 ) ) ;
#368 = EDGE_LOOP ( 'NONE', ( #383, #1104, #639, #782 ) ) ;
#369 = TOROIDAL_SURFACE ( 'NONE', #1840, 5.512741699805173035, 0.8372583002011443343 ) ;
#370 = PRESENTATION_STYLE_ASSIGNMENT (( #2648 ) ) ;
#371 = DIRECTION ( 'NONE',  ( 1.000000000000000000, 1.134540130493760177E-14, 0.000000000000000000 ) ) ;
#372 = AXIS2_PLACEMENT_3D ( 'NONE', #2316, #739, #982 ) ;
#373 = PRESENTATION_STYLE_ASSIGNMENT (( #2420 ) ) ;
#374 = MECHANICAL_DESIGN_GEOMETRIC_PRESENTATION_REPRESENTATION (  '', ( #2757 ), #1517 ) ;
#375 = CIRCLE ( 'NONE', #2561, 0.9000000000042698289 ) ;
#376 = SURFACE_STYLE_USAGE ( .BOTH. , #1815 ) ;
#377 = CYLINDRICAL_SURFACE ( 'NONE', #893, 4.379999999999999893 ) ;
#378 = CARTESIAN_POINT ( 'NONE',  ( 5.963398945130688134, 19.82003607744338680, -1.904834123603049933 ) ) ;
#379 = ADVANCED_FACE ( 'NONE', ( #2962 ), #1348, .F. ) ;
#380 = VERTEX_POINT ( 'NONE', #2716 ) ;
#381 = DIRECTION ( 'NONE',  ( -1.000000000000000000, -1.134976511732661027E-14, 0.000000000000000000 ) ) ;
#382 = SURFACE_SIDE_STYLE ('',( #1714 ) ) ;
#383 = ORIENTED_EDGE ( 'NONE', *, *, #1672, .F. ) ;
#384 = SURFACE_SIDE_STYLE ('',( #612 ) ) ;
#385 = DIRECTION ( 'NONE',  ( -1.000000000000000000, -1.134976511732661184E-14, 0.000000000000000000 ) ) ;
#386 = DIRECTION ( 'NONE',  ( -1.000000000000000000, 0.000000000000000000, 2.757607627364684805E-16 ) ) ;
#387 = SURFACE_STYLE_USAGE ( .BOTH. , #1275 ) ;
#388 = UNCERTAINTY_MEASURE_WITH_UNIT (LENGTH_MEASURE( 1.000000000000000082E-05 ), #2038, 'distance_accuracy_value', 'NONE');
#389 = VERTEX_POINT ( 'NONE', #2975 ) ;
#390 = DIRECTION ( 'NONE',  ( 1.000000000000000000, 1.120342244901683445E-14, 0.000000000000000000 ) ) ;
#391 = SURFACE_STYLE_USAGE ( .BOTH. , #2632 ) ;
#392 = CIRCLE ( 'NONE', #2685, 0.5000000000000004441 ) ;
#393 = DIRECTION ( 'NONE',  ( -1.134976511732661027E-14, 1.000000000000000000, -0.000000000000000000 ) ) ;
#394 = CARTESIAN_POINT ( 'NONE',  ( 6.078167818614699236, 19.50000000000003197, -1.905984251968503296 ) ) ;
#395 = CIRCLE ( 'NONE', #588, 0.9000000000042698289 ) ;
#396 = ORIENTED_EDGE ( 'NONE', *, *, #2365, .F. ) ;
#397 = LINE ( 'NONE', #840, #1687 ) ;
#398 = AXIS2_PLACEMENT_3D ( 'NONE', #2238, #170, #1069 ) ;
#399 = SURFACE_SIDE_STYLE ('',( #635 ) ) ;
#400 = EDGE_CURVE ( 'NONE', #1376, #524, #171, .T. ) ;
#401 = CIRCLE ( 'NONE', #1985, 0.3000000000000007661 ) ;
#402 = AXIS2_PLACEMENT_3D ( 'NONE', #2963, #1812, #2501 ) ;
#403 = ORIENTED_EDGE ( 'NONE', *, *, #77, .T. ) ;
#404 = SURFACE_SIDE_STYLE ('',( #1070 ) ) ;
#405 = EDGE_CURVE ( 'NONE', #2450, #459, #1987, .T. ) ;
#406 = FILL_AREA_STYLE ('',( #1773 ) ) ;
#407 = DIRECTION ( 'NONE',  ( -1.000000000000000000, -1.130619127219520957E-14, 2.757607627364684805E-16 ) ) ;
#408 = DIRECTION ( 'NONE',  ( -1.134976511732661027E-14, 1.000000000000000000, -0.000000000000000000 ) ) ;
#409 = CARTESIAN_POINT ( 'NONE',  ( 5.779179551319978181, 19.96426495087072439, -1.902826035176616193 ) ) ;
#410 = PRESENTATION_LAYER_ASSIGNMENT (  '', '', ( #647 ) ) ;
#411 = EDGE_LOOP ( 'NONE', ( #2958, #705, #1585, #2275 ) ) ;
#412 = CARTESIAN_POINT ( 'NONE',  ( -4.539906046895386599E-15, 0.3999999999968935627, 0.000000000000000000 ) ) ;
#413 =( NAMED_UNIT ( * ) PLANE_ANGLE_UNIT ( ) SI_UNIT ( $, .RADIAN. ) );
#414 = UNCERTAINTY_MEASURE_WITH_UNIT (LENGTH_MEASURE( 1.000000000000000082E-05 ), #1736, 'distance_accuracy_value', 'NONE');
#415 = PRESENTATION_STYLE_ASSIGNMENT (( #2930 ) ) ;
#416 = EDGE_CURVE ( 'NONE', #2071, #2309, #652, .T. ) ;
#417 = MECHANICAL_DESIGN_GEOMETRIC_PRESENTATION_REPRESENTATION (  '', ( #70 ), #1651 ) ;
#418 = MECHANICAL_DESIGN_GEOMETRIC_PRESENTATION_REPRESENTATION (  '', ( #2085 ), #128 ) ;
#419 = AXIS2_PLACEMENT_3D ( 'NONE', #2720, #1084, #2254 ) ;
#420 = AXIS2_PLACEMENT_3D ( 'NONE', #966, #1227, #2833 ) ;
#421 = FILL_AREA_STYLE_COLOUR ( '', #2088 ) ;
#422 = AXIS2_PLACEMENT_3D ( 'NONE', #1512, #2603, #1460 ) ;
#423 = FACE_OUTER_BOUND ( 'NONE', #2806, .T. ) ;
#424 = EDGE_CURVE ( 'NONE', #2245, #2401, #2497, .T. ) ;
#425 = CARTESIAN_POINT ( 'NONE',  ( -2.500000000000020428, 1.799999999996865219, 0.000000000000000000 ) ) ;
#426 = ORIENTED_EDGE ( 'NONE', *, *, #2345, .F. ) ;
#427 = DIRECTION ( 'NONE',  ( -1.134976511732661027E-14, 1.000000000000000000, -0.000000000000000000 ) ) ;
#428 = CARTESIAN_POINT ( 'NONE',  ( -2.800000000000004263, 0.7999999999968618880, 0.000000000000000000 ) ) ;
#429 =( NAMED_UNIT ( * ) PLANE_ANGLE_UNIT ( ) SI_UNIT ( $, .RADIAN. ) );
#430 = DIRECTION ( 'NONE',  ( -1.224646799147353207E-16, -1.389945352200831651E-30, 1.000000000000000000 ) ) ;
#431 = EDGE_CURVE ( 'NONE', #1795, #1267, #727, .T. ) ;
#432 =( NAMED_UNIT ( * ) SI_UNIT ( $, .STERADIAN. ) SOLID_ANGLE_UNIT ( ) );
#433 =( NAMED_UNIT ( * ) PLANE_ANGLE_UNIT ( ) SI_UNIT ( $, .RADIAN. ) );
#434 = VECTOR ( 'NONE', #1082, 1000.000000000000000 ) ;
#435 = ORIENTED_EDGE ( 'NONE', *, *, #2264, .T. ) ;
#436 = SURFACE_STYLE_USAGE ( .BOTH. , #1586 ) ;
#437 = CARTESIAN_POINT ( 'NONE',  ( -2.500000000000009326, 0.7999999999968652187, 0.000000000000000000 ) ) ;
#438 = VECTOR ( 'NONE', #1331, 1000.000000000000000 ) ;
#439 = AXIS2_PLACEMENT_3D ( 'NONE', #469, #1182, #2110 ) ;
#440 = CARTESIAN_POINT ( 'NONE',  ( -2.499999999999977351, -2.000000000003134826, 0.000000000000000000 ) ) ;
#441 = STYLED_ITEM ( 'NONE', ( #2745 ), #379 ) ;
#442 = PRESENTATION_LAYER_ASSIGNMENT (  '', '', ( #300 ) ) ;
#443 = EDGE_LOOP ( 'NONE', ( #1091, #2484, #2823, #2751 ) ) ;
#444 = DIRECTION ( 'NONE',  ( 1.000000000000000000, 1.143536619735955098E-14, 0.000000000000000000 ) ) ;
#445 = DIRECTION ( 'NONE',  ( -1.000000000000000000, -1.134976511732661027E-14, 0.000000000000000000 ) ) ;
#446 = EDGE_CURVE ( 'NONE', #524, #1837, #2230, .T. ) ;
#447 = MECHANICAL_DESIGN_GEOMETRIC_PRESENTATION_REPRESENTATION (  '', ( #2459 ), #2030 ) ;
#448 = CARTESIAN_POINT ( 'NONE',  ( 5.663953980576201808, 1.959055089461112953, -1.903437228270639547 ) ) ;
#449 = FILL_AREA_STYLE ('',( #2972 ) ) ;
#450 = ORIENTED_EDGE ( 'NONE', *, *, #856, .T. ) ;
#451 =( GEOMETRIC_REPRESENTATION_CONTEXT ( 3 ) GLOBAL_UNCERTAINTY_ASSIGNED_CONTEXT ( ( #2448 ) ) GLOBAL_UNIT_ASSIGNED_CONTEXT ( ( #87, #1890, #2378 ) ) REPRESENTATION_CONTEXT ( 'NONE', 'WORKASPACE' ) );
#452 = CARTESIAN_POINT ( 'NONE',  ( -4.270623448989669366E-14, 4.162741699796609574, 0.000000000000000000 ) ) ;
#453 = FILL_AREA_STYLE_COLOUR ( '', #1587 ) ;
#454 = DIRECTION ( 'NONE',  ( 1.134976511732661027E-14, -1.000000000000000000, 0.000000000000000000 ) ) ;
#455 = ORIENTED_EDGE ( 'NONE', *, *, #856, .F. ) ;
#456 =( NAMED_UNIT ( * ) SI_UNIT ( $, .STERADIAN. ) SOLID_ANGLE_UNIT ( ) );
#457 = CARTESIAN_POINT ( 'NONE',  ( 5.956195525798865020, 1.704848311095269242, 1.905268987185096741 ) ) ;
#458 =( NAMED_UNIT ( * ) SI_UNIT ( $, .STERADIAN. ) SOLID_ANGLE_UNIT ( ) );
#459 = VERTEX_POINT ( 'NONE', #2239 ) ;
#460 = MECHANICAL_DESIGN_GEOMETRIC_PRESENTATION_REPRESENTATION (  '', ( #1310 ), #2911 ) ;
#461 = DIRECTION ( 'NONE',  ( -1.134976511732661027E-14, 1.000000000000000000, -0.000000000000000000 ) ) ;
#462 = DIRECTION ( 'NONE',  ( 1.000000000000000000, 1.156482317317890066E-14, 0.000000000000000000 ) ) ;
#463 = CIRCLE ( 'NONE', #2426, 5.000000000000000000 ) ;
#464 = ADVANCED_FACE ( 'NONE', ( #2012 ), #195, .T. ) ;
#465 = ORIENTED_EDGE ( 'NONE', *, *, #1241, .F. ) ;
#466 = SURFACE_SIDE_STYLE ('',( #1360 ) ) ;
#467 = LINE ( 'NONE', #2299, #55 ) ;
#468 = CARTESIAN_POINT ( 'NONE',  ( 5.380329351418020600, 3.173301111608998415, -1.905592866579259193 ) ) ;
#469 = CARTESIAN_POINT ( 'NONE',  ( -4.270623448989669366E-14, 4.162741699796609574, 0.000000000000000000 ) ) ;
#470 = EDGE_LOOP ( 'NONE', ( #75, #1299, #2279, #1677 ) ) ;
#471 = FACE_OUTER_BOUND ( 'NONE', #973, .T. ) ;
#472 = CARTESIAN_POINT ( 'NONE',  ( 2.499999999999995559, 0.4000000000000283884, -1.399999999999999911 ) ) ;
#473 = ORIENTED_EDGE ( 'NONE', *, *, #2090, .F. ) ;
#474 = SURFACE_STYLE_USAGE ( .BOTH. , #1356 ) ;
#475 =( NAMED_UNIT ( * ) PLANE_ANGLE_UNIT ( ) SI_UNIT ( $, .RADIAN. ) );
#476 = ORIENTED_EDGE ( 'NONE', *, *, #1713, .T. ) ;
#477 = CARTESIAN_POINT ( 'NONE',  ( 1.099999999999995648, 0.4000000000000125122, 0.000000000000000000 ) ) ;
#478 = DIRECTION ( 'NONE',  ( -1.000000000000000000, -1.134291666879686478E-14, 0.000000000000000000 ) ) ;
#479 = DIRECTION ( 'NONE',  ( 1.134976511732661027E-14, -1.000000000000000000, 0.000000000000000000 ) ) ;
#480 = ORIENTED_EDGE ( 'NONE', *, *, #416, .T. ) ;
#481 =( NAMED_UNIT ( * ) SI_UNIT ( $, .STERADIAN. ) SOLID_ANGLE_UNIT ( ) );
#482 = EDGE_CURVE ( 'NONE', #1523, #2154, #1244, .T. ) ;
#483 = FILL_AREA_STYLE ('',( #2535 ) ) ;
#484 = MECHANICAL_DESIGN_GEOMETRIC_PRESENTATION_REPRESENTATION (  '', ( #594 ), #2159 ) ;
#485 = B_SPLINE_CURVE_WITH_KNOTS ( 'NONE', 3,
 ( #2194, #2015, #2966, #2479, #904, #1829, #1574, #1562, #2750, #695 ),
 .UNSPECIFIED., .F., .F.,
 ( 4, 2, 2, 2, 4 ),
 ( 0.000000000000000000, 0.2500000000000027756, 0.3750000000000025535, 0.5000000000000023315, 1.000000000000000000 ),
 .UNSPECIFIED. ) ;
#486 = AXIS2_PLACEMENT_3D ( 'NONE', #2186, #1232, #1217 ) ;
#487 = DIRECTION ( 'NONE',  ( -1.134976511732661027E-14, 1.000000000000000000, -0.000000000000000000 ) ) ;
#488 = LINE ( 'NONE', #507, #2360 ) ;
#489 = VERTEX_POINT ( 'NONE', #707 ) ;
#490 = DIRECTION ( 'NONE',  ( -1.000000000000000000, -1.133716917370698098E-14, 0.000000000000000000 ) ) ;
#491 = FILL_AREA_STYLE ('',( #931 ) ) ;
#492 = MECHANICAL_DESIGN_GEOMETRIC_PRESENTATION_REPRESENTATION (  '', ( #1391 ), #359 ) ;
#493 = COLOUR_RGB ( '',0.7921568627450980005, 0.8196078431372548767, 0.9333333333333333481 ) ;
#494 = PRESENTATION_LAYER_ASSIGNMENT (  '', '', ( #645 ) ) ;
#495 = VERTEX_POINT ( 'NONE', #1662 ) ;
#496 = CARTESIAN_POINT ( 'NONE',  ( 1.494999999999979901, 1.799999999996910516, 1.230770033143096492E-16 ) ) ;
#497 =( LENGTH_UNIT ( ) NAMED_UNIT ( * ) SI_UNIT ( .MILLI., .METRE. ) );
#498 = FACE_BOUND ( 'NONE', #843, .T. ) ;
#499 = CARTESIAN_POINT ( 'NONE',  ( 5.889108968291710156, 19.89442911703250161, 1.904018733647334205 ) ) ;
#500 = UNCERTAINTY_MEASURE_WITH_UNIT (LENGTH_MEASURE( 1.000000000000000082E-05 ), #497, 'distance_accuracy_value', 'NONE');
#501 = ADVANCED_FACE ( 'NONE', ( #976 ), #205, .T. ) ;
#502 = CARTESIAN_POINT ( 'NONE',  ( -4.380000000000225491, 19.89999999999991331, 0.000000000000000000 ) ) ;
#503 = COLOUR_RGB ( '',0.7803921568627451011, 0.7607843137254901578, 0.7411764705882353255 ) ;
#504 = CARTESIAN_POINT ( 'NONE',  ( -2.500000000000000444, -3.134862161524587520E-12, 1.399999999999999911 ) ) ;
#505 = PRESENTATION_LAYER_ASSIGNMENT (  '', '', ( #2468 ) ) ;
#506 = CIRCLE ( 'NONE', #747, 0.3000000000000007661 ) ;
#507 = CARTESIAN_POINT ( 'NONE',  ( 1.494999999999979901, 1.799999999996910516, 1.230770033143089590E-16 ) ) ;
#508 = ORIENTED_EDGE ( 'NONE', *, *, #1959, .F. ) ;
#509 = PRESENTATION_LAYER_ASSIGNMENT (  '', '', ( #129 ) ) ;
#510 = PRESENTATION_STYLE_ASSIGNMENT (( #280 ) ) ;
#511 = CARTESIAN_POINT ( 'NONE',  ( 5.663953980575624492, 3.440944910538284773, -1.903437228270633330 ) ) ;
#512 = DIRECTION ( 'NONE',  ( 1.000000000000000000, 1.134976511732661027E-14, 0.000000000000000000 ) ) ;
#513 = STYLED_ITEM ( 'NONE', ( #939 ), #114 ) ;
#514 = ORIENTED_EDGE ( 'NONE', *, *, #936, .F. ) ;
#515 = CARTESIAN_POINT ( 'NONE',  ( 5.233434350706694715, 2.700000000028659031, -1.906846846721443001 ) ) ;
#516 = CARTESIAN_POINT ( 'NONE',  ( -3.286335344999999464, -3.143752619338968657E-12, 1.700000000000000844 ) ) ;
#517 = DIRECTION ( 'NONE',  ( -1.134976511732661027E-14, 1.000000000000000000, -0.000000000000000000 ) ) ;
#518 = SURFACE_STYLE_USAGE ( .BOTH. , #1866 ) ;
#519 = DIRECTION ( 'NONE',  ( -1.134976511732661027E-14, 1.000000000000000000, -0.000000000000000000 ) ) ;
#520 = EDGE_CURVE ( 'NONE', #698, #101, #2453, .T. ) ;
#521 = CARTESIAN_POINT ( 'NONE',  ( 5.430958142045912318, 0.4146817184711477089, 1.901864519818836419 ) ) ;
#522 = EDGE_CURVE ( 'NONE', #2855, #1230, #1141, .T. ) ;
#523 = CARTESIAN_POINT ( 'NONE',  ( -1.495000000000020535, 1.799999999996876765, 0.000000000000000000 ) ) ;
#524 = VERTEX_POINT ( 'NONE', #1626 ) ;
#525 = SURFACE_SIDE_STYLE ('',( #2081 ) ) ;
#526 = DIRECTION ( 'NONE',  ( -1.000000000000000000, -1.126828924566162087E-14, 0.000000000000000000 ) ) ;
#527 = FACE_OUTER_BOUND ( 'NONE', #443, .T. ) ;
#528 = ORIENTED_EDGE ( 'NONE', *, *, #96, .T. ) ;
#529 =( NAMED_UNIT ( * ) PLANE_ANGLE_UNIT ( ) SI_UNIT ( $, .RADIAN. ) );
#530 = TOROIDAL_SURFACE ( 'NONE', #772, 5.512741699800214334, 0.8372583001996201091 ) ;
#531 =( LENGTH_UNIT ( ) NAMED_UNIT ( * ) SI_UNIT ( .MILLI., .METRE. ) );
#532 = CARTESIAN_POINT ( 'NONE',  ( 5.573042822944390906, 20.02000000000002444, 1.900476719372913070 ) ) ;
#533 = UNCERTAINTY_MEASURE_WITH_UNIT (LENGTH_MEASURE( 1.000000000000000082E-05 ), #2942, 'distance_accuracy_value', 'NONE');
#534 = AXIS2_PLACEMENT_3D ( 'NONE', #1161, #1919, #2375 ) ;
#535 = CARTESIAN_POINT ( 'NONE',  ( 2.500000000000022649, -2.000000000003077982, 0.000000000000000000 ) ) ;
#536 = MECHANICAL_DESIGN_GEOMETRIC_PRESENTATION_REPRESENTATION (  '', ( #2889 ), #1986 ) ;
#537 = CARTESIAN_POINT ( 'NONE',  ( 3.286335345024443910, 0.7999999999969308329, -1.399999999999999689 ) ) ;
#538 = DIRECTION ( 'NONE',  ( -1.134976511732661027E-14, 1.000000000000000000, -0.000000000000000000 ) ) ;
#539 = CARTESIAN_POINT ( 'NONE',  ( 5.306232672618429902, 3.040279688172235151, 1.906186387934696747 ) ) ;
#540 = UNCERTAINTY_MEASURE_WITH_UNIT (LENGTH_MEASURE( 1.000000000000000082E-05 ), #284, 'distance_accuracy_value', 'NONE');
#541 = EDGE_CURVE ( 'NONE', #902, #1281, #1334, .T. ) ;
#542 = ORIENTED_EDGE ( 'NONE', *, *, #333, .F. ) ;
#543 = DIRECTION ( 'NONE',  ( -1.134976511732661027E-14, 1.000000000000000000, -0.000000000000000000 ) ) ;
#544 = DIRECTION ( 'NONE',  ( 1.000000000000000000, 1.134976511732661027E-14, 0.000000000000000000 ) ) ;
#545 = ORIENTED_EDGE ( 'NONE', *, *, #1063, .T. ) ;
#546 = DIRECTION ( 'NONE',  ( -1.134976511732661027E-14, 1.000000000000000000, 0.000000000000000000 ) ) ;
#547 = SURFACE_SIDE_STYLE ('',( #1963 ) ) ;
#548 = DIRECTION ( 'NONE',  ( -1.000000000000000000, -1.130619127219520957E-14, 2.757607627364684805E-16 ) ) ;
#549 = DIRECTION ( 'NONE',  ( -1.134976511732661027E-14, 1.000000000000000000, -0.000000000000000000 ) ) ;
#550 = COLOUR_RGB ( '',0.2509803921568627416, 0.2509803921568627416, 0.2509803921568627416 ) ;
#551 = DIRECTION ( 'NONE',  ( 1.134976511732661027E-14, -1.000000000000000000, 0.000000000000000000 ) ) ;
#552 = EDGE_CURVE ( 'NONE', #1153, #1513, #2315, .T. ) ;
#553 = STYLED_ITEM ( 'NONE', ( #1564 ), #2220 ) ;
#554 = CARTESIAN_POINT ( 'NONE',  ( -9.540979117872439019E-15, 1.237258300198006644, 0.000000000000000000 ) ) ;
#555 = DIRECTION ( 'NONE',  ( -1.134976511732661027E-14, 1.000000000000000000, -0.000000000000000000 ) ) ;
#556 = ORIENTED_EDGE ( 'NONE', *, *, #2754, .F. ) ;
#557 = ORIENTED_EDGE ( 'NONE', *, *, #2074, .F. ) ;
#558 = CARTESIAN_POINT ( 'NONE',  ( 6.078167818614862661, 4.162741699796677963, -1.905984251968526166 ) ) ;
#559 = CARTESIAN_POINT ( 'NONE',  ( 5.967640704694990639, 0.8148762408546029734, -1.905390842506230697 ) ) ;
#560 = EDGE_CURVE ( 'NONE', #185, #838, #467, .T. ) ;
#561 = PRESENTATION_STYLE_ASSIGNMENT (( #1500 ) ) ;
#562 = AXIS2_PLACEMENT_3D ( 'NONE', #968, #702, #2059 ) ;
#563 = PRESENTATION_LAYER_ASSIGNMENT (  '', '', ( #2811 ) ) ;
#564 = EDGE_LOOP ( 'NONE', ( #1073, #1807 ) ) ;
#565 = OPEN_SHELL ( 'NONE', ( #114, #848, #2854, #761, #2735, #1833, #1931, #2220 ) ) ;
#566 = CYLINDRICAL_SURFACE ( 'NONE', #346, 0.3000000000000003775 ) ;
#567 = FACE_OUTER_BOUND ( 'NONE', #2214, .T. ) ;
#568 = UNCERTAINTY_MEASURE_WITH_UNIT (LENGTH_MEASURE( 1.000000000000000082E-05 ), #977, 'distance_accuracy_value', 'NONE');
#569 = DIRECTION ( 'NONE',  ( -1.115179377413650795E-14, 1.000000000000000000, 0.000000000000000000 ) ) ;
#570 = CARTESIAN_POINT ( 'NONE',  ( 2.200000000000022826, -2.000000000003081535, 0.000000000000000000 ) ) ;
#571 = ORIENTED_EDGE ( 'NONE', *, *, #1799, .T. ) ;
#572 = DIRECTION ( 'NONE',  ( 1.000000000000000000, 1.130619127184360796E-14, 2.757607627278928722E-16 ) ) ;
#573 = CARTESIAN_POINT ( 'NONE',  ( 5.851821401102516695, 0.6664017444682172053, -1.904679266771150070 ) ) ;
#574 = SURFACE_STYLE_USAGE ( .BOTH. , #382 ) ;
#575 = ORIENTED_EDGE ( 'NONE', *, *, #2940, .T. ) ;
#576 =( NAMED_UNIT ( * ) PLANE_ANGLE_UNIT ( ) SI_UNIT ( $, .RADIAN. ) );
#577 =( NAMED_UNIT ( * ) SI_UNIT ( $, .STERADIAN. ) SOLID_ANGLE_UNIT ( ) );
#578 =( NAMED_UNIT ( * ) PLANE_ANGLE_UNIT ( ) SI_UNIT ( $, .RADIAN. ) );
#579 = FILL_AREA_STYLE_COLOUR ( '', #263 ) ;
#580 = DIRECTION ( 'NONE',  ( -1.000000000000000000, -1.108955646743164336E-14, 0.000000000000000000 ) ) ;
#581 =( NAMED_UNIT ( * ) PLANE_ANGLE_UNIT ( ) SI_UNIT ( $, .RADIAN. ) );
#582 = STYLED_ITEM ( 'NONE', ( #124 ), #871 ) ;
#583 = ADVANCED_FACE ( 'NONE', ( #1858 ), #354, .F. ) ;
#584 = LINE ( 'NONE', #2656, #153 ) ;
#585 = PRESENTATION_LAYER_ASSIGNMENT (  '', '', ( #2927 ) ) ;
#586 = CARTESIAN_POINT ( 'NONE',  ( 5.439960281908896356, 0.4172152377595112482, 1.901925937167140868 ) ) ;
#587 = FILL_AREA_STYLE ('',( #2455 ) ) ;
#588 = AXIS2_PLACEMENT_3D ( 'NONE', #2624, #1945, #105 ) ;
#589 = AXIS2_PLACEMENT_3D ( 'NONE', #2556, #1426, #512 ) ;
#590 = CARTESIAN_POINT ( 'NONE',  ( -1.495000000000020535, 1.799999999996876765, 0.000000000000000000 ) ) ;
#591 = VERTEX_POINT ( 'NONE', #2771 ) ;
#592 = VERTEX_POINT ( 'NONE', #119 ) ;
#593 = CARTESIAN_POINT ( 'NONE',  ( 5.791915607024488821, 3.518835931412841234, -1.904272244742160725 ) ) ;
#594 = STYLED_ITEM ( 'NONE', ( #510 ), #1036 ) ;
#595 = DIRECTION ( 'NONE',  ( -1.134976511732661184E-14, 1.000000000000000000, -0.000000000000000000 ) ) ;
#596 = DIRECTION ( 'NONE',  ( 1.134976511732661027E-14, -1.000000000000000000, 0.000000000000000000 ) ) ;
#597 = ORIENTED_EDGE ( 'NONE', *, *, #256, .T. ) ;
#598 = CARTESIAN_POINT ( 'NONE',  ( -2.200000000000013944, 0.7999999999968686604, 3.673940397441999717E-17 ) ) ;
#599 = CARTESIAN_POINT ( 'NONE',  ( 2.499999999999983125, 1.499999999996924904, 0.000000000000000000 ) ) ;
#600 = FILL_AREA_STYLE ('',( #2612 ) ) ;
#601 =( NAMED_UNIT ( * ) SI_UNIT ( $, .STERADIAN. ) SOLID_ANGLE_UNIT ( ) );
#602 = DIRECTION ( 'NONE',  ( 1.134976511732661027E-14, -1.000000000000000000, 0.000000000000000000 ) ) ;
#603 = EDGE_CURVE ( 'NONE', #2063, #1235, #1694, .T. ) ;
#604 = COLOUR_RGB ( '',0.7803921568627451011, 0.7607843137254901578, 0.7411764705882353255 ) ;
#605 =( LENGTH_UNIT ( ) NAMED_UNIT ( * ) SI_UNIT ( .MILLI., .METRE. ) );
#606 = PRESENTATION_STYLE_ASSIGNMENT (( #686 ) ) ;
#607 = EDGE_LOOP ( 'NONE', ( #1814, #193, #1765, #1051 ) ) ;
#608 = EDGE_LOOP ( 'NONE', ( #2676, #1185, #2604, #210 ) ) ;
#609 = STYLED_ITEM ( 'NONE', ( #373 ), #2834 ) ;
#610 = ORIENTED_EDGE ( 'NONE', *, *, #2225, .F. ) ;
#611 = VECTOR ( 'NONE', #538, 1000.000000000000000 ) ;
#612 = SURFACE_STYLE_FILL_AREA ( #2891 ) ;
#613 = PRESENTATION_STYLE_ASSIGNMENT (( #2595 ) ) ;
#614 =( NAMED_UNIT ( * ) SI_UNIT ( $, .STERADIAN. ) SOLID_ANGLE_UNIT ( ) );
#615 = TOROIDAL_SURFACE ( 'NONE', #419, 5.849999999999837996, 0.5000000000000000000 ) ;
#616 = STYLED_ITEM ( 'NONE', ( #2286 ), #836 ) ;
#617 = CARTESIAN_POINT ( 'NONE',  ( -2.500000000000000000, -3.134862161524587520E-12, 0.000000000000000000 ) ) ;
#618 = AXIS2_PLACEMENT_3D ( 'NONE', #80, #983, #252 ) ;
#619 = EDGE_CURVE ( 'NONE', #2512, #1296, #2622, .T. ) ;
#620 = CARTESIAN_POINT ( 'NONE',  ( 5.889720152823008981, 19.89487165879156549, -1.904021461193455389 ) ) ;
#621 = EDGE_LOOP ( 'NONE', ( #825, #8, #2544, #1742 ) ) ;
#622 = EDGE_CURVE ( 'NONE', #56, #1128, #812, .T. ) ;
#623 = DIRECTION ( 'NONE',  ( 1.134976511732661027E-14, -1.000000000000000000, -0.000000000000000000 ) ) ;
#624 = FILL_AREA_STYLE_COLOUR ( '', #636 ) ;
#625 = ORIENTED_EDGE ( 'NONE', *, *, #1042, .F. ) ;
#626 =( LENGTH_UNIT ( ) NAMED_UNIT ( * ) SI_UNIT ( .MILLI., .METRE. ) );
#627 = UNCERTAINTY_MEASURE_WITH_UNIT (LENGTH_MEASURE( 1.000000000000000082E-05 ), #1234, 'distance_accuracy_value', 'NONE');
#628 = ORIENTED_EDGE ( 'NONE', *, *, #424, .F. ) ;
#629 = DIRECTION ( 'NONE',  ( 1.000000000000000000, 1.134540130493760177E-14, 0.000000000000000000 ) ) ;
#630 = DIRECTION ( 'NONE',  ( -1.000000000000000000, -1.134976511732661027E-14, 0.000000000000000000 ) ) ;
#631 = FILL_AREA_STYLE_COLOUR ( '', #2698 ) ;
#632 = SURFACE_SIDE_STYLE ('',( #894 ) ) ;
#633 = AXIS2_PLACEMENT_3D ( 'NONE', #2825, #596, #1037 ) ;
#634 = AXIS2_PLACEMENT_3D ( 'NONE', #743, #1968, #2210 ) ;
#635 = SURFACE_STYLE_FILL_AREA ( #1745 ) ;
#636 = COLOUR_RGB ( '',0.2509803921568627416, 0.2509803921568627416, 0.2509803921568627416 ) ;
#637 = CARTESIAN_POINT ( 'NONE',  ( 1.222676473955356453E-11, -3.106456064605467304E-12, -6.324801793411438666E-12 ) ) ;
#638 = EDGE_CURVE ( 'NONE', #2525, #2063, #1740, .T. ) ;
#639 = ORIENTED_EDGE ( 'NONE', *, *, #2304, .T. ) ;
#640 = AXIS2_PLACEMENT_3D ( 'NONE', #2048, #1785, #851 ) ;
#641 = CARTESIAN_POINT ( 'NONE',  ( 2.499999999999991118, 0.7999999999969219511, 0.000000000000000000 ) ) ;
#642 = SURFACE_STYLE_FILL_AREA ( #1323 ) ;
#643 = EDGE_CURVE ( 'NONE', #1527, #1466, #2381, .T. ) ;
#644 = CARTESIAN_POINT ( 'NONE',  ( -2.167805137409727200E-13, 19.49999999999996092, 0.000000000000000000 ) ) ;
#645 = STYLED_ITEM ( 'NONE', ( #1066 ), #1997 ) ;
#646 = CYLINDRICAL_SURFACE ( 'NONE', #1410, 1.000000000000000000 ) ;
#647 = STYLED_ITEM ( 'NONE', ( #890 ), #2200 ) ;
#648 = DIRECTION ( 'NONE',  ( 0.000000000000000000, -0.000000000000000000, -1.000000000000000000 ) ) ;
#649 = ORIENTED_EDGE ( 'NONE', *, *, #1326, .F. ) ;
#650 = STYLED_ITEM ( 'NONE', ( #1573 ), #2854 ) ;
#651 = EDGE_CURVE ( 'NONE', #169, #2428, #9, .T. ) ;
#652 = LINE ( 'NONE', #861, #204 ) ;
#653 = SURFACE_SIDE_STYLE ('',( #642 ) ) ;
#654 = MECHANICAL_DESIGN_GEOMETRIC_PRESENTATION_REPRESENTATION (  '', ( #129 ), #1065 ) ;
#655 =( NAMED_UNIT ( * ) PLANE_ANGLE_UNIT ( ) SI_UNIT ( $, .RADIAN. ) );
#656 = CARTESIAN_POINT ( 'NONE',  ( 5.663953980576200919, 1.959055089461112953, 1.903437228270641102 ) ) ;
#657 = MECHANICAL_DESIGN_GEOMETRIC_PRESENTATION_REPRESENTATION (  '', ( #2617 ), #1798 ) ;
#658 = FILL_AREA_STYLE ('',( #203 ) ) ;
#659 = CIRCLE ( 'NONE', #2317, 5.849999999999837996 ) ;
#660 = TOROIDAL_SURFACE ( 'NONE', #74, 5.512741699805173035, 0.8572583002011443520 ) ;
#661 = SURFACE_SIDE_STYLE ('',( #2708 ) ) ;
#662 = AXIS2_PLACEMENT_3D ( 'NONE', #135, #1496, #1724 ) ;
#663 = CARTESIAN_POINT ( 'NONE',  ( 5.754253773684279594, 19.97551727658223797, -1.902544382136069023 ) ) ;
#664 = DIRECTION ( 'NONE',  ( -1.000000000000000000, 0.000000000000000000, 0.000000000000000000 ) ) ;
#665 = LINE ( 'NONE', #2697, #438 ) ;
#666 = VERTEX_POINT ( 'NONE', #2430 ) ;
#667 = FILL_AREA_STYLE ('',( #1797 ) ) ;
#668 = SURFACE_STYLE_USAGE ( .BOTH. , #870 ) ;
#669 = PRESENTATION_STYLE_ASSIGNMENT (( #1763 ) ) ;
#670 = SURFACE_SIDE_STYLE ('',( #2256 ) ) ;
#671 = EDGE_CURVE ( 'NONE', #249, #1002, #2935, .T. ) ;
#672 = VERTEX_POINT ( 'NONE', #2589 ) ;
#673 = CARTESIAN_POINT ( 'NONE',  ( -2.500000000000009326, 0.7999999999968653297, 0.000000000000000000 ) ) ;
#674 = FACE_OUTER_BOUND ( 'NONE', #1908, .T. ) ;
#675 = DIRECTION ( 'NONE',  ( 1.134976511732661027E-14, -1.000000000000000000, -0.000000000000000000 ) ) ;
#676 = MECHANICAL_DESIGN_GEOMETRIC_PRESENTATION_REPRESENTATION (  '', ( #2152 ), #2536 ) ;
#677 = AXIS2_PLACEMENT_3D ( 'NONE', #1349, #1096, #2703 ) ;
#678 = ORIENTED_EDGE ( 'NONE', *, *, #1799, .F. ) ;
#679 = AXIS2_PLACEMENT_3D ( 'NONE', #680, #212, #2215 ) ;
#680 = CARTESIAN_POINT ( 'NONE',  ( -2.258603258347991103E-13, 19.89999999999996305, 0.000000000000000000 ) ) ;
#681 = PRESENTATION_LAYER_ASSIGNMENT (  '', '', ( #901 ) ) ;
#682 = DIRECTION ( 'NONE',  ( 1.000000000000000000, 1.134976511732661027E-14, 0.000000000000000000 ) ) ;
#683 = UNCERTAINTY_MEASURE_WITH_UNIT (LENGTH_MEASURE( 1.000000000000000082E-05 ), #2626, 'distance_accuracy_value', 'NONE');
#684 = ORIENTED_EDGE ( 'NONE', *, *, #1370, .T. ) ;
#685 = CARTESIAN_POINT ( 'NONE',  ( 5.550000000000743228, 2.699999999999803446, 6.796789735268753469E-16 ) ) ;
#686 = SURFACE_STYLE_USAGE ( .BOTH. , #670 ) ;
#687 = ORIENTED_EDGE ( 'NONE', *, *, #2008, .F. ) ;
#688 = EDGE_CURVE ( 'NONE', #592, #1613, #1508, .T. ) ;
#689 = CYLINDRICAL_SURFACE ( 'NONE', #1339, 0.2999999999999999334 ) ;
#690 = SURFACE_SIDE_STYLE ('',( #1343 ) ) ;
#691 = ORIENTED_EDGE ( 'NONE', *, *, #2653, .F. ) ;
#692 = SURFACE_STYLE_USAGE ( .BOTH. , #404 ) ;
#693 = ORIENTED_EDGE ( 'NONE', *, *, #176, .F. ) ;
#694 =( LENGTH_UNIT ( ) NAMED_UNIT ( * ) SI_UNIT ( .MILLI., .METRE. ) );
#695 = CARTESIAN_POINT ( 'NONE',  ( 6.078167818614865325, 4.162741699796678851, 1.905984251968529053 ) ) ;
#696 =( LENGTH_UNIT ( ) NAMED_UNIT ( * ) SI_UNIT ( .MILLI., .METRE. ) );
#697 =( GEOMETRIC_REPRESENTATION_CONTEXT ( 3 ) GLOBAL_UNCERTAINTY_ASSIGNED_CONTEXT ( ( #2232 ) ) GLOBAL_UNIT_ASSIGNED_CONTEXT ( ( #873, #1097, #1058 ) ) REPRESENTATION_CONTEXT ( 'NONE', 'WORKASPACE' ) );
#698 = VERTEX_POINT ( 'NONE', #2363 ) ;
#699 = CIRCLE ( 'NONE', #2261, 4.379999999999999893 ) ;
#700 =( LENGTH_UNIT ( ) NAMED_UNIT ( * ) SI_UNIT ( .MILLI., .METRE. ) );
#701 = COLOUR_RGB ( '',0.7803921568627451011, 0.7607843137254901578, 0.7411764705882353255 ) ;
#702 = DIRECTION ( 'NONE',  ( -1.134976511732661027E-14, 1.000000000000000000, -0.000000000000000000 ) ) ;
#703 = PRESENTATION_LAYER_ASSIGNMENT (  '', '', ( #28 ) ) ;
#704 = EDGE_CURVE ( 'NONE', #2063, #1440, #830, .T. ) ;
#705 = ORIENTED_EDGE ( 'NONE', *, *, #603, .F. ) ;
#706 = DIRECTION ( 'NONE',  ( -1.134976511732661027E-14, 1.000000000000000000, -0.000000000000000000 ) ) ;
#707 = CARTESIAN_POINT ( 'NONE',  ( 5.849999999999615952, 20.00000000000002842, 7.470345474798657077E-16 ) ) ;
#708 = CARTESIAN_POINT ( 'NONE',  ( 5.526063301299983799, 3.343109614796345053, -1.904290953648789309 ) ) ;
#709 = FILL_AREA_STYLE ('',( #2760 ) ) ;
#710 = ORIENTED_EDGE ( 'NONE', *, *, #717, .F. ) ;
#711 =( LENGTH_UNIT ( ) NAMED_UNIT ( * ) SI_UNIT ( .MILLI., .METRE. ) );
#712 = DIRECTION ( 'NONE',  ( -1.134976511732661027E-14, 1.000000000000000000, -0.000000000000000000 ) ) ;
#713 = ORIENTED_EDGE ( 'NONE', *, *, #2481, .F. ) ;
#714 = PRESENTATION_STYLE_ASSIGNMENT (( #222 ) ) ;
#715 = DIRECTION ( 'NONE',  ( -1.224646799147353207E-16, -1.389945352200831651E-30, 1.000000000000000000 ) ) ;
#716 = CARTESIAN_POINT ( 'NONE',  ( 5.233434350706694715, 2.700000000028659031, -1.906846846721443001 ) ) ;
#717 = EDGE_CURVE ( 'NONE', #1296, #883, #1884, .T. ) ;
#718 =( NAMED_UNIT ( * ) SI_UNIT ( $, .STERADIAN. ) SOLID_ANGLE_UNIT ( ) );
#719 = ORIENTED_EDGE ( 'NONE', *, *, #2131, .F. ) ;
#720 = CARTESIAN_POINT ( 'NONE',  ( 6.349999999999786482, 5.000000000000071942, 7.776507174585494948E-16 ) ) ;
#721 = COLOUR_RGB ( '',0.2509803921568627416, 0.2509803921568627416, 0.2509803921568627416 ) ;
#722 = LINE ( 'NONE', #1630, #1904 ) ;
#723 = DIRECTION ( 'NONE',  ( -1.134976511732661027E-14, 1.000000000000000000, -0.000000000000000000 ) ) ;
#724 = COLOUR_RGB ( '',0.2509803921568627416, 0.2509803921568627416, 0.2509803921568627416 ) ;
#725 = FILL_AREA_STYLE_COLOUR ( '', #2310 ) ;
#726 = STYLED_ITEM ( 'NONE', ( #714 ), #1008 ) ;
#727 = CIRCLE ( 'NONE', #1880, 5.000000000000000000 ) ;
#728 = AXIS2_PLACEMENT_3D ( 'NONE', #1397, #44, #1167 ) ;
#729 = EDGE_CURVE ( 'NONE', #784, #459, #1757, .T. ) ;
#730 = SURFACE_STYLE_FILL_AREA ( #40 ) ;
#731 = ORIENTED_EDGE ( 'NONE', *, *, #2510, .F. ) ;
#732 = CARTESIAN_POINT ( 'NONE',  ( -9.079812093826032126E-15, 0.7999999999968935294, 0.000000000000000000 ) ) ;
#733 =( GEOMETRIC_REPRESENTATION_CONTEXT ( 3 ) GLOBAL_UNCERTAINTY_ASSIGNED_CONTEXT ( ( #742 ) ) GLOBAL_UNIT_ASSIGNED_CONTEXT ( ( #2914, #2673, #1909 ) ) REPRESENTATION_CONTEXT ( 'NONE', 'WORKASPACE' ) );
#734 = CARTESIAN_POINT ( 'NONE',  ( -2.258603258347991103E-13, 19.89999999999996305, 0.000000000000000000 ) ) ;
#735 =( GEOMETRIC_REPRESENTATION_CONTEXT ( 3 ) GLOBAL_UNCERTAINTY_ASSIGNED_CONTEXT ( ( #173 ) ) GLOBAL_UNIT_ASSIGNED_CONTEXT ( ( #1855, #2077, #2035 ) ) REPRESENTATION_CONTEXT ( 'NONE', 'WORKASPACE' ) );
#736 = EDGE_LOOP ( 'NONE', ( #1345, #136, #1990, #1828 ) ) ;
#737 = DIRECTION ( 'NONE',  ( 1.134976511732661027E-14, -1.000000000000000000, 0.000000000000000000 ) ) ;
#738 = EDGE_CURVE ( 'NONE', #2541, #883, #397, .T. ) ;
#739 = DIRECTION ( 'NONE',  ( -2.757607627278932666E-16, -3.129819885536422522E-30, 1.000000000000000000 ) ) ;
#740 = CARTESIAN_POINT ( 'NONE',  ( 2.200000000000022826, -2.000000000003081535, 0.000000000000000000 ) ) ;
#741 = DIRECTION ( 'NONE',  ( -1.000000000000000000, -1.133040108182892458E-14, 0.000000000000000000 ) ) ;
#742 = UNCERTAINTY_MEASURE_WITH_UNIT (LENGTH_MEASURE( 1.000000000000000082E-05 ), #2914, 'distance_accuracy_value', 'NONE');
#743 = CARTESIAN_POINT ( 'NONE',  ( 2.499999999999979572, 1.799999999996922062, 0.000000000000000000 ) ) ;
#744 = TOROIDAL_SURFACE ( 'NONE', #1106, 5.849999999999837996, 0.5200000000000000178 ) ;
#745 = DIRECTION ( 'NONE',  ( 1.134976511732661027E-14, -1.000000000000000000, -0.000000000000000000 ) ) ;
#746 = AXIS2_PLACEMENT_3D ( 'NONE', #1749, #1717, #371 ) ;
#747 = AXIS2_PLACEMENT_3D ( 'NONE', #516, #271, #961 ) ;
#748 = DIRECTION ( 'NONE',  ( 1.000000000000000000, 1.134540130493760020E-14, 0.000000000000000000 ) ) ;
#749 = COLOUR_RGB ( '',0.7803921568627451011, 0.7607843137254901578, 0.7411764705882353255 ) ;
#750 = ORIENTED_EDGE ( 'NONE', *, *, #1406, .F. ) ;
#751 =( GEOMETRIC_REPRESENTATION_CONTEXT ( 3 ) GLOBAL_UNCERTAINTY_ASSIGNED_CONTEXT ( ( #1734 ) ) GLOBAL_UNIT_ASSIGNED_CONTEXT ( ( #2551, #475, #1621 ) ) REPRESENTATION_CONTEXT ( 'NONE', 'WORKASPACE' ) );
#752 = COLOUR_RGB ( '',0.2509803921568627416, 0.2509803921568627416, 0.2509803921568627416 ) ;
#753 = DIRECTION ( 'NONE',  ( -1.134976511732661027E-14, 1.000000000000000000, -0.000000000000000000 ) ) ;
#754 = CARTESIAN_POINT ( 'NONE',  ( 5.564769922344047437, 0.4628446233079731020, -1.902790169884810645 ) ) ;
#755 = CARTESIAN_POINT ( 'NONE',  ( 2.499999999999991118, 0.7999999999969219511, 0.000000000000000000 ) ) ;
#756 = CLOSED_SHELL ( 'NONE', ( #1036, #583, #1262, #107, #2719, #1612, #1768, #362, #1701, #2961, #1439, #1998, #2098, #2528, #1488, #2442, #198, #1121, #905, #1939, #1301, #962, #1059, #2702, #1008, #871, #2834, #2454, #379, #59, #2200, #1632, #1000, #1444, #836, #464, #1474, #1363, #1162, #1997, #1144, #2461, #2163, #299, #2818, #1920, #1103, #2874, #328, #306, #2607, #2895, #1575, #2739, #501, #2013 ) ) ;
#757 = ORIENTED_EDGE ( 'NONE', *, *, #1200, .T. ) ;
#758 = FACE_OUTER_BOUND ( 'NONE', #1941, .T. ) ;
#759 = CARTESIAN_POINT ( 'NONE',  ( -1.750378291813016781E-14, 1.942215432403433972, 0.000000000000000000 ) ) ;
#760 = DIRECTION ( 'NONE',  ( 1.134976511732661027E-14, -1.000000000000000000, 0.000000000000000000 ) ) ;
#761 = ADVANCED_FACE ( 'NONE', ( #1530 ), #2677, .F. ) ;
#762 = DIRECTION ( 'NONE',  ( -1.134976511732661027E-14, 1.000000000000000000, -0.000000000000000000 ) ) ;
#763 = CARTESIAN_POINT ( 'NONE',  ( 5.318311252459100302, 3.066552803449420939, 1.906110232373924962 ) ) ;
#764 = ORIENTED_EDGE ( 'NONE', *, *, #1580, .F. ) ;
#765 =( NAMED_UNIT ( * ) SI_UNIT ( $, .STERADIAN. ) SOLID_ANGLE_UNIT ( ) );
#766 = PRESENTATION_STYLE_ASSIGNMENT (( #2886 ) ) ;
#767 = PLANE ( 'NONE',  #2587 ) ;
#768 = CARTESIAN_POINT ( 'NONE',  ( 2.499999999999991118, 0.7999999999969220621, 0.000000000000000000 ) ) ;
#769 = ORIENTED_EDGE ( 'NONE', *, *, #24, .T. ) ;
#770 = CARTESIAN_POINT ( 'NONE',  ( -2.799999999999972733, -2.000000000003137934, 0.000000000000000000 ) ) ;
#771 = DIRECTION ( 'NONE',  ( -1.000000000000000000, -1.120342244901688178E-14, 0.000000000000000000 ) ) ;
#772 = AXIS2_PLACEMENT_3D ( 'NONE', #2859, #1519, #1024 ) ;
#773 = CARTESIAN_POINT ( 'NONE',  ( 2.499999999999991118, 0.7999999999969220621, 0.000000000000000000 ) ) ;
#774 = DIRECTION ( 'NONE',  ( 1.000000000000000000, 1.127570259384924611E-14, 0.000000000000000000 ) ) ;
#775 = AXIS2_PLACEMENT_3D ( 'NONE', #773, #310, #1237 ) ;
#776 = COLOUR_RGB ( '',0.7803921568627451011, 0.7607843137254901578, 0.7411764705882353255 ) ;
#777 = AXIS2_PLACEMENT_3D ( 'NONE', #732, #1166, #1424 ) ;
#778 = COLOUR_RGB ( '',0.9411764705882352811, 0.9411764705882352811, 0.7843137254901960675 ) ;
#779 = DIRECTION ( 'NONE',  ( -1.000000000000000000, -1.134976511732661027E-14, 0.000000000000000000 ) ) ;
#780 = DIRECTION ( 'NONE',  ( 1.134976511732661027E-14, -1.000000000000000000, -0.000000000000000000 ) ) ;
#781 = UNCERTAINTY_MEASURE_WITH_UNIT (LENGTH_MEASURE( 1.000000000000000082E-05 ), #2667, 'distance_accuracy_value', 'NONE');
#782 = ORIENTED_EDGE ( 'NONE', *, *, #2967, .T. ) ;
#783 = VERTEX_POINT ( 'NONE', #1647 ) ;
#784 = VERTEX_POINT ( 'NONE', #2068 ) ;
#785 = FILL_AREA_STYLE ('',( #2171 ) ) ;
#786 = CARTESIAN_POINT ( 'NONE',  ( 1.221768492745970527E-11, 0.7999999999968935294, -6.324801793411438666E-12 ) ) ;
#787 =( NAMED_UNIT ( * ) PLANE_ANGLE_UNIT ( ) SI_UNIT ( $, .RADIAN. ) );
#788 = FILL_AREA_STYLE_COLOUR ( '', #752 ) ;
#789 = AXIS2_PLACEMENT_3D ( 'NONE', #1158, #2778, #774 ) ;
#790 = PRESENTATION_STYLE_ASSIGNMENT (( #391 ) ) ;
#791 = CARTESIAN_POINT ( 'NONE',  ( -5.964446141899753862, 3.457784567595779457, 0.000000000000000000 ) ) ;
#792 = VERTEX_POINT ( 'NONE', #2558 ) ;
#793 = VERTEX_POINT ( 'NONE', #515 ) ;
#794 = COLOUR_RGB ( '',0.2509803921568627416, 0.2509803921568627416, 0.2509803921568627416 ) ;
#795 = CARTESIAN_POINT ( 'NONE',  ( 3.552794967601997200, -3.066123743789006539E-12, 1.837837837823411702 ) ) ;
#796 = CARTESIAN_POINT ( 'NONE',  ( 5.723647606812561683, 0.5547867672961954710, -1.903823687968934975 ) ) ;
#797 = DIRECTION ( 'NONE',  ( -1.000000000000000000, 0.000000000000000000, 0.000000000000000000 ) ) ;
#798 = EDGE_CURVE ( 'NONE', #489, #380, #1655, .T. ) ;
#799 = AXIS2_PLACEMENT_3D ( 'NONE', #2579, #1417, #1157 ) ;
#800 = PRESENTATION_LAYER_ASSIGNMENT (  '', '', ( #971 ) ) ;
#801 = ORIENTED_EDGE ( 'NONE', *, *, #1783, .F. ) ;
#802 =( LENGTH_UNIT ( ) NAMED_UNIT ( * ) SI_UNIT ( .MILLI., .METRE. ) );
#803 = SURFACE_STYLE_USAGE ( .BOTH. , #1934 ) ;
#804 = CIRCLE ( 'NONE', #422, 0.2999999999999999334 ) ;
#805 = CARTESIAN_POINT ( 'NONE',  ( 3.504999999999990568, 0.7999999999969333864, 0.000000000000000000 ) ) ;
#806 = FILL_AREA_STYLE_COLOUR ( '', #2509 ) ;
#807 = FILL_AREA_STYLE ('',( #2866 ) ) ;
#808 = CARTESIAN_POINT ( 'NONE',  ( 5.854303841025877198, 0.6635081629852817020, 1.904706901564896526 ) ) ;
#809 = FILL_AREA_STYLE_COLOUR ( '', #166 ) ;
#810 = ORIENTED_EDGE ( 'NONE', *, *, #256, .F. ) ;
#811 = ORIENTED_EDGE ( 'NONE', *, *, #2567, .T. ) ;
#812 = LINE ( 'NONE', #2843, #2693 ) ;
#813 = CARTESIAN_POINT ( 'NONE',  ( 5.532154139147348104, 0.4486161787793401801, -1.902567886403987663 ) ) ;
#814 = DIRECTION ( 'NONE',  ( -1.000000000000000000, -1.120342244901688178E-14, 0.000000000000000000 ) ) ;
#815 = EDGE_LOOP ( 'NONE', ( #1365, #2846, #2625, #450 ) ) ;
#816 =( NAMED_UNIT ( * ) SI_UNIT ( $, .STERADIAN. ) SOLID_ANGLE_UNIT ( ) );
#817 = EDGE_CURVE ( 'NONE', #262, #1281, #2775, .T. ) ;
#818 = FACE_OUTER_BOUND ( 'NONE', #18, .T. ) ;
#819 =( LENGTH_UNIT ( ) NAMED_UNIT ( * ) SI_UNIT ( .MILLI., .METRE. ) );
#820 = LINE ( 'NONE', #1537, #2206 ) ;
#821 = PRESENTATION_LAYER_ASSIGNMENT (  '', '', ( #196 ) ) ;
#822 = FACE_OUTER_BOUND ( 'NONE', #2530, .T. ) ;
#823 = COLOUR_RGB ( '',0.9411764705882352811, 0.9411764705882352811, 0.7843137254901960675 ) ;
#824 = CIRCLE ( 'NONE', #439, 6.349999999999834444 ) ;
#825 = ORIENTED_EDGE ( 'NONE', *, *, #852, .F. ) ;
#826 = ORIENTED_EDGE ( 'NONE', *, *, #936, .T. ) ;
#827 = CARTESIAN_POINT ( 'NONE',  ( -5.220891953973730422E-14, 5.000000000000000000, 0.000000000000000000 ) ) ;
#828 = VECTOR ( 'NONE', #2729, 1000.000000000000000 ) ;
#829 = FILL_AREA_STYLE_COLOUR ( '', #1928 ) ;
#830 = CIRCLE ( 'NONE', #2023, 3.999999999986235011 ) ;
#831 = ORIENTED_EDGE ( 'NONE', *, *, #2235, .T. ) ;
#832 = FILL_AREA_STYLE_COLOUR ( '', #1576 ) ;
#833 = CARTESIAN_POINT ( 'NONE',  ( 2.499999999999983125, 1.499999999996924904, 0.000000000000000000 ) ) ;
#834 = UNCERTAINTY_MEASURE_WITH_UNIT (LENGTH_MEASURE( 1.000000000000000082E-05 ), #1134, 'distance_accuracy_value', 'NONE');
#835 = EDGE_CURVE ( 'NONE', #2941, #1480, #722, .T. ) ;
#836 = ADVANCED_FACE ( 'NONE', ( #1155 ), #981, .T. ) ;
#837 = FILL_AREA_STYLE ('',( #180 ) ) ;
#838 = VERTEX_POINT ( 'NONE', #2795 ) ;
#839 = ORIENTED_EDGE ( 'NONE', *, *, #237, .T. ) ;
#840 = CARTESIAN_POINT ( 'NONE',  ( -3.286335344999999908, -3.143752619338968657E-12, 1.399999999999999689 ) ) ;
#841 = COLOUR_RGB ( '',0.9411764705882352811, 0.9411764705882352811, 0.7843137254901960675 ) ;
#842 =( NAMED_UNIT ( * ) SI_UNIT ( $, .STERADIAN. ) SOLID_ANGLE_UNIT ( ) );
#843 = EDGE_LOOP ( 'NONE', ( #2149, #1062 ) ) ;
#844 = CARTESIAN_POINT ( 'NONE',  ( -2.500000000000009326, 0.7999999999968653297, 0.000000000000000000 ) ) ;
#845 = DIRECTION ( 'NONE',  ( 1.134976511732661027E-14, -1.000000000000000000, -0.000000000000000000 ) ) ;
#846 =( GEOMETRIC_REPRESENTATION_CONTEXT ( 3 ) GLOBAL_UNCERTAINTY_ASSIGNED_CONTEXT ( ( #938 ) ) GLOBAL_UNIT_ASSIGNED_CONTEXT ( ( #2335, #2520, #918 ) ) REPRESENTATION_CONTEXT ( 'NONE', 'WORKASPACE' ) );
#847 = LINE ( 'NONE', #2452, #3 ) ;
#848 = ADVANCED_FACE ( 'NONE', ( #758 ), #2578, .T. ) ;
#849 = DIRECTION ( 'NONE',  ( -1.134976511732661027E-14, 1.000000000000000000, -0.000000000000000000 ) ) ;
#850 = VERTEX_POINT ( 'NONE', #770 ) ;
#851 = DIRECTION ( 'NONE',  ( 1.000000000000000000, 1.134075472419837638E-14, 0.000000000000000000 ) ) ;
#852 = EDGE_CURVE ( 'NONE', #2813, #1690, #2663, .T. ) ;
#853 = CARTESIAN_POINT ( 'NONE',  ( -2.499999999999977351, -2.000000000003134826, 0.000000000000000000 ) ) ;
#854 = UNCERTAINTY_MEASURE_WITH_UNIT (LENGTH_MEASURE( 1.000000000000000082E-05 ), #2804, 'distance_accuracy_value', 'NONE');
#855 = LINE ( 'NONE', #1780, #1315 ) ;
#856 = EDGE_CURVE ( 'NONE', #1837, #1050, #1372, .T. ) ;
#857 = AXIS2_PLACEMENT_3D ( 'NONE', #1912, #1022, #797 ) ;
#858 = LINE ( 'NONE', #2712, #1981 ) ;
#859 = ORIENTED_EDGE ( 'NONE', *, *, #1672, .T. ) ;
#860 = AXIS2_PLACEMENT_3D ( 'NONE', #641, #1322, #1545 ) ;
#861 = CARTESIAN_POINT ( 'NONE',  ( -2.500000000000004441, 0.3999999999999716560, -1.399999999999999911 ) ) ;
#862 =( NAMED_UNIT ( * ) SI_UNIT ( $, .STERADIAN. ) SOLID_ANGLE_UNIT ( ) );
#863 = CARTESIAN_POINT ( 'NONE',  ( -2.269953023465317951E-13, 19.99999999999996092, 0.000000000000000000 ) ) ;
#864 =( GEOMETRIC_REPRESENTATION_CONTEXT ( 3 ) GLOBAL_UNCERTAINTY_ASSIGNED_CONTEXT ( ( #2787 ) ) GLOBAL_UNIT_ASSIGNED_CONTEXT ( ( #711, #529, #2646 ) ) REPRESENTATION_CONTEXT ( 'NONE', 'WORKASPACE' ) );
#865 = LINE ( 'NONE', #878, #1565 ) ;
#866 = COLOUR_RGB ( '',0.2509803921568627416, 0.2509803921568627416, 0.2509803921568627416 ) ;
#867 = ORIENTED_EDGE ( 'NONE', *, *, #1406, .T. ) ;
#868 = PLANE ( 'NONE',  #777 ) ;
#869 = AXIS2_PLACEMENT_3D ( 'NONE', #2233, #2253, #1352 ) ;
#870 = SURFACE_SIDE_STYLE ('',( #2943 ) ) ;
#871 = ADVANCED_FACE ( 'NONE', ( #2191 ), #530, .T. ) ;
#872 = CARTESIAN_POINT ( 'NONE',  ( 6.078167818614864437, 5.000000000000069278, -1.905984251968503296 ) ) ;
#873 =( LENGTH_UNIT ( ) NAMED_UNIT ( * ) SI_UNIT ( .MILLI., .METRE. ) );
#874 = CIRCLE ( 'NONE', #322, 1.400000000000000133 ) ;
#875 = PLANE ( 'NONE',  #1012 ) ;
#876 = AXIS2_PLACEMENT_3D ( 'NONE', #1524, #2176, #1718 ) ;
#877 = ORIENTED_EDGE ( 'NONE', *, *, #2425, .F. ) ;
#878 = CARTESIAN_POINT ( 'NONE',  ( -6.349999999999890399, 4.999999999999928058, 0.000000000000000000 ) ) ;
#879 = MECHANICAL_DESIGN_GEOMETRIC_PRESENTATION_REPRESENTATION (  '', ( #513 ), #751 ) ;
#880 =( NAMED_UNIT ( * ) PLANE_ANGLE_UNIT ( ) SI_UNIT ( $, .RADIAN. ) );
#881 = B_SPLINE_CURVE_WITH_KNOTS ( 'NONE', 3,
 ( #511, #2515, #708, #932, #2269, #1601, #468, #1362, #16, #945, #1876, #233, #716 ),
 .UNSPECIFIED., .F., .F.,
 ( 4, 2, 2, 1, 2, 2, 4 ),
 ( 0.000000000000000000, 0.1251525878863892216, 0.1877288818295843598, 0.2190170288011823729, 0.2346611022869812546, 0.2503051757727801641, 0.5006103515455545550 ),
 .UNSPECIFIED. ) ;
#882 = CARTESIAN_POINT ( 'NONE',  ( 5.341270047890319006, 2.290286135971152603, -1.905946590886843595 ) ) ;
#883 = VERTEX_POINT ( 'NONE', #1730 ) ;
#884 = PLANE ( 'NONE',  #679 ) ;
#885 = CARTESIAN_POINT ( 'NONE',  ( 2.500000000000000000, -3.078049967686347088E-12, 0.000000000000000000 ) ) ;
#886 =( NAMED_UNIT ( * ) SI_UNIT ( $, .STERADIAN. ) SOLID_ANGLE_UNIT ( ) );
#887 = EDGE_LOOP ( 'NONE', ( #1001, #2170, #867, #1860 ) ) ;
#888 = EDGE_CURVE ( 'NONE', #1128, #1235, #1044, .T. ) ;
#889 = DIRECTION ( 'NONE',  ( 1.134976511732661027E-14, -1.000000000000000000, 0.000000000000000000 ) ) ;
#890 = PRESENTATION_STYLE_ASSIGNMENT (( #226 ) ) ;
#891 = VERTEX_POINT ( 'NONE', #1502 ) ;
#892 = SURFACE_STYLE_FILL_AREA ( #2276 ) ;
#893 = AXIS2_PLACEMENT_3D ( 'NONE', #2195, #2436, #1778 ) ;
#894 = SURFACE_STYLE_FILL_AREA ( #2971 ) ;
#895 = FILL_AREA_STYLE_COLOUR ( '', #604 ) ;
#896 = CYLINDRICAL_SURFACE ( 'NONE', #1538, 0.3000000000000007661 ) ;
#897 = AXIS2_PLACEMENT_3D ( 'NONE', #2879, #341, #2157 ) ;
#898 = MECHANICAL_DESIGN_GEOMETRIC_PRESENTATION_REPRESENTATION (  '', ( #1982 ), #1680 ) ;
#899 = ORIENTED_EDGE ( 'NONE', *, *, #1713, .F. ) ;
#900 = DIRECTION ( 'NONE',  ( -1.134976511732661027E-14, 1.000000000000000000, -0.000000000000000000 ) ) ;
#901 = STYLED_ITEM ( 'NONE', ( #989 ), #1931 ) ;
#902 = VERTEX_POINT ( 'NONE', #1274 ) ;
#903 = SURFACE_SIDE_STYLE ('',( #36 ) ) ;
#904 = CARTESIAN_POINT ( 'NONE',  ( 5.885686623189791966, 3.631235248272086658, 1.904858971143063684 ) ) ;
#905 = ADVANCED_FACE ( 'NONE', ( #143 ), #2441, .T. ) ;
#906 = ORIENTED_EDGE ( 'NONE', *, *, #12, .F. ) ;
#907 = CARTESIAN_POINT ( 'NONE',  ( 5.663953980576200919, 1.959055089461112953, 1.903437228270641102 ) ) ;
#908 = EDGE_CURVE ( 'NONE', #2557, #389, #2835, .T. ) ;
#909 = CARTESIAN_POINT ( 'NONE',  ( -9.079812093826032126E-15, 0.7999999999968935294, 0.000000000000000000 ) ) ;
#910 = CARTESIAN_POINT ( 'NONE',  ( 5.331913338093102972, 2.307446600749591514, -1.906015262856924020 ) ) ;
#911 = CIRCLE ( 'NONE', #2900, 0.8372583001996199981 ) ;
#912 = ORIENTED_EDGE ( 'NONE', *, *, #1561, .T. ) ;
#913 = CIRCLE ( 'NONE', #2602, 5.550000000000769873 ) ;
#914 = CARTESIAN_POINT ( 'NONE',  ( 5.910955727663226966, 1.737592166653099124, -1.905054679763438896 ) ) ;
#915 = CARTESIAN_POINT ( 'NONE',  ( -2.500000000000009770, 0.7999999999968652187, 1.399999999999999911 ) ) ;
#916 = EDGE_LOOP ( 'NONE', ( #959, #1946, #839, #930 ) ) ;
#917 = SURFACE_STYLE_USAGE ( .BOTH. , #903 ) ;
#918 =( NAMED_UNIT ( * ) SI_UNIT ( $, .STERADIAN. ) SOLID_ANGLE_UNIT ( ) );
#919 = CARTESIAN_POINT ( 'NONE',  ( 2.499999999999991118, 0.7999999999969219511, 0.000000000000000000 ) ) ;
#920 = FILL_AREA_STYLE_COLOUR ( '', #1163 ) ;
#921 = AXIS2_PLACEMENT_3D ( 'NONE', #1666, #2519, #1897 ) ;
#922 = VECTOR ( 'NONE', #1522, 1000.000000000000000 ) ;
#923 = CYLINDRICAL_SURFACE ( 'NONE', #270, 1.004999999999999893 ) ;
#924 = MECHANICAL_DESIGN_GEOMETRIC_PRESENTATION_REPRESENTATION (  '', ( #971 ), #1313 ) ;
#925 =( GEOMETRIC_REPRESENTATION_CONTEXT ( 3 ) GLOBAL_UNCERTAINTY_ASSIGNED_CONTEXT ( ( #500 ) ) GLOBAL_UNIT_ASSIGNED_CONTEXT ( ( #497, #2113, #481 ) ) REPRESENTATION_CONTEXT ( 'NONE', 'WORKASPACE' ) );
#926 = CARTESIAN_POINT ( 'NONE',  ( -6.350000000000055600, 19.49999999999988987, 0.000000000000000000 ) ) ;
#927 = EDGE_CURVE ( 'NONE', #792, #1032, #2475, .T. ) ;
#928 = PRESENTATION_LAYER_ASSIGNMENT (  '', '', ( #2473 ) ) ;
#929 = STYLED_ITEM ( 'NONE', ( #1117 ), #59 ) ;
#930 = ORIENTED_EDGE ( 'NONE', *, *, #1596, .F. ) ;
#931 = FILL_AREA_STYLE_COLOUR ( '', #242 ) ;
#932 = CARTESIAN_POINT ( 'NONE',  ( 5.448590056272038851, 3.262144613634689883, -1.904908263105369537 ) ) ;
#933 = ORIENTED_EDGE ( 'NONE', *, *, #2390, .T. ) ;
#934 =( NAMED_UNIT ( * ) PLANE_ANGLE_UNIT ( ) SI_UNIT ( $, .RADIAN. ) );
#935 = FILL_AREA_STYLE ('',( #1844 ) ) ;
#936 = EDGE_CURVE ( 'NONE', #1532, #495, #1325, .T. ) ;
#937 = CARTESIAN_POINT ( 'NONE',  ( 5.661746187785206885, 20.00562884034060929, 1.901536485314470504 ) ) ;
#938 = UNCERTAINTY_MEASURE_WITH_UNIT (LENGTH_MEASURE( 1.000000000000000082E-05 ), #2335, 'distance_accuracy_value', 'NONE');
#939 = PRESENTATION_STYLE_ASSIGNMENT (( #2326 ) ) ;
#940 = EDGE_CURVE ( 'NONE', #1376, #2813, #294, .T. ) ;
#941 = VECTOR ( 'NONE', #1105, 1000.000000000000114 ) ;
#942 = EDGE_LOOP ( 'NONE', ( #455, #1896 ) ) ;
#943 =( NAMED_UNIT ( * ) PLANE_ANGLE_UNIT ( ) SI_UNIT ( $, .RADIAN. ) );
#944 = DIRECTION ( 'NONE',  ( -1.134976511732661184E-14, 1.000000000000000000, -0.000000000000000000 ) ) ;
#945 = CARTESIAN_POINT ( 'NONE',  ( 5.355766369003249316, 3.134616160810726804, -1.905830675485947756 ) ) ;
#946 =( NAMED_UNIT ( * ) SI_UNIT ( $, .STERADIAN. ) SOLID_ANGLE_UNIT ( ) );
#947 = MECHANICAL_DESIGN_GEOMETRIC_PRESENTATION_REPRESENTATION (  '', ( #1870 ), #1579 ) ;
#948 = VERTEX_POINT ( 'NONE', #2925 ) ;
#949 = CONICAL_SURFACE ( 'NONE', #1181, 0.2999999999999999334, 0.7853981633974466137 ) ;
#950 = CARTESIAN_POINT ( 'NONE',  ( -2.499999999999977351, -2.000000000003134826, 0.000000000000000000 ) ) ;
#951 =( NAMED_UNIT ( * ) SI_UNIT ( $, .STERADIAN. ) SOLID_ANGLE_UNIT ( ) );
#952 = DIRECTION ( 'NONE',  ( -1.134976511732661027E-14, 1.000000000000000000, -0.000000000000000000 ) ) ;
#953 = PRESENTATION_LAYER_ASSIGNMENT (  '', '', ( #441 ) ) ;
#954 = CARTESIAN_POINT ( 'NONE',  ( -3.430850114090845484E-14, 3.440944910538220380, 0.000000000000000000 ) ) ;
#955 = ORIENTED_EDGE ( 'NONE', *, *, #1241, .T. ) ;
#956 = CARTESIAN_POINT ( 'NONE',  ( 5.449052013853310505, 2.137336339492437176, 1.904906123555262010 ) ) ;
#957 = FILL_AREA_STYLE_COLOUR ( '', #1490 ) ;
#958 = AXIS2_PLACEMENT_3D ( 'NONE', #425, #1638, #2296 ) ;
#959 = ORIENTED_EDGE ( 'NONE', *, *, #2264, .F. ) ;
#960 = CARTESIAN_POINT ( 'NONE',  ( 2.499999999999979572, 1.799999999996922062, 0.000000000000000000 ) ) ;
#961 = DIRECTION ( 'NONE',  ( 1.000000000000000000, 1.134976511732645092E-14, 0.000000000000000000 ) ) ;
#962 = ADVANCED_FACE ( 'NONE', ( #1080 ), #884, .T. ) ;
#963 = CARTESIAN_POINT ( 'NONE',  ( -3.286335345006544006, -3.143752619338968657E-12, -1.700000000000000178 ) ) ;
#964 = CARTESIAN_POINT ( 'NONE',  ( -3.286335344975547024, -3.143752619338968657E-12, -1.399999999999999689 ) ) ;
#965 = UNCERTAINTY_MEASURE_WITH_UNIT (LENGTH_MEASURE( 1.000000000000000082E-05 ), #2332, 'distance_accuracy_value', 'NONE');
#966 = CARTESIAN_POINT ( 'NONE',  ( -1.761130144015866771E-14, 1.959055089461048782, 0.000000000000000000 ) ) ;
#967 = STYLED_ITEM ( 'NONE', ( #2334 ), #2895 ) ;
#968 = CARTESIAN_POINT ( 'NONE',  ( -2.602085213965210642E-14, 2.699999999999803446, 0.000000000000000000 ) ) ;
#969 = PRESENTATION_LAYER_ASSIGNMENT (  '', '', ( #1310 ) ) ;
#970 = CARTESIAN_POINT ( 'NONE',  ( 6.023236054813082774, 0.9381859158948024913, 1.905663731589998688 ) ) ;
#971 = STYLED_ITEM ( 'NONE', ( #1446 ), #2735 ) ;
#972 = UNCERTAINTY_MEASURE_WITH_UNIT (LENGTH_MEASURE( 1.000000000000000082E-05 ), #1991, 'distance_accuracy_value', 'NONE');
#973 = EDGE_LOOP ( 'NONE', ( #899, #2010, #2662, #1599 ) ) ;
#974 = PRESENTATION_LAYER_ASSIGNMENT (  '', '', ( #2085 ) ) ;
#975 = SURFACE_STYLE_USAGE ( .BOTH. , #1293 ) ;
#976 = FACE_OUTER_BOUND ( 'NONE', #621, .T. ) ;
#977 =( LENGTH_UNIT ( ) NAMED_UNIT ( * ) SI_UNIT ( .MILLI., .METRE. ) );
#978 = SURFACE_STYLE_USAGE ( .BOTH. , #2529 ) ;
#979 = ORIENTED_EDGE ( 'NONE', *, *, #1817, .T. ) ;
#980 = PRODUCT_CONTEXT ( 'NONE', #1375, 'mechanical' ) ;
#981 = CYLINDRICAL_SURFACE ( 'NONE', #2424, 0.2999999999999951594 ) ;
#982 = DIRECTION ( 'NONE',  ( 1.000000000000000000, 0.000000000000000000, 2.757607627278932666E-16 ) ) ;
#983 = DIRECTION ( 'NONE',  ( -1.134976511732661027E-14, 1.000000000000000000, -0.000000000000000000 ) ) ;
#984 = FACE_OUTER_BOUND ( 'NONE', #2494, .T. ) ;
#985 = CARTESIAN_POINT ( 'NONE',  ( 5.728516240525873826, 19.98564092293858252, 1.902255815388101956 ) ) ;
#986 = EDGE_CURVE ( 'NONE', #2903, #141, #2343, .T. ) ;
#987 = CARTESIAN_POINT ( 'NONE',  ( 6.066934578599799011, 1.072609894005298825, 1.905919771449265276 ) ) ;
#988 = EDGE_LOOP ( 'NONE', ( #2687, #1413, #2004, #1359 ) ) ;
#989 = PRESENTATION_STYLE_ASSIGNMENT (( #1233 ) ) ;
#990 = STYLED_ITEM ( 'NONE', ( #2883 ), #1103 ) ;
#991 = VERTEX_POINT ( 'NONE', #1311 ) ;
#992 =( NAMED_UNIT ( * ) SI_UNIT ( $, .STERADIAN. ) SOLID_ANGLE_UNIT ( ) );
#993 = CARTESIAN_POINT ( 'NONE',  ( -5.512741699805182805, 1.237258300197944028, 0.000000000000000000 ) ) ;
#994 = SURFACE_SIDE_STYLE ('',( #1733 ) ) ;
#995 = AXIS2_PLACEMENT_3D ( 'NONE', #345, #2881, #630 ) ;
#996 =( NAMED_UNIT ( * ) SI_UNIT ( $, .STERADIAN. ) SOLID_ANGLE_UNIT ( ) );
#997 = CIRCLE ( 'NONE', #2888, 5.849999999999838884 ) ;
#998 = CARTESIAN_POINT ( 'NONE',  ( 5.366244282927689291, 0.3989285392831876109, 1.901421697159249025 ) ) ;
#999 = MECHANICAL_DESIGN_GEOMETRIC_PRESENTATION_REPRESENTATION (  '', ( #2894 ), #2211 ) ;
#1000 = ADVANCED_FACE ( 'NONE', ( #2037, #2728, #2005, #1093 ), #868, .T. ) ;
#1001 = ORIENTED_EDGE ( 'NONE', *, *, #2627, .F. ) ;
#1002 = VERTEX_POINT ( 'NONE', #2280 ) ;
#1003 = SURFACE_STYLE_FILL_AREA ( #1926 ) ;
#1004 = CARTESIAN_POINT ( 'NONE',  ( 5.984845729921506319, 1.620616164756889299, -1.905454729748510712 ) ) ;
#1005 = VERTEX_POINT ( 'NONE', #2330 ) ;
#1006 =( NAMED_UNIT ( * ) SI_UNIT ( $, .STERADIAN. ) SOLID_ANGLE_UNIT ( ) );
#1007 =( LENGTH_UNIT ( ) NAMED_UNIT ( * ) SI_UNIT ( .MILLI., .METRE. ) );
#1008 = ADVANCED_FACE ( 'NONE', ( #2572 ), #2092, .T. ) ;
#1009 = CARTESIAN_POINT ( 'NONE',  ( -3.286335345006553332, 0.7999999999968563369, -1.700000000000000178 ) ) ;
#1010 = VECTOR ( 'NONE', #1954, 1000.000000000000000 ) ;
#1011 = CARTESIAN_POINT ( 'NONE',  ( -2.500000000000016875, 1.499999999996872280, 0.000000000000000000 ) ) ;
#1012 = AXIS2_PLACEMENT_3D ( 'NONE', #363, #1741, #2234 ) ;
#1013 = FACE_OUTER_BOUND ( 'NONE', #2973, .T. ) ;
#1014 = PRESENTATION_LAYER_ASSIGNMENT (  '', '', ( #2307 ) ) ;
#1015 = CARTESIAN_POINT ( 'NONE',  ( 5.399015757741064903, 0.4064025348866563969, 1.901646680527348865 ) ) ;
#1016 = LINE ( 'NONE', #1229, #2305 ) ;
#1017 = VERTEX_POINT ( 'NONE', #477 ) ;
#1018 = EDGE_CURVE ( 'NONE', #2699, #2292, #1120, .T. ) ;
#1019 = EDGE_LOOP ( 'NONE', ( #557, #1577, #933, #158 ) ) ;
#1020 = CARTESIAN_POINT ( 'NONE',  ( 6.028480805138918264, 3.879082383298385395, -1.905702629650021462 ) ) ;
#1021 = PRESENTATION_STYLE_ASSIGNMENT (( #2168 ) ) ;
#1022 = DIRECTION ( 'NONE',  ( -0.000000000000000000, 0.000000000000000000, -1.000000000000000000 ) ) ;
#1023 = VERTEX_POINT ( 'NONE', #2974 ) ;
#1024 = DIRECTION ( 'NONE',  ( -1.000000000000000000, -1.134976511732661027E-14, 0.000000000000000000 ) ) ;
#1025 =( NAMED_UNIT ( * ) PLANE_ANGLE_UNIT ( ) SI_UNIT ( $, .RADIAN. ) );
#1026 = CARTESIAN_POINT ( 'NONE',  ( -3.500000000000020428, 1.799999999996854116, 0.000000000000000000 ) ) ;
#1027 = DIRECTION ( 'NONE',  ( -1.000000000000000000, -1.138412281109779656E-14, 0.000000000000000000 ) ) ;
#1028 = CARTESIAN_POINT ( 'NONE',  ( -2.500000000000020428, 1.799999999996865219, 0.000000000000000000 ) ) ;
#1029 = CARTESIAN_POINT ( 'NONE',  ( 5.663953980576201808, 1.959055089461112953, -1.903437228270639547 ) ) ;
#1030 = DIRECTION ( 'NONE',  ( -1.134976511732661027E-14, 1.000000000000000000, -0.000000000000000000 ) ) ;
#1031 = DIRECTION ( 'NONE',  ( -1.134976511732661027E-14, 1.000000000000000000, -0.000000000000000000 ) ) ;
#1032 = VERTEX_POINT ( 'NONE', #1826 ) ;
#1033 = ORIENTED_EDGE ( 'NONE', *, *, #1252, .T. ) ;
#1034 = CARTESIAN_POINT ( 'NONE',  ( -3.286335345000008790, 0.7999999999968563369, 1.700000000000000844 ) ) ;
#1035 = FACE_OUTER_BOUND ( 'NONE', #89, .T. ) ;
#1036 = ADVANCED_FACE ( 'NONE', ( #2744 ), #2932, .F. ) ;
#1037 = DIRECTION ( 'NONE',  ( 1.000000000000000000, 1.134976511732645092E-14, 0.000000000000000000 ) ) ;
#1038 = EDGE_LOOP ( 'NONE', ( #2394, #1830, #1784, #426 ) ) ;
#1039 = FILL_AREA_STYLE ('',( #832 ) ) ;
#1040 = FACE_OUTER_BOUND ( 'NONE', #2032, .T. ) ;
#1041 =( NAMED_UNIT ( * ) SI_UNIT ( $, .STERADIAN. ) SOLID_ANGLE_UNIT ( ) );
#1042 = EDGE_CURVE ( 'NONE', #389, #249, #2790, .T. ) ;
#1043 = FILL_AREA_STYLE_COLOUR ( '', #1703 ) ;
#1044 = CIRCLE ( 'NONE', #1976, 0.2999999999999999334 ) ;
#1045 = PRESENTATION_LAYER_ASSIGNMENT (  '', '', ( #1776 ) ) ;
#1046 = CIRCLE ( 'NONE', #1239, 5.964446141899719223 ) ;
#1047 = PRESENTATION_LAYER_ASSIGNMENT (  '', '', ( #2887 ) ) ;
#1048 = DIRECTION ( 'NONE',  ( -1.224646799147353207E-16, -1.389945352200831651E-30, 1.000000000000000000 ) ) ;
#1049 =( GEOMETRIC_REPRESENTATION_CONTEXT ( 3 ) GLOBAL_UNCERTAINTY_ASSIGNED_CONTEXT ( ( #568 ) ) GLOBAL_UNIT_ASSIGNED_CONTEXT ( ( #977, #2844, #2382 ) ) REPRESENTATION_CONTEXT ( 'NONE', 'WORKASPACE' ) );
#1050 = VERTEX_POINT ( 'NONE', #1279 ) ;
#1051 = ORIENTED_EDGE ( 'NONE', *, *, #798, .F. ) ;
#1052 = CARTESIAN_POINT ( 'NONE',  ( 5.895348904289368974, 3.626090830218514860, -1.904901578399869955 ) ) ;
#1053 = CYLINDRICAL_SURFACE ( 'NONE', #958, 1.004999999999999893 ) ;
#1054 = ORIENTED_EDGE ( 'NONE', *, *, #277, .T. ) ;
#1055 = SURFACE_SIDE_STYLE ('',( #186 ) ) ;
#1056 = FACE_OUTER_BOUND ( 'NONE', #1145, .T. ) ;
#1057 = UNCERTAINTY_MEASURE_WITH_UNIT (LENGTH_MEASURE( 1.000000000000000082E-05 ), #293, 'distance_accuracy_value', 'NONE');
#1058 =( NAMED_UNIT ( * ) SI_UNIT ( $, .STERADIAN. ) SOLID_ANGLE_UNIT ( ) );
#1059 = ADVANCED_FACE ( 'NONE', ( #2897 ), #377, .F. ) ;
#1060 = MECHANICAL_DESIGN_GEOMETRIC_PRESENTATION_REPRESENTATION (  '', ( #1831 ), #735 ) ;
#1061 = CARTESIAN_POINT ( 'NONE',  ( 2.500000000000000000, -3.078049967686347088E-12, 0.000000000000000000 ) ) ;
#1062 = ORIENTED_EDGE ( 'NONE', *, *, #671, .F. ) ;
#1063 = EDGE_CURVE ( 'NONE', #2428, #489, #392, .T. ) ;
#1064 = DIRECTION ( 'NONE',  ( -1.134976511732661027E-14, 1.000000000000000000, -0.000000000000000000 ) ) ;
#1065 =( GEOMETRIC_REPRESENTATION_CONTEXT ( 3 ) GLOBAL_UNCERTAINTY_ASSIGNED_CONTEXT ( ( #2852 ) ) GLOBAL_UNIT_ASSIGNED_CONTEXT ( ( #819, #1937, #1750 ) ) REPRESENTATION_CONTEXT ( 'NONE', 'WORKASPACE' ) );
#1066 = PRESENTATION_STYLE_ASSIGNMENT (( #191 ) ) ;
#1067 = EDGE_LOOP ( 'NONE', ( #2189, #216, #811, #1169 ) ) ;
#1068 = MECHANICAL_DESIGN_GEOMETRIC_PRESENTATION_REPRESENTATION (  '', ( #2707 ), #1453 ) ;
#1069 = DIRECTION ( 'NONE',  ( 1.000000000000000000, 1.143536619735955098E-14, 0.000000000000000000 ) ) ;
#1070 = SURFACE_STYLE_FILL_AREA ( #2485 ) ;
#1071 = FILL_AREA_STYLE ('',( #2717 ) ) ;
#1072 = PRESENTATION_LAYER_ASSIGNMENT (  '', '', ( #1756 ) ) ;
#1073 = ORIENTED_EDGE ( 'NONE', *, *, #1317, .T. ) ;
#1074 = TOROIDAL_SURFACE ( 'NONE', #2953, 5.512741699800214334, 0.8372583001996201091 ) ;
#1075 = EDGE_CURVE ( 'NONE', #2202, #672, #2439, .T. ) ;
#1076 = DIRECTION ( 'NONE',  ( 1.134976511732661027E-14, -1.000000000000000000, 0.000000000000000000 ) ) ;
#1077 = DIRECTION ( 'NONE',  ( 1.000000000000000000, 1.120342244901706006E-14, 0.000000000000000000 ) ) ;
#1078 =( LENGTH_UNIT ( ) NAMED_UNIT ( * ) SI_UNIT ( .MILLI., .METRE. ) );
#1079 = ORIENTED_EDGE ( 'NONE', *, *, #835, .F. ) ;
#1080 = FACE_OUTER_BOUND ( 'NONE', #2730, .T. ) ;
#1081 = CARTESIAN_POINT ( 'NONE',  ( -3.500000000000009326, 0.7999999999968538944, 0.000000000000000000 ) ) ;
#1082 = DIRECTION ( 'NONE',  ( -1.000000000000000000, -1.134976511732661184E-14, 0.000000000000000000 ) ) ;
#1083 = SURFACE_STYLE_FILL_AREA ( #406 ) ;
#1084 = DIRECTION ( 'NONE',  ( -1.134976511732661027E-14, 1.000000000000000000, 0.000000000000000000 ) ) ;
#1085 = CARTESIAN_POINT ( 'NONE',  ( -4.312910744548854363E-15, 0.3799999999968935449, 0.000000000000000000 ) ) ;
#1086 = CARTESIAN_POINT ( 'NONE',  ( 2.499999999999979572, 1.799999999996922062, 0.000000000000000000 ) ) ;
#1087 = AXIS2_PLACEMENT_3D ( 'NONE', #2241, #2944, #2680 ) ;
#1088 = DIRECTION ( 'NONE',  ( 1.134976511732661027E-14, -1.000000000000000000, -0.000000000000000000 ) ) ;
#1089 = VECTOR ( 'NONE', #1484, 1000.000000000000000 ) ;
#1090 = EDGE_CURVE ( 'NONE', #101, #698, #2727, .T. ) ;
#1091 = ORIENTED_EDGE ( 'NONE', *, *, #1018, .F. ) ;
#1092 = COLOUR_RGB ( '',0.000000000000000000, 0.5019607843137254832, 0.5019607843137254832 ) ;
#1093 = FACE_BOUND ( 'NONE', #1878, .T. ) ;
#1094 = FILL_AREA_STYLE_COLOUR ( '', #298 ) ;
#1095 = VECTOR ( 'NONE', #1711, 1000.000000000000000 ) ;
#1096 = DIRECTION ( 'NONE',  ( 1.134976511732661027E-14, -1.000000000000000000, -0.000000000000000000 ) ) ;
#1097 =( NAMED_UNIT ( * ) PLANE_ANGLE_UNIT ( ) SI_UNIT ( $, .RADIAN. ) );
#1098 = FILL_AREA_STYLE ('',( #2242 ) ) ;
#1099 = ORIENTED_EDGE ( 'NONE', *, *, #2183, .T. ) ;
#1100 =( LENGTH_UNIT ( ) NAMED_UNIT ( * ) SI_UNIT ( .MILLI., .METRE. ) );
#1101 = CARTESIAN_POINT ( 'NONE',  ( 5.818738430899232483, 19.94344627899150169, -1.903268837900329968 ) ) ;
#1102 =( GEOMETRIC_REPRESENTATION_CONTEXT ( 3 ) GLOBAL_UNCERTAINTY_ASSIGNED_CONTEXT ( ( #200 ) ) GLOBAL_UNIT_ASSIGNED_CONTEXT ( ( #2466, #2721, #458 ) ) REPRESENTATION_CONTEXT ( 'NONE', 'WORKASPACE' ) );
#1103 = ADVANCED_FACE ( 'NONE', ( #2634 ), #163, .F. ) ;
#1104 = ORIENTED_EDGE ( 'NONE', *, *, #2308, .F. ) ;
#1105 = DIRECTION ( 'NONE',  ( -0.7071067811865541231, 0.7071067811865408004, 0.000000000000000000 ) ) ;
#1106 = AXIS2_PLACEMENT_3D ( 'NONE', #2718, #1804, #2731 ) ;
#1107 = PRESENTATION_STYLE_ASSIGNMENT (( #668 ) ) ;
#1108 = DIRECTION ( 'NONE',  ( 1.134976511732661027E-14, -1.000000000000000000, 0.000000000000000000 ) ) ;
#1109 = UNCERTAINTY_MEASURE_WITH_UNIT (LENGTH_MEASURE( 1.000000000000000082E-05 ), #605, 'distance_accuracy_value', 'NONE');
#1110 = MECHANICAL_DESIGN_GEOMETRIC_PRESENTATION_REPRESENTATION (  '', ( #2468 ), #2950 ) ;
#1111 = CARTESIAN_POINT ( 'NONE',  ( -2.500000000000020428, 1.799999999996865219, 0.000000000000000000 ) ) ;
#1112 = STYLED_ITEM ( 'NONE', ( #2532 ), #2702 ) ;
#1113 = SURFACE_STYLE_FILL_AREA ( #658 ) ;
#1114 =( GEOMETRIC_REPRESENTATION_CONTEXT ( 3 ) GLOBAL_UNCERTAINTY_ASSIGNED_CONTEXT ( ( #1450 ) ) GLOBAL_UNIT_ASSIGNED_CONTEXT ( ( #531, #2132, #1190 ) ) REPRESENTATION_CONTEXT ( 'NONE', 'WORKASPACE' ) );
#1115 = ORIENTED_EDGE ( 'NONE', *, *, #1674, .F. ) ;
#1116 = PRESENTATION_STYLE_ASSIGNMENT (( #1566 ) ) ;
#1117 = PRESENTATION_STYLE_ASSIGNMENT (( #207 ) ) ;
#1118 =( LENGTH_UNIT ( ) NAMED_UNIT ( * ) SI_UNIT ( .MILLI., .METRE. ) );
#1119 = ORIENTED_EDGE ( 'NONE', *, *, #237, .F. ) ;
#1120 = LINE ( 'NONE', #265, #1242 ) ;
#1121 = ADVANCED_FACE ( 'NONE', ( #2682 ), #2799, .F. ) ;
#1122 =( NAMED_UNIT ( * ) SI_UNIT ( $, .STERADIAN. ) SOLID_ANGLE_UNIT ( ) );
#1123 = SURFACE_STYLE_FILL_AREA ( #2270 ) ;
#1124 = ORIENTED_EDGE ( 'NONE', *, *, #986, .F. ) ;
#1125 = FILL_AREA_STYLE_COLOUR ( '', #503 ) ;
#1126 =( NAMED_UNIT ( * ) SI_UNIT ( $, .STERADIAN. ) SOLID_ANGLE_UNIT ( ) );
#1127 = EDGE_CURVE ( 'NONE', #118, #262, #1412, .T. ) ;
#1128 = VERTEX_POINT ( 'NONE', #2738 ) ;
#1129 =( GEOMETRIC_REPRESENTATION_CONTEXT ( 3 ) GLOBAL_UNCERTAINTY_ASSIGNED_CONTEXT ( ( #332 ) ) GLOBAL_UNIT_ASSIGNED_CONTEXT ( ( #2007, #1263, #765 ) ) REPRESENTATION_CONTEXT ( 'NONE', 'WORKASPACE' ) );
#1130 =( LENGTH_UNIT ( ) NAMED_UNIT ( * ) SI_UNIT ( .MILLI., .METRE. ) );
#1131 = STYLED_ITEM ( 'NONE', ( #790 ), #1301 ) ;
#1132 = EDGE_LOOP ( 'NONE', ( #1273, #2094, #1857, #366, #2500 ) ) ;
#1133 = STYLED_ITEM ( 'NONE', ( #1993 ), #962 ) ;
#1134 =( LENGTH_UNIT ( ) NAMED_UNIT ( * ) SI_UNIT ( .MILLI., .METRE. ) );
#1135 = VECTOR ( 'NONE', #595, 1000.000000000000000 ) ;
#1136 = CARTESIAN_POINT ( 'NONE',  ( 5.747250076503869209, 1.908352248878237400, -1.903980778818080477 ) ) ;
#1137 = DIRECTION ( 'NONE',  ( 1.000000000000000000, 1.132748538417691341E-14, 0.000000000000000000 ) ) ;
#1138 = ORIENTED_EDGE ( 'NONE', *, *, #738, .F. ) ;
#1139 = FILL_AREA_STYLE_COLOUR ( '', #749 ) ;
#1140 = SURFACE_STYLE_USAGE ( .BOTH. , #1631 ) ;
#1141 = CIRCLE ( 'NONE', #2249, 0.9000000000042698289 ) ;
#1142 = CARTESIAN_POINT ( 'NONE',  ( -1.500000000000008882, 0.7999999999968766540, 1.224646799147353454E-16 ) ) ;
#1143 = UNCERTAINTY_MEASURE_WITH_UNIT (LENGTH_MEASURE( 1.000000000000000082E-05 ), #1100, 'distance_accuracy_value', 'NONE');
#1144 = ADVANCED_FACE ( 'NONE', ( #23 ), #923, .F. ) ;
#1145 = EDGE_LOOP ( 'NONE', ( #1628, #1399, #1572, #1119 ) ) ;
#1146 = CARTESIAN_POINT ( 'NONE',  ( -3.552794967577544316, -3.146788385421928069E-12, -1.837837837836061583 ) ) ;
#1147 = DIRECTION ( 'NONE',  ( -1.000000000000000000, -1.156482317317871607E-14, 0.000000000000000000 ) ) ;
#1148 = PRESENTATION_LAYER_ASSIGNMENT (  '', '', ( #2600 ) ) ;
#1149 = EDGE_CURVE ( 'NONE', #495, #169, #865, .T. ) ;
#1150 = ORIENTED_EDGE ( 'NONE', *, *, #208, .T. ) ;
#1151 = CARTESIAN_POINT ( 'NONE',  ( -3.470513662163387564E-14, 3.457784567595847403, 0.000000000000000000 ) ) ;
#1152 = SURFACE_SIDE_STYLE ('',( #1506 ) ) ;
#1153 = VERTEX_POINT ( 'NONE', #907 ) ;
#1154 = FILL_AREA_STYLE ('',( #2285 ) ) ;
#1155 = FACE_OUTER_BOUND ( 'NONE', #1543, .T. ) ;
#1156 = PLANE ( 'NONE',  #2267 ) ;
#1157 = DIRECTION ( 'NONE',  ( 1.000000000000000000, 1.143536619735955098E-14, 0.000000000000000000 ) ) ;
#1158 = CARTESIAN_POINT ( 'NONE',  ( 2.499999999999979572, 1.799999999996922062, 0.000000000000000000 ) ) ;
#1159 = MECHANICAL_DESIGN_GEOMETRIC_PRESENTATION_REPRESENTATION (  '', ( #609 ), #1999 ) ;
#1160 = CIRCLE ( 'NONE', #2371, 0.3000000000000003775 ) ;
#1161 = CARTESIAN_POINT ( 'NONE',  ( -2.500000000000009326, 0.7999999999968653297, 0.000000000000000000 ) ) ;
#1162 = ADVANCED_FACE ( 'NONE', ( #2752, #217 ), #241, .T. ) ;
#1163 = COLOUR_RGB ( '',0.2509803921568627416, 0.2509803921568627416, 0.2509803921568627416 ) ;
#1164 = CIRCLE ( 'NONE', #1408, 1.000000000000000222 ) ;
#1165 = ORIENTED_EDGE ( 'NONE', *, *, #1127, .T. ) ;
#1166 = DIRECTION ( 'NONE',  ( 1.134976511732661027E-14, -1.000000000000000000, 0.000000000000000000 ) ) ;
#1167 = DIRECTION ( 'NONE',  ( -1.000000000000000000, -1.120342244901706006E-14, 0.000000000000000000 ) ) ;
#1168 = SURFACE_STYLE_FILL_AREA ( #267 ) ;
#1169 = ORIENTED_EDGE ( 'NONE', *, *, #446, .F. ) ;
#1170 = SURFACE_SIDE_STYLE ('',( #2794 ) ) ;
#1171 = CARTESIAN_POINT ( 'NONE',  ( -2.500000000000020428, 1.799999999996865219, 0.000000000000000000 ) ) ;
#1172 = FILL_AREA_STYLE_COLOUR ( '', #1905 ) ;
#1173 =( NAMED_UNIT ( * ) PLANE_ANGLE_UNIT ( ) SI_UNIT ( $, .RADIAN. ) );
#1174 =( NAMED_UNIT ( * ) PLANE_ANGLE_UNIT ( ) SI_UNIT ( $, .RADIAN. ) );
#1175 = DIRECTION ( 'NONE',  ( 1.134976511732661027E-14, -1.000000000000000000, 0.000000000000000000 ) ) ;
#1176 = SURFACE_STYLE_FILL_AREA ( #1659 ) ;
#1177 = EDGE_CURVE ( 'NONE', #1, #2964, #1458, .T. ) ;
#1178 = EDGE_LOOP ( 'NONE', ( #2571, #1369, #2066, #165 ) ) ;
#1179 =( LENGTH_UNIT ( ) NAMED_UNIT ( * ) SI_UNIT ( .MILLI., .METRE. ) );
#1180 = CARTESIAN_POINT ( 'NONE',  ( 5.663953980576200919, 1.959055089461112953, 1.903437228270641102 ) ) ;
#1181 = AXIS2_PLACEMENT_3D ( 'NONE', #2283, #139, #814 ) ;
#1182 = DIRECTION ( 'NONE',  ( -1.134976511732661027E-14, 1.000000000000000000, -0.000000000000000000 ) ) ;
#1183 = AXIS2_PLACEMENT_3D ( 'NONE', #1028, #602, #2910 ) ;
#1184 = COLOUR_RGB ( '',0.2509803921568627416, 0.2509803921568627416, 0.2509803921568627416 ) ;
#1185 = ORIENTED_EDGE ( 'NONE', *, *, #160, .T. ) ;
#1186 =( NAMED_UNIT ( * ) PLANE_ANGLE_UNIT ( ) SI_UNIT ( $, .RADIAN. ) );
#1187 = STYLED_ITEM ( 'NONE', ( #1614 ), #1833 ) ;
#1188 = DIRECTION ( 'NONE',  ( 1.134976511732661027E-14, -1.000000000000000000, 0.000000000000000000 ) ) ;
#1189 = COLOUR_RGB ( '',0.7803921568627451011, 0.7607843137254901578, 0.7411764705882353255 ) ;
#1190 =( NAMED_UNIT ( * ) SI_UNIT ( $, .STERADIAN. ) SOLID_ANGLE_UNIT ( ) );
#1191 = CARTESIAN_POINT ( 'NONE',  ( 5.900304525725828420, 19.88504199925188942, 1.904133941877126368 ) ) ;
#1192 = CARTESIAN_POINT ( 'NONE',  ( -3.470513662163387564E-14, 3.457784567595847403, 0.000000000000000000 ) ) ;
#1193 = VECTOR ( 'NONE', #900, 1000.000000000000000 ) ;
#1194 = VECTOR ( 'NONE', #623, 1000.000000000000000 ) ;
#1195 =( NAMED_UNIT ( * ) PLANE_ANGLE_UNIT ( ) SI_UNIT ( $, .RADIAN. ) );
#1196 = CARTESIAN_POINT ( 'NONE',  ( 5.233434350709718075, 2.700000006433106226, 1.906846846713144750 ) ) ;
#1197 = ORIENTED_EDGE ( 'NONE', *, *, #908, .F. ) ;
#1198 = PRESENTATION_STYLE_ASSIGNMENT (( #2694 ) ) ;
#1199 = CARTESIAN_POINT ( 'NONE',  ( 5.276545122523628173, 0.3799999999963503128, -1.900768837218564489 ) ) ;
#1200 = EDGE_CURVE ( 'NONE', #1153, #2591, #1707, .T. ) ;
#1201 = PRESENTATION_LAYER_ASSIGNMENT (  '', '', ( #1294 ) ) ;
#1202 = ORIENTED_EDGE ( 'NONE', *, *, #2425, .T. ) ;
#1203 = FILL_AREA_STYLE_COLOUR ( '', #493 ) ;
#1204 = DIRECTION ( 'NONE',  ( -1.000000000000000000, -1.134976511732661027E-14, 0.000000000000000000 ) ) ;
#1205 = FILL_AREA_STYLE_COLOUR ( '', #238 ) ;
#1206 = CARTESIAN_POINT ( 'NONE',  ( 5.862402867816934204, 19.91499513627026730, 1.903739243419604543 ) ) ;
#1207 = UNCERTAINTY_MEASURE_WITH_UNIT (LENGTH_MEASURE( 1.000000000000000082E-05 ), #1465, 'distance_accuracy_value', 'NONE');
#1208 = CARTESIAN_POINT ( 'NONE',  ( -2.224553962996360180E-13, 19.99999999999996092, 0.000000000000000000 ) ) ;
#1209 = AXIS2_PLACEMENT_3D ( 'NONE', #2219, #2014, #629 ) ;
#1210 = CIRCLE ( 'NONE', #2422, 5.000000000000000000 ) ;
#1211 =( NAMED_UNIT ( * ) SI_UNIT ( $, .STERADIAN. ) SOLID_ANGLE_UNIT ( ) );
#1212 = FILL_AREA_STYLE_COLOUR ( '', #1507 ) ;
#1213 = AXIS2_PLACEMENT_3D ( 'NONE', #2129, #2814, #1843 ) ;
#1214 = UNCERTAINTY_MEASURE_WITH_UNIT (LENGTH_MEASURE( 1.000000000000000082E-05 ), #1385, 'distance_accuracy_value', 'NONE');
#1215 = EDGE_LOOP ( 'NONE', ( #244, #826, #2443, #2250 ) ) ;
#1216 = CIRCLE ( 'NONE', #2373, 6.369999999999838458 ) ;
#1217 = DIRECTION ( 'NONE',  ( 1.000000000000000000, 1.134976511732648247E-14, 0.000000000000000000 ) ) ;
#1218 = SURFACE_SIDE_STYLE ('',( #72 ) ) ;
#1219 = SURFACE_STYLE_FILL_AREA ( #2169 ) ;
#1220 = PRESENTATION_STYLE_ASSIGNMENT (( #2155 ) ) ;
#1221 = FILL_AREA_STYLE_COLOUR ( '', #1728 ) ;
#1222 = CARTESIAN_POINT ( 'NONE',  ( -2.167805137409727200E-13, 19.49999999999996092, 0.000000000000000000 ) ) ;
#1223 = DIRECTION ( 'NONE',  ( -1.000000000000000000, 0.000000000000000000, 0.000000000000000000 ) ) ;
#1224 = DIRECTION ( 'NONE',  ( -1.134976511732661184E-14, 1.000000000000000000, -0.000000000000000000 ) ) ;
#1225 = DIRECTION ( 'NONE',  ( -1.000000000000000000, -1.134291666879588975E-14, 0.000000000000000000 ) ) ;
#1226 = EDGE_CURVE ( 'NONE', #792, #2699, #1556, .T. ) ;
#1227 = DIRECTION ( 'NONE',  ( -1.134976511732661027E-14, 1.000000000000000000, -0.000000000000000000 ) ) ;
#1228 = FILL_AREA_STYLE ('',( #2633 ) ) ;
#1229 = CARTESIAN_POINT ( 'NONE',  ( 2.499999999999999556, -3.078049967686347088E-12, 1.399999999999999911 ) ) ;
#1230 = VERTEX_POINT ( 'NONE', #1636 ) ;
#1231 = ORIENTED_EDGE ( 'NONE', *, *, #1751, .F. ) ;
#1232 = DIRECTION ( 'NONE',  ( 1.134976511732661027E-14, -1.000000000000000000, 0.000000000000000000 ) ) ;
#1233 = SURFACE_STYLE_USAGE ( .BOTH. , #2140 ) ;
#1234 =( LENGTH_UNIT ( ) NAMED_UNIT ( * ) SI_UNIT ( .MILLI., .METRE. ) );
#1235 = VERTEX_POINT ( 'NONE', #1435 ) ;
#1236 =( LENGTH_UNIT ( ) NAMED_UNIT ( * ) SI_UNIT ( .MILLI., .METRE. ) );
#1237 = DIRECTION ( 'NONE',  ( 1.000000000000000000, 1.120342244901688178E-14, 0.000000000000000000 ) ) ;
#1238 = CARTESIAN_POINT ( 'NONE',  ( -3.286335345000008790, 0.7999999999968563369, 1.700000000000000844 ) ) ;
#1239 = AXIS2_PLACEMENT_3D ( 'NONE', #1192, #519, #1654 ) ;
#1240 = FACE_BOUND ( 'NONE', #942, .T. ) ;
#1241 = EDGE_CURVE ( 'NONE', #380, #489, #659, .T. ) ;
#1242 = VECTOR ( 'NONE', #1396, 1000.000000000000000 ) ;
#1243 = CARTESIAN_POINT ( 'NONE',  ( 1.222676473955356453E-11, -3.106456064605467304E-12, -6.324801793411438666E-12 ) ) ;
#1244 = CIRCLE ( 'NONE', #2652, 5.964446141899719223 ) ;
#1245 =( GEOMETRIC_REPRESENTATION_CONTEXT ( 3 ) GLOBAL_UNCERTAINTY_ASSIGNED_CONTEXT ( ( #2779 ) ) GLOBAL_UNIT_ASSIGNED_CONTEXT ( ( #1957, #1249, #2872 ) ) REPRESENTATION_CONTEXT ( 'NONE', 'WORKASPACE' ) );
#1246 = CARTESIAN_POINT ( 'NONE',  ( 5.271785549297227647, 2.951538492523034574, 1.906409432929774939 ) ) ;
#1247 = CARTESIAN_POINT ( 'NONE',  ( 6.064365742193750464, 19.63540524964849965, -1.905946787779208673 ) ) ;
#1248 = ORIENTED_EDGE ( 'NONE', *, *, #704, .F. ) ;
#1249 =( NAMED_UNIT ( * ) PLANE_ANGLE_UNIT ( ) SI_UNIT ( $, .RADIAN. ) );
#1250 = B_SPLINE_CURVE_WITH_KNOTS ( 'NONE', 3,
 ( #2534, #532, #2798, #937, #2354, #82, #2765, #254, #985, #1650, #2320, #1418, #1206, #499, #1191, #22, #1885, #2337 ),
 .UNSPECIFIED., .F., .F.,
 ( 4, 2, 2, 2, 2, 2, 2, 2, 4 ),
 ( 0.000000000000000000, 0.1250000000000083544, 0.1875000000000128786, 0.2187500000000135170, 0.2500000000000141553, 0.3750000000000179301, 0.4375000000000165423, 0.5000000000000150990, 1.000000000000000000 ),
 .UNSPECIFIED. ) ;
#1251 = CARTESIAN_POINT ( 'NONE',  ( 6.076610664929948946, 1.168392650028356794, -1.905993143958119918 ) ) ;
#1252 = EDGE_CURVE ( 'NONE', #2154, #1523, #1046, .T. ) ;
#1253 = VERTEX_POINT ( 'NONE', #312 ) ;
#1254 = AXIS2_PLACEMENT_3D ( 'NONE', #250, #737, #1646 ) ;
#1255 =( NAMED_UNIT ( * ) PLANE_ANGLE_UNIT ( ) SI_UNIT ( $, .RADIAN. ) );
#1256 = CARTESIAN_POINT ( 'NONE',  ( -9.540979117872439019E-15, 1.237258300198006644, 0.000000000000000000 ) ) ;
#1257 = DIRECTION ( 'NONE',  ( 1.000000000000000000, 1.135701775682474069E-14, 0.000000000000000000 ) ) ;
#1258 = AXIS2_PLACEMENT_3D ( 'NONE', #2724, #260, #2552 ) ;
#1259 = CARTESIAN_POINT ( 'NONE',  ( -2.200000000000013944, 0.7999999999968686604, 3.673940397442000334E-17 ) ) ;
#1260 =( LENGTH_UNIT ( ) NAMED_UNIT ( * ) SI_UNIT ( .MILLI., .METRE. ) );
#1261 =( NAMED_UNIT ( * ) PLANE_ANGLE_UNIT ( ) SI_UNIT ( $, .RADIAN. ) );
#1262 = ADVANCED_FACE ( 'NONE', ( #94 ), #2639, .T. ) ;
#1263 =( NAMED_UNIT ( * ) PLANE_ANGLE_UNIT ( ) SI_UNIT ( $, .RADIAN. ) );
#1264 = DIRECTION ( 'NONE',  ( 1.134976511732661027E-14, -1.000000000000000000, 0.000000000000000000 ) ) ;
#1265 = AXIS2_PLACEMENT_3D ( 'NONE', #2418, #2173, #580 ) ;
#1266 = ORIENTED_EDGE ( 'NONE', *, *, #2635, .F. ) ;
#1267 = VERTEX_POINT ( 'NONE', #1620 ) ;
#1268 = DIRECTION ( 'NONE',  ( 1.134976511732661027E-14, -1.000000000000000000, 0.000000000000000000 ) ) ;
#1269 = CARTESIAN_POINT ( 'NONE',  ( 6.010388166398016985, 0.8980606737469107870, -1.905588476940619724 ) ) ;
#1270 =( NAMED_UNIT ( * ) PLANE_ANGLE_UNIT ( ) SI_UNIT ( $, .RADIAN. ) );
#1271 = VECTOR ( 'NONE', #487, 1000.000000000000000 ) ;
#1272 = CIRCLE ( 'NONE', #2954, 0.3000000000000012101 ) ;
#1273 = ORIENTED_EDGE ( 'NONE', *, *, #638, .T. ) ;
#1274 = CARTESIAN_POINT ( 'NONE',  ( -3.552794967577553198, 0.7999999999968532283, -1.837837837836061583 ) ) ;
#1275 = SURFACE_SIDE_STYLE ('',( #2893 ) ) ;
#1276 = UNCERTAINTY_MEASURE_WITH_UNIT (LENGTH_MEASURE( 1.000000000000000082E-05 ), #2318, 'distance_accuracy_value', 'NONE');
#1277 = AXIS2_PLACEMENT_3D ( 'NONE', #1493, #2073, #2258 ) ;
#1278 = CARTESIAN_POINT ( 'NONE',  ( 5.831015669624191489, 1.857363622496524425, 1.904527393080060138 ) ) ;
#1279 = CARTESIAN_POINT ( 'NONE',  ( -1.500000000000020206, 1.799999999996876543, 1.224646799147353454E-16 ) ) ;
#1280 = ORIENTED_EDGE ( 'NONE', *, *, #1344, .T. ) ;
#1281 = VERTEX_POINT ( 'NONE', #39 ) ;
#1282 = DIRECTION ( 'NONE',  ( 1.000000000000000000, 1.134976511732661027E-14, -0.000000000000000000 ) ) ;
#1283 =( NAMED_UNIT ( * ) SI_UNIT ( $, .STERADIAN. ) SOLID_ANGLE_UNIT ( ) );
#1284 = EDGE_CURVE ( 'NONE', #2557, #1002, #1887, .T. ) ;
#1285 = VERTEX_POINT ( 'NONE', #2323 ) ;
#1286 = CARTESIAN_POINT ( 'NONE',  ( -2.226823916019826055E-13, 20.01999999999996049, 0.000000000000000000 ) ) ;
#1287 = SURFACE_STYLE_USAGE ( .BOTH. , #1948 ) ;
#1288 = MECHANICAL_DESIGN_GEOMETRIC_PRESENTATION_REPRESENTATION (  '', ( #990 ), #733 ) ;
#1289 = FACE_OUTER_BOUND ( 'NONE', #1019, .T. ) ;
#1290 = MECHANICAL_DESIGN_GEOMETRIC_PRESENTATION_REPRESENTATION (  '', ( #196 ), #1578 ) ;
#1291 = MECHANICAL_DESIGN_GEOMETRIC_PRESENTATION_REPRESENTATION (  '', ( #2153 ), #192 ) ;
#1292 =( GEOMETRIC_REPRESENTATION_CONTEXT ( 3 ) GLOBAL_UNCERTAINTY_ASSIGNED_CONTEXT ( ( #48 ) ) GLOBAL_UNIT_ASSIGNED_CONTEXT ( ( #2688, #943, #1642 ) ) REPRESENTATION_CONTEXT ( 'NONE', 'WORKASPACE' ) );
#1293 = SURFACE_SIDE_STYLE ('',( #69 ) ) ;
#1294 = STYLED_ITEM ( 'NONE', ( #2472 ), #1939 ) ;
#1295 = CARTESIAN_POINT ( 'NONE',  ( 5.862980859208697382, 19.91562547856966958, -1.903749309586832306 ) ) ;
#1296 = VERTEX_POINT ( 'NONE', #274 ) ;
#1297 = FILL_AREA_STYLE_COLOUR ( '', #2896 ) ;
#1298 =( NAMED_UNIT ( * ) SI_UNIT ( $, .STERADIAN. ) SOLID_ANGLE_UNIT ( ) );
#1299 = ORIENTED_EDGE ( 'NONE', *, *, #2653, .T. ) ;
#1300 = DIRECTION ( 'NONE',  ( -1.134976511732661027E-14, 1.000000000000000000, -0.000000000000000000 ) ) ;
#1301 = ADVANCED_FACE ( 'NONE', ( #2801 ), #2490, .T. ) ;
#1302 = CARTESIAN_POINT ( 'NONE',  ( -3.552794967570124030, -3.146788385421928069E-12, 1.837837837837755117 ) ) ;
#1303 = SURFACE_SIDE_STYLE ('',( #1083 ) ) ;
#1304 = CARTESIAN_POINT ( 'NONE',  ( -2.800000000000004263, 0.7999999999968618880, 0.000000000000000000 ) ) ;
#1305 = PRESENTATION_LAYER_ASSIGNMENT (  '', '', ( #1392 ) ) ;
#1306 = CIRCLE ( 'NONE', #789, 1.000000000000000000 ) ;
#1307 = FILL_AREA_STYLE ('',( #631 ) ) ;
#1308 = AXIS2_PLACEMENT_3D ( 'NONE', #2006, #2965, #2920 ) ;
#1309 = ORIENTED_EDGE ( 'NONE', *, *, #431, .T. ) ;
#1310 = STYLED_ITEM ( 'NONE', ( #2732 ), #2528 ) ;
#1311 = CARTESIAN_POINT ( 'NONE',  ( -3.586335345006544717, -3.147157548874166686E-12, -1.700000000000000178 ) ) ;
#1312 = DIRECTION ( 'NONE',  ( 1.000000000000000000, 1.135159674592323142E-14, 0.000000000000000000 ) ) ;
#1313 =( GEOMETRIC_REPRESENTATION_CONTEXT ( 3 ) GLOBAL_UNCERTAINTY_ASSIGNED_CONTEXT ( ( #2502 ) ) GLOBAL_UNIT_ASSIGNED_CONTEXT ( ( #2878, #144, #2432 ) ) REPRESENTATION_CONTEXT ( 'NONE', 'WORKASPACE' ) );
#1314 = MECHANICAL_DESIGN_GEOMETRIC_PRESENTATION_REPRESENTATION (  '', ( #2473 ), #2915 ) ;
#1315 = VECTOR ( 'NONE', #1328, 1000.000000000000000 ) ;
#1316 =( NAMED_UNIT ( * ) PLANE_ANGLE_UNIT ( ) SI_UNIT ( $, .RADIAN. ) );
#1317 = EDGE_CURVE ( 'NONE', #141, #2903, #2018, .T. ) ;
#1318 =( NAMED_UNIT ( * ) SI_UNIT ( $, .STERADIAN. ) SOLID_ANGLE_UNIT ( ) );
#1319 = FILL_AREA_STYLE_COLOUR ( '', #2761 ) ;
#1320 =( NAMED_UNIT ( * ) PLANE_ANGLE_UNIT ( ) SI_UNIT ( $, .RADIAN. ) );
#1321 = ORIENTED_EDGE ( 'NONE', *, *, #1817, .F. ) ;
#1322 = DIRECTION ( 'NONE',  ( 1.134976511732661027E-14, -1.000000000000000000, 0.000000000000000000 ) ) ;
#1323 = FILL_AREA_STYLE ('',( #1590 ) ) ;
#1324 = PLANE ( 'NONE',  #372 ) ;
#1325 = CIRCLE ( 'NONE', #1581, 6.349999999999834444 ) ;
#1326 = EDGE_CURVE ( 'NONE', #1440, #1285, #584, .T. ) ;
#1327 = MECHANICAL_DESIGN_GEOMETRIC_PRESENTATION_REPRESENTATION (  '', ( #1131 ), #2838 ) ;
#1328 = DIRECTION ( 'NONE',  ( 1.000000000000000000, 1.134976511732661027E-14, -0.000000000000000000 ) ) ;
#1329 = CIRCLE ( 'NONE', #775, 0.2999999999999999334 ) ;
#1330 = SURFACE_STYLE_FILL_AREA ( #2003 ) ;
#1331 = DIRECTION ( 'NONE',  ( -1.134976511732661027E-14, 1.000000000000000000, -0.000000000000000000 ) ) ;
#1332 = ORIENTED_EDGE ( 'NONE', *, *, #223, .T. ) ;
#1333 = DIRECTION ( 'NONE',  ( -1.000000000000000000, -1.134976511732661027E-14, 0.000000000000000000 ) ) ;
#1334 = CIRCLE ( 'NONE', #243, 3.999999999986235011 ) ;
#1335 = SURFACE_SIDE_STYLE ('',( #2463 ) ) ;
#1336 = DIRECTION ( 'NONE',  ( 1.134976511732661027E-14, -1.000000000000000000, 0.000000000000000000 ) ) ;
#1337 = ORIENTED_EDGE ( 'NONE', *, *, #1979, .T. ) ;
#1338 = CARTESIAN_POINT ( 'NONE',  ( -2.602085213965210642E-14, 2.699999999999803446, 0.000000000000000000 ) ) ;
#1339 = AXIS2_PLACEMENT_3D ( 'NONE', #1809, #278, #1147 ) ;
#1340 = SURFACE_STYLE_FILL_AREA ( #2246 ) ;
#1341 = EDGE_CURVE ( 'NONE', #1690, #524, #1485, .T. ) ;
#1342 = CARTESIAN_POINT ( 'NONE',  ( 5.271808484325317679, 2.448387336009467674, -1.906409407850768734 ) ) ;
#1343 = SURFACE_STYLE_FILL_AREA ( #449 ) ;
#1344 = EDGE_CURVE ( 'NONE', #2071, #2111, #820, .T. ) ;
#1345 = ORIENTED_EDGE ( 'NONE', *, *, #2940, .F. ) ;
#1346 = DIRECTION ( 'NONE',  ( 1.000000000000000000, 1.120342244901706006E-14, 0.000000000000000000 ) ) ;
#1347 = AXIS2_PLACEMENT_3D ( 'NONE', #1366, #61, #2 ) ;
#1348 = CYLINDRICAL_SURFACE ( 'NONE', #640, 5.000000000000000000 ) ;
#1349 = CARTESIAN_POINT ( 'NONE',  ( -2.500000000000020428, 1.799999999996865219, 0.000000000000000000 ) ) ;
#1350 =( GEOMETRIC_REPRESENTATION_CONTEXT ( 3 ) GLOBAL_UNCERTAINTY_ASSIGNED_CONTEXT ( ( #854 ) ) GLOBAL_UNIT_ASSIGNED_CONTEXT ( ( #2804, #1195, #1211 ) ) REPRESENTATION_CONTEXT ( 'NONE', 'WORKASPACE' ) );
#1351 = ORIENTED_EDGE ( 'NONE', *, *, #482, .T. ) ;
#1352 = DIRECTION ( 'NONE',  ( -1.000000000000000000, -1.134976511732645092E-14, 0.000000000000000000 ) ) ;
#1353 = DIRECTION ( 'NONE',  ( -1.134976511732661027E-14, 1.000000000000000000, -0.000000000000000000 ) ) ;
#1354 = AXIS2_PLACEMENT_3D ( 'NONE', #963, #2336, #1683 ) ;
#1355 = PRODUCT_DEFINITION ( 'UNKNOWN', '', #2938, #1393 ) ;
#1356 = SURFACE_SIDE_STYLE ('',( #1832 ) ) ;
#1357 = CARTESIAN_POINT ( 'NONE',  ( 3.504999999999979465, 1.799999999996933608, 0.000000000000000000 ) ) ;
#1358 = FACE_OUTER_BOUND ( 'NONE', #1132, .T. ) ;
#1359 = ORIENTED_EDGE ( 'NONE', *, *, #1546, .T. ) ;
#1360 = SURFACE_STYLE_FILL_AREA ( #2513 ) ;
#1361 =( NAMED_UNIT ( * ) SI_UNIT ( $, .STERADIAN. ) SOLID_ANGLE_UNIT ( ) );
#1362 = CARTESIAN_POINT ( 'NONE',  ( 5.367233127121314062, 3.153016319157008418, -1.905722854643346009 ) ) ;
#1363 = ADVANCED_FACE ( 'NONE', ( #1240, #1013 ), #2193, .T. ) ;
#1364 = SURFACE_SIDE_STYLE ('',( #1168 ) ) ;
#1365 = ORIENTED_EDGE ( 'NONE', *, *, #2248, .F. ) ;
#1366 = CARTESIAN_POINT ( 'NONE',  ( -2.602085213965210642E-14, 2.699999999999803446, 0.000000000000000000 ) ) ;
#1367 = DIRECTION ( 'NONE',  ( -1.000000000000000000, -1.134976511732661027E-14, 0.000000000000000000 ) ) ;
#1368 = CARTESIAN_POINT ( 'NONE',  ( 2.499999999999991118, 0.7999999999969220621, 0.000000000000000000 ) ) ;
#1369 = ORIENTED_EDGE ( 'NONE', *, *, #1652, .T. ) ;
#1370 = EDGE_CURVE ( 'NONE', #2111, #591, #847, .T. ) ;
#1371 = SURFACE_STYLE_FILL_AREA ( #313 ) ;
#1372 = CIRCLE ( 'NONE', #2201, 1.000000000000000222 ) ;
#1373 =( NAMED_UNIT ( * ) SI_UNIT ( $, .STERADIAN. ) SOLID_ANGLE_UNIT ( ) );
#1374 =( GEOMETRIC_REPRESENTATION_CONTEXT ( 3 ) GLOBAL_UNCERTAINTY_ASSIGNED_CONTEXT ( ( #2597 ) ) GLOBAL_UNIT_ASSIGNED_CONTEXT ( ( #1007, #1748, #1041 ) ) REPRESENTATION_CONTEXT ( 'NONE', 'WORKASPACE' ) );
#1375 = APPLICATION_CONTEXT ( 'automotive_design' ) ;
#1376 = VERTEX_POINT ( 'NONE', #1304 ) ;
#1377 = CARTESIAN_POINT ( 'NONE',  ( 1.221768492745970527E-11, 0.7999999999968935294, -6.324801793411438666E-12 ) ) ;
#1378 = CARTESIAN_POINT ( 'NONE',  ( 5.937882385859314383, 1.699636502600083698, -1.905204448816419704 ) ) ;
#1379 = FACE_OUTER_BOUND ( 'NONE', #2762, .T. ) ;
#1380 = VECTOR ( 'NONE', #393, 1000.000000000000000 ) ;
#1381 = ORIENTED_EDGE ( 'NONE', *, *, #1370, .F. ) ;
#1382 = MECHANICAL_DESIGN_GEOMETRIC_PRESENTATION_REPRESENTATION (  '', ( #104 ), #2160 ) ;
#1383 = EDGE_CURVE ( 'NONE', #335, #783, #2289, .T. ) ;
#1384 = SURFACE_STYLE_USAGE ( .BOTH. , #1604 ) ;
#1385 =( LENGTH_UNIT ( ) NAMED_UNIT ( * ) SI_UNIT ( .MILLI., .METRE. ) );
#1386 = LINE ( 'NONE', #93, #1511 ) ;
#1387 = UNCERTAINTY_MEASURE_WITH_UNIT (LENGTH_MEASURE( 1.000000000000000082E-05 ), #2277, 'distance_accuracy_value', 'NONE');
#1388 = FILL_AREA_STYLE_COLOUR ( '', #701 ) ;
#1389 = DIRECTION ( 'NONE',  ( 1.000000000000000000, 1.156482317317871607E-14, 0.000000000000000000 ) ) ;
#1390 = CARTESIAN_POINT ( 'NONE',  ( -5.000000000000008882, 0.7999999999968369080, 6.123233995736766282E-16 ) ) ;
#1391 = STYLED_ITEM ( 'NONE', ( #1819 ), #1121 ) ;
#1392 = STYLED_ITEM ( 'NONE', ( #2278 ), #2013 ) ;
#1393 = PRODUCT_DEFINITION_CONTEXT ( 'detailed design', #1960, 'design' ) ;
#1394 = ORIENTED_EDGE ( 'NONE', *, *, #560, .T. ) ;
#1395 = VECTOR ( 'NONE', #1031, 1000.000000000000000 ) ;
#1396 = DIRECTION ( 'NONE',  ( 0.7071067811865384689, 0.7071067811865565655, 8.659560562354918067E-17 ) ) ;
#1397 = CARTESIAN_POINT ( 'NONE',  ( -2.500000000000009326, 0.7999999999968653297, 0.000000000000000000 ) ) ;
#1398 = SURFACE_STYLE_USAGE ( .BOTH. , #2050 ) ;
#1399 = ORIENTED_EDGE ( 'NONE', *, *, #1090, .T. ) ;
#1400 = FACE_OUTER_BOUND ( 'NONE', #2842, .T. ) ;
#1401 = DIRECTION ( 'NONE',  ( -1.134976511732661027E-14, 1.000000000000000000, -0.000000000000000000 ) ) ;
#1402 = DIRECTION ( 'NONE',  ( -1.134976511732661027E-14, 1.000000000000000000, -0.000000000000000000 ) ) ;
#1403 = PRESENTATION_LAYER_ASSIGNMENT (  '', '', ( #70 ) ) ;
#1404 = AXIS2_PLACEMENT_3D ( 'NONE', #440, #1336, #2409 ) ;
#1405 = DIRECTION ( 'NONE',  ( -1.134976511732661027E-14, 1.000000000000000000, -0.000000000000000000 ) ) ;
#1406 = EDGE_CURVE ( 'NONE', #459, #2450, #2396, .T. ) ;
#1407 = COLOUR_RGB ( '',0.000000000000000000, 0.5019607843137254832, 0.5019607843137254832 ) ;
#1408 = AXIS2_PLACEMENT_3D ( 'NONE', #1111, #889, #361 ) ;
#1409 = DIRECTION ( 'NONE',  ( 1.000000000000000000, 1.134075472419837638E-14, 0.000000000000000000 ) ) ;
#1410 = AXIS2_PLACEMENT_3D ( 'NONE', #2582, #1869, #25 ) ;
#1411 = CARTESIAN_POINT ( 'NONE',  ( 5.514157277419920788, 2.049811381498753526, -1.904546161730544807 ) ) ;
#1412 = CIRCLE ( 'NONE', #1277, 3.999999999986235011 ) ;
#1413 = ORIENTED_EDGE ( 'NONE', *, *, #1317, .F. ) ;
#1414 = CARTESIAN_POINT ( 'NONE',  ( 5.964446141899684584, 3.457784567595914904, 7.304339876364271734E-16 ) ) ;
#1415 = ORIENTED_EDGE ( 'NONE', *, *, #1751, .T. ) ;
#1416 = CARTESIAN_POINT ( 'NONE',  ( -2.224553962996360685E-13, 19.99999999999996092, 0.000000000000000000 ) ) ;
#1417 = DIRECTION ( 'NONE',  ( 1.134976511732661027E-14, -1.000000000000000000, 0.000000000000000000 ) ) ;
#1418 = CARTESIAN_POINT ( 'NONE',  ( 5.848342274335875501, 19.92482569956077043, 1.903590329573597417 ) ) ;
#1419 = CARTESIAN_POINT ( 'NONE',  ( 5.542978565533956292, 0.4523823643193977118, 1.902644629496313522 ) ) ;
#1420 = EDGE_CURVE ( 'NONE', #2202, #592, #1557, .T. ) ;
#1421 = AXIS2_PLACEMENT_3D ( 'NONE', #2000, #1030, #302 ) ;
#1422 = LINE ( 'NONE', #590, #2413 ) ;
#1423 = EDGE_LOOP ( 'NONE', ( #731, #2714, #2969, #2329 ) ) ;
#1424 = DIRECTION ( 'NONE',  ( 1.000000000000000000, 1.134976511732661027E-14, 0.000000000000000000 ) ) ;
#1425 = COLOUR_RGB ( '',0.2509803921568627416, 0.2509803921568627416, 0.2509803921568627416 ) ;
#1426 = DIRECTION ( 'NONE',  ( 1.134976511732661027E-14, -1.000000000000000000, 0.000000000000000000 ) ) ;
#1427 =( GEOMETRIC_REPRESENTATION_CONTEXT ( 3 ) GLOBAL_UNCERTAINTY_ASSIGNED_CONTEXT ( ( #533 ) ) GLOBAL_UNIT_ASSIGNED_CONTEXT ( ( #2942, #2011, #1533 ) ) REPRESENTATION_CONTEXT ( 'NONE', 'WORKASPACE' ) );
#1428 = ORIENTED_EDGE ( 'NONE', *, *, #908, .T. ) ;
#1429 = MECHANICAL_DESIGN_GEOMETRIC_PRESENTATION_REPRESENTATION (  '', ( #901 ), #156 ) ;
#1430 = FILL_AREA_STYLE_COLOUR ( '', #127 ) ;
#1431 = DIRECTION ( 'NONE',  ( -1.134976511732661027E-14, 1.000000000000000000, 0.000000000000000000 ) ) ;
#1432 = MECHANICAL_DESIGN_GEOMETRIC_PRESENTATION_REPRESENTATION (  '', ( #197 ), #2644 ) ;
#1433 = LINE ( 'NONE', #740, #1801 ) ;
#1434 = DIRECTION ( 'NONE',  ( -1.000000000000000000, -1.134976511732661027E-14, 0.000000000000000000 ) ) ;
#1435 = CARTESIAN_POINT ( 'NONE',  ( 3.552794967601988319, 0.7999999999969339415, 1.837837837823411702 ) ) ;
#1436 = PRESENTATION_LAYER_ASSIGNMENT (  '', '', ( #2894 ) ) ;
#1437 = FACE_OUTER_BOUND ( 'NONE', #365, .T. ) ;
#1438 = CARTESIAN_POINT ( 'NONE',  ( 5.347100400051808755, 3.119918453989196649, 1.905901377942581076 ) ) ;
#1439 = ADVANCED_FACE ( 'NONE', ( #2476 ), #2217, .F. ) ;
#1440 = VERTEX_POINT ( 'NONE', #1302 ) ;
#1441 = CARTESIAN_POINT ( 'NONE',  ( 5.983242620518186783, 3.777446392358720484, -1.905427187696885127 ) ) ;
#1442 = CYLINDRICAL_SURFACE ( 'NONE', #1821, 6.369999999999838458 ) ;
#1443 = CYLINDRICAL_SURFACE ( 'NONE', #2445, 1.000000000000000222 ) ;
#1444 = ADVANCED_FACE ( 'NONE', ( #2028 ), #1547, .T. ) ;
#1445 = ORIENTED_EDGE ( 'NONE', *, *, #2288, .F. ) ;
#1446 = PRESENTATION_STYLE_ASSIGNMENT (( #2593 ) ) ;
#1447 = DIRECTION ( 'NONE',  ( -1.134976511732661027E-14, 1.000000000000000000, -0.000000000000000000 ) ) ;
#1448 = DIRECTION ( 'NONE',  ( 1.000000000000000000, 1.105886215935214523E-14, 0.000000000000000000 ) ) ;
#1449 = DIRECTION ( 'NONE',  ( 1.000000000000000000, 1.138412281109779656E-14, 0.000000000000000000 ) ) ;
#1450 = UNCERTAINTY_MEASURE_WITH_UNIT (LENGTH_MEASURE( 1.000000000000000082E-05 ), #531, 'distance_accuracy_value', 'NONE');
#1451 = DIRECTION ( 'NONE',  ( -1.134976511732661027E-14, 1.000000000000000000, -0.000000000000000000 ) ) ;
#1452 = CARTESIAN_POINT ( 'NONE',  ( 2.499999999999979572, 1.799999999996922062, 0.000000000000000000 ) ) ;
#1453 =( GEOMETRIC_REPRESENTATION_CONTEXT ( 3 ) GLOBAL_UNCERTAINTY_ASSIGNED_CONTEXT ( ( #781 ) ) GLOBAL_UNIT_ASSIGNED_CONTEXT ( ( #2667, #787, #601 ) ) REPRESENTATION_CONTEXT ( 'NONE', 'WORKASPACE' ) );
#1454 = SURFACE_STYLE_USAGE ( .BOTH. , #1673 ) ;
#1455 = AXIS2_PLACEMENT_3D ( 'NONE', #125, #145, #386 ) ;
#1456 = AXIS2_PLACEMENT_3D ( 'NONE', #1171, #1188, #2114 ) ;
#1457 = CARTESIAN_POINT ( 'NONE',  ( 5.663953980575624492, 3.440944910538284773, 1.903437228270634662 ) ) ;
#1458 = CIRCLE ( 'NONE', #2319, 0.2999999999999999334 ) ;
#1459 = UNCERTAINTY_MEASURE_WITH_UNIT (LENGTH_MEASURE( 1.000000000000000082E-05 ), #694, 'distance_accuracy_value', 'NONE');
#1460 = DIRECTION ( 'NONE',  ( 1.000000000000000000, 1.156482317317871607E-14, 0.000000000000000000 ) ) ;
#1461 = ORIENTED_EDGE ( 'NONE', *, *, #1420, .F. ) ;
#1462 =( GEOMETRIC_REPRESENTATION_CONTEXT ( 3 ) GLOBAL_UNCERTAINTY_ASSIGNED_CONTEXT ( ( #1387 ) ) GLOBAL_UNIT_ASSIGNED_CONTEXT ( ( #2277, #880, #2683 ) ) REPRESENTATION_CONTEXT ( 'NONE', 'WORKASPACE' ) );
#1463 = FILL_AREA_STYLE_COLOUR ( '', #1494 ) ;
#1464 = CARTESIAN_POINT ( 'NONE',  ( 5.462429993618415303, 0.4240242279767360012, -1.902082141238538471 ) ) ;
#1465 =( LENGTH_UNIT ( ) NAMED_UNIT ( * ) SI_UNIT ( .MILLI., .METRE. ) );
#1466 = VERTEX_POINT ( 'NONE', #2040 ) ;
#1467 = EDGE_CURVE ( 'NONE', #1253, #948, #2293, .T. ) ;
#1468 = CARTESIAN_POINT ( 'NONE',  ( -3.286335345006544006, -3.143752619338968657E-12, -1.700000000000000178 ) ) ;
#1469 = DIRECTION ( 'NONE',  ( 1.134976511732661027E-14, -1.000000000000000000, 0.000000000000000000 ) ) ;
#1470 = FILL_AREA_STYLE ('',( #1043 ) ) ;
#1471 = DIRECTION ( 'NONE',  ( -1.000000000000000000, -1.134976511732667022E-14, 0.000000000000000000 ) ) ;
#1472 = DIRECTION ( 'NONE',  ( -1.134976511732661027E-14, 1.000000000000000000, -0.000000000000000000 ) ) ;
#1473 = LINE ( 'NONE', #97, #611 ) ;
#1474 = ADVANCED_FACE ( 'NONE', ( #2928 ), #1535, .T. ) ;
#1475 = CARTESIAN_POINT ( 'NONE',  ( 3.286335344999999908, -3.069159509871965952E-12, 1.400000000000000133 ) ) ;
#1476 = ORIENTED_EDGE ( 'NONE', *, *, #2754, .T. ) ;
#1477 = ORIENTED_EDGE ( 'NONE', *, *, #852, .T. ) ;
#1478 = CARTESIAN_POINT ( 'NONE',  ( -2.602085213965210642E-14, 2.699999999999803446, 0.000000000000000000 ) ) ;
#1479 = CARTESIAN_POINT ( 'NONE',  ( 5.475413660135178162, 0.4282123915535303027, -1.902172759663036006 ) ) ;
#1480 = VERTEX_POINT ( 'NONE', #2516 ) ;
#1481 = SURFACE_STYLE_FILL_AREA ( #2367 ) ;
#1482 = CARTESIAN_POINT ( 'NONE',  ( -2.500000000000020428, 1.799999999996865219, 0.000000000000000000 ) ) ;
#1483 = FILL_AREA_STYLE ('',( #579 ) ) ;
#1484 = DIRECTION ( 'NONE',  ( -1.000000000000000000, -1.134976511732661027E-14, 0.000000000000000000 ) ) ;
#1485 = CIRCLE ( 'NONE', #2690, 1.000000000000000222 ) ;
#1486 = LINE ( 'NONE', #1949, #922 ) ;
#1487 = UNCERTAINTY_MEASURE_WITH_UNIT (LENGTH_MEASURE( 1.000000000000000082E-05 ), #1260, 'distance_accuracy_value', 'NONE');
#1488 = ADVANCED_FACE ( 'NONE', ( #1379 ), #2792, .F. ) ;
#1489 = CIRCLE ( 'NONE', #1732, 0.8372583002011438902 ) ;
#1490 = COLOUR_RGB ( '',0.7803921568627451011, 0.7607843137254901578, 0.7411764705882353255 ) ;
#1491 = SURFACE_STYLE_USAGE ( .BOTH. , #2421 ) ;
#1492 =( GEOMETRIC_REPRESENTATION_CONTEXT ( 3 ) GLOBAL_UNCERTAINTY_ASSIGNED_CONTEXT ( ( #148 ) ) GLOBAL_UNIT_ASSIGNED_CONTEXT ( ( #2216, #1555, #1122 ) ) REPRESENTATION_CONTEXT ( 'NONE', 'WORKASPACE' ) );
#1493 = CARTESIAN_POINT ( 'NONE',  ( 1.222676473955356453E-11, -3.106456064605467304E-12, -6.324801793411438666E-12 ) ) ;
#1494 = COLOUR_RGB ( '',0.000000000000000000, 0.5019607843137254832, 0.5019607843137254832 ) ;
#1495 = CARTESIAN_POINT ( 'NONE',  ( 3.552794967601997200, -3.066123743789006539E-12, 1.837837837823411702 ) ) ;
#1496 = DIRECTION ( 'NONE',  ( 1.134976511732661027E-14, -1.000000000000000000, 0.000000000000000000 ) ) ;
#1497 = ORIENTED_EDGE ( 'NONE', *, *, #2144, .F. ) ;
#1498 = CARTESIAN_POINT ( 'NONE',  ( 5.663953980575624492, 3.440944910538284773, -1.903437228270633330 ) ) ;
#1499 = CARTESIAN_POINT ( 'NONE',  ( -2.500000000000004441, 0.3999999999999716560, 0.000000000000000000 ) ) ;
#1500 = SURFACE_STYLE_USAGE ( .BOTH. , #90 ) ;
#1501 = ORIENTED_EDGE ( 'NONE', *, *, #1898, .T. ) ;
#1502 = CARTESIAN_POINT ( 'NONE',  ( 1.499999999999979350, 1.799999999996910738, 0.000000000000000000 ) ) ;
#1503 =( NAMED_UNIT ( * ) SI_UNIT ( $, .STERADIAN. ) SOLID_ANGLE_UNIT ( ) );
#1504 = CYLINDRICAL_SURFACE ( 'NONE', #2540, 1.399999999999999911 ) ;
#1505 = AXIS2_PLACEMENT_3D ( 'NONE', #1061, #408, #1769 ) ;
#1506 = SURFACE_STYLE_FILL_AREA ( #600 ) ;
#1507 = COLOUR_RGB ( '',0.7803921568627451011, 0.7607843137254901578, 0.7411764705882353255 ) ;
#1508 = B_SPLINE_CURVE_WITH_KNOTS ( 'NONE', 3,
 ( #558, #2151, #154, #102, #1020, #2640, #1441, #1052, #593, #1498 ),
 .UNSPECIFIED., .F., .F.,
 ( 4, 2, 2, 2, 4 ),
 ( 0.000000000000000000, 0.2499999999999998335, 0.3750000000000001110, 0.5000000000000004441, 1.000000000000000000 ),
 .UNSPECIFIED. ) ;
#1509 = CIRCLE ( 'NONE', #1550, 0.8372583001996199981 ) ;
#1510 = EDGE_CURVE ( 'NONE', #389, #2557, #157, .T. ) ;
#1511 = VECTOR ( 'NONE', #1224, 1000.000000000000000 ) ;
#1512 = CARTESIAN_POINT ( 'NONE',  ( 2.500000000000022649, -2.000000000003077982, 0.000000000000000000 ) ) ;
#1513 = VERTEX_POINT ( 'NONE', #1643 ) ;
#1514 = VECTOR ( 'NONE', #2763, 1000.000000000000000 ) ;
#1515 = CARTESIAN_POINT ( 'NONE',  ( -3.586335345000000174, -3.147157548874166686E-12, 1.700000000000000844 ) ) ;
#1516 = CARTESIAN_POINT ( 'NONE',  ( 4.624932431938866273, 0.3799999999969460585, -1.899999999999999911 ) ) ;
#1517 =( GEOMETRIC_REPRESENTATION_CONTEXT ( 3 ) GLOBAL_UNCERTAINTY_ASSIGNED_CONTEXT ( ( #1276 ) ) GLOBAL_UNIT_ASSIGNED_CONTEXT ( ( #2318, #1025, #992 ) ) REPRESENTATION_CONTEXT ( 'NONE', 'WORKASPACE' ) );
#1518 = ORIENTED_EDGE ( 'NONE', *, *, #77, .F. ) ;
#1519 = DIRECTION ( 'NONE',  ( -1.134976511732661027E-14, 1.000000000000000000, -0.000000000000000000 ) ) ;
#1520 = FILL_AREA_STYLE ('',( #2905 ) ) ;
#1521 =( NAMED_UNIT ( * ) SI_UNIT ( $, .STERADIAN. ) SOLID_ANGLE_UNIT ( ) );
#1522 = DIRECTION ( 'NONE',  ( -1.134976511732661184E-14, 1.000000000000000000, -0.000000000000000000 ) ) ;
#1523 = VERTEX_POINT ( 'NONE', #1414 ) ;
#1524 = CARTESIAN_POINT ( 'NONE',  ( 2.499999999999991118, 0.7999999999969219511, 0.000000000000000000 ) ) ;
#1525 = SURFACE_SIDE_STYLE ('',( #2658 ) ) ;
#1526 = B_SPLINE_CURVE_WITH_KNOTS ( 'NONE', 3,
 ( #2955, #11, #2046, #1342, #229, #2524, #1836, #910, #882, #2741, #41, #1411, #448 ),
 .UNSPECIFIED., .F., .F.,
 ( 4, 2, 2, 1, 2, 2, 4 ),
 ( 0.5006103515455545550, 0.6254577636591599488, 0.6878814697159629787, 0.7190933227443647713, 0.7346992492585657786, 0.7503051757727665638, 1.000000000000000000 ),
 .UNSPECIFIED. ) ;
#1527 = VERTEX_POINT ( 'NONE', #282 ) ;
#1528 = EDGE_CURVE ( 'NONE', #495, #1532, #824, .T. ) ;
#1529 = VERTEX_POINT ( 'NONE', #1895 ) ;
#1530 = FACE_OUTER_BOUND ( 'NONE', #2082, .T. ) ;
#1531 =( NAMED_UNIT ( * ) SI_UNIT ( $, .STERADIAN. ) SOLID_ANGLE_UNIT ( ) );
#1532 = VERTEX_POINT ( 'NONE', #2810 ) ;
#1533 =( NAMED_UNIT ( * ) SI_UNIT ( $, .STERADIAN. ) SOLID_ANGLE_UNIT ( ) );
#1534 = CARTESIAN_POINT ( 'NONE',  ( 5.174970632642707180, 0.3799999999969209674, -1.899999999999957501 ) ) ;
#1535 = PLANE ( 'NONE',  #589 ) ;
#1536 = AXIS2_PLACEMENT_3D ( 'NONE', #644, #1076, #2347 ) ;
#1537 = CARTESIAN_POINT ( 'NONE',  ( -2.500000000000000444, -3.134862161524587520E-12, -1.399999999999999911 ) ) ;
#1538 = AXIS2_PLACEMENT_3D ( 'NONE', #1684, #2666, #1716 ) ;
#1539 = DIRECTION ( 'NONE',  ( -1.000000000000000000, -1.134976511732661027E-14, 0.000000000000000000 ) ) ;
#1540 = FACE_OUTER_BOUND ( 'NONE', #1067, .T. ) ;
#1541 = CARTESIAN_POINT ( 'NONE',  ( -5.512741699800256967, 4.162741699796557171, 0.000000000000000000 ) ) ;
#1542 = DIRECTION ( 'NONE',  ( -1.224646799147353207E-16, -1.389945352200831651E-30, 1.000000000000000000 ) ) ;
#1543 = EDGE_LOOP ( 'NONE', ( #2793, #1518, #1873, #1725 ) ) ;
#1544 = FILL_AREA_STYLE_COLOUR ( '', #2734 ) ;
#1545 = DIRECTION ( 'NONE',  ( 1.000000000000000000, 1.132748538417691341E-14, 0.000000000000000000 ) ) ;
#1546 = EDGE_CURVE ( 'NONE', #2401, #2245, #6, .T. ) ;
#1547 = PLANE ( 'NONE',  #2446 ) ;
#1548 = FILL_AREA_STYLE ('',( #2478 ) ) ;
#1549 = CIRCLE ( 'NONE', #65, 5.975236227635310371 ) ;
#1550 = AXIS2_PLACEMENT_3D ( 'NONE', #2069, #311, #1635 ) ;
#1551 = DIRECTION ( 'NONE',  ( 1.134976511732661027E-14, -1.000000000000000000, -0.000000000000000000 ) ) ;
#1552 = CARTESIAN_POINT ( 'NONE',  ( 5.803305111444888809, 19.95216710034593888, -1.903097411315088916 ) ) ;
#1553 = FACE_OUTER_BOUND ( 'NONE', #2949, .T. ) ;
#1554 = ORIENTED_EDGE ( 'NONE', *, *, #2408, .T. ) ;
#1555 =( NAMED_UNIT ( * ) PLANE_ANGLE_UNIT ( ) SI_UNIT ( $, .RADIAN. ) );
#1556 = CIRCLE ( 'NONE', #261, 0.2999999999999999334 ) ;
#1557 = LINE ( 'NONE', #872, #2781 ) ;
#1558 = AXIS2_PLACEMENT_3D ( 'NONE', #1468, #2204, #329 ) ;
#1559 =( GEOMETRIC_REPRESENTATION_CONTEXT ( 3 ) GLOBAL_UNCERTAINTY_ASSIGNED_CONTEXT ( ( #2691 ) ) GLOBAL_UNIT_ASSIGNED_CONTEXT ( ( #46, #1899, #251 ) ) REPRESENTATION_CONTEXT ( 'NONE', 'WORKASPACE' ) );
#1560 = CARTESIAN_POINT ( 'NONE',  ( 3.499999999999979572, 1.799999999996933386, 1.224646799147353700E-16 ) ) ;
#1561 = EDGE_CURVE ( 'NONE', #883, #2576, #1664, .T. ) ;
#1562 = CARTESIAN_POINT ( 'NONE',  ( 6.039549357570930255, 3.874652492682910676, 1.905763860830645307 ) ) ;
#1563 = MECHANICAL_DESIGN_GEOMETRIC_PRESENTATION_REPRESENTATION (  '', ( #2089 ), #181 ) ;
#1564 = PRESENTATION_STYLE_ASSIGNMENT (( #2933 ) ) ;
#1565 = VECTOR ( 'NONE', #2056, 1000.000000000000000 ) ;
#1566 = SURFACE_STYLE_USAGE ( .BOTH. , #661 ) ;
#1567 = CARTESIAN_POINT ( 'NONE',  ( 3.575289754435855714E-28, 0.3999999999968935627, 0.000000000000000000 ) ) ;
#1568 = DIRECTION ( 'NONE',  ( 1.134976511732661027E-14, -1.000000000000000000, -0.000000000000000000 ) ) ;
#1569 = DIRECTION ( 'NONE',  ( -1.000000000000000000, -1.134976511732662131E-14, 0.000000000000000000 ) ) ;
#1570 = ORIENTED_EDGE ( 'NONE', *, *, #2390, .F. ) ;
#1571 = DIRECTION ( 'NONE',  ( -1.000000000000000000, -1.133716917370698729E-14, 0.000000000000000000 ) ) ;
#1572 = ORIENTED_EDGE ( 'NONE', *, *, #1792, .T. ) ;
#1573 = PRESENTATION_STYLE_ASSIGNMENT (( #2692 ) ) ;
#1574 = CARTESIAN_POINT ( 'NONE',  ( 5.947634417002792162, 3.716067690042344385, 1.905214259601591964 ) ) ;
#1575 = ADVANCED_FACE ( 'NONE', ( #527 ), #949, .T. ) ;
#1576 = COLOUR_RGB ( '',0.000000000000000000, 0.5019607843137254832, 0.5019607843137254832 ) ;
#1577 = ORIENTED_EDGE ( 'NONE', *, *, #176, .T. ) ;
#1578 =( GEOMETRIC_REPRESENTATION_CONTEXT ( 3 ) GLOBAL_UNCERTAINTY_ASSIGNED_CONTEXT ( ( #1207 ) ) GLOBAL_UNIT_ASSIGNED_CONTEXT ( ( #1465, #1270, #1531 ) ) REPRESENTATION_CONTEXT ( 'NONE', 'WORKASPACE' ) );
#1579 =( GEOMETRIC_REPRESENTATION_CONTEXT ( 3 ) GLOBAL_UNCERTAINTY_ASSIGNED_CONTEXT ( ( #2907 ) ) GLOBAL_UNIT_ASSIGNED_CONTEXT ( ( #199, #429, #862 ) ) REPRESENTATION_CONTEXT ( 'NONE', 'WORKASPACE' ) );
#1580 = EDGE_CURVE ( 'NONE', #169, #380, #151, .T. ) ;
#1581 = AXIS2_PLACEMENT_3D ( 'NONE', #452, #427, #1571 ) ;
#1582 = CIRCLE ( 'NONE', #2060, 3.999999999986235011 ) ;
#1583 = PRESENTATION_LAYER_ASSIGNMENT (  '', '', ( #1822 ) ) ;
#1584 = FILL_AREA_STYLE ('',( #895 ) ) ;
#1585 = ORIENTED_EDGE ( 'NONE', *, *, #638, .F. ) ;
#1586 = SURFACE_SIDE_STYLE ('',( #2229 ) ) ;
#1587 = COLOUR_RGB ( '',0.2509803921568627416, 0.2509803921568627416, 0.2509803921568627416 ) ;
#1588 =( NAMED_UNIT ( * ) PLANE_ANGLE_UNIT ( ) SI_UNIT ( $, .RADIAN. ) );
#1589 =( GEOMETRIC_REPRESENTATION_CONTEXT ( 3 ) GLOBAL_UNCERTAINTY_ASSIGNED_CONTEXT ( ( #834 ) ) GLOBAL_UNIT_ASSIGNED_CONTEXT ( ( #1134, #2573, #2331 ) ) REPRESENTATION_CONTEXT ( 'NONE', 'WORKASPACE' ) );
#1590 = FILL_AREA_STYLE_COLOUR ( '', #2102 ) ;
#1591 = ORIENTED_EDGE ( 'NONE', *, *, #2864, .T. ) ;
#1592 = CYLINDRICAL_SURFACE ( 'NONE', #869, 0.3000000000000007661 ) ;
#1593 = CARTESIAN_POINT ( 'NONE',  ( 3.499999999999991118, 0.7999999999969334974, 1.224646799147353454E-16 ) ) ;
#1594 = LINE ( 'NONE', #214, #1395 ) ;
#1595 = VERTEX_POINT ( 'NONE', #1516 ) ;
#1596 = EDGE_CURVE ( 'NONE', #1529, #1023, #395, .T. ) ;
#1597 = SURFACE_STYLE_USAGE ( .BOTH. , #2785 ) ;
#1598 = SURFACE_STYLE_USAGE ( .BOTH. , #690 ) ;
#1599 = ORIENTED_EDGE ( 'NONE', *, *, #927, .F. ) ;
#1600 = CARTESIAN_POINT ( 'NONE',  ( 5.380865175721514682, 2.225912028121098452, 1.905588860699747977 ) ) ;
#1601 = CARTESIAN_POINT ( 'NONE',  ( 5.394768331990287713, 3.193757255724917865, -1.905441212837908571 ) ) ;
#1602 = ORIENTED_EDGE ( 'NONE', *, *, #1075, .F. ) ;
#1603 =( NAMED_UNIT ( * ) SI_UNIT ( $, .STERADIAN. ) SOLID_ANGLE_UNIT ( ) );
#1604 = SURFACE_SIDE_STYLE ('',( #2749 ) ) ;
#1605 = EDGE_CURVE ( 'NONE', #1440, #2512, #2057, .T. ) ;
#1606 = COLOUR_RGB ( '',0.7803921568627451011, 0.7607843137254901578, 0.7411764705882353255 ) ;
#1607 = FACE_OUTER_BOUND ( 'NONE', #1892, .T. ) ;
#1608 = TOROIDAL_SURFACE ( 'NONE', #562, 6.450000000005039702, 0.8800000000042692561 ) ;
#1609 = EDGE_LOOP ( 'NONE', ( #1772, #1351, #1337, #514 ) ) ;
#1610 = DIRECTION ( 'NONE',  ( -1.000000000000000000, -1.134976511732661027E-14, 0.000000000000000000 ) ) ;
#1611 =( NAMED_UNIT ( * ) PLANE_ANGLE_UNIT ( ) SI_UNIT ( $, .RADIAN. ) );
#1612 = ADVANCED_FACE ( 'NONE', ( #2188 ), #1443, .T. ) ;
#1613 = VERTEX_POINT ( 'NONE', #2606 ) ;
#1614 = PRESENTATION_STYLE_ASSIGNMENT (( #58 ) ) ;
#1615 = SURFACE_STYLE_FILL_AREA ( #709 ) ;
#1616 = ORIENTED_EDGE ( 'NONE', *, *, #84, .F. ) ;
#1617 = PRESENTATION_STYLE_ASSIGNMENT (( #20 ) ) ;
#1618 = SURFACE_STYLE_USAGE ( .BOTH. , #2796 ) ;
#1619 = CARTESIAN_POINT ( 'NONE',  ( -4.250072516143177381E-14, 4.162741699796619343, 0.000000000000000000 ) ) ;
#1620 = CARTESIAN_POINT ( 'NONE',  ( -5.000000000000004441, 0.3999999999968368303, 6.123233995736766282E-16 ) ) ;
#1621 =( NAMED_UNIT ( * ) SI_UNIT ( $, .STERADIAN. ) SOLID_ANGLE_UNIT ( ) );
#1622 = PLANE ( 'NONE',  #1258 ) ;
#1623 = MECHANICAL_DESIGN_GEOMETRIC_PRESENTATION_REPRESENTATION (  '', ( #2926 ), #1374 ) ;
#1624 = ORIENTED_EDGE ( 'NONE', *, *, #1510, .F. ) ;
#1625 = DIRECTION ( 'NONE',  ( -1.134976511732661027E-14, 1.000000000000000000, -0.000000000000000000 ) ) ;
#1626 = CARTESIAN_POINT ( 'NONE',  ( -3.500000000000016875, 1.499999999996861177, 0.000000000000000000 ) ) ;
#1627 = AXIS2_PLACEMENT_3D ( 'NONE', #1838, #706, #1539 ) ;
#1628 = ORIENTED_EDGE ( 'NONE', *, *, #1652, .F. ) ;
#1629 = STYLED_ITEM ( 'NONE', ( #2093 ), #501 ) ;
#1630 = CARTESIAN_POINT ( 'NONE',  ( 2.269953023468897881E-16, 0.3799999999968935449, 1.900000000000000799 ) ) ;
#1631 = SURFACE_SIDE_STYLE ('',( #79 ) ) ;
#1632 = ADVANCED_FACE ( 'NONE', ( #2643 ), #321, .T. ) ;
#1633 = SURFACE_STYLE_FILL_AREA ( #37 ) ;
#1634 = AXIS2_PLACEMENT_3D ( 'NONE', #319, #2198, #350 ) ;
#1635 = DIRECTION ( 'NONE',  ( 1.000000000000000000, 0.000000000000000000, 1.224646799147353207E-16 ) ) ;
#1636 = CARTESIAN_POINT ( 'NONE',  ( 5.964446141900214826, 1.942215432403501696, 7.304339876364899864E-16 ) ) ;
#1637 = LINE ( 'NONE', #504, #1271 ) ;
#1638 = DIRECTION ( 'NONE',  ( 1.134976511732661027E-14, -1.000000000000000000, -0.000000000000000000 ) ) ;
#1639 = MECHANICAL_DESIGN_GEOMETRIC_PRESENTATION_REPRESENTATION (  '', ( #2548 ), #364 ) ;
#1640 = ORIENTED_EDGE ( 'NONE', *, *, #1898, .F. ) ;
#1641 =( GEOMETRIC_REPRESENTATION_CONTEXT ( 3 ) GLOBAL_UNCERTAINTY_ASSIGNED_CONTEXT ( ( #2361 ) ) GLOBAL_UNIT_ASSIGNED_CONTEXT ( ( #2244, #2491, #239 ) ) REPRESENTATION_CONTEXT ( 'NONE', 'WORKASPACE' ) );
#1642 =( NAMED_UNIT ( * ) SI_UNIT ( $, .STERADIAN. ) SOLID_ANGLE_UNIT ( ) );
#1643 = CARTESIAN_POINT ( 'NONE',  ( 5.233434350709718075, 2.700000006433106226, 1.906846846713144750 ) ) ;
#1644 = EDGE_LOOP ( 'NONE', ( #2078, #575, #2884, #2826 ) ) ;
#1645 = PRESENTATION_LAYER_ASSIGNMENT (  '', '', ( #2609 ) ) ;
#1646 = DIRECTION ( 'NONE',  ( 1.000000000000000000, 1.120342244901688178E-14, 0.000000000000000000 ) ) ;
#1647 = CARTESIAN_POINT ( 'NONE',  ( -2.500000000000004885, 0.3999999999999716560, 1.399999999999999911 ) ) ;
#1648 = CARTESIAN_POINT ( 'NONE',  ( 1.499999999999990674, 0.7999999999969107378, 0.000000000000000000 ) ) ;
#1649 = CARTESIAN_POINT ( 'NONE',  ( -4.250072516143177381E-14, 4.162741699796619343, 0.000000000000000000 ) ) ;
#1650 = CARTESIAN_POINT ( 'NONE',  ( 5.771850793874532926, 19.96900474501224210, 1.902740100009056468 ) ) ;
#1651 =( GEOMETRIC_REPRESENTATION_CONTEXT ( 3 ) GLOBAL_UNCERTAINTY_ASSIGNED_CONTEXT ( ( #1676 ) ) GLOBAL_UNIT_ASSIGNED_CONTEXT ( ( #1865, #1173, #614 ) ) REPRESENTATION_CONTEXT ( 'NONE', 'WORKASPACE' ) );
#1652 = EDGE_CURVE ( 'NONE', #101, #1230, #2783, .T. ) ;
#1653 = STYLED_ITEM ( 'NONE', ( #2828 ), #2607 ) ;
#1654 = DIRECTION ( 'NONE',  ( -1.000000000000000000, -1.134291666879686478E-14, 0.000000000000000000 ) ) ;
#1655 = CIRCLE ( 'NONE', #1213, 5.849999999999837996 ) ;
#1656 = VECTOR ( 'NONE', #548, 1000.000000000000000 ) ;
#1657 = AXIS2_PLACEMENT_3D ( 'NONE', #1686, #162, #1027 ) ;
#1658 = PRESENTATION_LAYER_ASSIGNMENT (  '', '', ( #2089 ) ) ;
#1659 = FILL_AREA_STYLE ('',( #1212 ) ) ;
#1660 = AXIS2_PLACEMENT_3D ( 'NONE', #1338, #461, #1610 ) ;
#1661 = ORIENTED_EDGE ( 'NONE', *, *, #619, .T. ) ;
#1662 = CARTESIAN_POINT ( 'NONE',  ( -6.349999999999876188, 4.162741699796537631, 0.000000000000000000 ) ) ;
#1663 = CARTESIAN_POINT ( 'NONE',  ( 2.800000000000022471, -2.000000000003074430, 3.673940397442060115E-17 ) ) ;
#1664 = LINE ( 'NONE', #915, #2344 ) ;
#1665 = ORIENTED_EDGE ( 'NONE', *, *, #416, .F. ) ;
#1666 = CARTESIAN_POINT ( 'NONE',  ( 2.499999999999991118, 0.7999999999969220621, 0.000000000000000000 ) ) ;
#1667 = DIRECTION ( 'NONE',  ( 1.000000000000000000, 1.134976511732661027E-14, -0.000000000000000000 ) ) ;
#1668 =( NAMED_UNIT ( * ) PLANE_ANGLE_UNIT ( ) SI_UNIT ( $, .RADIAN. ) );
#1669 = DIRECTION ( 'NONE',  ( -1.000000000000000000, -1.134291666879588975E-14, 0.000000000000000000 ) ) ;
#1670 = UNCERTAINTY_MEASURE_WITH_UNIT (LENGTH_MEASURE( 1.000000000000000082E-05 ), #626, 'distance_accuracy_value', 'NONE');
#1671 = DIRECTION ( 'NONE',  ( -1.134976511732661027E-14, 1.000000000000000000, 0.000000000000000000 ) ) ;
#1672 = EDGE_CURVE ( 'NONE', #991, #666, #858, .T. ) ;
#1673 = SURFACE_SIDE_STYLE ('',( #1889 ) ) ;
#1674 = EDGE_CURVE ( 'NONE', #2309, #838, #665, .T. ) ;
#1675 = CARTESIAN_POINT ( 'NONE',  ( -2.499999999999977351, -2.000000000003134826, 0.000000000000000000 ) ) ;
#1676 = UNCERTAINTY_MEASURE_WITH_UNIT (LENGTH_MEASURE( 1.000000000000000082E-05 ), #1865, 'distance_accuracy_value', 'NONE');
#1677 = ORIENTED_EDGE ( 'NONE', *, *, #817, .F. ) ;
#1678 = CARTESIAN_POINT ( 'NONE',  ( 5.883287030173837806, 0.7020302503390353221, -1.904881972170484383 ) ) ;
#1679 = PRESENTATION_LAYER_ASSIGNMENT (  '', '', ( #2926 ) ) ;
#1680 =( GEOMETRIC_REPRESENTATION_CONTEXT ( 3 ) GLOBAL_UNCERTAINTY_ASSIGNED_CONTEXT ( ( #1764 ) ) GLOBAL_UNIT_ASSIGNED_CONTEXT ( ( #2486, #413, #886 ) ) REPRESENTATION_CONTEXT ( 'NONE', 'WORKASPACE' ) );
#1681 = APPLICATION_PROTOCOL_DEFINITION ( 'draft international standard', 'automotive_design', 1998, #1960 ) ;
#1682 = MECHANICAL_DESIGN_GEOMETRIC_PRESENTATION_REPRESENTATION (  '', ( #1822 ), #2784 ) ;
#1683 = DIRECTION ( 'NONE',  ( 1.000000000000000000, 1.134976511732646669E-14, 0.000000000000000000 ) ) ;
#1684 = CARTESIAN_POINT ( 'NONE',  ( -3.286335344999999464, -3.143752619338968657E-12, 1.700000000000000844 ) ) ;
#1685 = DIRECTION ( 'NONE',  ( 1.000000000000000000, 1.135159674592323142E-14, 0.000000000000000000 ) ) ;
#1686 = CARTESIAN_POINT ( 'NONE',  ( -2.500000000000009326, 0.7999999999968653297, 0.000000000000000000 ) ) ;
#1687 = VECTOR ( 'NONE', #1064, 1000.000000000000000 ) ;
#1688 = CARTESIAN_POINT ( 'NONE',  ( 5.498324591474087697, 0.4348838079552464486, 1.902331702248895251 ) ) ;
#1689 = CARTESIAN_POINT ( 'NONE',  ( 5.341199845618279873, 3.109588425023146918, 1.905947165071802951 ) ) ;
#1690 = VERTEX_POINT ( 'NONE', #2725 ) ;
#1691 = EDGE_CURVE ( 'NONE', #948, #1795, #209, .T. ) ;
#1692 = ORIENTED_EDGE ( 'NONE', *, *, #552, .F. ) ;
#1693 =( GEOMETRIC_REPRESENTATION_CONTEXT ( 3 ) GLOBAL_UNCERTAINTY_ASSIGNED_CONTEXT ( ( #2822 ) ) GLOBAL_UNIT_ASSIGNED_CONTEXT ( ( #1781, #1320, #1298 ) ) REPRESENTATION_CONTEXT ( 'NONE', 'WORKASPACE' ) );
#1694 = LINE ( 'NONE', #795, #1095 ) ;
#1695 = AXIS2_PLACEMENT_3D ( 'NONE', #2968, #1970, #2947 ) ;
#1696 = ORIENTED_EDGE ( 'NONE', *, *, #560, .F. ) ;
#1697 = DIRECTION ( 'NONE',  ( -1.115179377413657421E-14, 1.000000000000000000, 0.000000000000000000 ) ) ;
#1698 = DIRECTION ( 'NONE',  ( 1.134976511732661027E-14, -1.000000000000000000, 0.000000000000000000 ) ) ;
#1699 = UNCERTAINTY_MEASURE_WITH_UNIT (LENGTH_MEASURE( 1.000000000000000082E-05 ), #1894, 'distance_accuracy_value', 'NONE');
#1700 = PRESENTATION_STYLE_ASSIGNMENT (( #2406 ) ) ;
#1701 = ADVANCED_FACE ( 'NONE', ( #1824 ), #896, .T. ) ;
#1702 = MECHANICAL_DESIGN_GEOMETRIC_PRESENTATION_REPRESENTATION (  '', ( #2609 ), #2908 ) ;
#1703 = COLOUR_RGB ( '',0.000000000000000000, 0.5019607843137254832, 0.5019607843137254832 ) ;
#1704 =( NAMED_UNIT ( * ) SI_UNIT ( $, .STERADIAN. ) SOLID_ANGLE_UNIT ( ) );
#1705 = PRESENTATION_LAYER_ASSIGNMENT (  '', '', ( #2757 ) ) ;
#1706 = FACE_OUTER_BOUND ( 'NONE', #1955, .T. ) ;
#1707 = CIRCLE ( 'NONE', #420, 5.975236227635841502 ) ;
#1708 = ORIENTED_EDGE ( 'NONE', *, *, #2225, .T. ) ;
#1709 = ORIENTED_EDGE ( 'NONE', *, *, #1528, .F. ) ;
#1710 = CIRCLE ( 'NONE', #2564, 0.2999999999999951594 ) ;
#1711 = DIRECTION ( 'NONE',  ( -1.134976511732661027E-14, 1.000000000000000000, -0.000000000000000000 ) ) ;
#1712 = CARTESIAN_POINT ( 'NONE',  ( 6.004126239079450755, 1.581484578337257307, -1.905551069358379701 ) ) ;
#1713 = EDGE_CURVE ( 'NONE', #2699, #792, #1329, .T. ) ;
#1714 = SURFACE_STYLE_FILL_AREA ( #2383 ) ;
#1715 = ORIENTED_EDGE ( 'NONE', *, *, #424, .T. ) ;
#1716 = DIRECTION ( 'NONE',  ( -1.000000000000000000, -1.134976511732645092E-14, 0.000000000000000000 ) ) ;
#1717 = DIRECTION ( 'NONE',  ( -1.134976511732661027E-14, 1.000000000000000000, -0.000000000000000000 ) ) ;
#1718 = DIRECTION ( 'NONE',  ( 1.000000000000000000, 1.138412281109779498E-14, 0.000000000000000000 ) ) ;
#1719 = SURFACE_STYLE_FILL_AREA ( #807 ) ;
#1720 = SHELL_BASED_SURFACE_MODEL ( 'NONE', ( #756, #565 ) );
#1721 = DIRECTION ( 'NONE',  ( -1.134976511732661027E-14, 1.000000000000000000, -0.000000000000000000 ) ) ;
#1722 = CARTESIAN_POINT ( 'NONE',  ( 5.849999999999621281, 19.50000000000002842, 7.164183775011818221E-16 ) ) ;
#1723 = FILL_AREA_STYLE ('',( #809 ) ) ;
#1724 = DIRECTION ( 'NONE',  ( 1.000000000000000000, 1.127570259384924611E-14, 0.000000000000000000 ) ) ;
#1725 = ORIENTED_EDGE ( 'NONE', *, *, #940, .T. ) ;
#1726 = DIRECTION ( 'NONE',  ( -1.000000000000000000, -1.147376157339019779E-14, 0.000000000000000000 ) ) ;
#1727 = CARTESIAN_POINT ( 'NONE',  ( -2.226823916019825550E-13, 20.01999999999996049, 0.000000000000000000 ) ) ;
#1728 = COLOUR_RGB ( '',0.000000000000000000, 0.5019607843137254832, 0.5019607843137254832 ) ;
#1729 = EDGE_LOOP ( 'NONE', ( #68, #1755, #2898, #473 ) ) ;
#1730 = CARTESIAN_POINT ( 'NONE',  ( -3.286335345000009234, 0.7999999999968563369, 1.399999999999999689 ) ) ;
#1731 = DIRECTION ( 'NONE',  ( -1.000000000000000000, -1.147376157339019779E-14, 0.000000000000000000 ) ) ;
#1732 = AXIS2_PLACEMENT_3D ( 'NONE', #993, #2404, #1223 ) ;
#1733 = SURFACE_STYLE_FILL_AREA ( #1995 ) ;
#1734 = UNCERTAINTY_MEASURE_WITH_UNIT (LENGTH_MEASURE( 1.000000000000000082E-05 ), #2551, 'distance_accuracy_value', 'NONE');
#1735 = AXIS2_PLACEMENT_3D ( 'NONE', #2892, #1469, #2388 ) ;
#1736 =( LENGTH_UNIT ( ) NAMED_UNIT ( * ) SI_UNIT ( .MILLI., .METRE. ) );
#1737 = AXIS2_PLACEMENT_3D ( 'NONE', #734, #2772, #1859 ) ;
#1738 = EDGE_CURVE ( 'NONE', #1480, #324, #51, .T. ) ;
#1739 = COLOUR_RGB ( '',0.2509803921568627416, 0.2509803921568627416, 0.2509803921568627416 ) ;
#1740 = CIRCLE ( 'NONE', #486, 0.2999999999999999334 ) ;
#1741 = DIRECTION ( 'NONE',  ( 1.134976511732661027E-14, -1.000000000000000000, 0.000000000000000000 ) ) ;
#1742 = ORIENTED_EDGE ( 'NONE', *, *, #1341, .F. ) ;
#1743 = EDGE_LOOP ( 'NONE', ( #117, #628 ) ) ;
#1744 = CARTESIAN_POINT ( 'NONE',  ( -2.167805137409727200E-13, 19.49999999999996092, 0.000000000000000000 ) ) ;
#1745 = FILL_AREA_STYLE ('',( #624 ) ) ;
#1746 = ORIENTED_EDGE ( 'NONE', *, *, #817, .T. ) ;
#1747 = DIRECTION ( 'NONE',  ( -1.134976511732661027E-14, 1.000000000000000000, -0.000000000000000000 ) ) ;
#1748 =( NAMED_UNIT ( * ) PLANE_ANGLE_UNIT ( ) SI_UNIT ( $, .RADIAN. ) );
#1749 = CARTESIAN_POINT ( 'NONE',  ( 2.499999999999995559, 0.4000000000000283884, 0.000000000000000000 ) ) ;
#1750 =( NAMED_UNIT ( * ) SI_UNIT ( $, .STERADIAN. ) SOLID_ANGLE_UNIT ( ) );
#1751 = EDGE_CURVE ( 'NONE', #1281, #185, #2837, .T. ) ;
#1752 = PRODUCT ( 'CAP_ALU_THT_5P_12D5_20H', 'CAP_ALU_THT_5P_12D5_20H', '', ( #980 ) ) ;
#1753 = VECTOR ( 'NONE', #1353, 1000.000000000000000 ) ;
#1754 = EDGE_LOOP ( 'NONE', ( #2025, #396 ) ) ;
#1755 = ORIENTED_EDGE ( 'NONE', *, *, #2104, .T. ) ;
#1756 = STYLED_ITEM ( 'NONE', ( #292 ), #2739 ) ;
#1757 = LINE ( 'NONE', #2213, #1194 ) ;
#1758 = DIRECTION ( 'NONE',  ( -1.000000000000000000, -1.130157366609722474E-14, 0.000000000000000000 ) ) ;
#1759 = STYLED_ITEM ( 'NONE', ( #2649 ), #328 ) ;
#1760 = ORIENTED_EDGE ( 'NONE', *, *, #1284, .F. ) ;
#1761 = CARTESIAN_POINT ( 'NONE',  ( -9.540979117872439019E-15, 1.237258300198006644, 0.000000000000000000 ) ) ;
#1762 = CARTESIAN_POINT ( 'NONE',  ( 2.499999999999995115, 0.4000000000000283884, 1.399999999999999911 ) ) ;
#1763 = SURFACE_STYLE_USAGE ( .BOTH. , #1335 ) ;
#1764 = UNCERTAINTY_MEASURE_WITH_UNIT (LENGTH_MEASURE( 1.000000000000000082E-05 ), #2486, 'distance_accuracy_value', 'NONE');
#1765 = ORIENTED_EDGE ( 'NONE', *, *, #1580, .T. ) ;
#1766 =( NAMED_UNIT ( * ) SI_UNIT ( $, .STERADIAN. ) SOLID_ANGLE_UNIT ( ) );
#1767 =( LENGTH_UNIT ( ) NAMED_UNIT ( * ) SI_UNIT ( .MILLI., .METRE. ) );
#1768 = ADVANCED_FACE ( 'NONE', ( #984 ), #566, .T. ) ;
#1769 = DIRECTION ( 'NONE',  ( -1.000000000000000000, -1.134976511732666864E-14, 0.000000000000000000 ) ) ;
#1770 = EDGE_CURVE ( 'NONE', #1032, #2292, #2017, .T. ) ;
#1771 = SURFACE_STYLE_USAGE ( .BOTH. , #399 ) ;
#1772 = ORIENTED_EDGE ( 'NONE', *, *, #2235, .F. ) ;
#1773 = FILL_AREA_STYLE_COLOUR ( '', #841 ) ;
#1774 =( GEOMETRIC_REPRESENTATION_CONTEXT ( 3 ) GLOBAL_UNCERTAINTY_ASSIGNED_CONTEXT ( ( #1984 ) ) GLOBAL_UNIT_ASSIGNED_CONTEXT ( ( #1236, #1255, #577 ) ) REPRESENTATION_CONTEXT ( 'NONE', 'WORKASPACE' ) );
#1775 = CARTESIAN_POINT ( 'NONE',  ( 2.499999999999995115, 0.4000000000000283884, 1.399999999999999911 ) ) ;
#1776 = STYLED_ITEM ( 'NONE', ( #2742 ), #1701 ) ;
#1777 = COLOUR_RGB ( '',0.000000000000000000, 0.5019607843137254832, 0.5019607843137254832 ) ;
#1778 = DIRECTION ( 'NONE',  ( -1.000000000000000000, -1.108955646743164336E-14, 0.000000000000000000 ) ) ;
#1779 = PRESENTATION_LAYER_ASSIGNMENT (  '', '', ( #594 ) ) ;
#1780 = CARTESIAN_POINT ( 'NONE',  ( -2.226823916019826055E-13, 20.01999999999996049, 1.899999999999999911 ) ) ;
#1781 =( LENGTH_UNIT ( ) NAMED_UNIT ( * ) SI_UNIT ( .MILLI., .METRE. ) );
#1782 = DIRECTION ( 'NONE',  ( -1.134976511732661027E-14, 1.000000000000000000, -0.000000000000000000 ) ) ;
#1783 = EDGE_CURVE ( 'NONE', #324, #1595, #330, .T. ) ;
#1784 = ORIENTED_EDGE ( 'NONE', *, *, #84, .T. ) ;
#1785 = DIRECTION ( 'NONE',  ( 1.134976511732661027E-14, -1.000000000000000000, -0.000000000000000000 ) ) ;
#1786 = PRESENTATION_STYLE_ASSIGNMENT (( #172 ) ) ;
#1787 = SURFACE_STYLE_FILL_AREA ( #1548 ) ;
#1788 = LINE ( 'NONE', #1593, #1753 ) ;
#1789 = AXIS2_PLACEMENT_3D ( 'NONE', #2385, #76, #2190 ) ;
#1790 = MECHANICAL_DESIGN_GEOMETRIC_PRESENTATION_REPRESENTATION (  '', ( #2600 ), #451 ) ;
#1791 = DIRECTION ( 'NONE',  ( 1.000000000000000000, 1.135159674592323142E-14, 0.000000000000000000 ) ) ;
#1792 = EDGE_CURVE ( 'NONE', #698, #1023, #1489, .T. ) ;
#1793 = MECHANICAL_DESIGN_GEOMETRIC_PRESENTATION_REPRESENTATION (  '', ( #553 ), #1641 ) ;
#1794 = CARTESIAN_POINT ( 'NONE',  ( 5.512741699805163265, 1.237258300198069261, 6.751161477192544386E-16 ) ) ;
#1795 = VERTEX_POINT ( 'NONE', #1916 ) ;
#1796 = AXIS2_PLACEMENT_3D ( 'NONE', #201, #430, #2882 ) ;
#1797 = FILL_AREA_STYLE_COLOUR ( '', #1184 ) ;
#1798 =( GEOMETRIC_REPRESENTATION_CONTEXT ( 3 ) GLOBAL_UNCERTAINTY_ASSIGNED_CONTEXT ( ( #2321 ) ) GLOBAL_UNIT_ASSIGNED_CONTEXT ( ( #326, #1962, #1006 ) ) REPRESENTATION_CONTEXT ( 'NONE', 'WORKASPACE' ) );
#1799 = EDGE_CURVE ( 'NONE', #262, #100, #401, .T. ) ;
#1800 = DIRECTION ( 'NONE',  ( -1.134976511732661027E-14, 1.000000000000000000, -0.000000000000000000 ) ) ;
#1801 = VECTOR ( 'NONE', #2829, 1000.000000000000000 ) ;
#1802 = AXIS2_PLACEMENT_3D ( 'NONE', #2145, #1451, #1225 ) ;
#1803 = ORIENTED_EDGE ( 'NONE', *, *, #520, .F. ) ;
#1804 = DIRECTION ( 'NONE',  ( -1.134976511732661027E-14, 1.000000000000000000, 0.000000000000000000 ) ) ;
#1805 = VECTOR ( 'NONE', #1088, 1000.000000000000000 ) ;
#1806 = SURFACE_SIDE_STYLE ('',( #2705 ) ) ;
#1807 = ORIENTED_EDGE ( 'NONE', *, *, #986, .T. ) ;
#1808 = SURFACE_SIDE_STYLE ('',( #1340 ) ) ;
#1809 = CARTESIAN_POINT ( 'NONE',  ( 2.500000000000022649, -2.000000000003077982, 0.000000000000000000 ) ) ;
#1810 = EDGE_LOOP ( 'NONE', ( #1640, #2853, #597, #206 ) ) ;
#1811 = SURFACE_STYLE_USAGE ( .BOTH. , #1055 ) ;
#1812 = DIRECTION ( 'NONE',  ( 1.134976511732661027E-14, -1.000000000000000000, 0.000000000000000000 ) ) ;
#1813 = UNCERTAINTY_MEASURE_WITH_UNIT (LENGTH_MEASURE( 1.000000000000000082E-05 ), #1078, 'distance_accuracy_value', 'NONE');
#1814 = ORIENTED_EDGE ( 'NONE', *, *, #1063, .F. ) ;
#1815 = SURFACE_SIDE_STYLE ('',( #2931 ) ) ;
#1816 = SURFACE_SIDE_STYLE ('',( #1113 ) ) ;
#1817 = EDGE_CURVE ( 'NONE', #1235, #1285, #1582, .T. ) ;
#1818 = EDGE_LOOP ( 'NONE', ( #542, #545, #465, #764 ) ) ;
#1819 = PRESENTATION_STYLE_ASSIGNMENT (( #474 ) ) ;
#1820 = PRESENTATION_LAYER_ASSIGNMENT (  '', '', ( #2152 ) ) ;
#1821 = AXIS2_PLACEMENT_3D ( 'NONE', #827, #849, #1758 ) ;
#1822 = STYLED_ITEM ( 'NONE', ( #2543 ), #1474 ) ;
#1823 = SURFACE_STYLE_USAGE ( .BOTH. , #2499 ) ;
#1824 = FACE_OUTER_BOUND ( 'NONE', #2743, .T. ) ;
#1825 = ORIENTED_EDGE ( 'NONE', *, *, #2537, .F. ) ;
#1826 = CARTESIAN_POINT ( 'NONE',  ( 1.499999999999982903, 1.499999999996913802, 0.000000000000000000 ) ) ;
#1827 =( LENGTH_UNIT ( ) NAMED_UNIT ( * ) SI_UNIT ( .MILLI., .METRE. ) );
#1828 = ORIENTED_EDGE ( 'NONE', *, *, #522, .F. ) ;
#1829 = CARTESIAN_POINT ( 'NONE',  ( 5.928820318458666527, 3.687971857203139692, 1.905108481596946790 ) ) ;
#1830 = ORIENTED_EDGE ( 'NONE', *, *, #2325, .T. ) ;
#1831 = STYLED_ITEM ( 'NONE', ( #2538 ), #1998 ) ;
#1832 = SURFACE_STYLE_FILL_AREA ( #1307 ) ;
#1833 = ADVANCED_FACE ( 'NONE', ( #2172 ), #2449, .F. ) ;
#1834 = CIRCLE ( 'NONE', #2800, 1.399999999999999911 ) ;
#1835 = SURFACE_STYLE_USAGE ( .BOTH. , #2357 ) ;
#1836 = CARTESIAN_POINT ( 'NONE',  ( 5.318365399119966419, 2.333335548392755143, -1.906109796155657010 ) ) ;
#1837 = VERTEX_POINT ( 'NONE', #1026 ) ;
#1838 = CARTESIAN_POINT ( 'NONE',  ( -2.602085213965210642E-14, 2.699999999999803446, 0.000000000000000000 ) ) ;
#1839 = MECHANICAL_DESIGN_GEOMETRIC_PRESENTATION_REPRESENTATION (  '', ( #967 ), #2706 ) ;
#1840 = AXIS2_PLACEMENT_3D ( 'NONE', #554, #1721, #779 ) ;
#1841 = ORIENTED_EDGE ( 'NONE', *, *, #1467, .T. ) ;
#1842 = PRESENTATION_STYLE_ASSIGNMENT (( #917 ) ) ;
#1843 = DIRECTION ( 'NONE',  ( -1.000000000000000000, -1.126828924566162245E-14, 0.000000000000000000 ) ) ;
#1844 = FILL_AREA_STYLE_COLOUR ( '', #2951 ) ;
#1845 = SURFACE_SIDE_STYLE ('',( #2816 ) ) ;
#1846 = AXIS2_PLACEMENT_3D ( 'NONE', #759, #1447, #1669 ) ;
#1847 = PRESENTATION_LAYER_ASSIGNMENT (  '', '', ( #1112 ) ) ;
#1848 = PRESENTATION_LAYER_ASSIGNMENT (  '', '', ( #616 ) ) ;
#1849 = PRESENTATION_STYLE_ASSIGNMENT (( #273 ) ) ;
#1850 = UNCERTAINTY_MEASURE_WITH_UNIT (LENGTH_MEASURE( 1.000000000000000082E-05 ), #2665, 'distance_accuracy_value', 'NONE');
#1851 = CIRCLE ( 'NONE', #662, 1.000000000000000000 ) ;
#1852 = FILL_AREA_STYLE ('',( #1388 ) ) ;
#1853 =( LENGTH_UNIT ( ) NAMED_UNIT ( * ) SI_UNIT ( .MILLI., .METRE. ) );
#1854 = FACE_OUTER_BOUND ( 'NONE', #227, .T. ) ;
#1855 =( LENGTH_UNIT ( ) NAMED_UNIT ( * ) SI_UNIT ( .MILLI., .METRE. ) );
#1856 = EDGE_CURVE ( 'NONE', #1613, #793, #881, .T. ) ;
#1857 = ORIENTED_EDGE ( 'NONE', *, *, #1605, .T. ) ;
#1858 = FACE_OUTER_BOUND ( 'NONE', #2091, .T. ) ;
#1859 = DIRECTION ( 'NONE',  ( -1.000000000000000000, -1.108955646743164336E-14, 0.000000000000000000 ) ) ;
#1860 = ORIENTED_EDGE ( 'NONE', *, *, #2052, .F. ) ;
#1861 = CYLINDRICAL_SURFACE ( 'NONE', #2358, 1.004999999999999893 ) ;
#1862 = CARTESIAN_POINT ( 'NONE',  ( 2.269953023468897881E-16, 0.3799999999968935449, 0.000000000000000000 ) ) ;
#1863 = CARTESIAN_POINT ( 'NONE',  ( 2.799999999999990941, 0.7999999999969255038, 3.673940397442060115E-17 ) ) ;
#1864 = SURFACE_STYLE_USAGE ( .BOTH. , #2115 ) ;
#1865 =( LENGTH_UNIT ( ) NAMED_UNIT ( * ) SI_UNIT ( .MILLI., .METRE. ) );
#1866 = SURFACE_SIDE_STYLE ('',( #2780 ) ) ;
#1867 = SURFACE_SIDE_STYLE ('',( #85 ) ) ;
#1868 =( GEOMETRIC_REPRESENTATION_CONTEXT ( 3 ) GLOBAL_UNCERTAINTY_ASSIGNED_CONTEXT ( ( #2668 ) ) GLOBAL_UNIT_ASSIGNED_CONTEXT ( ( #2847, #2610, #2904 ) ) REPRESENTATION_CONTEXT ( 'NONE', 'WORKASPACE' ) );
#1869 = DIRECTION ( 'NONE',  ( -1.134976511732661027E-14, 1.000000000000000000, -0.000000000000000000 ) ) ;
#1870 = STYLED_ITEM ( 'NONE', ( #1786 ), #1439 ) ;
#1871 = FILL_AREA_STYLE ('',( #2262 ) ) ;
#1872 = MECHANICAL_DESIGN_GEOMETRIC_PRESENTATION_REPRESENTATION (  '', ( #1776 ), #2205 ) ;
#1873 = ORIENTED_EDGE ( 'NONE', *, *, #2345, .T. ) ;
#1874 =( NAMED_UNIT ( * ) SI_UNIT ( $, .STERADIAN. ) SOLID_ANGLE_UNIT ( ) );
#1875 = CARTESIAN_POINT ( 'NONE',  ( 7.210681711785811034E-28, 0.3999999999968620878, 0.000000000000000000 ) ) ;
#1876 = CARTESIAN_POINT ( 'NONE',  ( 5.270975590975027103, 2.990724470563204118, -1.906522477083981038 ) ) ;
#1877 = EDGE_CURVE ( 'NONE', #2591, #324, #2203, .T. ) ;
#1878 = EDGE_LOOP ( 'NONE', ( #2434, #750 ) ) ;
#1879 = CARTESIAN_POINT ( 'NONE',  ( 2.800000000000022471, -2.000000000003074430, 3.673940397442258562E-17 ) ) ;
#1880 = AXIS2_PLACEMENT_3D ( 'NONE', #412, #2252, #1312 ) ;
#1881 = DIRECTION ( 'NONE',  ( -1.000000000000000000, -1.156482317317890066E-14, 0.000000000000000000 ) ) ;
#1882 = LINE ( 'NONE', #286, #2471 ) ;
#1883 = SURFACE_STYLE_USAGE ( .BOTH. , #1845 ) ;
#1884 = CIRCLE ( 'NONE', #2498, 0.3000000000000012101 ) ;
#1885 = CARTESIAN_POINT ( 'NONE',  ( 6.078167818614711670, 19.63425831226430773, 1.905984251968461107 ) ) ;
#1886 = UNCERTAINTY_MEASURE_WITH_UNIT (LENGTH_MEASURE( 1.000000000000000082E-05 ), #1179, 'distance_accuracy_value', 'NONE');
#1887 = LINE ( 'NONE', #502, #2058 ) ;
#1888 = CIRCLE ( 'NONE', #1254, 0.2999999999999999334 ) ;
#1889 = SURFACE_STYLE_FILL_AREA ( #1228 ) ;
#1890 =( NAMED_UNIT ( * ) PLANE_ANGLE_UNIT ( ) SI_UNIT ( $, .RADIAN. ) );
#1891 = AXIS2_PLACEMENT_3D ( 'NONE', #2199, #1568, #183 ) ;
#1892 = EDGE_LOOP ( 'NONE', ( #1165, #571, #1332, #2346, #1054 ) ) ;
#1893 = DIRECTION ( 'NONE',  ( -1.000000000000000000, -1.134797687957723842E-14, 0.000000000000000000 ) ) ;
#1894 =( LENGTH_UNIT ( ) NAMED_UNIT ( * ) SI_UNIT ( .MILLI., .METRE. ) );
#1895 = CARTESIAN_POINT ( 'NONE',  ( -5.550000000000795630, 2.699999999999803446, 0.000000000000000000 ) ) ;
#1896 = ORIENTED_EDGE ( 'NONE', *, *, #2567, .F. ) ;
#1897 = DIRECTION ( 'NONE',  ( -1.000000000000000000, -1.138412281109779340E-14, 0.000000000000000000 ) ) ;
#1898 = EDGE_CURVE ( 'NONE', #2964, #2699, #103, .T. ) ;
#1899 =( NAMED_UNIT ( * ) PLANE_ANGLE_UNIT ( ) SI_UNIT ( $, .RADIAN. ) );
#1900 = FACE_OUTER_BOUND ( 'NONE', #411, .T. ) ;
#1901 = AXIS2_PLACEMENT_3D ( 'NONE', #1243, #2136, #1938 ) ;
#1902 = EDGE_CURVE ( 'NONE', #13, #1466, #997, .T. ) ;
#1903 = CARTESIAN_POINT ( 'NONE',  ( 2.499999999999991118, 0.7999999999969220621, 0.000000000000000000 ) ) ;
#1904 = VECTOR ( 'NONE', #1667, 1000.000000000000000 ) ;
#1905 = COLOUR_RGB ( '',0.2509803921568627416, 0.2509803921568627416, 0.2509803921568627416 ) ;
#1906 =( NAMED_UNIT ( * ) SI_UNIT ( $, .STERADIAN. ) SOLID_ANGLE_UNIT ( ) );
#1907 = CARTESIAN_POINT ( 'NONE',  ( 5.684181602104982467, 0.5277515139758454099, 1.903569214078401739 ) ) ;
#1908 = EDGE_LOOP ( 'NONE', ( #906, #1501, #476, #810 ) ) ;
#1909 =( NAMED_UNIT ( * ) SI_UNIT ( $, .STERADIAN. ) SOLID_ANGLE_UNIT ( ) );
#1910 = CARTESIAN_POINT ( 'NONE',  ( 2.500000000000022649, -2.000000000003077982, 0.000000000000000000 ) ) ;
#1911 = CARTESIAN_POINT ( 'NONE',  ( 5.667995267766491985, 0.5166154977732738685, -1.903464891439389906 ) ) ;
#1912 = CARTESIAN_POINT ( 'NONE',  ( -5.850000000000054712, 19.49999999999989697, 0.000000000000000000 ) ) ;
#1913 = ORIENTED_EDGE ( 'NONE', *, *, #798, .T. ) ;
#1914 = SURFACE_STYLE_FILL_AREA ( #1039 ) ;
#1915 = CYLINDRICAL_SURFACE ( 'NONE', #1558, 0.3000000000000003775 ) ;
#1916 = CARTESIAN_POINT ( 'NONE',  ( 4.999999999999995559, 0.3999999999969502951, 0.000000000000000000 ) ) ;
#1917 = DIRECTION ( 'NONE',  ( -1.134976511732661027E-14, 1.000000000000000000, -0.000000000000000000 ) ) ;
#1918 =( NAMED_UNIT ( * ) SI_UNIT ( $, .STERADIAN. ) SOLID_ANGLE_UNIT ( ) );
#1919 = DIRECTION ( 'NONE',  ( -1.115179377413650795E-14, 1.000000000000000000, 0.000000000000000000 ) ) ;
#1920 = ADVANCED_FACE ( 'NONE', ( #1927 ), #767, .T. ) ;
#1921 = CARTESIAN_POINT ( 'NONE',  ( 6.080511584720809104, 1.166845687936418408, 1.906019816515074794 ) ) ;
#1922 = MECHANICAL_DESIGN_GEOMETRIC_PRESENTATION_REPRESENTATION (  '', ( #2290 ), #1129 ) ;
#1923 = DIRECTION ( 'NONE',  ( -1.000000000000000000, -1.132243362198744650E-14, 0.000000000000000000 ) ) ;
#1924 = AXIS2_PLACEMENT_3D ( 'NONE', #2368, #2251, #2959 ) ;
#1925 = ORIENTED_EDGE ( 'NONE', *, *, #160, .F. ) ;
#1926 = FILL_AREA_STYLE ('',( #1463 ) ) ;
#1927 = FACE_OUTER_BOUND ( 'NONE', #2679, .T. ) ;
#1928 = COLOUR_RGB ( '',0.7803921568627451011, 0.7607843137254901578, 0.7411764705882353255 ) ;
#1929 =( NAMED_UNIT ( * ) SI_UNIT ( $, .STERADIAN. ) SOLID_ANGLE_UNIT ( ) );
#1930 = MECHANICAL_DESIGN_GEOMETRIC_PRESENTATION_REPRESENTATION (  '', ( #2927 ), #2584 ) ;
#1931 = ADVANCED_FACE ( 'NONE', ( #1035 ), #1442, .T. ) ;
#1932 = ORIENTED_EDGE ( 'NONE', *, *, #1326, .T. ) ;
#1933 = COLOUR_RGB ( '',0.2509803921568627416, 0.2509803921568627416, 0.2509803921568627416 ) ;
#1934 = SURFACE_SIDE_STYLE ('',( #1980 ) ) ;
#1935 = DIRECTION ( 'NONE',  ( 1.000000000000000000, 1.134976511732645092E-14, 0.000000000000000000 ) ) ;
#1936 = PRESENTATION_STYLE_ASSIGNMENT (( #2906 ) ) ;
#1937 =( NAMED_UNIT ( * ) PLANE_ANGLE_UNIT ( ) SI_UNIT ( $, .RADIAN. ) );
#1938 = DIRECTION ( 'NONE',  ( -1.000000000000000000, -1.134976511732662131E-14, 0.000000000000000000 ) ) ;
#1939 = ADVANCED_FACE ( 'NONE', ( #2678 ), #2457, .F. ) ;
#1940 = LINE ( 'NONE', #1475, #1010 ) ;
#1941 = EDGE_LOOP ( 'NONE', ( #279, #528, #2773, #1956 ) ) ;
#1942 = ORIENTED_EDGE ( 'NONE', *, *, #1691, .T. ) ;
#1943 = AXIS2_PLACEMENT_3D ( 'NONE', #1675, #115, #334 ) ;
#1944 = CARTESIAN_POINT ( 'NONE',  ( 6.055783143692119452, 1.449527058363133003, -1.905855147204317479 ) ) ;
#1945 = DIRECTION ( 'NONE',  ( 0.000000000000000000, -0.000000000000000000, -1.000000000000000000 ) ) ;
#1946 = ORIENTED_EDGE ( 'NONE', *, *, #522, .T. ) ;
#1947 = DIRECTION ( 'NONE',  ( -1.000000000000000000, -1.134976511732661027E-14, 0.000000000000000000 ) ) ;
#1948 = SURFACE_SIDE_STYLE ('',( #2416 ) ) ;
#1949 = CARTESIAN_POINT ( 'NONE',  ( -2.199999999999982414, -2.000000000003131273, 3.673940397442000334E-17 ) ) ;
#1950 =( NAMED_UNIT ( * ) PLANE_ANGLE_UNIT ( ) SI_UNIT ( $, .RADIAN. ) );
#1951 = COLOUR_RGB ( '',0.000000000000000000, 0.5019607843137254832, 0.5019607843137254832 ) ;
#1952 = CARTESIAN_POINT ( 'NONE',  ( 5.626804703082786574, 0.4937073271550946885, 1.903201157839401247 ) ) ;
#1953 = MECHANICAL_DESIGN_GEOMETRIC_PRESENTATION_REPRESENTATION (  '', ( #1759 ), #2517 ) ;
#1954 = DIRECTION ( 'NONE',  ( -1.134976511732661027E-14, 1.000000000000000000, -0.000000000000000000 ) ) ;
#1955 = EDGE_LOOP ( 'NONE', ( #2055, #2395, #1932, #224 ) ) ;
#1956 = ORIENTED_EDGE ( 'NONE', *, *, #643, .F. ) ;
#1957 =( LENGTH_UNIT ( ) NAMED_UNIT ( * ) SI_UNIT ( .MILLI., .METRE. ) );
#1958 =( NAMED_UNIT ( * ) PLANE_ANGLE_UNIT ( ) SI_UNIT ( $, .RADIAN. ) );
#1959 = EDGE_CURVE ( 'NONE', #2541, #2525, #2024, .T. ) ;
#1960 = APPLICATION_CONTEXT ( 'automotive_design' ) ;
#1961 = EDGE_LOOP ( 'NONE', ( #2858, #2212, #1602, #769 ) ) ;
#1962 =( NAMED_UNIT ( * ) PLANE_ANGLE_UNIT ( ) SI_UNIT ( $, .RADIAN. ) );
#1963 = SURFACE_STYLE_FILL_AREA ( #785 ) ;
#1964 = PLANE ( 'NONE',  #1455 ) ;
#1965 = CARTESIAN_POINT ( 'NONE',  ( 2.269953023468897881E-16, 0.3799999999968935449, -1.899999999999999911 ) ) ;
#1966 = PRESENTATION_STYLE_ASSIGNMENT (( #387 ) ) ;
#1967 =( NAMED_UNIT ( * ) PLANE_ANGLE_UNIT ( ) SI_UNIT ( $, .RADIAN. ) );
#1968 = DIRECTION ( 'NONE',  ( 1.134976511732661027E-14, -1.000000000000000000, 0.000000000000000000 ) ) ;
#1969 = CARTESIAN_POINT ( 'NONE',  ( 6.071099162395814375, 1.354457985124581043, 1.905961422354984114 ) ) ;
#1970 = DIRECTION ( 'NONE',  ( -1.134976511732661027E-14, 1.000000000000000000, -0.000000000000000000 ) ) ;
#1971 = ORIENTED_EDGE ( 'NONE', *, *, #1177, .T. ) ;
#1972 = ORIENTED_EDGE ( 'NONE', *, *, #2583, .T. ) ;
#1973 = DIRECTION ( 'NONE',  ( 1.134976511732661027E-14, -1.000000000000000000, 0.000000000000000000 ) ) ;
#1974 = CARTESIAN_POINT ( 'NONE',  ( 6.052301538602031350, 1.027906306988854768, -1.905834020639008752 ) ) ;
#1975 = PRESENTATION_STYLE_ASSIGNMENT (( #978 ) ) ;
#1976 = AXIS2_PLACEMENT_3D ( 'NONE', #2156, #2647, #2592 ) ;
#1977 = EDGE_LOOP ( 'NONE', ( #955, #1913 ) ) ;
#1978 = SURFACE_STYLE_USAGE ( .BOTH. , #2827 ) ;
#1979 = EDGE_CURVE ( 'NONE', #2154, #495, #911, .T. ) ;
#1980 = SURFACE_STYLE_FILL_AREA ( #1483 ) ;
#1981 = VECTOR ( 'NONE', #1782, 1000.000000000000000 ) ;
#1982 = STYLED_ITEM ( 'NONE', ( #669 ), #1444 ) ;
#1983 = PRESENTATION_LAYER_ASSIGNMENT (  '', '', ( #1133 ) ) ;
#1984 = UNCERTAINTY_MEASURE_WITH_UNIT (LENGTH_MEASURE( 1.000000000000000082E-05 ), #1236, 'distance_accuracy_value', 'NONE');
#1985 = AXIS2_PLACEMENT_3D ( 'NONE', #357, #2650, #1935 ) ;
#1986 =( GEOMETRIC_REPRESENTATION_CONTEXT ( 3 ) GLOBAL_UNCERTAINTY_ASSIGNED_CONTEXT ( ( #627 ) ) GLOBAL_UNIT_ASSIGNED_CONTEXT ( ( #1234, #1958, #2366 ) ) REPRESENTATION_CONTEXT ( 'NONE', 'WORKASPACE' ) );
#1987 = CIRCLE ( 'NONE', #2112, 1.004999999999999893 ) ;
#1988 = DIRECTION ( 'NONE',  ( 1.000000000000000000, 0.000000000000000000, 1.224646799147351482E-16 ) ) ;
#1989 = CARTESIAN_POINT ( 'NONE',  ( 5.925512117249296828, 19.86160981740917819, -1.904401810449276145 ) ) ;
#1990 = ORIENTED_EDGE ( 'NONE', *, *, #2797, .T. ) ;
#1991 =( LENGTH_UNIT ( ) NAMED_UNIT ( * ) SI_UNIT ( .MILLI., .METRE. ) );
#1992 = ORIENTED_EDGE ( 'NONE', *, *, #1561, .F. ) ;
#1993 = PRESENTATION_STYLE_ASSIGNMENT (( #1811 ) ) ;
#1994 = CARTESIAN_POINT ( 'NONE',  ( 1.099999999999990985, 0.7999999999969060749, 0.000000000000000000 ) ) ;
#1995 = FILL_AREA_STYLE ('',( #2880 ) ) ;
#1996 = MECHANICAL_DESIGN_GEOMETRIC_PRESENTATION_REPRESENTATION (  '', ( #1294 ), #1693 ) ;
#1997 = ADVANCED_FACE ( 'NONE', ( #1553 ), #1053, .F. ) ;
#1998 = ADVANCED_FACE ( 'NONE', ( #674 ), #689, .T. ) ;
#1999 =( GEOMETRIC_REPRESENTATION_CONTEXT ( 3 ) GLOBAL_UNCERTAINTY_ASSIGNED_CONTEXT ( ( #2029 ) ) GLOBAL_UNIT_ASSIGNED_CONTEXT ( ( #2598, #581, #1766 ) ) REPRESENTATION_CONTEXT ( 'NONE', 'WORKASPACE' ) );
#2000 = CARTESIAN_POINT ( 'NONE',  ( 7.210681711785811034E-28, 0.3999999999968620878, 0.000000000000000000 ) ) ;
#2001 = EDGE_LOOP ( 'NONE', ( #2166, #2924, #2737, #1476 ) ) ;
#2002 = PRESENTATION_LAYER_ASSIGNMENT (  '', '', ( #2617 ) ) ;
#2003 = FILL_AREA_STYLE ('',( #2236 ) ) ;
#2004 = ORIENTED_EDGE ( 'NONE', *, *, #42, .T. ) ;
#2005 = FACE_BOUND ( 'NONE', #1743, .T. ) ;
#2006 = CARTESIAN_POINT ( 'NONE',  ( -2.602085213965210642E-14, 2.699999999999803446, 0.000000000000000000 ) ) ;
#2007 =( LENGTH_UNIT ( ) NAMED_UNIT ( * ) SI_UNIT ( .MILLI., .METRE. ) );
#2008 = EDGE_CURVE ( 'NONE', #793, #2591, #1526, .T. ) ;
#2009 = CARTESIAN_POINT ( 'NONE',  ( 5.770975325208285156, 19.96813364101282673, -1.902733267701274267 ) ) ;
#2010 = ORIENTED_EDGE ( 'NONE', *, *, #1018, .T. ) ;
#2011 =( NAMED_UNIT ( * ) PLANE_ANGLE_UNIT ( ) SI_UNIT ( $, .RADIAN. ) );
#2012 = FACE_OUTER_BOUND ( 'NONE', #1810, .T. ) ;
#2013 = ADVANCED_FACE ( 'NONE', ( #1358 ), #1622, .T. ) ;
#2014 = DIRECTION ( 'NONE',  ( -1.134976511732661027E-14, 1.000000000000000000, -0.000000000000000000 ) ) ;
#2015 = CARTESIAN_POINT ( 'NONE',  ( 5.728040695179544173, 3.479954883789839748, 1.903855427568233116 ) ) ;
#2016 = FACE_OUTER_BOUND ( 'NONE', #2899, .T. ) ;
#2017 = CIRCLE ( 'NONE', #2399, 1.000000000000000000 ) ;
#2018 = CIRCLE ( 'NONE', #634, 1.004999999999999893 ) ;
#2019 = MECHANICAL_DESIGN_GEOMETRIC_PRESENTATION_REPRESENTATION (  '', ( #726 ), #2651 ) ;
#2020 = LINE ( 'NONE', #1357, #1805 ) ;
#2021 = MECHANICAL_DESIGN_GEOMETRIC_PRESENTATION_REPRESENTATION (  '', ( #1629 ), #1589 ) ;
#2022 = EDGE_CURVE ( 'NONE', #2903, #2245, #488, .T. ) ;
#2023 = AXIS2_PLACEMENT_3D ( 'NONE', #367, #1268, #137 ) ;
#2024 = LINE ( 'NONE', #2696, #2460 ) ;
#2025 = ORIENTED_EDGE ( 'NONE', *, *, #431, .F. ) ;
#2026 = CARTESIAN_POINT ( 'NONE',  ( 2.199999999999990852, 0.7999999999969187314, 0.000000000000000000 ) ) ;
#2027 = FILL_AREA_STYLE ('',( #1094 ) ) ;
#2028 = FACE_OUTER_BOUND ( 'NONE', #221, .T. ) ;
#2029 = UNCERTAINTY_MEASURE_WITH_UNIT (LENGTH_MEASURE( 1.000000000000000082E-05 ), #2598, 'distance_accuracy_value', 'NONE');
#2030 =( GEOMETRIC_REPRESENTATION_CONTEXT ( 3 ) GLOBAL_UNCERTAINTY_ASSIGNED_CONTEXT ( ( #2477 ) ) GLOBAL_UNIT_ASSIGNED_CONTEXT ( ( #802, #576, #816 ) ) REPRESENTATION_CONTEXT ( 'NONE', 'WORKASPACE' ) );
#2031 = CARTESIAN_POINT ( 'NONE',  ( -3.586335345000000174, -3.147157548874166686E-12, 1.700000000000000844 ) ) ;
#2032 = EDGE_LOOP ( 'NONE', ( #2588, #1099, #2458, #719 ) ) ;
#2033 = SURFACE_SIDE_STYLE ('',( #892 ) ) ;
#2034 = DIRECTION ( 'NONE',  ( -1.134976511732661027E-14, 1.000000000000000000, 0.000000000000000000 ) ) ;
#2035 =( NAMED_UNIT ( * ) SI_UNIT ( $, .STERADIAN. ) SOLID_ANGLE_UNIT ( ) );
#2036 = ORIENTED_EDGE ( 'NONE', *, *, #333, .T. ) ;
#2037 = FACE_OUTER_BOUND ( 'NONE', #2415, .T. ) ;
#2038 =( LENGTH_UNIT ( ) NAMED_UNIT ( * ) SI_UNIT ( .MILLI., .METRE. ) );
#2039 = EDGE_CURVE ( 'NONE', #1513, #2284, #314, .T. ) ;
#2040 = CARTESIAN_POINT ( 'NONE',  ( 5.532856405148758761, 20.02000000000002444, -1.899999999999998579 ) ) ;
#2041 = CIRCLE ( 'NONE', #1802, 5.964446141900231702 ) ;
#2042 = CARTESIAN_POINT ( 'NONE',  ( 3.286335344999999908, -3.069159509871965952E-12, 1.400000000000000133 ) ) ;
#2043 = ORIENTED_EDGE ( 'NONE', *, *, #2022, .T. ) ;
#2044 = FILL_AREA_STYLE_COLOUR ( '', #2566 ) ;
#2045 = CARTESIAN_POINT ( 'NONE',  ( 5.512741699800165485, 0.3999999999969246489, 7.027750676775655428E-16 ) ) ;
#2046 = CARTESIAN_POINT ( 'NONE',  ( 5.242693333154891278, 2.556369422176579587, -1.906656453359715231 ) ) ;
#2047 = VERTEX_POINT ( 'NONE', #523 ) ;
#2048 = CARTESIAN_POINT ( 'NONE',  ( -9.079812093826032126E-15, 0.7999999999968935294, 0.000000000000000000 ) ) ;
#2049 =( NAMED_UNIT ( * ) SI_UNIT ( $, .STERADIAN. ) SOLID_ANGLE_UNIT ( ) );
#2050 = SURFACE_SIDE_STYLE ('',( #1123 ) ) ;
#2051 = ORIENTED_EDGE ( 'NONE', *, *, #400, .F. ) ;
#2052 = EDGE_CURVE ( 'NONE', #2047, #2450, #1422, .T. ) ;
#2053 = DIRECTION ( 'NONE',  ( -1.000000000000000000, -1.108955646743164336E-14, 0.000000000000000000 ) ) ;
#2054 = LINE ( 'NONE', #47, #253 ) ;
#2055 = ORIENTED_EDGE ( 'NONE', *, *, #619, .F. ) ;
#2056 = DIRECTION ( 'NONE',  ( -1.134976511732661027E-14, 1.000000000000000000, -0.000000000000000000 ) ) ;
#2057 = CIRCLE ( 'NONE', #633, 0.3000000000000007661 ) ;
#2058 = VECTOR ( 'NONE', #1405, 1000.000000000000000 ) ;
#2059 = DIRECTION ( 'NONE',  ( -1.000000000000000000, -1.134976511732661027E-14, 0.000000000000000000 ) ) ;
#2060 = AXIS2_PLACEMENT_3D ( 'NONE', #786, #1698, #1257 ) ;
#2061 = SURFACE_STYLE_FILL_AREA ( #1584 ) ;
#2062 = STYLED_ITEM ( 'NONE', ( #1617 ), #761 ) ;
#2063 = VERTEX_POINT ( 'NONE', #1495 ) ;
#2064 = FILL_AREA_STYLE_COLOUR ( '', #2539 ) ;
#2065 = CARTESIAN_POINT ( 'NONE',  ( 5.820515932999894559, 1.845136054102679113, -1.904504314274535925 ) ) ;
#2066 = ORIENTED_EDGE ( 'NONE', *, *, #2797, .F. ) ;
#2067 = DIRECTION ( 'NONE',  ( 1.134976511732661027E-14, -1.000000000000000000, -0.000000000000000000 ) ) ;
#2068 = CARTESIAN_POINT ( 'NONE',  ( -3.505000000000020322, 1.799999999996853894, 1.230770033143096492E-16 ) ) ;
#2069 = CARTESIAN_POINT ( 'NONE',  ( 5.512741699800171702, 4.162741699796681516, 6.751161477186471143E-16 ) ) ;
#2070 = CYLINDRICAL_SURFACE ( 'NONE', #1657, 1.000000000000000000 ) ;
#2071 = VERTEX_POINT ( 'NONE', #53 ) ;
#2072 =( GEOMETRIC_REPRESENTATION_CONTEXT ( 3 ) GLOBAL_UNCERTAINTY_ASSIGNED_CONTEXT ( ( #2328 ) ) GLOBAL_UNIT_ASSIGNED_CONTEXT ( ( #1130, #1611, #1373 ) ) REPRESENTATION_CONTEXT ( 'NONE', 'WORKASPACE' ) );
#2073 = DIRECTION ( 'NONE',  ( 1.134976511732661027E-14, -1.000000000000000000, 0.000000000000000000 ) ) ;
#2074 = EDGE_CURVE ( 'NONE', #783, #2071, #1834, .T. ) ;
#2075 = PRESENTATION_LAYER_ASSIGNMENT (  '', '', ( #553 ) ) ;
#2076 = LINE ( 'NONE', #1390, #2226 ) ;
#2077 =( NAMED_UNIT ( * ) PLANE_ANGLE_UNIT ( ) SI_UNIT ( $, .RADIAN. ) );
#2078 = ORIENTED_EDGE ( 'NONE', *, *, #2764, .T. ) ;
#2079 = FILL_AREA_STYLE ('',( #2526 ) ) ;
#2080 = COLOUR_RGB ( '',0.2509803921568627416, 0.2509803921568627416, 0.2509803921568627416 ) ;
#2081 = SURFACE_STYLE_FILL_AREA ( #491 ) ;
#2082 = EDGE_LOOP ( 'NONE', ( #1079, #2748, #801, #60 ) ) ;
#2083 = PRESENTATION_STYLE_ASSIGNMENT (( #1384 ) ) ;
#2084 = FACE_OUTER_BOUND ( 'NONE', #368, .T. ) ;
#2085 = STYLED_ITEM ( 'NONE', ( #2100 ), #198 ) ;
#2086 = MECHANICAL_DESIGN_GEOMETRIC_PRESENTATION_REPRESENTATION (  '', ( #1756 ), #2374 ) ;
#2087 = DIRECTION ( 'NONE',  ( 1.134976511732661027E-14, -1.000000000000000000, 0.000000000000000000 ) ) ;
#2088 = COLOUR_RGB ( '',0.2509803921568627416, 0.2509803921568627416, 0.2509803921568627416 ) ;
#2089 = STYLED_ITEM ( 'NONE', ( #2740 ), #107 ) ;
#2090 = EDGE_CURVE ( 'NONE', #2284, #1613, #1549, .T. ) ;
#2091 = EDGE_LOOP ( 'NONE', ( #1972, #435, #2507, #2184 ) ) ;
#2092 = CYLINDRICAL_SURFACE ( 'NONE', #202, 6.349999999999837996 ) ;
#2093 = PRESENTATION_STYLE_ASSIGNMENT (( #2824 ) ) ;
#2094 = ORIENTED_EDGE ( 'NONE', *, *, #704, .T. ) ;
#2095 = CARTESIAN_POINT ( 'NONE',  ( 4.624932431938866273, 0.3799999999969460585, 1.900000000000000799 ) ) ;
#2096 = DIRECTION ( 'NONE',  ( -1.134976511732661027E-14, 1.000000000000000000, -0.000000000000000000 ) ) ;
#2097 = CYLINDRICAL_SURFACE ( 'NONE', #618, 0.2999999999999999334 ) ;
#2098 = ADVANCED_FACE ( 'NONE', ( #2164 ), #2821, .T. ) ;
#2099 = PRESENTATION_LAYER_ASSIGNMENT (  '', '', ( #234 ) ) ;
#2100 = PRESENTATION_STYLE_ASSIGNMENT (( #1835 ) ) ;
#2101 = CARTESIAN_POINT ( 'NONE',  ( 5.938732192301729995, 0.7760804545433680479, 1.905216357004941408 ) ) ;
#2102 = COLOUR_RGB ( '',0.2509803921568627416, 0.2509803921568627416, 0.2509803921568627416 ) ;
#2103 = SURFACE_SIDE_STYLE ('',( #1176 ) ) ;
#2104 = EDGE_CURVE ( 'NONE', #1513, #793, #2506, .T. ) ;
#2105 = MECHANICAL_DESIGN_GEOMETRIC_PRESENTATION_REPRESENTATION (  '', ( #2841 ), #1049 ) ;
#2106 = AXIS2_PLACEMENT_3D ( 'NONE', #17, #2350, #2746 ) ;
#2107 = ORIENTED_EDGE ( 'NONE', *, *, #12, .T. ) ;
#2108 = SURFACE_SIDE_STYLE ('',( #2758 ) ) ;
#2109 = CARTESIAN_POINT ( 'NONE',  ( 5.526393989221061176, 2.056616464737174521, 1.904290016518421558 ) ) ;
#2110 = DIRECTION ( 'NONE',  ( -1.000000000000000000, -1.133716917370698729E-14, 0.000000000000000000 ) ) ;
#2111 = VERTEX_POINT ( 'NONE', #315 ) ;
#2112 = AXIS2_PLACEMENT_3D ( 'NONE', #437, #187, #2701 ) ;
#2113 =( NAMED_UNIT ( * ) PLANE_ANGLE_UNIT ( ) SI_UNIT ( $, .RADIAN. ) );
#2114 = DIRECTION ( 'NONE',  ( 1.000000000000000000, 1.143536619735955098E-14, 0.000000000000000000 ) ) ;
#2115 = SURFACE_SIDE_STYLE ('',( #1633 ) ) ;
#2116 = VECTOR ( 'NONE', #1282, 1000.000000000000000 ) ;
#2117 = CARTESIAN_POINT ( 'NONE',  ( -3.286335345006544006, -3.143752619338968657E-12, -1.700000000000000178 ) ) ;
#2118 = UNCERTAINTY_MEASURE_WITH_UNIT (LENGTH_MEASURE( 1.000000000000000082E-05 ), #1853, 'distance_accuracy_value', 'NONE');
#2119 = SURFACE_STYLE_FILL_AREA ( #2338 ) ;
#2120 = FILL_AREA_STYLE_COLOUR ( '', #2713 ) ;
#2121 = CARTESIAN_POINT ( 'NONE',  ( 5.343738833645067743, 0.3946113539220461042, 1.901264529838905259 ) ) ;
#2122 = CARTESIAN_POINT ( 'NONE',  ( 5.242688709383034329, 2.843590650170680245, 1.906656111776715123 ) ) ;
#2123 = VERTEX_POINT ( 'NONE', #2840 ) ;
#2124 = CARTESIAN_POINT ( 'NONE',  ( 5.356336065224610365, 2.264442323163371018, 1.905826034820304660 ) ) ;
#2125 = DIRECTION ( 'NONE',  ( -1.134976511732661027E-14, 1.000000000000000000, 0.000000000000000000 ) ) ;
#2126 = DIRECTION ( 'NONE',  ( -1.134976511732661027E-14, 1.000000000000000000, -0.000000000000000000 ) ) ;
#2127 = ORIENTED_EDGE ( 'NONE', *, *, #42, .F. ) ;
#2128 = VECTOR ( 'NONE', #225, 1000.000000000000000 ) ;
#2129 = CARTESIAN_POINT ( 'NONE',  ( -2.224553962996360180E-13, 19.99999999999996092, 0.000000000000000000 ) ) ;
#2130 = DIRECTION ( 'NONE',  ( -1.000000000000000000, -1.134976511732661027E-14, 0.000000000000000000 ) ) ;
#2131 = EDGE_CURVE ( 'NONE', #335, #56, #1016, .T. ) ;
#2132 =( NAMED_UNIT ( * ) PLANE_ANGLE_UNIT ( ) SI_UNIT ( $, .RADIAN. ) );
#2133 = DIRECTION ( 'NONE',  ( -1.134976511732661027E-14, 1.000000000000000000, -0.000000000000000000 ) ) ;
#2134 = COLOUR_RGB ( '',0.2509803921568627416, 0.2509803921568627416, 0.2509803921568627416 ) ;
#2135 = PRESENTATION_LAYER_ASSIGNMENT (  '', '', ( #1759 ) ) ;
#2136 = DIRECTION ( 'NONE',  ( -1.134976511732661027E-14, 1.000000000000000000, -0.000000000000000000 ) ) ;
#2137 = PRESENTATION_STYLE_ASSIGNMENT (( #2342 ) ) ;
#2138 = ORIENTED_EDGE ( 'NONE', *, *, #7, .T. ) ;
#2139 = DIRECTION ( 'NONE',  ( 1.000000000000000000, 1.120342244901683445E-14, 0.000000000000000000 ) ) ;
#2140 = SURFACE_SIDE_STYLE ('',( #320 ) ) ;
#2141 = SURFACE_STYLE_USAGE ( .BOTH. , #384 ) ;
#2142 = PRESENTATION_STYLE_ASSIGNMENT (( #1287 ) ) ;
#2143 = UNCERTAINTY_MEASURE_WITH_UNIT (LENGTH_MEASURE( 1.000000000000000082E-05 ), #1767, 'distance_accuracy_value', 'NONE');
#2144 = EDGE_CURVE ( 'NONE', #2525, #1128, #1940, .T. ) ;
#2145 = CARTESIAN_POINT ( 'NONE',  ( -1.750378291813016781E-14, 1.942215432403433972, 0.000000000000000000 ) ) ;
#2146 = DIRECTION ( 'NONE',  ( -1.000000000000000000, -1.126828924566162245E-14, 0.000000000000000000 ) ) ;
#2147 = CYLINDRICAL_SURFACE ( 'NONE', #1901, 3.999999999986235011 ) ;
#2148 = DIRECTION ( 'NONE',  ( -1.134976511732661027E-14, 1.000000000000000000, -0.000000000000000000 ) ) ;
#2149 = ORIENTED_EDGE ( 'NONE', *, *, #2511, .F. ) ;
#2150 = ORIENTED_EDGE ( 'NONE', *, *, #1284, .T. ) ;
#2151 = CARTESIAN_POINT ( 'NONE',  ( 6.078167818614873319, 4.090735021427997609, -1.905984251968487753 ) ) ;
#2152 = STYLED_ITEM ( 'NONE', ( #2875 ), #1612 ) ;
#2153 = STYLED_ITEM ( 'NONE', ( #2407 ), #1363 ) ;
#2154 = VERTEX_POINT ( 'NONE', #791 ) ;
#2155 = SURFACE_STYLE_USAGE ( .BOTH. , #325 ) ;
#2156 = CARTESIAN_POINT ( 'NONE',  ( 3.286335345024445687, 0.7999999999969308329, 1.699999999999999956 ) ) ;
#2157 = DIRECTION ( 'NONE',  ( -1.000000000000000000, -1.134797687957748612E-14, 0.000000000000000000 ) ) ;
#2158 = CARTESIAN_POINT ( 'NONE',  ( 6.349999999999621281, 19.50000000000003553, 7.776507174585494948E-16 ) ) ;
#2159 =( GEOMETRIC_REPRESENTATION_CONTEXT ( 3 ) GLOBAL_UNCERTAINTY_ASSIGNED_CONTEXT ( ( #1886 ) ) GLOBAL_UNIT_ASSIGNED_CONTEXT ( ( #1179, #14, #245 ) ) REPRESENTATION_CONTEXT ( 'NONE', 'WORKASPACE' ) );
#2160 =( GEOMETRIC_REPRESENTATION_CONTEXT ( 3 ) GLOBAL_UNCERTAINTY_ASSIGNED_CONTEXT ( ( #388 ) ) GLOBAL_UNIT_ASSIGNED_CONTEXT ( ( #2038, #1588, #1361 ) ) REPRESENTATION_CONTEXT ( 'NONE', 'WORKASPACE' ) );
#2161 = FACE_OUTER_BOUND ( 'NONE', #736, .T. ) ;
#2162 = AXIS2_PLACEMENT_3D ( 'NONE', #1744, #2605, #1726 ) ;
#2163 = ADVANCED_FACE ( 'NONE', ( #1706 ), #2393, .T. ) ;
#2164 = FACE_OUTER_BOUND ( 'NONE', #1038, .T. ) ;
#2165 = CARTESIAN_POINT ( 'NONE',  ( 6.022733441334552573, 19.73134915596112293, -1.905523520025192097 ) ) ;
#2166 = ORIENTED_EDGE ( 'NONE', *, *, #2183, .F. ) ;
#2167 = MECHANICAL_DESIGN_GEOMETRIC_PRESENTATION_REPRESENTATION (  '', ( #1392 ), #2072 ) ;
#2168 = SURFACE_STYLE_USAGE ( .BOTH. , #1218 ) ;
#2169 = FILL_AREA_STYLE ('',( #338 ) ) ;
#2170 = ORIENTED_EDGE ( 'NONE', *, *, #729, .T. ) ;
#2171 = FILL_AREA_STYLE_COLOUR ( '', #264 ) ;
#2172 = FACE_OUTER_BOUND ( 'NONE', #2660, .T. ) ;
#2173 = DIRECTION ( 'NONE',  ( -1.134976511732661027E-14, 1.000000000000000000, 0.000000000000000000 ) ) ;
#2174 = UNCERTAINTY_MEASURE_WITH_UNIT (LENGTH_MEASURE( 1.000000000000000082E-05 ), #2753, 'distance_accuracy_value', 'NONE');
#2175 = MECHANICAL_DESIGN_GEOMETRIC_PRESENTATION_REPRESENTATION (  '', ( #2307 ), #174 ) ;
#2176 = DIRECTION ( 'NONE',  ( -1.134976511732661027E-14, 1.000000000000000000, -0.000000000000000000 ) ) ;
#2177 =( NAMED_UNIT ( * ) PLANE_ANGLE_UNIT ( ) SI_UNIT ( $, .RADIAN. ) );
#2178 = CIRCLE ( 'NONE', #1265, 4.379999999999999893 ) ;
#2179 = MECHANICAL_DESIGN_GEOMETRIC_PRESENTATION_REPRESENTATION (  '', ( #1112 ), #1559 ) ;
#2180 = CARTESIAN_POINT ( 'NONE',  ( -2.500000000000009770, 0.7999999999968652187, 1.399999999999999911 ) ) ;
#2181 = CIRCLE ( 'NONE', #876, 1.400000000000000133 ) ;
#2182 = EDGE_LOOP ( 'NONE', ( #1616, #1477, #35, #2051 ) ) ;
#2183 = EDGE_CURVE ( 'NONE', #1017, #2726, #1594, .T. ) ;
#2184 = ORIENTED_EDGE ( 'NONE', *, *, #482, .F. ) ;
#2185 = PRESENTATION_LAYER_ASSIGNMENT (  '', '', ( #513 ) ) ;
#2186 = CARTESIAN_POINT ( 'NONE',  ( 3.286335345024454568, -3.069159509871965952E-12, 1.699999999999999956 ) ) ;
#2187 = CARTESIAN_POINT ( 'NONE',  ( 5.782056140867996241, 0.6008264795690430038, -1.904213515461551376 ) ) ;
#2188 = FACE_OUTER_BOUND ( 'NONE', #2769, .T. ) ;
#2189 = ORIENTED_EDGE ( 'NONE', *, *, #2839, .T. ) ;
#2190 = DIRECTION ( 'NONE',  ( 1.000000000000000000, 0.000000000000000000, 0.000000000000000000 ) ) ;
#2191 = FACE_OUTER_BOUND ( 'NONE', #1609, .T. ) ;
#2192 = FILL_AREA_STYLE ('',( #788 ) ) ;
#2193 = PLANE ( 'NONE',  #1183 ) ;
#2194 = CARTESIAN_POINT ( 'NONE',  ( 5.663953980575624492, 3.440944910538284773, 1.903437228270634662 ) ) ;
#2195 = CARTESIAN_POINT ( 'NONE',  ( -2.258603258347991103E-13, 19.89999999999996305, 0.000000000000000000 ) ) ;
#2196 = ORIENTED_EDGE ( 'NONE', *, *, #2768, .F. ) ;
#2197 = ORIENTED_EDGE ( 'NONE', *, *, #1383, .F. ) ;
#2198 = DIRECTION ( 'NONE',  ( -1.134976511732661027E-14, 1.000000000000000000, 0.000000000000000000 ) ) ;
#2199 = CARTESIAN_POINT ( 'NONE',  ( -9.079812093826032126E-15, 0.7999999999968935294, 0.000000000000000000 ) ) ;
#2200 = ADVANCED_FACE ( 'NONE', ( #1607 ), #875, .T. ) ;
#2201 = AXIS2_PLACEMENT_3D ( 'NONE', #1482, #2402, #340 ) ;
#2202 = VERTEX_POINT ( 'NONE', #189 ) ;
#2203 = B_SPLINE_CURVE_WITH_KNOTS ( 'NONE', 3,
 ( #2791, #1136, #2065, #914, #1378, #1004, #1712, #1944, #304, #2349, #1251, #2623, #1974, #1269, #559, #1678, #573, #2857, #2187, #2873, #796, #1911, #2641, #754, #813, #2574, #1479, #1464, #121, #1199, #2398 ),
 .UNSPECIFIED., .F., .F.,
 ( 4, 2, 2, 2, 2, 2, 2, 2, 2, 2, 2, 2, 1, 2, 2, 4 ),
 ( 0.000000000000000000, 0.1249999999999991118, 0.1874999999999989453, 0.2499999999999987788, 0.3749999999999985567, 0.4374999999999983347, 0.4999999999999981126, 0.6249999999999975575, 0.6874999999999973355, 0.7187499999999972244, 0.7499999999999971134, 0.8124999999999956701, 0.8437499999999954481, 0.8593749999999958922, 0.8749999999999963363, 1.000000000000000000 ),
 .UNSPECIFIED. ) ;
#2204 = DIRECTION ( 'NONE',  ( -1.134976511732661027E-14, 1.000000000000000000, -0.000000000000000000 ) ) ;
#2205 =( GEOMETRIC_REPRESENTATION_CONTEXT ( 3 ) GLOBAL_UNCERTAINTY_ASSIGNED_CONTEXT ( ( #83 ) ) GLOBAL_UNIT_ASSIGNED_CONTEXT ( ( #1118, #2830, #1521 ) ) REPRESENTATION_CONTEXT ( 'NONE', 'WORKASPACE' ) );
#2206 = VECTOR ( 'NONE', #1472, 1000.000000000000000 ) ;
#2207 = EDGE_CURVE ( 'NONE', #1595, #2941, #116, .T. ) ;
#2208 = UNCERTAINTY_MEASURE_WITH_UNIT (LENGTH_MEASURE( 1.000000000000000082E-05 ), #2770, 'distance_accuracy_value', 'NONE');
#2209 =( GEOMETRIC_REPRESENTATION_CONTEXT ( 3 ) GLOBAL_UNCERTAINTY_ASSIGNED_CONTEXT ( ( #1699 ) ) GLOBAL_UNIT_ASSIGNED_CONTEXT ( ( #1894, #2809, #2049 ) ) REPRESENTATION_CONTEXT ( 'NONE', 'WORKASPACE' ) );
#2210 = DIRECTION ( 'NONE',  ( 1.000000000000000000, 1.143536619735955098E-14, 0.000000000000000000 ) ) ;
#2211 =( GEOMETRIC_REPRESENTATION_CONTEXT ( 3 ) GLOBAL_UNCERTAINTY_ASSIGNED_CONTEXT ( ( #1670 ) ) GLOBAL_UNIT_ASSIGNED_CONTEXT ( ( #626, #109, #2628 ) ) REPRESENTATION_CONTEXT ( 'NONE', 'WORKASPACE' ) );
#2212 = ORIENTED_EDGE ( 'NONE', *, *, #2281, .T. ) ;
#2213 = CARTESIAN_POINT ( 'NONE',  ( -3.505000000000020322, 1.799999999996853894, 1.230770033143089590E-16 ) ) ;
#2214 = EDGE_LOOP ( 'NONE', ( #43, #152, #2036, #336 ) ) ;
#2215 = DIRECTION ( 'NONE',  ( -1.000000000000000000, -1.134976511732661027E-14, 0.000000000000000000 ) ) ;
#2216 =( LENGTH_UNIT ( ) NAMED_UNIT ( * ) SI_UNIT ( .MILLI., .METRE. ) );
#2217 = CYLINDRICAL_SURFACE ( 'NONE', #677, 1.004999999999999893 ) ;
#2218 = VECTOR ( 'NONE', #952, 1000.000000000000000 ) ;
#2219 = CARTESIAN_POINT ( 'NONE',  ( 2.499999999999995559, 0.4000000000000283884, 0.000000000000000000 ) ) ;
#2220 = ADVANCED_FACE ( 'NONE', ( #2016 ), #2414, .T. ) ;
#2221 =( NAMED_UNIT ( * ) SI_UNIT ( $, .STERADIAN. ) SOLID_ANGLE_UNIT ( ) );
#2222 = COLOUR_RGB ( '',0.2509803921568627416, 0.2509803921568627416, 0.2509803921568627416 ) ;
#2223 = STYLED_ITEM ( 'NONE', ( #2619 ), #2461 ) ;
#2224 = CARTESIAN_POINT ( 'NONE',  ( 2.499999999999990674, 0.7999999999969219511, 1.399999999999999911 ) ) ;
#2225 = EDGE_CURVE ( 'NONE', #100, #185, #2054, .T. ) ;
#2226 = VECTOR ( 'NONE', #745, 1000.000000000000000 ) ;
#2227 =( GEOMETRIC_REPRESENTATION_CONTEXT ( 3 ) GLOBAL_UNCERTAINTY_ASSIGNED_CONTEXT ( ( #683 ) ) GLOBAL_UNIT_ASSIGNED_CONTEXT ( ( #2626, #578, #1503 ) ) REPRESENTATION_CONTEXT ( 'NONE', 'WORKASPACE' ) );
#2228 = EDGE_LOOP ( 'NONE', ( #2756, #877, #283, #1381, #1570, #1992, #710, #2196, #1321, #2638, #2876, #317, #556, #1696, #1231 ) ) ;
#2229 = SURFACE_STYLE_FILL_AREA ( #667 ) ;
#2230 = LINE ( 'NONE', #1081, #1193 ) ;
#2231 = FILL_AREA_STYLE_COLOUR ( '', #2736 ) ;
#2232 = UNCERTAINTY_MEASURE_WITH_UNIT (LENGTH_MEASURE( 1.000000000000000082E-05 ), #873, 'distance_accuracy_value', 'NONE');
#2233 = CARTESIAN_POINT ( 'NONE',  ( 3.286335345030996447, -3.069159509871965952E-12, -1.700000000000000400 ) ) ;
#2234 = DIRECTION ( 'NONE',  ( 1.000000000000000000, 1.134976511732661027E-14, 0.000000000000000000 ) ) ;
#2235 = EDGE_CURVE ( 'NONE', #1523, #1532, #1509, .T. ) ;
#2236 = FILL_AREA_STYLE_COLOUR ( '', #360 ) ;
#2237 = ORIENTED_EDGE ( 'NONE', *, *, #190, .T. ) ;
#2238 = CARTESIAN_POINT ( 'NONE',  ( 2.499999999999979572, 1.799999999996922062, 0.000000000000000000 ) ) ;
#2239 = CARTESIAN_POINT ( 'NONE',  ( -3.505000000000008775, 0.7999999999968537834, 1.230770033143089590E-16 ) ) ;
#2240 = AXIS2_PLACEMENT_3D ( 'NONE', #1761, #1300, #1333 ) ;
#2241 = CARTESIAN_POINT ( 'NONE',  ( -2.500000000000009326, 0.7999999999968652187, 0.000000000000000000 ) ) ;
#2242 = FILL_AREA_STYLE_COLOUR ( '', #2134 ) ;
#2243 = PRESENTATION_LAYER_ASSIGNMENT (  '', '', ( #1870 ) ) ;
#2244 =( LENGTH_UNIT ( ) NAMED_UNIT ( * ) SI_UNIT ( .MILLI., .METRE. ) );
#2245 = VERTEX_POINT ( 'NONE', #2547 ) ;
#2246 = FILL_AREA_STYLE ('',( #1319 ) ) ;
#2247 = MECHANICAL_DESIGN_GEOMETRIC_PRESENTATION_REPRESENTATION (  '', ( #441 ), #1492 ) ;
#2248 = EDGE_CURVE ( 'NONE', #1690, #1050, #2817, .T. ) ;
#2249 = AXIS2_PLACEMENT_3D ( 'NONE', #2348, #715, #31 ) ;
#2250 = ORIENTED_EDGE ( 'NONE', *, *, #651, .T. ) ;
#2251 = DIRECTION ( 'NONE',  ( -1.134976511732661027E-14, 1.000000000000000000, 0.000000000000000000 ) ) ;
#2252 = DIRECTION ( 'NONE',  ( 1.134976511732661027E-14, -1.000000000000000000, 0.000000000000000000 ) ) ;
#2253 = DIRECTION ( 'NONE',  ( -1.134976511732661027E-14, 1.000000000000000000, -0.000000000000000000 ) ) ;
#2254 = DIRECTION ( 'NONE',  ( -1.000000000000000000, -1.134976511732661027E-14, 0.000000000000000000 ) ) ;
#2255 = PRESENTATION_LAYER_ASSIGNMENT (  '', '', ( #1831 ) ) ;
#2256 = SURFACE_STYLE_FILL_AREA ( #1723 ) ;
#2257 = ORIENTED_EDGE ( 'NONE', *, *, #603, .T. ) ;
#2258 = DIRECTION ( 'NONE',  ( 1.000000000000000000, 1.134976511732662131E-14, 0.000000000000000000 ) ) ;
#2259 = DIRECTION ( 'NONE',  ( 1.134976511732661027E-14, -1.000000000000000000, 0.000000000000000000 ) ) ;
#2260 = AXIS2_PLACEMENT_3D ( 'NONE', #617, #2435, #1471 ) ;
#2261 = AXIS2_PLACEMENT_3D ( 'NONE', #863, #2274, #2053 ) ;
#2262 = FILL_AREA_STYLE_COLOUR ( '', #550 ) ;
#2263 = MANIFOLD_SURFACE_SHAPE_REPRESENTATION ( 'CAP_ALU_THT_5P_12D5_20H', ( #1720, #1789 ), #864 ) ;
#2264 = EDGE_CURVE ( 'NONE', #2855, #1529, #913, .T. ) ;
#2265 = B_SPLINE_CURVE_WITH_KNOTS ( 'NONE', 3,
 ( #394, #2637, #1247, #2165, #2411, #2427, #378, #150, #1989, #620, #1295, #1101, #1552, #409, #2009, #663, #2456, #2917, #182, #219 ),
 .UNSPECIFIED., .F., .F.,
 ( 4, 2, 2, 2, 2, 2, 2, 2, 2, 4 ),
 ( 0.000000000000000000, 0.2499999999999784617, 0.3749999999999733546, 0.4374999999999699685, 0.4999999999999665823, 0.6249999999999712452, 0.6874999999999747979, 0.7187499999999752420, 0.7499999999999756861, 1.000000000000000000 ),
 .UNSPECIFIED. ) ;
#2266 = ORIENTED_EDGE ( 'NONE', *, *, #1042, .T. ) ;
#2267 = AXIS2_PLACEMENT_3D ( 'NONE', #1416, #1431, #2130 ) ;
#2268 = PRESENTATION_LAYER_ASSIGNMENT (  '', '', ( #2062 ) ) ;
#2269 = CARTESIAN_POINT ( 'NONE',  ( 5.425542261987040149, 3.234734093034448588, -1.905127940942704878 ) ) ;
#2270 = FILL_AREA_STYLE ('',( #2231 ) ) ;
#2271 = MECHANICAL_DESIGN_GEOMETRIC_PRESENTATION_REPRESENTATION (  '', ( #28 ), #1114 ) ;
#2272 = ORIENTED_EDGE ( 'NONE', *, *, #2511, .T. ) ;
#2273 = FACE_OUTER_BOUND ( 'NONE', #1423, .T. ) ;
#2274 = DIRECTION ( 'NONE',  ( -1.134976511732661027E-14, 1.000000000000000000, 0.000000000000000000 ) ) ;
#2275 = ORIENTED_EDGE ( 'NONE', *, *, #2144, .T. ) ;
#2276 = FILL_AREA_STYLE ('',( #2044 ) ) ;
#2277 =( LENGTH_UNIT ( ) NAMED_UNIT ( * ) SI_UNIT ( .MILLI., .METRE. ) );
#2278 = PRESENTATION_STYLE_ASSIGNMENT (( #1597 ) ) ;
#2279 = ORIENTED_EDGE ( 'NONE', *, *, #541, .T. ) ;
#2280 = CARTESIAN_POINT ( 'NONE',  ( -4.380000000000227267, 19.99999999999991473, 0.000000000000000000 ) ) ;
#2281 = EDGE_CURVE ( 'NONE', #13, #672, #1250, .T. ) ;
#2282 = CARTESIAN_POINT ( 'NONE',  ( 5.426035612641379124, 2.164663406433449122, 1.905125206289532969 ) ) ;
#2283 = CARTESIAN_POINT ( 'NONE',  ( 2.499999999999991118, 0.7999999999969220621, 0.000000000000000000 ) ) ;
#2284 = VERTEX_POINT ( 'NONE', #2831 ) ;
#2285 = FILL_AREA_STYLE_COLOUR ( '', #2080 ) ;
#2286 = PRESENTATION_STYLE_ASSIGNMENT (( #2314 ) ) ;
#2287 = FILL_AREA_STYLE_COLOUR ( '', #1606 ) ;
#2288 = EDGE_CURVE ( 'NONE', #891, #2871, #1306, .T. ) ;
#2289 = LINE ( 'NONE', #1775, #434 ) ;
#2290 = STYLED_ITEM ( 'NONE', ( #1198 ), #1059 ) ;
#2291 = FILL_AREA_STYLE ('',( #725 ) ) ;
#2292 = VERTEX_POINT ( 'NONE', #2562 ) ;
#2293 = CIRCLE ( 'NONE', #402, 5.000000000000000000 ) ;
#2294 = DIRECTION ( 'NONE',  ( -1.000000000000000000, -1.130157366609722474E-14, 0.000000000000000000 ) ) ;
#2295 = AXIS2_PLACEMENT_3D ( 'NONE', #266, #2555, #32 ) ;
#2296 = DIRECTION ( 'NONE',  ( 1.000000000000000000, 1.143536619735955098E-14, 0.000000000000000000 ) ) ;
#2297 = VECTOR ( 'NONE', #543, 1000.000000000000000 ) ;
#2298 = EDGE_LOOP ( 'NONE', ( #1445, #301 ) ) ;
#2299 = CARTESIAN_POINT ( 'NONE',  ( 2.499999999999991118, 0.7999999999969219511, -1.399999999999999911 ) ) ;
#2300 = SURFACE_STYLE_USAGE ( .BOTH. , #1364 ) ;
#2301 = ORIENTED_EDGE ( 'NONE', *, *, #1877, .F. ) ;
#2302 = CARTESIAN_POINT ( 'NONE',  ( 3.946441435014360621, 20.02000000000000668, 1.899999999999999911 ) ) ;
#2303 = CARTESIAN_POINT ( 'NONE',  ( 4.379999999999773408, 20.00000000000001066, 5.363952980265407496E-16 ) ) ;
#2304 = EDGE_CURVE ( 'NONE', #1005, #591, #289, .T. ) ;
#2305 = VECTOR ( 'NONE', #2148, 1000.000000000000000 ) ;
#2306 = PRESENTATION_STYLE_ASSIGNMENT (( #2599 ) ) ;
#2307 = STYLED_ITEM ( 'NONE', ( #415 ), #2874 ) ;
#2308 = EDGE_CURVE ( 'NONE', #1005, #991, #1160, .T. ) ;
#2309 = VERTEX_POINT ( 'NONE', #472 ) ;
#2310 = COLOUR_RGB ( '',0.7921568627450980005, 0.8196078431372548767, 0.9333333333333333481 ) ;
#2311 = CIRCLE ( 'NONE', #2863, 0.2999999999999999334 ) ;
#2312 = ORIENTED_EDGE ( 'NONE', *, *, #190, .F. ) ;
#2313 = FILL_AREA_STYLE ('',( #1125 ) ) ;
#2314 = SURFACE_STYLE_USAGE ( .BOTH. , #62 ) ;
#2315 = B_SPLINE_CURVE_WITH_KNOTS ( 'NONE', 3,
 ( #1180, #2527, #2109, #956, #2282, #2759, #1600, #2808, #303, #2124, #71, #2514, #246 ),
 .UNSPECIFIED., .F., .F.,
 ( 4, 2, 2, 1, 2, 2, 4 ),
 ( 0.000000000000000000, 0.1250076303378445663, 0.1875114455067665720, 0.2187633530912280189, 0.2343893068834592697, 0.2500152606756904650, 0.5000305213513807079 ),
 .UNSPECIFIED. ) ;
#2316 = CARTESIAN_POINT ( 'NONE',  ( -2.500000000000000444, -3.134862161524587520E-12, 1.399999999999999911 ) ) ;
#2317 = AXIS2_PLACEMENT_3D ( 'NONE', #1208, #1671, #2146 ) ;
#2318 =( LENGTH_UNIT ( ) NAMED_UNIT ( * ) SI_UNIT ( .MILLI., .METRE. ) );
#2319 = AXIS2_PLACEMENT_3D ( 'NONE', #535, #2549, #1389 ) ;
#2320 = CARTESIAN_POINT ( 'NONE',  ( 5.804102741348045491, 19.95265934137259123, 1.903109904327886515 ) ) ;
#2321 = UNCERTAINTY_MEASURE_WITH_UNIT (LENGTH_MEASURE( 1.000000000000000082E-05 ), #326, 'distance_accuracy_value', 'NONE');
#2322 = AXIS2_PLACEMENT_3D ( 'NONE', #673, #2259, #1077 ) ;
#2323 = CARTESIAN_POINT ( 'NONE',  ( -3.552794967570132911, 0.7999999999968532283, 1.837837837837755117 ) ) ;
#2324 = MECHANICAL_DESIGN_GEOMETRIC_PRESENTATION_REPRESENTATION (  '', ( #2715 ), #133 ) ;
#2325 = EDGE_CURVE ( 'NONE', #240, #2813, #1486, .T. ) ;
#2326 = SURFACE_STYLE_USAGE ( .BOTH. , #275 ) ;
#2327 = DIRECTION ( 'NONE',  ( 1.134976511732661027E-14, -1.000000000000000000, -0.000000000000000000 ) ) ;
#2328 = UNCERTAINTY_MEASURE_WITH_UNIT (LENGTH_MEASURE( 1.000000000000000082E-05 ), #1130, 'distance_accuracy_value', 'NONE');
#2329 = ORIENTED_EDGE ( 'NONE', *, *, #2288, .T. ) ;
#2330 = CARTESIAN_POINT ( 'NONE',  ( -3.286335344975547024, -3.143752619338968657E-12, -1.399999999999999689 ) ) ;
#2331 =( NAMED_UNIT ( * ) SI_UNIT ( $, .STERADIAN. ) SOLID_ANGLE_UNIT ( ) );
#2332 =( LENGTH_UNIT ( ) NAMED_UNIT ( * ) SI_UNIT ( .MILLI., .METRE. ) );
#2333 = ORIENTED_EDGE ( 'NONE', *, *, #2510, .T. ) ;
#2334 = PRESENTATION_STYLE_ASSIGNMENT (( #2577 ) ) ;
#2335 =( LENGTH_UNIT ( ) NAMED_UNIT ( * ) SI_UNIT ( .MILLI., .METRE. ) );
#2336 = DIRECTION ( 'NONE',  ( 1.134976511732661027E-14, -1.000000000000000000, 0.000000000000000000 ) ) ;
#2337 = CARTESIAN_POINT ( 'NONE',  ( 6.078167818614698348, 19.50000000000003197, 1.905984251968504406 ) ) ;
#2338 = FILL_AREA_STYLE ('',( #2565 ) ) ;
#2339 = MECHANICAL_DESIGN_GEOMETRIC_PRESENTATION_REPRESENTATION (  '', ( #234 ), #1868 ) ;
#2340 = CARTESIAN_POINT ( 'NONE',  ( 5.963538453035964970, 0.8155891317554503361, 1.905353466265810924 ) ) ;
#2341 = PRESENTATION_LAYER_ASSIGNMENT (  '', '', ( #1982 ) ) ;
#2342 = SURFACE_STYLE_USAGE ( .BOTH. , #2103 ) ;
#2343 = CIRCLE ( 'NONE', #398, 1.004999999999999893 ) ;
#2344 = VECTOR ( 'NONE', #2575, 1000.000000000000000 ) ;
#2345 = EDGE_CURVE ( 'NONE', #850, #1376, #1386, .T. ) ;
#2346 = ORIENTED_EDGE ( 'NONE', *, *, #2308, .T. ) ;
#2347 = DIRECTION ( 'NONE',  ( -1.000000000000000000, -1.143773720424297364E-14, 1.776356839400250465E-15 ) ) ;
#2348 = CARTESIAN_POINT ( 'NONE',  ( 6.450000000005013057, 2.699999999999876721, 7.898971854506599556E-16 ) ) ;
#2349 = CARTESIAN_POINT ( 'NONE',  ( 6.079212996813358139, 1.215410001804140272, -1.906012324284022785 ) ) ;
#2350 = DIRECTION ( 'NONE',  ( -1.134976511732661027E-14, 1.000000000000000000, -0.000000000000000000 ) ) ;
#2351 = ORIENTED_EDGE ( 'NONE', *, *, #223, .F. ) ;
#2352 = PRESENTATION_LAYER_ASSIGNMENT (  '', '', ( #104 ) ) ;
#2353 = FILL_AREA_STYLE ('',( #1139 ) ) ;
#2354 = CARTESIAN_POINT ( 'NONE',  ( 5.678009654847854470, 20.00158602004662711, 1.901714333698004911 ) ) ;
#2355 = UNCERTAINTY_MEASURE_WITH_UNIT (LENGTH_MEASURE( 1.000000000000000082E-05 ), #2400, 'distance_accuracy_value', 'NONE');
#2356 =( NAMED_UNIT ( * ) PLANE_ANGLE_UNIT ( ) SI_UNIT ( $, .RADIAN. ) );
#2357 = SURFACE_SIDE_STYLE ('',( #730 ) ) ;
#2358 = AXIS2_PLACEMENT_3D ( 'NONE', #960, #2067, #19 ) ;
#2359 = DIRECTION ( 'NONE',  ( -1.134976511732661027E-14, 1.000000000000000000, -0.000000000000000000 ) ) ;
#2360 = VECTOR ( 'NONE', #2327, 1000.000000000000000 ) ;
#2361 = UNCERTAINTY_MEASURE_WITH_UNIT (LENGTH_MEASURE( 1.000000000000000082E-05 ), #2244, 'distance_accuracy_value', 'NONE');
#2362 = ORIENTED_EDGE ( 'NONE', *, *, #1200, .F. ) ;
#2363 = CARTESIAN_POINT ( 'NONE',  ( -5.512741699800165485, 0.3999999999967995268, 0.000000000000000000 ) ) ;
#2364 = FILL_AREA_STYLE_COLOUR ( '', #823 ) ;
#2365 = EDGE_CURVE ( 'NONE', #1267, #1795, #1210, .T. ) ;
#2366 =( NAMED_UNIT ( * ) SI_UNIT ( $, .STERADIAN. ) SOLID_ANGLE_UNIT ( ) );
#2367 = FILL_AREA_STYLE ('',( #1203 ) ) ;
#2368 = CARTESIAN_POINT ( 'NONE',  ( -2.258603258347991103E-13, 19.89999999999996305, 0.000000000000000000 ) ) ;
#2369 = FILL_AREA_STYLE ('',( #1205 ) ) ;
#2370 = CARTESIAN_POINT ( 'NONE',  ( -5.220891953973730422E-14, 5.000000000000000000, 0.000000000000000000 ) ) ;
#2371 = AXIS2_PLACEMENT_3D ( 'NONE', #2117, #2087, #2521 ) ;
#2372 = SURFACE_STYLE_FILL_AREA ( #2631 ) ;
#2373 = AXIS2_PLACEMENT_3D ( 'NONE', #10, #762, #2294 ) ;
#2374 =( GEOMETRIC_REPRESENTATION_CONTEXT ( 3 ) GLOBAL_UNCERTAINTY_ASSIGNED_CONTEXT ( ( #414 ) ) GLOBAL_UNIT_ASSIGNED_CONTEXT ( ( #1736, #1967, #1918 ) ) REPRESENTATION_CONTEXT ( 'NONE', 'WORKASPACE' ) );
#2375 = DIRECTION ( 'NONE',  ( -1.000000000000000000, -1.120342244901706006E-14, 0.000000000000000000 ) ) ;
#2376 = AXIS2_PLACEMENT_3D ( 'NONE', #1222, #845, #1731 ) ;
#2377 = CARTESIAN_POINT ( 'NONE',  ( 5.274375254537572388, 0.3839843288493413609, 1.900763386168403901 ) ) ;
#2378 =( NAMED_UNIT ( * ) SI_UNIT ( $, .STERADIAN. ) SOLID_ANGLE_UNIT ( ) );
#2379 = CARTESIAN_POINT ( 'NONE',  ( 5.532856405148758761, 20.02000000000002444, 1.899999999999997469 ) ) ;
#2380 = ORIENTED_EDGE ( 'NONE', *, *, #2304, .F. ) ;
#2381 = LINE ( 'NONE', #2397, #2116 ) ;
#2382 =( NAMED_UNIT ( * ) SI_UNIT ( $, .STERADIAN. ) SOLID_ANGLE_UNIT ( ) );
#2383 = FILL_AREA_STYLE ('',( #829 ) ) ;
#2384 = ORIENTED_EDGE ( 'NONE', *, *, #738, .T. ) ;
#2385 = CARTESIAN_POINT ( 'NONE',  ( 0.000000000000000000, 0.000000000000000000, 0.000000000000000000 ) ) ;
#2386 = DIRECTION ( 'NONE',  ( 0.7071067811865388020, 0.7071067811865563435, 8.659560562354920532E-17 ) ) ;
#2387 = FACE_OUTER_BOUND ( 'NONE', #815, .T. ) ;
#2388 = DIRECTION ( 'NONE',  ( 1.000000000000000000, 1.120342244901685023E-14, 0.000000000000000000 ) ) ;
#2389 = CARTESIAN_POINT ( 'NONE',  ( -6.450000000005065459, 2.699999999999730171, 0.000000000000000000 ) ) ;
#2390 = EDGE_CURVE ( 'NONE', #2576, #2111, #123, .T. ) ;
#2391 = DIRECTION ( 'NONE',  ( 1.000000000000000000, 1.105886215935214207E-14, 0.000000000000000000 ) ) ;
#2392 =( NAMED_UNIT ( * ) PLANE_ANGLE_UNIT ( ) SI_UNIT ( $, .RADIAN. ) );
#2393 = CYLINDRICAL_SURFACE ( 'NONE', #1695, 0.3000000000000007661 ) ;
#2394 = ORIENTED_EDGE ( 'NONE', *, *, #2545, .F. ) ;
#2395 = ORIENTED_EDGE ( 'NONE', *, *, #1605, .F. ) ;
#2396 = CIRCLE ( 'NONE', #1087, 1.004999999999999893 ) ;
#2397 = CARTESIAN_POINT ( 'NONE',  ( -2.226823916019826055E-13, 20.01999999999996049, -1.899999999999999467 ) ) ;
#2398 = CARTESIAN_POINT ( 'NONE',  ( 5.174970632642707180, 0.3799999999969209674, -1.899999999999957501 ) ) ;
#2399 = AXIS2_PLACEMENT_3D ( 'NONE', #833, #2629, #1448 ) ;
#2400 =( LENGTH_UNIT ( ) NAMED_UNIT ( * ) SI_UNIT ( .MILLI., .METRE. ) );
#2401 = VERTEX_POINT ( 'NONE', #805 ) ;
#2402 = DIRECTION ( 'NONE',  ( 1.134976511732661027E-14, -1.000000000000000000, 0.000000000000000000 ) ) ;
#2403 =( NAMED_UNIT ( * ) SI_UNIT ( $, .STERADIAN. ) SOLID_ANGLE_UNIT ( ) );
#2404 = DIRECTION ( 'NONE',  ( 0.000000000000000000, -0.000000000000000000, -1.000000000000000000 ) ) ;
#2405 = CARTESIAN_POINT ( 'NONE',  ( -4.539906046895386599E-15, 0.3999999999968935627, 0.000000000000000000 ) ) ;
#2406 = SURFACE_STYLE_USAGE ( .BOTH. , #2670 ) ;
#2407 = PRESENTATION_STYLE_ASSIGNMENT (( #1491 ) ) ;
#2408 = EDGE_CURVE ( 'NONE', #1017, #335, #2755, .T. ) ;
#2409 = DIRECTION ( 'NONE',  ( 1.000000000000000000, 1.156482317317890066E-14, 0.000000000000000000 ) ) ;
#2410 = CARTESIAN_POINT ( 'NONE',  ( 5.331849720449633345, 3.092433434587496421, 1.906015781900800343 ) ) ;
#2411 = CARTESIAN_POINT ( 'NONE',  ( 6.005400797062246276, 19.76224683450319475, -1.905326417495686542 ) ) ;
#2412 = EDGE_LOOP ( 'NONE', ( #2431, #2918, #2301, #2362 ) ) ;
#2413 = VECTOR ( 'NONE', #780, 1000.000000000000000 ) ;
#2414 = TOROIDAL_SURFACE ( 'NONE', #2802, 5.512741699800214334, 0.8572583001996201268 ) ;
#2415 = EDGE_LOOP ( 'NONE', ( #2237, #1841 ) ) ;
#2416 = SURFACE_STYLE_FILL_AREA ( #1520 ) ;
#2417 = SURFACE_SIDE_STYLE ('',( #146 ) ) ;
#2418 = CARTESIAN_POINT ( 'NONE',  ( -2.272222976488783321E-13, 20.01999999999996049, 0.000000000000000000 ) ) ;
#2419 = PRESENTATION_LAYER_ASSIGNMENT (  '', '', ( #609 ) ) ;
#2420 = SURFACE_STYLE_USAGE ( .BOTH. , #2832 ) ;
#2421 = SURFACE_SIDE_STYLE ('',( #1719 ) ) ;
#2422 = AXIS2_PLACEMENT_3D ( 'NONE', #2405, #2630, #1685 ) ;
#2423 =( GEOMETRIC_REPRESENTATION_CONTEXT ( 3 ) GLOBAL_UNCERTAINTY_ASSIGNED_CONTEXT ( ( #1214 ) ) GLOBAL_UNIT_ASSIGNED_CONTEXT ( ( #1385, #1668, #951 ) ) REPRESENTATION_CONTEXT ( 'NONE', 'WORKASPACE' ) );
#2424 = AXIS2_PLACEMENT_3D ( 'NONE', #950, #2546, #1881 ) ;
#2425 = EDGE_CURVE ( 'NONE', #666, #902, #2311, .T. ) ;
#2426 = AXIS2_PLACEMENT_3D ( 'NONE', #909, #1175, #1409 ) ;
#2427 = CARTESIAN_POINT ( 'NONE',  ( 5.974509238738090033, 19.80592254210171888, -1.904965067380380184 ) ) ;
#2428 = VERTEX_POINT ( 'NONE', #2158 ) ;
#2429 = EDGE_CURVE ( 'NONE', #2620, #1527, #2178, .T. ) ;
#2430 = CARTESIAN_POINT ( 'NONE',  ( -3.586335345006553155, 0.7999999999968528952, -1.700000000000000178 ) ) ;
#2431 = ORIENTED_EDGE ( 'NONE', *, *, #2496, .F. ) ;
#2432 =( NAMED_UNIT ( * ) SI_UNIT ( $, .STERADIAN. ) SOLID_ANGLE_UNIT ( ) );
#2433 = DIRECTION ( 'NONE',  ( 1.000000000000000000, 1.120342244901688178E-14, 0.000000000000000000 ) ) ;
#2434 = ORIENTED_EDGE ( 'NONE', *, *, #405, .F. ) ;
#2435 = DIRECTION ( 'NONE',  ( -1.134976511732661027E-14, 1.000000000000000000, -0.000000000000000000 ) ) ;
#2436 = DIRECTION ( 'NONE',  ( -1.134976511732661027E-14, 1.000000000000000000, -0.000000000000000000 ) ) ;
#2437 = ORIENTED_EDGE ( 'NONE', *, *, #1383, .T. ) ;
#2438 = ORIENTED_EDGE ( 'NONE', *, *, #405, .T. ) ;
#2439 = CIRCLE ( 'NONE', #1536, 6.369999999999838458 ) ;
#2440 = SURFACE_STYLE_FILL_AREA ( #167 ) ;
#2441 = TOROIDAL_SURFACE ( 'NONE', #2240, 5.512741699805173035, 0.8372583002011443343 ) ;
#2442 = ADVANCED_FACE ( 'NONE', ( #567 ), #342, .T. ) ;
#2443 = ORIENTED_EDGE ( 'NONE', *, *, #1149, .T. ) ;
#2444 = DIRECTION ( 'NONE',  ( 1.134976511732661027E-14, -1.000000000000000000, 0.000000000000000000 ) ) ;
#2445 = AXIS2_PLACEMENT_3D ( 'NONE', #768, #2126, #73 ) ;
#2446 = AXIS2_PLACEMENT_3D ( 'NONE', #853, #1108, #682 ) ;
#2447 = MECHANICAL_DESIGN_GEOMETRIC_PRESENTATION_REPRESENTATION (  '', ( #1133 ), #1427 ) ;
#2448 = UNCERTAINTY_MEASURE_WITH_UNIT (LENGTH_MEASURE( 1.000000000000000082E-05 ), #87, 'distance_accuracy_value', 'NONE');
#2449 = TOROIDAL_SURFACE ( 'NONE', #2295, 6.450000000005039702, 0.8800000000042692561 ) ;
#2450 = VERTEX_POINT ( 'NONE', #2596 ) ;
#2451 = DIRECTION ( 'NONE',  ( -1.115179377413650795E-14, 1.000000000000000000, 0.000000000000000000 ) ) ;
#2452 = CARTESIAN_POINT ( 'NONE',  ( -3.286335344975555905, 0.7999999999968563369, -1.399999999999999689 ) ) ;
#2453 = CIRCLE ( 'NONE', #106, 5.512741699800165485 ) ;
#2454 = ADVANCED_FACE ( 'NONE', ( #1056 ), #369, .T. ) ;
#2455 = FILL_AREA_STYLE_COLOUR ( '', #149 ) ;
#2456 = CARTESIAN_POINT ( 'NONE',  ( 5.743938234845274771, 19.97972210383152714, -1.902428166142748234 ) ) ;
#2457 = CYLINDRICAL_SURFACE ( 'NONE', #1891, 5.000000000000000000 ) ;
#2458 = ORIENTED_EDGE ( 'NONE', *, *, #2674, .T. ) ;
#2459 = STYLED_ITEM ( 'NONE', ( #1220 ), #2263 ) ;
#2460 = VECTOR ( 'NONE', #168, 1000.000000000000000 ) ;
#2461 = ADVANCED_FACE ( 'NONE', ( #1437 ), #2147, .T. ) ;
#2462 = DIRECTION ( 'NONE',  ( -1.000000000000000000, -1.134976511732666864E-14, 0.000000000000000000 ) ) ;
#2463 = SURFACE_STYLE_FILL_AREA ( #1071 ) ;
#2464 = MECHANICAL_DESIGN_GEOMETRIC_PRESENTATION_REPRESENTATION (  '', ( #647 ), #1102 ) ;
#2465 = SURFACE_SIDE_STYLE ('',( #1787 ) ) ;
#2466 =( LENGTH_UNIT ( ) NAMED_UNIT ( * ) SI_UNIT ( .MILLI., .METRE. ) );
#2467 = CIRCLE ( 'NONE', #258, 1.000000000000000222 ) ;
#2468 = STYLED_ITEM ( 'NONE', ( #1936 ), #2454 ) ;
#2469 = SURFACE_STYLE_USAGE ( .BOTH. , #632 ) ;
#2470 = CIRCLE ( 'NONE', #1354, 0.3000000000000003775 ) ;
#2471 = VECTOR ( 'NONE', #1401, 1000.000000000000000 ) ;
#2472 = PRESENTATION_STYLE_ASSIGNMENT (( #1771 ) ) ;
#2473 = STYLED_ITEM ( 'NONE', ( #1116 ), #1162 ) ;
#2474 = ORIENTED_EDGE ( 'NONE', *, *, #2684, .F. ) ;
#2475 = LINE ( 'NONE', #2026, #941 ) ;
#2476 = FACE_OUTER_BOUND ( 'NONE', #887, .T. ) ;
#2477 = UNCERTAINTY_MEASURE_WITH_UNIT (LENGTH_MEASURE( 1.000000000000000082E-05 ), #802, 'distance_accuracy_value', 'NONE');
#2478 = FILL_AREA_STYLE_COLOUR ( '', #2222 ) ;
#2479 = CARTESIAN_POINT ( 'NONE',  ( 5.862168527596056222, 3.603977714295580892, 1.904719939904608195 ) ) ;
#2480 = FILL_AREA_STYLE_COLOUR ( '', #2550 ) ;
#2481 = EDGE_CURVE ( 'NONE', #2123, #672, #1473, .T. ) ;
#2482 = FILL_AREA_STYLE_COLOUR ( '', #131 ) ;
#2483 = SURFACE_SIDE_STYLE ('',( #1330 ) ) ;
#2484 = ORIENTED_EDGE ( 'NONE', *, *, #1226, .F. ) ;
#2485 = FILL_AREA_STYLE ('',( #453 ) ) ;
#2486 =( LENGTH_UNIT ( ) NAMED_UNIT ( * ) SI_UNIT ( .MILLI., .METRE. ) );
#2487 =( LENGTH_UNIT ( ) NAMED_UNIT ( * ) SI_UNIT ( .MILLI., .METRE. ) );
#2488 = VECTOR ( 'NONE', #675, 1000.000000000000000 ) ;
#2489 = CARTESIAN_POINT ( 'NONE',  ( -3.286335344999999908, -3.143752619338968657E-12, 1.399999999999999689 ) ) ;
#2490 = TOROIDAL_SURFACE ( 'NONE', #995, 5.849999999999837996, 0.5000000000000000000 ) ;
#2491 =( NAMED_UNIT ( * ) PLANE_ANGLE_UNIT ( ) SI_UNIT ( $, .RADIAN. ) );
#2492 = MECHANICAL_DESIGN_GEOMETRIC_PRESENTATION_REPRESENTATION (  '', ( #1187 ), #2209 ) ;
#2493 = AXIS2_PLACEMENT_3D ( 'NONE', #755, #479, #1137 ) ;
#2494 = EDGE_LOOP ( 'NONE', ( #307, #859, #1202, #691 ) ) ;
#2495 =( NAMED_UNIT ( * ) PLANE_ANGLE_UNIT ( ) SI_UNIT ( $, .RADIAN. ) );
#2496 = EDGE_CURVE ( 'NONE', #1480, #1153, #2861, .T. ) ;
#2497 = CIRCLE ( 'NONE', #860, 1.004999999999999893 ) ;
#2498 = AXIS2_PLACEMENT_3D ( 'NONE', #1034, #1973, #2139 ) ;
#2499 = SURFACE_SIDE_STYLE ('',( #2061 ) ) ;
#2500 = ORIENTED_EDGE ( 'NONE', *, *, #1959, .T. ) ;
#2501 = DIRECTION ( 'NONE',  ( 1.000000000000000000, 1.134075472419837638E-14, 0.000000000000000000 ) ) ;
#2502 = UNCERTAINTY_MEASURE_WITH_UNIT (LENGTH_MEASURE( 1.000000000000000082E-05 ), #2878, 'distance_accuracy_value', 'NONE');
#2503 = ORIENTED_EDGE ( 'NONE', *, *, #208, .F. ) ;
#2504 = FACE_OUTER_BOUND ( 'NONE', #2870, .T. ) ;
#2505 = FILL_AREA_STYLE_COLOUR ( '', #2614 ) ;
#2506 = CIRCLE ( 'NONE', #248, 5.570000000000770335 ) ;
#2507 = ORIENTED_EDGE ( 'NONE', *, *, #2764, .F. ) ;
#2508 =( LENGTH_UNIT ( ) NAMED_UNIT ( * ) SI_UNIT ( .MILLI., .METRE. ) );
#2509 = COLOUR_RGB ( '',0.000000000000000000, 0.5019607843137254832, 0.5019607843137254832 ) ;
#2510 = EDGE_CURVE ( 'NONE', #2292, #2871, #1788, .T. ) ;
#2511 = EDGE_CURVE ( 'NONE', #1002, #249, #699, .T. ) ;
#2512 = VERTEX_POINT ( 'NONE', #2031 ) ;
#2513 = FILL_AREA_STYLE ('',( #2064 ) ) ;
#2514 = CARTESIAN_POINT ( 'NONE',  ( 5.233434729784812056, 2.558073225754180058, 1.906845803295717845 ) ) ;
#2515 = CARTESIAN_POINT ( 'NONE',  ( 5.588937260703519705, 3.395495049540167454, -1.903992571271965417 ) ) ;
#2516 = CARTESIAN_POINT ( 'NONE',  ( 5.174970632642707180, 0.3799999999969209674, 1.899999999999958611 ) ) ;
#2517 =( GEOMETRIC_REPRESENTATION_CONTEXT ( 3 ) GLOBAL_UNCERTAINTY_ASSIGNED_CONTEXT ( ( #1850 ) ) GLOBAL_UNIT_ASSIGNED_CONTEXT ( ( #2665, #356, #2403 ) ) REPRESENTATION_CONTEXT ( 'NONE', 'WORKASPACE' ) );
#2518 = EDGE_LOOP ( 'NONE', ( #1971, #2107 ) ) ;
#2519 = DIRECTION ( 'NONE',  ( -1.134976511732661027E-14, 1.000000000000000000, -0.000000000000000000 ) ) ;
#2520 =( NAMED_UNIT ( * ) PLANE_ANGLE_UNIT ( ) SI_UNIT ( $, .RADIAN. ) );
#2521 = DIRECTION ( 'NONE',  ( 1.000000000000000000, 1.134976511732646669E-14, 0.000000000000000000 ) ) ;
#2522 = ORIENTED_EDGE ( 'NONE', *, *, #688, .F. ) ;
#2523 = SURFACE_STYLE_USAGE ( .BOTH. , #2033 ) ;
#2524 = CARTESIAN_POINT ( 'NONE',  ( 5.306278549232558817, 2.359617220321011288, -1.906186039523623199 ) ) ;
#2525 = VERTEX_POINT ( 'NONE', #2042 ) ;
#2526 = FILL_AREA_STYLE_COLOUR ( '', #1092 ) ;
#2527 = CARTESIAN_POINT ( 'NONE',  ( 5.589129918415864040, 2.004388226264407713, 1.903991145041755040 ) ) ;
#2528 = ADVANCED_FACE ( 'NONE', ( #2946 ), #615, .T. ) ;
#2529 = SURFACE_SIDE_STYLE ('',( #1615 ) ) ;
#2530 = EDGE_LOOP ( 'NONE', ( #912, #693, #2197, #339, #2789, #1497, #508, #2384 ) ) ;
#2531 = CARTESIAN_POINT ( 'NONE',  ( 3.552794967594602671, -3.066123743789006539E-12, -1.837837837850356371 ) ) ;
#2532 = PRESENTATION_STYLE_ASSIGNMENT (( #1618 ) ) ;
#2533 = PRESENTATION_STYLE_ASSIGNMENT (( #1883 ) ) ;
#2534 = CARTESIAN_POINT ( 'NONE',  ( 5.532856405148758761, 20.02000000000002444, 1.899999999999997469 ) ) ;
#2535 = FILL_AREA_STYLE_COLOUR ( '', #2733 ) ;
#2536 =( GEOMETRIC_REPRESENTATION_CONTEXT ( 3 ) GLOBAL_UNCERTAINTY_ASSIGNED_CONTEXT ( ( #2355 ) ) GLOBAL_UNIT_ASSIGNED_CONTEXT ( ( #2400, #2845, #1929 ) ) REPRESENTATION_CONTEXT ( 'NONE', 'WORKASPACE' ) );
#2537 = EDGE_CURVE ( 'NONE', #2284, #2123, #485, .T. ) ;
#2538 = PRESENTATION_STYLE_ASSIGNMENT (( #1823 ) ) ;
#2539 = COLOUR_RGB ( '',0.000000000000000000, 0.5019607843137254832, 0.5019607843137254832 ) ;
#2540 = AXIS2_PLACEMENT_3D ( 'NONE', #885, #1800, #2462 ) ;
#2541 = VERTEX_POINT ( 'NONE', #2489 ) ;
#2542 = DIRECTION ( 'NONE',  ( 1.000000000000000000, 1.135701775682474069E-14, 0.000000000000000000 ) ) ;
#2543 = PRESENTATION_STYLE_ASSIGNMENT (( #1398 ) ) ;
#2544 = ORIENTED_EDGE ( 'NONE', *, *, #400, .T. ) ;
#2545 = EDGE_CURVE ( 'NONE', #240, #850, #2615, .T. ) ;
#2546 = DIRECTION ( 'NONE',  ( -1.134976511732661184E-14, 1.000000000000000000, -0.000000000000000000 ) ) ;
#2547 = CARTESIAN_POINT ( 'NONE',  ( 1.494999999999991225, 0.7999999999969106268, 1.230770033143089590E-16 ) ) ;
#2548 = STYLED_ITEM ( 'NONE', ( #606 ), #2163 ) ;
#2549 = DIRECTION ( 'NONE',  ( 1.134976511732661027E-14, -1.000000000000000000, 0.000000000000000000 ) ) ;
#2550 = COLOUR_RGB ( '',0.9411764705882352811, 0.9411764705882352811, 0.7843137254901960675 ) ;
#2551 =( LENGTH_UNIT ( ) NAMED_UNIT ( * ) SI_UNIT ( .MILLI., .METRE. ) );
#2552 = DIRECTION ( 'NONE',  ( 1.000000000000000000, 1.134976511732661027E-14, 0.000000000000000000 ) ) ;
#2553 = ORIENTED_EDGE ( 'NONE', *, *, #2627, .T. ) ;
#2554 = DIRECTION ( 'NONE',  ( 1.134976511732661027E-14, -1.000000000000000000, 0.000000000000000000 ) ) ;
#2555 = DIRECTION ( 'NONE',  ( -1.134976511732661027E-14, 1.000000000000000000, -0.000000000000000000 ) ) ;
#2556 = CARTESIAN_POINT ( 'NONE',  ( 2.500000000000022649, -2.000000000003077982, 0.000000000000000000 ) ) ;
#2557 = VERTEX_POINT ( 'NONE', #213 ) ;
#2558 = CARTESIAN_POINT ( 'NONE',  ( 2.199999999999990852, 0.7999999999969187314, 0.000000000000000000 ) ) ;
#2559 = LINE ( 'NONE', #1648, #1514 ) ;
#2560 = CARTESIAN_POINT ( 'NONE',  ( -3.286335344975547024, -3.143752619338968657E-12, -1.399999999999999689 ) ) ;
#2561 = AXIS2_PLACEMENT_3D ( 'NONE', #2389, #2849, #2654 ) ;
#2562 = CARTESIAN_POINT ( 'NONE',  ( 3.499999999999983125, 1.499999999996935784, 1.224646799147355672E-16 ) ) ;
#2563 = UNCERTAINTY_MEASURE_WITH_UNIT (LENGTH_MEASURE( 1.000000000000000082E-05 ), #700, 'distance_accuracy_value', 'NONE');
#2564 = AXIS2_PLACEMENT_3D ( 'NONE', #2723, #2952, #462 ) ;
#2565 = FILL_AREA_STYLE_COLOUR ( '', #1777 ) ;
#2566 = COLOUR_RGB ( '',0.2509803921568627416, 0.2509803921568627416, 0.2509803921568627416 ) ;
#2567 = EDGE_CURVE ( 'NONE', #1050, #1837, #1164, .T. ) ;
#2568 =( NAMED_UNIT ( * ) PLANE_ANGLE_UNIT ( ) SI_UNIT ( $, .RADIAN. ) );
#2569 = CARTESIAN_POINT ( 'NONE',  ( 5.409775355521848184, 0.4090602688657760666, 1.901719952587827445 ) ) ;
#2570 = UNCERTAINTY_MEASURE_WITH_UNIT (LENGTH_MEASURE( 1.000000000000000082E-05 ), #696, 'distance_accuracy_value', 'NONE');
#2571 = ORIENTED_EDGE ( 'NONE', *, *, #520, .T. ) ;
#2572 = FACE_OUTER_BOUND ( 'NONE', #1215, .T. ) ;
#2573 =( NAMED_UNIT ( * ) PLANE_ANGLE_UNIT ( ) SI_UNIT ( $, .RADIAN. ) );
#2574 = CARTESIAN_POINT ( 'NONE',  ( 5.498270791639349397, 0.4361311794696527966, -1.902332077517929321 ) ) ;
#2575 = DIRECTION ( 'NONE',  ( 1.000000000000000000, 1.130619127184362373E-14, 2.757607627278932173E-16 ) ) ;
#2576 = VERTEX_POINT ( 'NONE', #2180 ) ;
#2577 = SURFACE_STYLE_USAGE ( .BOTH. , #1170 ) ;
#2578 = PLANE ( 'NONE',  #2812 ) ;
#2579 = CARTESIAN_POINT ( 'NONE',  ( -2.500000000000020428, 1.799999999996865219, 0.000000000000000000 ) ) ;
#2580 = CARTESIAN_POINT ( 'NONE',  ( -2.602085213965210642E-14, 2.699999999999803446, 0.000000000000000000 ) ) ;
#2581 = PRESENTATION_LAYER_ASSIGNMENT (  '', '', ( #990 ) ) ;
#2582 = CARTESIAN_POINT ( 'NONE',  ( -2.500000000000009326, 0.7999999999968653297, 0.000000000000000000 ) ) ;
#2583 = EDGE_CURVE ( 'NONE', #1523, #2855, #177, .T. ) ;
#2584 =( GEOMETRIC_REPRESENTATION_CONTEXT ( 3 ) GLOBAL_UNCERTAINTY_ASSIGNED_CONTEXT ( ( #1057 ) ) GLOBAL_UNIT_ASSIGNED_CONTEXT ( ( #293, #2356, #996 ) ) REPRESENTATION_CONTEXT ( 'NONE', 'WORKASPACE' ) );
#2585 = DIRECTION ( 'NONE',  ( -1.000000000000000000, -1.136757753557355519E-14, 0.000000000000000000 ) ) ;
#2586 = AXIS2_PLACEMENT_3D ( 'NONE', #844, #2444, #1346 ) ;
#2587 = AXIS2_PLACEMENT_3D ( 'NONE', #1499, #2590, #544 ) ;
#2588 = ORIENTED_EDGE ( 'NONE', *, *, #2408, .F. ) ;
#2589 = CARTESIAN_POINT ( 'NONE',  ( 6.078167818614698348, 19.50000000000003197, 1.905984251968504406 ) ) ;
#2590 = DIRECTION ( 'NONE',  ( 1.134976511732661027E-14, -1.000000000000000000, 0.000000000000000000 ) ) ;
#2591 = VERTEX_POINT ( 'NONE', #1029 ) ;
#2592 = DIRECTION ( 'NONE',  ( 1.000000000000000000, 1.120342244901688178E-14, 0.000000000000000000 ) ) ;
#2593 = SURFACE_STYLE_USAGE ( .BOTH. , #547 ) ;
#2594 = LINE ( 'NONE', #2560, #1656 ) ;
#2595 = SURFACE_STYLE_USAGE ( .BOTH. , #2417 ) ;
#2596 = CARTESIAN_POINT ( 'NONE',  ( -1.495000000000009432, 0.7999999999968765430, 0.000000000000000000 ) ) ;
#2597 = UNCERTAINTY_MEASURE_WITH_UNIT (LENGTH_MEASURE( 1.000000000000000082E-05 ), #1007, 'distance_accuracy_value', 'NONE');
#2598 =( LENGTH_UNIT ( ) NAMED_UNIT ( * ) SI_UNIT ( .MILLI., .METRE. ) );
#2599 = SURFACE_STYLE_USAGE ( .BOTH. , #1867 ) ;
#2600 = STYLED_ITEM ( 'NONE', ( #2137 ), #2098 ) ;
#2601 = CARTESIAN_POINT ( 'NONE',  ( -2.500000000000004441, 0.3999999999999716560, 0.000000000000000000 ) ) ;
#2602 = AXIS2_PLACEMENT_3D ( 'NONE', #2580, #1917, #741 ) ;
#2603 = DIRECTION ( 'NONE',  ( 1.134976511732661027E-14, -1.000000000000000000, 0.000000000000000000 ) ) ;
#2604 = ORIENTED_EDGE ( 'NONE', *, *, #2365, .T. ) ;
#2605 = DIRECTION ( 'NONE',  ( 1.134976511732661027E-14, -1.000000000000000000, -0.000000000000000000 ) ) ;
#2606 = CARTESIAN_POINT ( 'NONE',  ( 5.663953980575624492, 3.440944910538284773, -1.903437228270633330 ) ) ;
#2607 = ADVANCED_FACE ( 'NONE', ( #822 ), #1324, .F. ) ;
#2608 = ORIENTED_EDGE ( 'NONE', *, *, #2074, .T. ) ;
#2609 = STYLED_ITEM ( 'NONE', ( #1842 ), #2961 ) ;
#2610 =( NAMED_UNIT ( * ) PLANE_ANGLE_UNIT ( ) SI_UNIT ( $, .RADIAN. ) );
#2611 = DIRECTION ( 'NONE',  ( 1.000000000000000000, 1.105886215935214523E-14, 0.000000000000000000 ) ) ;
#2612 = FILL_AREA_STYLE_COLOUR ( '', #778 ) ;
#2613 = DIRECTION ( 'NONE',  ( 1.134976511732661027E-14, -1.000000000000000000, 0.000000000000000000 ) ) ;
#2614 = COLOUR_RGB ( '',0.000000000000000000, 0.5019607843137254832, 0.5019607843137254832 ) ;
#2615 = CIRCLE ( 'NONE', #1404, 0.2999999999999951594 ) ;
#2616 = DIRECTION ( 'NONE',  ( -1.134976511732661027E-14, 1.000000000000000000, -0.000000000000000000 ) ) ;
#2617 = STYLED_ITEM ( 'NONE', ( #2083 ), #848 ) ;
#2618 = AXIS2_PLACEMENT_3D ( 'NONE', #1567, #2034, #445 ) ;
#2619 = PRESENTATION_STYLE_ASSIGNMENT (( #1454 ) ) ;
#2620 = VERTEX_POINT ( 'NONE', #2302 ) ;
#2621 = ORIENTED_EDGE ( 'NONE', *, *, #1979, .F. ) ;
#2622 = LINE ( 'NONE', #1515, #2297 ) ;
#2623 = CARTESIAN_POINT ( 'NONE',  ( 6.063403269684556562, 1.075409851288681162, -1.905905468818817949 ) ) ;
#2624 = CARTESIAN_POINT ( 'NONE',  ( -6.450000000005065459, 2.699999999999730171, 0.000000000000000000 ) ) ;
#2625 = ORIENTED_EDGE ( 'NONE', *, *, #446, .T. ) ;
#2626 =( LENGTH_UNIT ( ) NAMED_UNIT ( * ) SI_UNIT ( .MILLI., .METRE. ) );
#2627 = EDGE_CURVE ( 'NONE', #784, #2047, #2912, .T. ) ;
#2628 =( NAMED_UNIT ( * ) SI_UNIT ( $, .STERADIAN. ) SOLID_ANGLE_UNIT ( ) );
#2629 = DIRECTION ( 'NONE',  ( -1.115179377413657421E-14, 1.000000000000000000, 0.000000000000000000 ) ) ;
#2630 = DIRECTION ( 'NONE',  ( 1.134976511732661027E-14, -1.000000000000000000, 0.000000000000000000 ) ) ;
#2631 = FILL_AREA_STYLE ('',( #806 ) ) ;
#2632 = SURFACE_SIDE_STYLE ('',( #2119 ) ) ;
#2633 = FILL_AREA_STYLE_COLOUR ( '', #794 ) ;
#2634 = FACE_OUTER_BOUND ( 'NONE', #2001, .T. ) ;
#2635 = EDGE_CURVE ( 'NONE', #1032, #891, #2559, .T. ) ;
#2636 = CARTESIAN_POINT ( 'NONE',  ( 5.514102787324371313, 3.350155604963703126, 1.904546565116525869 ) ) ;
#2637 = CARTESIAN_POINT ( 'NONE',  ( 6.078167818614697460, 19.56714960768136535, -1.905984251968503074 ) ) ;
#2638 = ORIENTED_EDGE ( 'NONE', *, *, #888, .F. ) ;
#2639 = CONICAL_SURFACE ( 'NONE', #534, 0.2999999999999951594, 0.7853981633974469467 ) ;
#2640 = CARTESIAN_POINT ( 'NONE',  ( 6.000399788809933632, 3.811769684477104736, -1.905532148754952804 ) ) ;
#2641 = CARTESIAN_POINT ( 'NONE',  ( 5.628172729367084237, 0.4934157259678557117, -1.903213314462161687 ) ) ;
#2642 = AXIS2_PLACEMENT_3D ( 'NONE', #637, #2902, #1569 ) ;
#2643 = FACE_OUTER_BOUND ( 'NONE', #470, .T. ) ;
#2644 =( GEOMETRIC_REPRESENTATION_CONTEXT ( 3 ) GLOBAL_UNCERTAINTY_ASSIGNED_CONTEXT ( ( #2848 ) ) GLOBAL_UNIT_ASSIGNED_CONTEXT ( ( #1827, #235, #946 ) ) REPRESENTATION_CONTEXT ( 'NONE', 'WORKASPACE' ) );
#2645 = ORIENTED_EDGE ( 'NONE', *, *, #671, .T. ) ;
#2646 =( NAMED_UNIT ( * ) SI_UNIT ( $, .STERADIAN. ) SOLID_ANGLE_UNIT ( ) );
#2647 = DIRECTION ( 'NONE',  ( 1.134976511732661027E-14, -1.000000000000000000, 0.000000000000000000 ) ) ;
#2648 = SURFACE_STYLE_USAGE ( .BOTH. , #2860 ) ;
#2649 = PRESENTATION_STYLE_ASSIGNMENT (( #803 ) ) ;
#2650 = DIRECTION ( 'NONE',  ( 1.134976511732661027E-14, -1.000000000000000000, 0.000000000000000000 ) ) ;
#2651 =( GEOMETRIC_REPRESENTATION_CONTEXT ( 3 ) GLOBAL_UNCERTAINTY_ASSIGNED_CONTEXT ( ( #2208 ) ) GLOBAL_UNIT_ASSIGNED_CONTEXT ( ( #2770, #57, #1874 ) ) REPRESENTATION_CONTEXT ( 'NONE', 'WORKASPACE' ) );
#2652 = AXIS2_PLACEMENT_3D ( 'NONE', #1151, #753, #478 ) ;
#2653 = EDGE_CURVE ( 'NONE', #118, #902, #1882, .T. ) ;
#2654 = DIRECTION ( 'NONE',  ( -1.000000000000000000, 0.000000000000000000, 0.000000000000000000 ) ) ;
#2655 = AXIS2_PLACEMENT_3D ( 'NONE', #1478, #2856, #381 ) ;
#2656 = CARTESIAN_POINT ( 'NONE',  ( -3.552794967570124030, -3.146788385421928069E-12, 1.837837837837755117 ) ) ;
#2657 = CARTESIAN_POINT ( 'NONE',  ( 6.052383194144765000, 1.446655597788322423, 1.905841462049437940 ) ) ;
#2658 = SURFACE_STYLE_FILL_AREA ( #837 ) ;
#2659 = ORIENTED_EDGE ( 'NONE', *, *, #1770, .T. ) ;
#2660 = EDGE_LOOP ( 'NONE', ( #268, #1692, #757, #687 ) ) ;
#2661 = SURFACE_SIDE_STYLE ('',( #1003 ) ) ;
#2662 = ORIENTED_EDGE ( 'NONE', *, *, #1770, .F. ) ;
#2663 = LINE ( 'NONE', #598, #2686 ) ;
#2664 = DIRECTION ( 'NONE',  ( -1.115179377413657421E-14, 1.000000000000000000, 0.000000000000000000 ) ) ;
#2665 =( LENGTH_UNIT ( ) NAMED_UNIT ( * ) SI_UNIT ( .MILLI., .METRE. ) );
#2666 = DIRECTION ( 'NONE',  ( -1.134976511732661027E-14, 1.000000000000000000, -0.000000000000000000 ) ) ;
#2667 =( LENGTH_UNIT ( ) NAMED_UNIT ( * ) SI_UNIT ( .MILLI., .METRE. ) );
#2668 = UNCERTAINTY_MEASURE_WITH_UNIT (LENGTH_MEASURE( 1.000000000000000082E-05 ), #2847, 'distance_accuracy_value', 'NONE');
#2669 = PRESENTATION_LAYER_ASSIGNMENT (  '', '', ( #967 ) ) ;
#2670 = SURFACE_SIDE_STYLE ('',( #110 ) ) ;
#2671 = AXIS2_PLACEMENT_3D ( 'NONE', #2862, #549, #1449 ) ;
#2672 = AXIS2_PLACEMENT_3D ( 'NONE', #1368, #2664, #771 ) ;
#2673 =( NAMED_UNIT ( * ) PLANE_ANGLE_UNIT ( ) SI_UNIT ( $, .RADIAN. ) );
#2674 = EDGE_CURVE ( 'NONE', #2726, #56, #874, .T. ) ;
#2675 = CIRCLE ( 'NONE', #1846, 5.964446141900231702 ) ;
#2676 = ORIENTED_EDGE ( 'NONE', *, *, #1467, .F. ) ;
#2677 = PLANE ( 'NONE',  #2710 ) ;
#2678 = FACE_OUTER_BOUND ( 'NONE', #608, .T. ) ;
#2679 = EDGE_LOOP ( 'NONE', ( #2608, #480, #1591, #1554, #2437 ) ) ;
#2680 = DIRECTION ( 'NONE',  ( 1.000000000000000000, 1.132748538417691341E-14, 0.000000000000000000 ) ) ;
#2681 = FACE_OUTER_BOUND ( 'NONE', #1961, .T. ) ;
#2682 = FACE_OUTER_BOUND ( 'NONE', #916, .T. ) ;
#2683 =( NAMED_UNIT ( * ) SI_UNIT ( $, .STERADIAN. ) SOLID_ANGLE_UNIT ( ) );
#2684 = EDGE_CURVE ( 'NONE', #2512, #2541, #506, .T. ) ;
#2685 = AXIS2_PLACEMENT_3D ( 'NONE', #1722, #1048, #1988 ) ;
#2686 = VECTOR ( 'NONE', #2386, 999.9999999999998863 ) ;
#2687 = ORIENTED_EDGE ( 'NONE', *, *, #2022, .F. ) ;
#2688 =( LENGTH_UNIT ( ) NAMED_UNIT ( * ) SI_UNIT ( .MILLI., .METRE. ) );
#2689 = DIRECTION ( 'NONE',  ( 1.000000000000000000, 1.134976511732660869E-14, 0.000000000000000000 ) ) ;
#2690 = AXIS2_PLACEMENT_3D ( 'NONE', #111, #569, #2391 ) ;
#2691 = UNCERTAINTY_MEASURE_WITH_UNIT (LENGTH_MEASURE( 1.000000000000000082E-05 ), #46, 'distance_accuracy_value', 'NONE');
#2692 = SURFACE_STYLE_USAGE ( .BOTH. , #1303 ) ;
#2693 = VECTOR ( 'NONE', #572, 1000.000000000000000 ) ;
#2694 = SURFACE_STYLE_USAGE ( .BOTH. , #1525 ) ;
#2695 = CARTESIAN_POINT ( 'NONE',  ( 3.286335345024453236, -3.069159509871965952E-12, -1.399999999999999689 ) ) ;
#2696 = CARTESIAN_POINT ( 'NONE',  ( -2.500000000000000444, -3.134862161524587520E-12, 1.399999999999999911 ) ) ;
#2697 = CARTESIAN_POINT ( 'NONE',  ( 2.500000000000000000, -3.078049967686347088E-12, -1.399999999999999911 ) ) ;
#2698 = COLOUR_RGB ( '',0.000000000000000000, 0.5019607843137254832, 0.5019607843137254832 ) ;
#2699 = VERTEX_POINT ( 'NONE', #1863 ) ;
#2700 =( GEOMETRIC_REPRESENTATION_CONTEXT ( 3 ) GLOBAL_UNCERTAINTY_ASSIGNED_CONTEXT ( ( #1813 ) ) GLOBAL_UNIT_ASSIGNED_CONTEXT ( ( #1078, #433, #1283 ) ) REPRESENTATION_CONTEXT ( 'NONE', 'WORKASPACE' ) );
#2701 = DIRECTION ( 'NONE',  ( 1.000000000000000000, 1.132748538417691341E-14, 0.000000000000000000 ) ) ;
#2702 = ADVANCED_FACE ( 'NONE', ( #63, #498 ), #1156, .T. ) ;
#2703 = DIRECTION ( 'NONE',  ( 1.000000000000000000, 1.143536619735955098E-14, 0.000000000000000000 ) ) ;
#2704 = FILL_AREA_STYLE ('',( #2505 ) ) ;
#2705 = SURFACE_STYLE_FILL_AREA ( #4 ) ;
#2706 =( GEOMETRIC_REPRESENTATION_CONTEXT ( 3 ) GLOBAL_UNCERTAINTY_ASSIGNED_CONTEXT ( ( #540 ) ) GLOBAL_UNIT_ASSIGNED_CONTEXT ( ( #284, #1186, #269 ) ) REPRESENTATION_CONTEXT ( 'NONE', 'WORKASPACE' ) );
#2707 = STYLED_ITEM ( 'NONE', ( #1966 ), #2442 ) ;
#2708 = SURFACE_STYLE_FILL_AREA ( #2766 ) ;
#2709 = MECHANICAL_DESIGN_GEOMETRIC_PRESENTATION_REPRESENTATION (  '', ( #1653 ), #2423 ) ;
#2710 = AXIS2_PLACEMENT_3D ( 'NONE', #1862, #285, #1367 ) ;
#2711 = CIRCLE ( 'NONE', #799, 1.004999999999999893 ) ;
#2712 = CARTESIAN_POINT ( 'NONE',  ( -3.586335345006544717, -3.147157548874166686E-12, -1.700000000000000178 ) ) ;
#2713 = COLOUR_RGB ( '',0.9411764705882352811, 0.9411764705882352811, 0.7843137254901960675 ) ;
#2714 = ORIENTED_EDGE ( 'NONE', *, *, #343, .T. ) ;
#2715 = STYLED_ITEM ( 'NONE', ( #2970 ), #1144 ) ;
#2716 = CARTESIAN_POINT ( 'NONE',  ( -5.850000000000060041, 19.99999999999989697, 0.000000000000000000 ) ) ;
#2717 = FILL_AREA_STYLE_COLOUR ( '', #776 ) ;
#2718 = CARTESIAN_POINT ( 'NONE',  ( -2.167805137409727200E-13, 19.49999999999996092, 0.000000000000000000 ) ) ;
#2719 = ADVANCED_FACE ( 'NONE', ( #471 ), #29, .T. ) ;
#2720 = CARTESIAN_POINT ( 'NONE',  ( -2.167805137409727200E-13, 19.49999999999996092, 0.000000000000000000 ) ) ;
#2721 =( NAMED_UNIT ( * ) PLANE_ANGLE_UNIT ( ) SI_UNIT ( $, .RADIAN. ) );
#2722 = ORIENTED_EDGE ( 'NONE', *, *, #1090, .F. ) ;
#2723 = CARTESIAN_POINT ( 'NONE',  ( -2.499999999999977351, -2.000000000003134826, 0.000000000000000000 ) ) ;
#2724 = CARTESIAN_POINT ( 'NONE',  ( 3.286335345024454568, -3.069159509871965952E-12, 1.699999999999999956 ) ) ;
#2725 = CARTESIAN_POINT ( 'NONE',  ( -1.500000000000016653, 1.499999999996883382, 1.224646799147355672E-16 ) ) ;
#2726 = VERTEX_POINT ( 'NONE', #1994 ) ;
#2727 = CIRCLE ( 'NONE', #1421, 5.512741699800165485 ) ;
#2728 = FACE_BOUND ( 'NONE', #2228, .T. ) ;
#2729 = DIRECTION ( 'NONE',  ( -0.7071067811865544561, 0.7071067811865405783, 0.000000000000000000 ) ) ;
#2730 = EDGE_LOOP ( 'NONE', ( #1428, #2885 ) ) ;
#2731 = DIRECTION ( 'NONE',  ( -1.000000000000000000, -1.134976511732661184E-14, 0.000000000000000000 ) ) ;
#2732 = PRESENTATION_STYLE_ASSIGNMENT (( #376 ) ) ;
#2733 = COLOUR_RGB ( '',0.7803921568627451011, 0.7607843137254901578, 0.7411764705882353255 ) ;
#2734 = COLOUR_RGB ( '',0.7803921568627451011, 0.7607843137254901578, 0.7411764705882353255 ) ;
#2735 = ADVANCED_FACE ( 'NONE', ( #327 ), #660, .T. ) ;
#2736 = COLOUR_RGB ( '',0.7803921568627451011, 0.7607843137254901578, 0.7411764705882353255 ) ;
#2737 = ORIENTED_EDGE ( 'NONE', *, *, #1674, .T. ) ;
#2738 = CARTESIAN_POINT ( 'NONE',  ( 3.286335344999991026, 0.7999999999969308329, 1.400000000000000133 ) ) ;
#2739 = ADVANCED_FACE ( 'NONE', ( #2387 ), #2070, .T. ) ;
#2740 = PRESENTATION_STYLE_ASSIGNMENT (( #2469 ) ) ;
#2741 = CARTESIAN_POINT ( 'NONE',  ( 5.347177637702981379, 2.279948011877077185, -1.905900747040637278 ) ) ;
#2742 = PRESENTATION_STYLE_ASSIGNMENT (( #1598 ) ) ;
#2743 = EDGE_LOOP ( 'NONE', ( #2474, #1661, #45, #1138 ) ) ;
#2744 = FACE_OUTER_BOUND ( 'NONE', #1644, .T. ) ;
#2745 = PRESENTATION_STYLE_ASSIGNMENT (( #692 ) ) ;
#2746 = DIRECTION ( 'NONE',  ( -1.000000000000000000, -1.108955646743164336E-14, 0.000000000000000000 ) ) ;
#2747 = PRODUCT_RELATED_PRODUCT_CATEGORY ( 'part', '', ( #1752 ) ) ;
#2748 = ORIENTED_EDGE ( 'NONE', *, *, #2207, .F. ) ;
#2749 = SURFACE_STYLE_FILL_AREA ( #78 ) ;
#2750 = CARTESIAN_POINT ( 'NONE',  ( 6.078167818614875983, 4.018957366784195351, 1.905984251968492638 ) ) ;
#2751 = ORIENTED_EDGE ( 'NONE', *, *, #343, .F. ) ;
#2752 = FACE_BOUND ( 'NONE', #2298, .T. ) ;
#2753 =( LENGTH_UNIT ( ) NAMED_UNIT ( * ) SI_UNIT ( .MILLI., .METRE. ) );
#2754 = EDGE_CURVE ( 'NONE', #838, #2726, #2181, .T. ) ;
#2755 = CIRCLE ( 'NONE', #746, 1.399999999999999689 ) ;
#2756 = ORIENTED_EDGE ( 'NONE', *, *, #541, .F. ) ;
#2757 = STYLED_ITEM ( 'NONE', ( #2777 ), #306 ) ;
#2758 = SURFACE_STYLE_FILL_AREA ( #2079 ) ;
#2759 = CARTESIAN_POINT ( 'NONE',  ( 5.395292673695593955, 2.205517023887813455, 1.905437619811657601 ) ) ;
#2760 = FILL_AREA_STYLE_COLOUR ( '', #1189 ) ;
#2761 = COLOUR_RGB ( '',0.000000000000000000, 0.5019607843137254832, 0.5019607843137254832 ) ;
#2762 = EDGE_LOOP ( 'NONE', ( #1624, #2266, #2645, #1760 ) ) ;
#2763 = DIRECTION ( 'NONE',  ( -1.134976511732661027E-14, 1.000000000000000000, -0.000000000000000000 ) ) ;
#2764 = EDGE_CURVE ( 'NONE', #2154, #1529, #375, .T. ) ;
#2765 = CARTESIAN_POINT ( 'NONE',  ( 5.708646304403728777, 19.99244956403790852, 1.902042620043086663 ) ) ;
#2766 = FILL_AREA_STYLE ('',( #421 ) ) ;
#2767 = FACE_OUTER_BOUND ( 'NONE', #1729, .T. ) ;
#2768 = EDGE_CURVE ( 'NONE', #1285, #1296, #1272, .T. ) ;
#2769 = EDGE_LOOP ( 'NONE', ( #2659, #2333, #2138, #1266 ) ) ;
#2770 =( LENGTH_UNIT ( ) NAMED_UNIT ( * ) SI_UNIT ( .MILLI., .METRE. ) );
#2771 = CARTESIAN_POINT ( 'NONE',  ( -3.286335344975555905, 0.7999999999968563369, -1.399999999999999689 ) ) ;
#2772 = DIRECTION ( 'NONE',  ( -1.134976511732661027E-14, 1.000000000000000000, 0.000000000000000000 ) ) ;
#2773 = ORIENTED_EDGE ( 'NONE', *, *, #1902, .T. ) ;
#2774 = LINE ( 'NONE', #720, #2128 ) ;
#2775 = LINE ( 'NONE', #2531, #179 ) ;
#2776 = FILL_AREA_STYLE ('',( #2287 ) ) ;
#2777 = PRESENTATION_STYLE_ASSIGNMENT (( #1864 ) ) ;
#2778 = DIRECTION ( 'NONE',  ( 1.134976511732661027E-14, -1.000000000000000000, 0.000000000000000000 ) ) ;
#2779 = UNCERTAINTY_MEASURE_WITH_UNIT (LENGTH_MEASURE( 1.000000000000000082E-05 ), #1957, 'distance_accuracy_value', 'NONE');
#2780 = SURFACE_STYLE_FILL_AREA ( #1852 ) ;
#2781 = VECTOR ( 'NONE', #454, 1000.000000000000000 ) ;
#2782 =( NAMED_UNIT ( * ) SI_UNIT ( $, .STERADIAN. ) SOLID_ANGLE_UNIT ( ) );
#2783 = CIRCLE ( 'NONE', #291, 0.8372583002011438902 ) ;
#2784 =( GEOMETRIC_REPRESENTATION_CONTEXT ( 3 ) GLOBAL_UNCERTAINTY_ASSIGNED_CONTEXT ( ( #965 ) ) GLOBAL_UNIT_ASSIGNED_CONTEXT ( ( #2332, #305, #718 ) ) REPRESENTATION_CONTEXT ( 'NONE', 'WORKASPACE' ) );
#2785 = SURFACE_SIDE_STYLE ('',( #220 ) ) ;
#2786 = PRESENTATION_LAYER_ASSIGNMENT (  '', '', ( #726 ) ) ;
#2787 = UNCERTAINTY_MEASURE_WITH_UNIT (LENGTH_MEASURE( 1.000000000000000082E-05 ), #711, 'distance_accuracy_value', 'NONE');
#2788 = MECHANICAL_DESIGN_GEOMETRIC_PRESENTATION_REPRESENTATION (  '', ( #300 ), #1245 ) ;
#2789 = ORIENTED_EDGE ( 'NONE', *, *, #622, .T. ) ;
#2790 = LINE ( 'NONE', #2921, #1380 ) ;
#2791 = CARTESIAN_POINT ( 'NONE',  ( 5.663953980576201808, 1.959055089461112953, -1.903437228270639547 ) ) ;
#2792 = CYLINDRICAL_SURFACE ( 'NONE', #2106, 4.379999999999999893 ) ;
#2793 = ORIENTED_EDGE ( 'NONE', *, *, #2325, .F. ) ;
#2794 = SURFACE_STYLE_FILL_AREA ( #2313 ) ;
#2795 = CARTESIAN_POINT ( 'NONE',  ( 2.499999999999991118, 0.7999999999969219511, -1.399999999999999911 ) ) ;
#2796 = SURFACE_SIDE_STYLE ('',( #2815 ) ) ;
#2797 = EDGE_CURVE ( 'NONE', #1023, #1230, #2041, .T. ) ;
#2798 = CARTESIAN_POINT ( 'NONE',  ( 5.610506443429404300, 20.01580734398334016, 1.900950305385839201 ) ) ;
#2799 = TOROIDAL_SURFACE ( 'NONE', #1660, 6.450000000005039702, 0.9000000000042693848 ) ;
#2800 = AXIS2_PLACEMENT_3D ( 'NONE', #2601, #2359, #748 ) ;
#2801 = FACE_OUTER_BOUND ( 'NONE', #607, .T. ) ;
#2802 = AXIS2_PLACEMENT_3D ( 'NONE', #1619, #712, #1434 ) ;
#2803 = FILL_AREA_STYLE_COLOUR ( '', #1407 ) ;
#2804 =( LENGTH_UNIT ( ) NAMED_UNIT ( * ) SI_UNIT ( .MILLI., .METRE. ) );
#2805 = CARTESIAN_POINT ( 'NONE',  ( 5.414017269382470410, 3.233326240856524869, 1.905355452763438207 ) ) ;
#2806 = EDGE_LOOP ( 'NONE', ( #1803, #2722 ) ) ;
#2807 = MECHANICAL_DESIGN_GEOMETRIC_PRESENTATION_REPRESENTATION (  '', ( #2223 ), #1350 ) ;
#2808 = CARTESIAN_POINT ( 'NONE',  ( 5.367774952400989896, 2.246137066482280620, 1.905718580611062807 ) ) ;
#2809 =( NAMED_UNIT ( * ) PLANE_ANGLE_UNIT ( ) SI_UNIT ( $, .RADIAN. ) );
#2810 = CARTESIAN_POINT ( 'NONE',  ( 6.349999999999791811, 4.162741699796681516, 7.776507174585489031E-16 ) ) ;
#2811 = STYLED_ITEM ( 'NONE', ( #370 ), #2719 ) ;
#2812 = AXIS2_PLACEMENT_3D ( 'NONE', #1286, #546, #1947 ) ;
#2813 = VERTEX_POINT ( 'NONE', #1259 ) ;
#2814 = DIRECTION ( 'NONE',  ( -1.134976511732661027E-14, 1.000000000000000000, 0.000000000000000000 ) ) ;
#2815 = SURFACE_STYLE_FILL_AREA ( #935 ) ;
#2816 = SURFACE_STYLE_FILL_AREA ( #288 ) ;
#2817 = LINE ( 'NONE', #1142, #2218 ) ;
#2818 = ADVANCED_FACE ( 'NONE', ( #1289 ), #344, .F. ) ;
#2819 = DIRECTION ( 'NONE',  ( 1.000000000000000000, 1.120342244901688178E-14, 0.000000000000000000 ) ) ;
#2820 = CARTESIAN_POINT ( 'NONE',  ( 5.606303635790039763, 0.4828491270415594672, 1.903067345678616018 ) ) ;
#2821 = CYLINDRICAL_SURFACE ( 'NONE', #1943, 0.2999999999999951594 ) ;
#2822 = UNCERTAINTY_MEASURE_WITH_UNIT (LENGTH_MEASURE( 1.000000000000000082E-05 ), #1781, 'distance_accuracy_value', 'NONE');
#2823 = ORIENTED_EDGE ( 'NONE', *, *, #927, .T. ) ;
#2824 = SURFACE_STYLE_USAGE ( .BOTH. , #525 ) ;
#2825 = CARTESIAN_POINT ( 'NONE',  ( -3.286335344999999464, -3.143752619338968657E-12, 1.700000000000000844 ) ) ;
#2826 = ORIENTED_EDGE ( 'NONE', *, *, #1252, .F. ) ;
#2827 = SURFACE_SIDE_STYLE ('',( #1914 ) ) ;
#2828 = PRESENTATION_STYLE_ASSIGNMENT (( #1140 ) ) ;
#2829 = DIRECTION ( 'NONE',  ( -1.134976511732661184E-14, 1.000000000000000000, -0.000000000000000000 ) ) ;
#2830 =( NAMED_UNIT ( * ) PLANE_ANGLE_UNIT ( ) SI_UNIT ( $, .RADIAN. ) );
#2831 = CARTESIAN_POINT ( 'NONE',  ( 5.663953980575624492, 3.440944910538284773, 1.903437228270634662 ) ) ;
#2832 = SURFACE_SIDE_STYLE ('',( #2372 ) ) ;
#2833 = DIRECTION ( 'NONE',  ( -1.000000000000000000, -1.132243362198643992E-14, 0.000000000000000000 ) ) ;
#2834 = ADVANCED_FACE ( 'NONE', ( #2161 ), #215, .F. ) ;
#2835 = CIRCLE ( 'NONE', #1924, 4.379999999999999893 ) ;
#2836 = CARTESIAN_POINT ( 'NONE',  ( 6.076482470371848521, 1.307629625339037593, 1.905996625417678558 ) ) ;
#2837 = CIRCLE ( 'NONE', #1735, 0.3000000000000007661 ) ;
#2838 =( GEOMETRIC_REPRESENTATION_CONTEXT ( 3 ) GLOBAL_UNCERTAINTY_ASSIGNED_CONTEXT ( ( #2143 ) ) GLOBAL_UNIT_ASSIGNED_CONTEXT ( ( #1767, #1950, #2221 ) ) REPRESENTATION_CONTEXT ( 'NONE', 'WORKASPACE' ) );
#2839 = EDGE_CURVE ( 'NONE', #524, #1690, #2467, .T. ) ;
#2840 = CARTESIAN_POINT ( 'NONE',  ( 6.078167818614865325, 4.162741699796678851, 1.905984251968529053 ) ) ;
#2841 = STYLED_ITEM ( 'NONE', ( #1021 ), #1920 ) ;
#2842 = EDGE_LOOP ( 'NONE', ( #1124, #2043, #1715, #2127 ) ) ;
#2843 = CARTESIAN_POINT ( 'NONE',  ( 3.286335344999991026, 0.7999999999969308329, 1.400000000000000133 ) ) ;
#2844 =( NAMED_UNIT ( * ) PLANE_ANGLE_UNIT ( ) SI_UNIT ( $, .RADIAN. ) );
#2845 =( NAMED_UNIT ( * ) PLANE_ANGLE_UNIT ( ) SI_UNIT ( $, .RADIAN. ) );
#2846 = ORIENTED_EDGE ( 'NONE', *, *, #1341, .T. ) ;
#2847 =( LENGTH_UNIT ( ) NAMED_UNIT ( * ) SI_UNIT ( .MILLI., .METRE. ) );
#2848 = UNCERTAINTY_MEASURE_WITH_UNIT (LENGTH_MEASURE( 1.000000000000000082E-05 ), #1827, 'distance_accuracy_value', 'NONE');
#2849 = DIRECTION ( 'NONE',  ( 0.000000000000000000, -0.000000000000000000, -1.000000000000000000 ) ) ;
#2850 = CARTESIAN_POINT ( 'NONE',  ( 5.284012934681435070, 2.987344828879117120, 1.906327822026247620 ) ) ;
#2851 = VECTOR ( 'NONE', #1402, 1000.000000000000000 ) ;
#2852 = UNCERTAINTY_MEASURE_WITH_UNIT (LENGTH_MEASURE( 1.000000000000000082E-05 ), #819, 'distance_accuracy_value', 'NONE');
#2853 = ORIENTED_EDGE ( 'NONE', *, *, #1177, .F. ) ;
#2854 = ADVANCED_FACE ( 'NONE', ( #2681 ), #744, .T. ) ;
#2855 = VERTEX_POINT ( 'NONE', #685 ) ;
#2856 = DIRECTION ( 'NONE',  ( -1.134976511732661027E-14, 1.000000000000000000, -0.000000000000000000 ) ) ;
#2857 = CARTESIAN_POINT ( 'NONE',  ( 5.800065955075229596, 0.6167471748184093494, -1.904334814231452677 ) ) ;
#2858 = ORIENTED_EDGE ( 'NONE', *, *, #1902, .F. ) ;
#2859 = CARTESIAN_POINT ( 'NONE',  ( -4.250072516143177381E-14, 4.162741699796619343, 0.000000000000000000 ) ) ;
#2860 = SURFACE_SIDE_STYLE ('',( #159 ) ) ;
#2861 = B_SPLINE_CURVE_WITH_KNOTS ( 'NONE', 3,
 ( #113, #86, #2377, #2121, #998, #1015, #2569, #521, #586, #1688, #1419, #2820, #1952, #2868, #1907, #276, #808, #2101, #2340, #66, #970, #987, #1921, #2836, #1969, #2657, #132, #457, #1278, #656 ),
 .UNSPECIFIED., .F., .F.,
 ( 4, 2, 2, 2, 2, 2, 2, 2, 2, 2, 2, 2, 2, 2, 4 ),
 ( 0.000000000000000000, 0.06249999999999977796, 0.09374999999999909794, 0.1093749999999981820, 0.1249999999999972661, 0.1874999999999968081, 0.2187499999999966138, 0.2499999999999964195, 0.3749999999999975575, 0.4374999999999977796, 0.4999999999999980016, 0.6249999999999980016, 0.6874999999999982236, 0.7499999999999984457, 1.000000000000000000 ),
 .UNSPECIFIED. ) ;
#2862 = CARTESIAN_POINT ( 'NONE',  ( -2.500000000000009326, 0.7999999999968652187, 0.000000000000000000 ) ) ;
#2863 = AXIS2_PLACEMENT_3D ( 'NONE', #1009, #2613, #2433 ) ;
#2864 = EDGE_CURVE ( 'NONE', #2309, #1017, #120, .T. ) ;
#2865 = PRESENTATION_LAYER_ASSIGNMENT (  '', '', ( #1653 ) ) ;
#2866 = FILL_AREA_STYLE_COLOUR ( '', #724 ) ;
#2867 = MECHANICAL_DESIGN_GEOMETRIC_PRESENTATION_REPRESENTATION (  '', ( #929 ), #1462 ) ;
#2868 = CARTESIAN_POINT ( 'NONE',  ( 5.666516145089604883, 0.5166870922968322954, 1.903457062818900924 ) ) ;
#2869 = CARTESIAN_POINT ( 'NONE',  ( -2.602085213965210642E-14, 2.699999999999803446, 0.000000000000000000 ) ) ;
#2870 = EDGE_LOOP ( 'NONE', ( #1415, #610, #678, #1746 ) ) ;
#2871 = VERTEX_POINT ( 'NONE', #1560 ) ;
#2872 =( NAMED_UNIT ( * ) SI_UNIT ( $, .STERADIAN. ) SOLID_ANGLE_UNIT ( ) );
#2873 = CARTESIAN_POINT ( 'NONE',  ( 5.744615576738342888, 0.5703734424290537453, -1.903962912882907643 ) ) ;
#2874 = ADVANCED_FACE ( 'NONE', ( #2504 ), #1592, .T. ) ;
#2875 = PRESENTATION_STYLE_ASSIGNMENT (( #574 ) ) ;
#2876 = ORIENTED_EDGE ( 'NONE', *, *, #622, .F. ) ;
#2877 = SHAPE_DEFINITION_REPRESENTATION ( #67, #2263 ) ;
#2878 =( LENGTH_UNIT ( ) NAMED_UNIT ( * ) SI_UNIT ( .MILLI., .METRE. ) );
#2879 = CARTESIAN_POINT ( 'NONE',  ( 1.887012342892135599E-16, 0.3799999999968622366, 0.000000000000000000 ) ) ;
#2880 = FILL_AREA_STYLE_COLOUR ( '', #1951 ) ;
#2881 = DIRECTION ( 'NONE',  ( -1.134976511732661027E-14, 1.000000000000000000, 0.000000000000000000 ) ) ;
#2882 = DIRECTION ( 'NONE',  ( 1.000000000000000000, 0.000000000000000000, 1.224646799147352961E-16 ) ) ;
#2883 = PRESENTATION_STYLE_ASSIGNMENT (( #975 ) ) ;
#2884 = ORIENTED_EDGE ( 'NONE', *, *, #2583, .F. ) ;
#2885 = ORIENTED_EDGE ( 'NONE', *, *, #1510, .T. ) ;
#2886 = SURFACE_STYLE_USAGE ( .BOTH. , #2661 ) ;
#2887 = STYLED_ITEM ( 'NONE', ( #2919 ), #1000 ) ;
#2888 = AXIS2_PLACEMENT_3D ( 'NONE', #1727, #2125, #526 ) ;
#2889 = STYLED_ITEM ( 'NONE', ( #1975 ), #1575 ) ;
#2890 = ORIENTED_EDGE ( 'NONE', *, *, #1075, .T. ) ;
#2891 = FILL_AREA_STYLE ('',( #1221 ) ) ;
#2892 = CARTESIAN_POINT ( 'NONE',  ( 3.286335345030987121, 0.7999999999969308329, -1.700000000000000400 ) ) ;
#2893 = SURFACE_STYLE_FILL_AREA ( #1470 ) ;
#2894 = STYLED_ITEM ( 'NONE', ( #2142 ), #362 ) ;
#2895 = ADVANCED_FACE ( 'NONE', ( #2273 ), #2909, .T. ) ;
#2896 = COLOUR_RGB ( '',0.9411764705882352811, 0.9411764705882352811, 0.7843137254901960675 ) ;
#2897 = FACE_OUTER_BOUND ( 'NONE', #108, .T. ) ;
#2898 = ORIENTED_EDGE ( 'NONE', *, *, #1856, .F. ) ;
#2899 = EDGE_LOOP ( 'NONE', ( #1825, #348, #2522, #122 ) ) ;
#2900 = AXIS2_PLACEMENT_3D ( 'NONE', #1541, #648, #664 ) ;
#2901 = SURFACE_SIDE_STYLE ('',( #2440 ) ) ;
#2902 = DIRECTION ( 'NONE',  ( -1.134976511732661027E-14, 1.000000000000000000, -0.000000000000000000 ) ) ;
#2903 = VERTEX_POINT ( 'NONE', #496 ) ;
#2904 =( NAMED_UNIT ( * ) SI_UNIT ( $, .STERADIAN. ) SOLID_ANGLE_UNIT ( ) );
#2905 = FILL_AREA_STYLE_COLOUR ( '', #1739 ) ;
#2906 = SURFACE_STYLE_USAGE ( .BOTH. , #994 ) ;
#2907 = UNCERTAINTY_MEASURE_WITH_UNIT (LENGTH_MEASURE( 1.000000000000000082E-05 ), #199, 'distance_accuracy_value', 'NONE');
#2908 =( GEOMETRIC_REPRESENTATION_CONTEXT ( 3 ) GLOBAL_UNCERTAINTY_ASSIGNED_CONTEXT ( ( #1459 ) ) GLOBAL_UNIT_ASSIGNED_CONTEXT ( ( #694, #934, #1603 ) ) REPRESENTATION_CONTEXT ( 'NONE', 'WORKASPACE' ) );
#2909 = CYLINDRICAL_SURFACE ( 'NONE', #921, 1.000000000000000222 ) ;
#2910 = DIRECTION ( 'NONE',  ( 1.000000000000000000, 1.134976511732661027E-14, 0.000000000000000000 ) ) ;
#2911 =( GEOMETRIC_REPRESENTATION_CONTEXT ( 3 ) GLOBAL_UNCERTAINTY_ASSIGNED_CONTEXT ( ( #1109 ) ) GLOBAL_UNIT_ASSIGNED_CONTEXT ( ( #605, #1261, #1126 ) ) REPRESENTATION_CONTEXT ( 'NONE', 'WORKASPACE' ) );
#2912 = CIRCLE ( 'NONE', #1456, 1.004999999999999893 ) ;
#2913 = MECHANICAL_DESIGN_GEOMETRIC_PRESENTATION_REPRESENTATION (  '', ( #616 ), #925 ) ;
#2914 =( LENGTH_UNIT ( ) NAMED_UNIT ( * ) SI_UNIT ( .MILLI., .METRE. ) );
#2915 =( GEOMETRIC_REPRESENTATION_CONTEXT ( 3 ) GLOBAL_UNCERTAINTY_ASSIGNED_CONTEXT ( ( #1143 ) ) GLOBAL_UNIT_ASSIGNED_CONTEXT ( ( #1100, #1174, #2782 ) ) REPRESENTATION_CONTEXT ( 'NONE', 'WORKASPACE' ) );
#2916 = CIRCLE ( 'NONE', #2376, 6.349999999999837996 ) ;
#2917 = CARTESIAN_POINT ( 'NONE',  ( 5.682118360117875078, 20.00343938915179365, -1.901737276422746925 ) ) ;
#2918 = ORIENTED_EDGE ( 'NONE', *, *, #1738, .T. ) ;
#2919 = PRESENTATION_STYLE_ASSIGNMENT (( #436 ) ) ;
#2920 = DIRECTION ( 'NONE',  ( -1.000000000000000000, -1.134976511732661027E-14, 0.000000000000000000 ) ) ;
#2921 = CARTESIAN_POINT ( 'NONE',  ( 4.379999999999774296, 19.90000000000001279, 5.363952980265407496E-16 ) ) ;
#2922 = PLANE ( 'NONE',  #2618 ) ;
#2923 = EDGE_CURVE ( 'NONE', #1532, #2428, #2774, .T. ) ;
#2924 = ORIENTED_EDGE ( 'NONE', *, *, #2864, .F. ) ;
#2925 = CARTESIAN_POINT ( 'NONE',  ( 4.999999999999991118, 0.7999999999969502618, 0.000000000000000000 ) ) ;
#2926 = STYLED_ITEM ( 'NONE', ( #613 ), #1768 ) ;
#2927 = STYLED_ITEM ( 'NONE', ( #2306 ), #1262 ) ;
#2928 = FACE_OUTER_BOUND ( 'NONE', #2518, .T. ) ;
#2929 = UNCERTAINTY_MEASURE_WITH_UNIT (LENGTH_MEASURE( 1.000000000000000082E-05 ), #331, 'distance_accuracy_value', 'NONE');
#2930 = SURFACE_STYLE_USAGE ( .BOTH. , #2465 ) ;
#2931 = SURFACE_STYLE_FILL_AREA ( #2704 ) ;
#2932 = TOROIDAL_SURFACE ( 'NONE', #1627, 6.450000000005039702, 0.9000000000042693848 ) ;
#2933 = SURFACE_STYLE_USAGE ( .BOTH. , #1806 ) ;
#2934 = AXIS2_PLACEMENT_3D ( 'NONE', #1910, #944, #15 ) ;
#2935 = CIRCLE ( 'NONE', #1634, 4.379999999999999893 ) ;
#2936 =( NAMED_UNIT ( * ) PLANE_ANGLE_UNIT ( ) SI_UNIT ( $, .RADIAN. ) );
#2937 = FACE_BOUND ( 'NONE', #1754, .T. ) ;
#2938 = PRODUCT_DEFINITION_FORMATION_WITH_SPECIFIED_SOURCE ( 'ANY', '', #1752, .NOT_KNOWN. ) ;
#2939 =( NAMED_UNIT ( * ) PLANE_ANGLE_UNIT ( ) SI_UNIT ( $, .RADIAN. ) );
#2940 = EDGE_CURVE ( 'NONE', #1529, #2855, #2948, .T. ) ;
#2941 = VERTEX_POINT ( 'NONE', #2095 ) ;
#2942 =( LENGTH_UNIT ( ) NAMED_UNIT ( * ) SI_UNIT ( .MILLI., .METRE. ) );
#2943 = SURFACE_STYLE_FILL_AREA ( #2027 ) ;
#2944 = DIRECTION ( 'NONE',  ( 1.134976511732661027E-14, -1.000000000000000000, 0.000000000000000000 ) ) ;
#2945 = AXIS2_PLACEMENT_3D ( 'NONE', #1085, #1264, #1791 ) ;
#2946 = FACE_OUTER_BOUND ( 'NONE', #1818, .T. ) ;
#2947 = DIRECTION ( 'NONE',  ( -1.000000000000000000, -1.134976511732645092E-14, 0.000000000000000000 ) ) ;
#2948 = CIRCLE ( 'NONE', #1347, 5.550000000000769873 ) ;
#2949 = EDGE_LOOP ( 'NONE', ( #236, #2503, #349, #2438 ) ) ;
#2950 =( GEOMETRIC_REPRESENTATION_CONTEXT ( 3 ) GLOBAL_UNCERTAINTY_ASSIGNED_CONTEXT ( ( #2929 ) ) GLOBAL_UNIT_ASSIGNED_CONTEXT ( ( #331, #2392, #1704 ) ) REPRESENTATION_CONTEXT ( 'NONE', 'WORKASPACE' ) );
#2951 = COLOUR_RGB ( '',0.000000000000000000, 0.5019607843137254832, 0.5019607843137254832 ) ;
#2952 = DIRECTION ( 'NONE',  ( 1.134976511732661027E-14, -1.000000000000000000, 0.000000000000000000 ) ) ;
#2953 = AXIS2_PLACEMENT_3D ( 'NONE', #1649, #517, #1204 ) ;
#2954 = AXIS2_PLACEMENT_3D ( 'NONE', #1238, #551, #390 ) ;
#2955 = CARTESIAN_POINT ( 'NONE',  ( 5.233434350706694715, 2.700000000028659031, -1.906846846721443001 ) ) ;
#2956 = CARTESIAN_POINT ( 'NONE',  ( 4.999999999999991118, 0.7999999999969502618, 0.000000000000000000 ) ) ;
#2957 = CIRCLE ( 'NONE', #2322, 0.2999999999999951594 ) ;
#2958 = ORIENTED_EDGE ( 'NONE', *, *, #888, .T. ) ;
#2959 = DIRECTION ( 'NONE',  ( -1.000000000000000000, -1.108955646743164336E-14, 0.000000000000000000 ) ) ;
#2960 = PRESENTATION_LAYER_ASSIGNMENT (  '', '', ( #2715 ) ) ;
#2961 = ADVANCED_FACE ( 'NONE', ( #1400 ), #1861, .F. ) ;
#2962 = FACE_OUTER_BOUND ( 'NONE', #27, .T. ) ;
#2963 = CARTESIAN_POINT ( 'NONE',  ( -9.079812093826032126E-15, 0.7999999999968935294, 0.000000000000000000 ) ) ;
#2964 = VERTEX_POINT ( 'NONE', #1879 ) ;
#2965 = DIRECTION ( 'NONE',  ( -1.134976511732661027E-14, 1.000000000000000000, -0.000000000000000000 ) ) ;
#2966 = CARTESIAN_POINT ( 'NONE',  ( 5.786113138340796880, 3.526287986627702153, 1.904249195119660065 ) ) ;
#2967 = EDGE_CURVE ( 'NONE', #591, #666, #1888, .T. ) ;
#2968 = CARTESIAN_POINT ( 'NONE',  ( -3.286335344999999464, -3.143752619338968657E-12, 1.700000000000000844 ) ) ;
#2969 = ORIENTED_EDGE ( 'NONE', *, *, #2635, .T. ) ;
#2970 = PRESENTATION_STYLE_ASSIGNMENT (( #2523 ) ) ;
#2971 = FILL_AREA_STYLE ('',( #2482 ) ) ;
#2972 = FILL_AREA_STYLE_COLOUR ( '', #721 ) ;
#2973 = EDGE_LOOP ( 'NONE', ( #1150, #2553 ) ) ;
#2974 = CARTESIAN_POINT ( 'NONE',  ( -5.964446141900250353, 1.942215432403366249, 0.000000000000000000 ) ) ;
#2975 = CARTESIAN_POINT ( 'NONE',  ( 4.379999999999774296, 19.90000000000001279, 5.363952980265408482E-16 ) ) ;
ENDSEC;
END-ISO-10303-21;
