ISO-10303-21;
HEADER;
FILE_DESCRIPTION (( 'STEP AP214' ),
    '1' );
FILE_NAME ('LED-SEG7-1.0-1DIG.STEP',
    '2026-06-09T09:47:17',
    ( '' ),
    ( '' ),
    'SwSTEP 2.0',
    'SolidWorks 2021',
    '' );
FILE_SCHEMA (( 'AUTOMOTIVE_DESIGN' ));
ENDSEC;

DATA;
#1 = FACE_OUTER_BOUND ( 'NONE', #283, .T. ) ;
#2 = AXIS2_PLACEMENT_3D ( 'NONE', #509, #2096, #3681 ) ;
#3 = VERTEX_POINT ( 'NONE', #815 ) ;
#4 = ORIENTED_EDGE ( 'NONE', *, *, #325, .T. ) ;
#5 =( GEOMETRIC_REPRESENTATION_CONTEXT ( 3 ) GLOBAL_UNCERTAINTY_ASSIGNED_CONTEXT ( ( #656 ) ) GLOBAL_UNIT_ASSIGNED_CONTEXT ( ( #4482, #898, #845 ) ) REPRESENTATION_CONTEXT ( 'NONE', 'WORKASPACE' ) );
#6 = AXIS2_PLACEMENT_3D ( 'NONE', #1307, #2037, #527 ) ;
#7 = COLOUR_RGB ( '',0.8431372549019607865, 0.8156862745098039102, 0.7529411764705882248 ) ;
#8 = UNCERTAINTY_MEASURE_WITH_UNIT (LENGTH_MEASURE( 1.000000000000000082E-05 ), #1603, 'distance_accuracy_value', 'NONE');
#9 = LINE ( 'NONE', #2356, #1717 ) ;
#10 = CARTESIAN_POINT ( 'NONE',  ( 7.422365595631833735, 11.00099999999999945, 11.51469689700721410 ) ) ;
#11 = ORIENTED_EDGE ( 'NONE', *, *, #2168, .F. ) ;
#12 = PRESENTATION_LAYER_ASSIGNMENT (  '', '', ( #2239 ) ) ;
#13 = COLOUR_RGB ( '',0.7803921568627451011, 0.7607843137254901578, 0.7411764705882353255 ) ;
#14 = COLOUR_RGB ( '',0.8431372549019607865, 0.8156862745098039102, 0.7529411764705882248 ) ;
#15 = CYLINDRICAL_SURFACE ( 'NONE', #1838, 2.217827501993440364 ) ;
#16 = CARTESIAN_POINT ( 'NONE',  ( 0.000000000000000000, 11.00000000000000000, 0.000000000000000000 ) ) ;
#17 = MECHANICAL_DESIGN_GEOMETRIC_PRESENTATION_REPRESENTATION (  '', ( #4834 ), #2562 ) ;
#18 = CARTESIAN_POINT ( 'NONE',  ( 11.50000000000001066, 1.000000000000000000, -16.49999999999998934 ) ) ;
#19 = FACE_OUTER_BOUND ( 'NONE', #4689, .T. ) ;
#20 = LINE ( 'NONE', #2459, #1616 ) ;
#21 = UNCERTAINTY_MEASURE_WITH_UNIT (LENGTH_MEASURE( 1.000000000000000082E-05 ), #963, 'distance_accuracy_value', 'NONE');
#22 = ORIENTED_EDGE ( 'NONE', *, *, #4637, .T. ) ;
#23 = EDGE_CURVE ( 'NONE', #513, #1820, #4011, .T. ) ;
#24 = FILL_AREA_STYLE_COLOUR ( '', #1169 ) ;
#25 = PRESENTATION_STYLE_ASSIGNMENT (( #4433 ) ) ;
#26 = VERTEX_POINT ( 'NONE', #2870 ) ;
#27 = EDGE_CURVE ( 'NONE', #3457, #4142, #3802, .T. ) ;
#28 = EDGE_CURVE ( 'NONE', #4969, #2963, #2099, .T. ) ;
#29 = DIRECTION ( 'NONE',  ( 0.000000000000000000, -1.000000000000000000, 0.000000000000000000 ) ) ;
#30 = ORIENTED_EDGE ( 'NONE', *, *, #4159, .F. ) ;
#31 = SURFACE_STYLE_USAGE ( .BOTH. , #825 ) ;
#32 = CARTESIAN_POINT ( 'NONE',  ( 4.716279741469899811, 11.00000000000000000, 12.07866415420832595 ) ) ;
#33 = PRESENTATION_STYLE_ASSIGNMENT (( #2078 ) ) ;
#34 = FILL_AREA_STYLE ('',( #3995 ) ) ;
#35 = DIRECTION ( 'NONE',  ( 0.000000000000000000, -1.000000000000000000, 0.000000000000000000 ) ) ;
#36 = ORIENTED_EDGE ( 'NONE', *, *, #1316, .T. ) ;
#37 = PRESENTATION_LAYER_ASSIGNMENT (  '', '', ( #2588 ) ) ;
#38 = LINE ( 'NONE', #3543, #4177 ) ;
#39 = EDGE_CURVE ( 'NONE', #745, #643, #899, .T. ) ;
#40 =( NAMED_UNIT ( * ) SI_UNIT ( $, .STERADIAN. ) SOLID_ANGLE_UNIT ( ) );
#41 = CARTESIAN_POINT ( 'NONE',  ( -4.440222960222809157, 11.00099999999999945, -1.486362644859045679 ) ) ;
#42 = PRESENTATION_LAYER_ASSIGNMENT (  '', '', ( #2427 ) ) ;
#43 = LINE ( 'NONE', #3201, #3371 ) ;
#44 = SURFACE_STYLE_USAGE ( .BOTH. , #3599 ) ;
#45 = ORIENTED_EDGE ( 'NONE', *, *, #386, .T. ) ;
#46 = DIRECTION ( 'NONE',  ( 0.000000000000000000, 0.000000000000000000, -1.000000000000000000 ) ) ;
#47 = CARTESIAN_POINT ( 'NONE',  ( 11.99999999999999467, 11.00000000000000000, -17.00000000000001066 ) ) ;
#48 = CARTESIAN_POINT ( 'NONE',  ( -3.197171904350398108, 11.00099999999999945, -10.33113049121924476 ) ) ;
#49 = ORIENTED_EDGE ( 'NONE', *, *, #4114, .F. ) ;
#50 = SURFACE_STYLE_FILL_AREA ( #2066 ) ;
#51 = DIRECTION ( 'NONE',  ( -0.7547095802243746210, 0.000000000000000000, 0.6560590289886636395 ) ) ;
#52 = STYLED_ITEM ( 'NONE', ( #1325 ), #729 ) ;
#53 = PRESENTATION_LAYER_ASSIGNMENT (  '', '', ( #3621 ) ) ;
#54 =( NAMED_UNIT ( * ) PLANE_ANGLE_UNIT ( ) SI_UNIT ( $, .RADIAN. ) );
#55 = AXIS2_PLACEMENT_3D ( 'NONE', #528, #4522, #3293 ) ;
#56 = FILL_AREA_STYLE ('',( #4492 ) ) ;
#57 = DIRECTION ( 'NONE',  ( -0.000000000000000000, -1.000000000000000000, -0.000000000000000000 ) ) ;
#58 = FILL_AREA_STYLE_COLOUR ( '', #3160 ) ;
#59 = VERTEX_POINT ( 'NONE', #4840 ) ;
#60 =( GEOMETRIC_REPRESENTATION_CONTEXT ( 3 ) GLOBAL_UNCERTAINTY_ASSIGNED_CONTEXT ( ( #3176 ) ) GLOBAL_UNIT_ASSIGNED_CONTEXT ( ( #3642, #2859, #1283 ) ) REPRESENTATION_CONTEXT ( 'NONE', 'WORKASPACE' ) );
#61 = CARTESIAN_POINT ( 'NONE',  ( -11.00000000000000888, 1.500000000000000000, 15.99999999999998934 ) ) ;
#62 = EDGE_CURVE ( 'NONE', #3881, #1436, #4435, .T. ) ;
#63 = CARTESIAN_POINT ( 'NONE',  ( 5.080000000000000071, 2.000000000000000000, -14.98499999999999943 ) ) ;
#64 = UNCERTAINTY_MEASURE_WITH_UNIT (LENGTH_MEASURE( 1.000000000000000082E-05 ), #2203, 'distance_accuracy_value', 'NONE');
#65 = DIRECTION ( 'NONE',  ( 0.6073781906613752168, 0.000000000000000000, 0.7944128231020155528 ) ) ;
#66 = DIRECTION ( 'NONE',  ( 0.7547095802230705530, 0.000000000000000000, -0.6560590289901637728 ) ) ;
#67 = UNCERTAINTY_MEASURE_WITH_UNIT (LENGTH_MEASURE( 1.000000000000000082E-05 ), #3015, 'distance_accuracy_value', 'NONE');
#68 = ORIENTED_EDGE ( 'NONE', *, *, #4721, .T. ) ;
#69 = DIRECTION ( 'NONE',  ( -0.000000000000000000, -1.000000000000000000, -0.000000000000000000 ) ) ;
#70 = MECHANICAL_DESIGN_GEOMETRIC_PRESENTATION_REPRESENTATION (  '', ( #3636 ), #1370 ) ;
#71 = ORIENTED_EDGE ( 'NONE', *, *, #1569, .T. ) ;
#72 = SURFACE_SIDE_STYLE ('',( #50 ) ) ;
#73 = PRESENTATION_LAYER_ASSIGNMENT (  '', '', ( #2962 ) ) ;
#74 = LINE ( 'NONE', #1636, #4050 ) ;
#75 = SURFACE_STYLE_FILL_AREA ( #4846 ) ;
#76 =( NAMED_UNIT ( * ) SI_UNIT ( $, .STERADIAN. ) SOLID_ANGLE_UNIT ( ) );
#77 = CARTESIAN_POINT ( 'NONE',  ( 11.99999999999999467, 0.9999999999999976685, -14.79999999999999538 ) ) ;
#78 = CARTESIAN_POINT ( 'NONE',  ( -11.50000000000000888, 1.500000000000000000, -16.49999999999998934 ) ) ;
#79 = PRESENTATION_STYLE_ASSIGNMENT (( #1233 ) ) ;
#80 = ORIENTED_EDGE ( 'NONE', *, *, #3110, .T. ) ;
#81 = EDGE_CURVE ( 'NONE', #440, #4432, #1688, .T. ) ;
#82 = STYLED_ITEM ( 'NONE', ( #3236 ), #1115 ) ;
#83 = CARTESIAN_POINT ( 'NONE',  ( 5.720367413259347167, 11.00099999999999945, 0.000000000000000000 ) ) ;
#84 = CARTESIAN_POINT ( 'NONE',  ( 5.080000000000000071, 1.500000000000000000, 15.49499999999999922 ) ) ;
#85 =( GEOMETRIC_REPRESENTATION_CONTEXT ( 3 ) GLOBAL_UNCERTAINTY_ASSIGNED_CONTEXT ( ( #4806 ) ) GLOBAL_UNIT_ASSIGNED_CONTEXT ( ( #2954, #547, #4925 ) ) REPRESENTATION_CONTEXT ( 'NONE', 'WORKASPACE' ) );
#86 = DIRECTION ( 'NONE',  ( 0.000000000000000000, 1.000000000000000000, 0.000000000000000000 ) ) ;
#87 =( NAMED_UNIT ( * ) PLANE_ANGLE_UNIT ( ) SI_UNIT ( $, .RADIAN. ) );
#88 = DIRECTION ( 'NONE',  ( -1.000000000000000000, 0.000000000000000000, 0.000000000000000000 ) ) ;
#89 = VECTOR ( 'NONE', #4182, 1000.000000000000000 ) ;
#90 = DIRECTION ( 'NONE',  ( -0.000000000000000000, -1.000000000000000000, -0.000000000000000000 ) ) ;
#91 = VECTOR ( 'NONE', #1147, 1000.000000000000000 ) ;
#92 = ORIENTED_EDGE ( 'NONE', *, *, #1295, .F. ) ;
#93 = DIRECTION ( 'NONE',  ( 1.000000000000000000, 0.000000000000000000, -0.000000000000000000 ) ) ;
#94 = VECTOR ( 'NONE', #4857, 1000.000000000000000 ) ;
#95 = CARTESIAN_POINT ( 'NONE',  ( 11.50000000000001066, 1.500000000000000000, -16.49999999999998934 ) ) ;
#96 = EDGE_LOOP ( 'NONE', ( #1241, #2054, #3081, #329, #1014, #5120 ) ) ;
#97 = SURFACE_SIDE_STYLE ('',( #4088 ) ) ;
#98 = MECHANICAL_DESIGN_GEOMETRIC_PRESENTATION_REPRESENTATION (  '', ( #3248 ), #1682 ) ;
#99 = EDGE_CURVE ( 'NONE', #3552, #683, #2396, .T. ) ;
#100 = VECTOR ( 'NONE', #4098, 1000.000000000000000 ) ;
#101 = CARTESIAN_POINT ( 'NONE',  ( 11.50000000000001066, 1.000000000000000000, 16.49999999999998934 ) ) ;
#102 = ADVANCED_FACE ( 'NONE', ( #1289 ), #4456, .F. ) ;
#103 = CARTESIAN_POINT ( 'NONE',  ( -6.873174177369323345, 11.00099999999999945, -1.183566405792056742 ) ) ;
#104 = DIRECTION ( 'NONE',  ( 0.000000000000000000, 0.000000000000000000, -1.000000000000000000 ) ) ;
#105 = PLANE ( 'NONE',  #1427 ) ;
#106 = ORIENTED_EDGE ( 'NONE', *, *, #4350, .F. ) ;
#107 = EDGE_CURVE ( 'NONE', #1211, #3552, #1773, .T. ) ;
#108 = AXIS2_PLACEMENT_3D ( 'NONE', #3792, #3002, #224 ) ;
#109 = UNCERTAINTY_MEASURE_WITH_UNIT (LENGTH_MEASURE( 1.000000000000000082E-05 ), #3656, 'distance_accuracy_value', 'NONE');
#110 = CARTESIAN_POINT ( 'NONE',  ( -12.00000000000000533, 0.9999999999999940048, 14.79999999999999183 ) ) ;
#111 = ORIENTED_EDGE ( 'NONE', *, *, #179, .F. ) ;
#112 = FACE_OUTER_BOUND ( 'NONE', #1575, .T. ) ;
#113 = CARTESIAN_POINT ( 'NONE',  ( 2.155378366499345500E-16, 1.500000000000000000, 15.24000000000000021 ) ) ;
#114 = SURFACE_SIDE_STYLE ('',( #3699 ) ) ;
#115 = CARTESIAN_POINT ( 'NONE',  ( -2.540000000000000036, 2.000000000000000000, 14.98499999999999766 ) ) ;
#116 =( GEOMETRIC_REPRESENTATION_CONTEXT ( 3 ) GLOBAL_UNCERTAINTY_ASSIGNED_CONTEXT ( ( #782 ) ) GLOBAL_UNIT_ASSIGNED_CONTEXT ( ( #563, #4604, #3843 ) ) REPRESENTATION_CONTEXT ( 'NONE', 'WORKASPACE' ) );
#117 = EDGE_CURVE ( 'NONE', #4745, #4494, #534, .T. ) ;
#118 = PRESENTATION_STYLE_ASSIGNMENT (( #2060 ) ) ;
#119 = PLANE ( 'NONE',  #3302 ) ;
#120 = UNCERTAINTY_MEASURE_WITH_UNIT (LENGTH_MEASURE( 1.000000000000000082E-05 ), #3217, 'distance_accuracy_value', 'NONE');
#121 = PRESENTATION_LAYER_ASSIGNMENT (  '', '', ( #4275 ) ) ;
#122 = DIRECTION ( 'NONE',  ( -0.6231457663328830998, 0.000000000000000000, -0.7821057178549482014 ) ) ;
#123 = EDGE_LOOP ( 'NONE', ( #1324, #1178, #1649, #1443 ) ) ;
#124 =( LENGTH_UNIT ( ) NAMED_UNIT ( * ) SI_UNIT ( .MILLI., .METRE. ) );
#125 = DIRECTION ( 'NONE',  ( 0.000000000000000000, 0.000000000000000000, -1.000000000000000000 ) ) ;
#126 = PLANE ( 'NONE',  #3914 ) ;
#127 = PLANE ( 'NONE',  #4681 ) ;
#128 = CARTESIAN_POINT ( 'NONE',  ( 4.815457017597222666, 11.00099999999999945, -1.183566405789941101 ) ) ;
#129 = FILL_AREA_STYLE ('',( #3693 ) ) ;
#130 = DIRECTION ( 'NONE',  ( 0.000000000000000000, 1.000000000000000000, 0.000000000000000000 ) ) ;
#131 = VERTEX_POINT ( 'NONE', #1314 ) ;
#132 = STYLED_ITEM ( 'NONE', ( #443 ), #3867 ) ;
#133 = EDGE_CURVE ( 'NONE', #3133, #170, #1710, .T. ) ;
#134 = STYLED_ITEM ( 'NONE', ( #3750 ), #4255 ) ;
#135 = FILL_AREA_STYLE_COLOUR ( '', #1679 ) ;
#136 = ADVANCED_FACE ( 'NONE', ( #1631 ), #929, .F. ) ;
#137 = AXIS2_PLACEMENT_3D ( 'NONE', #3331, #1714, #540 ) ;
#138 = LINE ( 'NONE', #2455, #1998 ) ;
#139 = CARTESIAN_POINT ( 'NONE',  ( 4.862495803304712538, 11.00000000000000000, 11.94109450128913608 ) ) ;
#140 = VECTOR ( 'NONE', #1905, 1000.000000000000000 ) ;
#141 = SURFACE_SIDE_STYLE ('',( #3703 ) ) ;
#142 = FILL_AREA_STYLE ('',( #2535 ) ) ;
#143 = CARTESIAN_POINT ( 'NONE',  ( -11.50000000000000888, 0.000000000000000000, -16.49999999999998934 ) ) ;
#144 = ORIENTED_EDGE ( 'NONE', *, *, #3110, .F. ) ;
#145 = DIRECTION ( 'NONE',  ( 1.000000000000000000, -0.000000000000000000, -0.000000000000000000 ) ) ;
#146 = SURFACE_STYLE_FILL_AREA ( #4136 ) ;
#147 =( NAMED_UNIT ( * ) PLANE_ANGLE_UNIT ( ) SI_UNIT ( $, .RADIAN. ) );
#148 = DIRECTION ( 'NONE',  ( 0.000000000000000000, 0.000000000000000000, -1.000000000000000000 ) ) ;
#149 = EDGE_CURVE ( 'NONE', #447, #1049, #3728, .T. ) ;
#150 = COLOUR_RGB ( '',0.7921568627450980005, 0.8196078431372548767, 0.9333333333333333481 ) ;
#151 = ORIENTED_EDGE ( 'NONE', *, *, #3563, .F. ) ;
#152 = CARTESIAN_POINT ( 'NONE',  ( 7.205852998560215994, 11.00000000000000000, -1.183566405789941101 ) ) ;
#153 =( NAMED_UNIT ( * ) SI_UNIT ( $, .STERADIAN. ) SOLID_ANGLE_UNIT ( ) );
#154 = FILL_AREA_STYLE ('',( #4047 ) ) ;
#155 = DIRECTION ( 'NONE',  ( 0.000000000000000000, 1.000000000000000000, 0.000000000000000000 ) ) ;
#156 = VERTEX_POINT ( 'NONE', #2591 ) ;
#157 = PLANE ( 'NONE',  #875 ) ;
#158 =( NAMED_UNIT ( * ) PLANE_ANGLE_UNIT ( ) SI_UNIT ( $, .RADIAN. ) );
#159 = CARTESIAN_POINT ( 'NONE',  ( -5.080000000000000071, 1.500000000000000000, -15.23999999999999844 ) ) ;
#160 =( LENGTH_UNIT ( ) NAMED_UNIT ( * ) SI_UNIT ( .MILLI., .METRE. ) );
#161 = FILL_AREA_STYLE ('',( #2557 ) ) ;
#162 = PRESENTATION_LAYER_ASSIGNMENT (  '', '', ( #1071 ) ) ;
#163 = CARTESIAN_POINT ( 'NONE',  ( -3.197171904350398108, 11.00000000000000000, -10.33113049121924476 ) ) ;
#164 = VECTOR ( 'NONE', #4421, 1000.000000000000114 ) ;
#165 = STYLED_ITEM ( 'NONE', ( #2502 ), #4796 ) ;
#166 = MECHANICAL_DESIGN_GEOMETRIC_PRESENTATION_REPRESENTATION (  '', ( #2311 ), #4156 ) ;
#167 = FILL_AREA_STYLE ('',( #4571 ) ) ;
#168 = COLOUR_RGB ( '',0.8431372549019607865, 0.8156862745098039102, 0.7529411764705882248 ) ;
#169 =( NAMED_UNIT ( * ) PLANE_ANGLE_UNIT ( ) SI_UNIT ( $, .RADIAN. ) );
#170 = VERTEX_POINT ( 'NONE', #2165 ) ;
#171 = COLOUR_RGB ( '',0.7803921568627451011, 0.7607843137254901578, 0.7411764705882353255 ) ;
#172 = MECHANICAL_DESIGN_GEOMETRIC_PRESENTATION_REPRESENTATION (  '', ( #1745 ), #4087 ) ;
#173 = ADVANCED_FACE ( 'NONE', ( #4548 ), #4131, .T. ) ;
#174 = COLOUR_RGB ( '',0.8431372549019607865, 0.8156862745098039102, 0.7529411764705882248 ) ;
#175 = PRESENTATION_LAYER_ASSIGNMENT (  '', '', ( #1675 ) ) ;
#176 = AXIS2_PLACEMENT_3D ( 'NONE', #2063, #1354, #2931 ) ;
#177 = FILL_AREA_STYLE_COLOUR ( '', #168 ) ;
#178 = CARTESIAN_POINT ( 'NONE',  ( 7.205852998560215994, 11.00099999999999945, -1.183566405789941101 ) ) ;
#179 = EDGE_CURVE ( 'NONE', #4950, #745, #3346, .T. ) ;
#180 = ADVANCED_FACE ( 'NONE', ( #1340 ), #558, .F. ) ;
#181 = ADVANCED_FACE ( 'NONE', ( #687 ), #2288, .F. ) ;
#182 = VECTOR ( 'NONE', #3618, 1000.000000000000000 ) ;
#183 = VECTOR ( 'NONE', #1842, 1000.000000000000000 ) ;
#184 = ORIENTED_EDGE ( 'NONE', *, *, #1645, .F. ) ;
#185 = DIRECTION ( 'NONE',  ( -0.9902680687412871441, 0.000000000000000000, -0.1391731009620804094 ) ) ;
#186 = PLANE ( 'NONE',  #4434 ) ;
#187 = ORIENTED_EDGE ( 'NONE', *, *, #361, .T. ) ;
#188 = MECHANICAL_DESIGN_GEOMETRIC_PRESENTATION_REPRESENTATION (  '', ( #5046 ), #2494 ) ;
#189 = DIRECTION ( 'NONE',  ( 0.000000000000000000, 0.000000000000000000, 1.000000000000000000 ) ) ;
#190 = CYLINDRICAL_SURFACE ( 'NONE', #2639, 0.2550000000000017808 ) ;
#191 = DIRECTION ( 'NONE',  ( 0.000000000000000000, 0.000000000000000000, -1.000000000000000000 ) ) ;
#192 = ORIENTED_EDGE ( 'NONE', *, *, #5164, .T. ) ;
#193 = ADVANCED_FACE ( 'NONE', ( #3158 ), #3980, .F. ) ;
#194 = LINE ( 'NONE', #1768, #2908 ) ;
#195 = FILL_AREA_STYLE ('',( #4128 ) ) ;
#196 =( NAMED_UNIT ( * ) SI_UNIT ( $, .STERADIAN. ) SOLID_ANGLE_UNIT ( ) );
#197 = ORIENTED_EDGE ( 'NONE', *, *, #1873, .T. ) ;
#198 = PRESENTATION_LAYER_ASSIGNMENT (  '', '', ( #1355 ) ) ;
#199 = DIRECTION ( 'NONE',  ( 0.000000000000000000, -1.000000000000000000, 0.000000000000000000 ) ) ;
#200 = SURFACE_SIDE_STYLE ('',( #4138 ) ) ;
#201 = VERTEX_POINT ( 'NONE', #323 ) ;
#202 = DIRECTION ( 'NONE',  ( -0.000000000000000000, -1.000000000000000000, -0.000000000000000000 ) ) ;
#203 = VERTEX_POINT ( 'NONE', #708 ) ;
#204 =( LENGTH_UNIT ( ) NAMED_UNIT ( * ) SI_UNIT ( .MILLI., .METRE. ) );
#205 = ORIENTED_EDGE ( 'NONE', *, *, #2387, .F. ) ;
#206 = SURFACE_STYLE_USAGE ( .BOTH. , #3318 ) ;
#207 = VECTOR ( 'NONE', #2599, 1000.000000000000000 ) ;
#208 = SURFACE_SIDE_STYLE ('',( #3773 ) ) ;
#209 = CARTESIAN_POINT ( 'NONE',  ( -3.042464078436862174, 11.00099999999999945, -12.70447818690153596 ) ) ;
#210 = ORIENTED_EDGE ( 'NONE', *, *, #5146, .T. ) ;
#211 =( NAMED_UNIT ( * ) PLANE_ANGLE_UNIT ( ) SI_UNIT ( $, .RADIAN. ) );
#212 =( GEOMETRIC_REPRESENTATION_CONTEXT ( 3 ) GLOBAL_UNCERTAINTY_ASSIGNED_CONTEXT ( ( #3425 ) ) GLOBAL_UNIT_ASSIGNED_CONTEXT ( ( #4121, #2129, #4251 ) ) REPRESENTATION_CONTEXT ( 'NONE', 'WORKASPACE' ) );
#213 = EDGE_CURVE ( 'NONE', #455, #2254, #2338, .T. ) ;
#214 = PRESENTATION_STYLE_ASSIGNMENT (( #3277 ) ) ;
#215 = VECTOR ( 'NONE', #698, 1000.000000000000000 ) ;
#216 = CARTESIAN_POINT ( 'NONE',  ( -4.852449720038055858, 11.00099999999999945, 1.446783160686918812 ) ) ;
#217 =( NAMED_UNIT ( * ) PLANE_ANGLE_UNIT ( ) SI_UNIT ( $, .RADIAN. ) );
#218 = ORIENTED_EDGE ( 'NONE', *, *, #4422, .T. ) ;
#219 = ORIENTED_EDGE ( 'NONE', *, *, #3864, .F. ) ;
#220 = DIRECTION ( 'NONE',  ( 0.1391731009584540324, 0.000000000000000000, -0.9902680687417967365 ) ) ;
#221 =( NAMED_UNIT ( * ) PLANE_ANGLE_UNIT ( ) SI_UNIT ( $, .RADIAN. ) );
#222 = CARTESIAN_POINT ( 'NONE',  ( 5.080000000000000071, -2.000000000000000000, -15.24000000000000021 ) ) ;
#223 = VERTEX_POINT ( 'NONE', #1157 ) ;
#224 = DIRECTION ( 'NONE',  ( 0.000000000000000000, 0.000000000000000000, -1.000000000000000000 ) ) ;
#225 = UNCERTAINTY_MEASURE_WITH_UNIT (LENGTH_MEASURE( 1.000000000000000082E-05 ), #3591, 'distance_accuracy_value', 'NONE');
#226 = ORIENTED_EDGE ( 'NONE', *, *, #1477, .F. ) ;
#227 =( NAMED_UNIT ( * ) SI_UNIT ( $, .STERADIAN. ) SOLID_ANGLE_UNIT ( ) );
#228 = DIRECTION ( 'NONE',  ( -0.1391731009614071701, 0.000000000000000000, 0.9902680687413817351 ) ) ;
#229 =( NAMED_UNIT ( * ) PLANE_ANGLE_UNIT ( ) SI_UNIT ( $, .RADIAN. ) );
#230 = VERTEX_POINT ( 'NONE', #4348 ) ;
#231 = VECTOR ( 'NONE', #3701, 1000.000000000000000 ) ;
#232 = DIRECTION ( 'NONE',  ( 0.000000000000000000, 0.000000000000000000, 1.000000000000000000 ) ) ;
#233 = SURFACE_STYLE_USAGE ( .BOTH. , #311 ) ;
#234 = VECTOR ( 'NONE', #4029, 1000.000000000000227 ) ;
#235 = CARTESIAN_POINT ( 'NONE',  ( 6.279034304941422562, 11.00099999999999945, -10.48583831713368753 ) ) ;
#236 = EDGE_CURVE ( 'NONE', #1043, #535, #407, .T. ) ;
#237 = DIRECTION ( 'NONE',  ( 0.6560590289895504856, 0.000000000000000000, 0.7547095802236037931 ) ) ;
#238 = CARTESIAN_POINT ( 'NONE',  ( 3.042464078434333530, 11.00000000000000000, 10.15315949595104250 ) ) ;
#239 = ORIENTED_EDGE ( 'NONE', *, *, #556, .T. ) ;
#240 = CARTESIAN_POINT ( 'NONE',  ( -12.00000000000000888, 0.9999999999999976685, -14.79999999999999183 ) ) ;
#241 = EDGE_CURVE ( 'NONE', #2100, #4295, #2720, .T. ) ;
#242 = DIRECTION ( 'NONE',  ( -0.6560590289937844322, 0.000000000000000000, -0.7547095802199232928 ) ) ;
#243 = PRESENTATION_LAYER_ASSIGNMENT (  '', '', ( #4080 ) ) ;
#244 = FILL_AREA_STYLE_COLOUR ( '', #1866 ) ;
#245 = VERTEX_POINT ( 'NONE', #1460 ) ;
#246 = COLOUR_RGB ( '',0.8431372549019607865, 0.8156862745098039102, 0.7529411764705882248 ) ;
#247 = AXIS2_PLACEMENT_3D ( 'NONE', #1515, #3853, #4253 ) ;
#248 = AXIS2_PLACEMENT_3D ( 'NONE', #4137, #2247, #1465 ) ;
#249 = ORIENTED_EDGE ( 'NONE', *, *, #3099, .T. ) ;
#250 = PRESENTATION_STYLE_ASSIGNMENT (( #3787 ) ) ;
#251 = PRESENTATION_STYLE_ASSIGNMENT (( #1387 ) ) ;
#252 = AXIS2_PLACEMENT_3D ( 'NONE', #2430, #1254, #4070 ) ;
#253 = ORIENTED_EDGE ( 'NONE', *, *, #23, .F. ) ;
#254 = MECHANICAL_DESIGN_GEOMETRIC_PRESENTATION_REPRESENTATION (  '', ( #2077 ), #1409 ) ;
#255 = FACE_OUTER_BOUND ( 'NONE', #4758, .T. ) ;
#256 = EDGE_CURVE ( 'NONE', #3763, #4437, #4067, .T. ) ;
#257 = EDGE_CURVE ( 'NONE', #3233, #3888, #484, .T. ) ;
#258 = ORIENTED_EDGE ( 'NONE', *, *, #2856, .T. ) ;
#259 = DIRECTION ( 'NONE',  ( 0.000000000000000000, 0.000000000000000000, -1.000000000000000000 ) ) ;
#260 = VERTEX_POINT ( 'NONE', #4833 ) ;
#261 = STYLED_ITEM ( 'NONE', ( #4798 ), #2341 ) ;
#262 = FILL_AREA_STYLE ('',( #284 ) ) ;
#263 = SURFACE_STYLE_FILL_AREA ( #650 ) ;
#264 = UNCERTAINTY_MEASURE_WITH_UNIT (LENGTH_MEASURE( 1.000000000000000082E-05 ), #2704, 'distance_accuracy_value', 'NONE');
#265 = FILL_AREA_STYLE_COLOUR ( '', #1134 ) ;
#266 = CARTESIAN_POINT ( 'NONE',  ( 11.99999999999999467, 0.9999999999999976685, -14.79999999999999538 ) ) ;
#267 = ORIENTED_EDGE ( 'NONE', *, *, #4179, .F. ) ;
#268 = SURFACE_SIDE_STYLE ('',( #1127 ) ) ;
#269 = DIRECTION ( 'NONE',  ( -0.000000000000000000, -1.000000000000000000, -0.000000000000000000 ) ) ;
#270 = DIRECTION ( 'NONE',  ( 0.7547095802174352830, 0.000000000000000000, -0.6560590289966464761 ) ) ;
#271 = COLOUR_RGB ( '',0.8431372549019607865, 0.8156862745098039102, 0.7529411764705882248 ) ;
#272 = SURFACE_STYLE_FILL_AREA ( #3837 ) ;
#273 =( NAMED_UNIT ( * ) SI_UNIT ( $, .STERADIAN. ) SOLID_ANGLE_UNIT ( ) );
#274 = FILL_AREA_STYLE_COLOUR ( '', #942 ) ;
#275 = DIRECTION ( 'NONE',  ( -0.000000000000000000, -1.000000000000000000, -0.000000000000000000 ) ) ;
#276 = ORIENTED_EDGE ( 'NONE', *, *, #4358, .T. ) ;
#277 = CARTESIAN_POINT ( 'NONE',  ( 2.540000000000000036, -2.000000000000000000, 14.98499999999999766 ) ) ;
#278 = ORIENTED_EDGE ( 'NONE', *, *, #2723, .F. ) ;
#279 = AXIS2_PLACEMENT_3D ( 'NONE', #3866, #1888, #1859 ) ;
#280 = FILL_AREA_STYLE ('',( #1781 ) ) ;
#281 = VERTEX_POINT ( 'NONE', #2842 ) ;
#282 = LINE ( 'NONE', #1038, #183 ) ;
#283 = EDGE_LOOP ( 'NONE', ( #45, #1142, #3186, #2465 ) ) ;
#284 = FILL_AREA_STYLE_COLOUR ( '', #4709 ) ;
#285 = SURFACE_SIDE_STYLE ('',( #1846 ) ) ;
#286 = PRESENTATION_LAYER_ASSIGNMENT (  '', '', ( #4780 ) ) ;
#287 = CARTESIAN_POINT ( 'NONE',  ( 4.854667192020922784, 11.00099999999999945, -1.462561293668101614 ) ) ;
#288 = PRESENTATION_STYLE_ASSIGNMENT (( #4642 ) ) ;
#289 = DIRECTION ( 'NONE',  ( 0.7547095802273096066, 0.000000000000000000, -0.6560590289852873402 ) ) ;
#290 = VERTEX_POINT ( 'NONE', #3622 ) ;
#291 = DIRECTION ( 'NONE',  ( 0.000000000000000000, 0.000000000000000000, 1.000000000000000000 ) ) ;
#292 = EDGE_CURVE ( 'NONE', #4555, #513, #2091, .T. ) ;
#293 = PRODUCT_DEFINITION_CONTEXT ( 'detailed design', #1394, 'design' ) ;
#294 = FACE_OUTER_BOUND ( 'NONE', #1813, .T. ) ;
#295 = SURFACE_STYLE_USAGE ( .BOTH. , #768 ) ;
#296 = ORIENTED_EDGE ( 'NONE', *, *, #3864, .T. ) ;
#297 = SURFACE_STYLE_USAGE ( .BOTH. , #3074 ) ;
#298 = AXIS2_PLACEMENT_3D ( 'NONE', #2609, #4538, #651 ) ;
#299 = LINE ( 'NONE', #1889, #1137 ) ;
#300 = EDGE_LOOP ( 'NONE', ( #303, #4861, #3166, #5062 ) ) ;
#301 = LINE ( 'NONE', #3463, #4504 ) ;
#302 = LINE ( 'NONE', #3464, #1638 ) ;
#303 = ORIENTED_EDGE ( 'NONE', *, *, #256, .T. ) ;
#304 = CIRCLE ( 'NONE', #965, 2.217827502000080830 ) ;
#305 = ORIENTED_EDGE ( 'NONE', *, *, #1644, .F. ) ;
#306 = EDGE_CURVE ( 'NONE', #1464, #620, #4491, .T. ) ;
#307 = CARTESIAN_POINT ( 'NONE',  ( -5.844315597492135694, 11.00000000000000000, 0.000000000000000000 ) ) ;
#308 = FILL_AREA_STYLE_COLOUR ( '', #2413 ) ;
#309 = ORIENTED_EDGE ( 'NONE', *, *, #855, .T. ) ;
#310 =( LENGTH_UNIT ( ) NAMED_UNIT ( * ) SI_UNIT ( .MILLI., .METRE. ) );
#311 = SURFACE_SIDE_STYLE ('',( #5030 ) ) ;
#312 = LINE ( 'NONE', #4276, #1173 ) ;
#313 = UNCERTAINTY_MEASURE_WITH_UNIT (LENGTH_MEASURE( 1.000000000000000082E-05 ), #4869, 'distance_accuracy_value', 'NONE');
#314 = DIRECTION ( 'NONE',  ( 0.000000000000000000, -1.000000000000000000, 0.000000000000000000 ) ) ;
#315 = CARTESIAN_POINT ( 'NONE',  ( 3.234164606790940422, 11.00000000000000000, 10.06791373632251130 ) ) ;
#316 = CARTESIAN_POINT ( 'NONE',  ( 9.800000000000004263, 0.9999999999999997780, -17.00000000000001066 ) ) ;
#317 = EDGE_LOOP ( 'NONE', ( #2796, #3189, #695, #2034 ) ) ;
#318 = FACE_OUTER_BOUND ( 'NONE', #5028, .T. ) ;
#319 = CIRCLE ( 'NONE', #1804, 0.2550000000000000044 ) ;
#320 = DIRECTION ( 'NONE',  ( 0.000000000000000000, -0.000000000000000000, 1.000000000000000000 ) ) ;
#321 =( GEOMETRIC_REPRESENTATION_CONTEXT ( 3 ) GLOBAL_UNCERTAINTY_ASSIGNED_CONTEXT ( ( #109 ) ) GLOBAL_UNIT_ASSIGNED_CONTEXT ( ( #3656, #2590, #2537 ) ) REPRESENTATION_CONTEXT ( 'NONE', 'WORKASPACE' ) );
#322 = CARTESIAN_POINT ( 'NONE',  ( 9.800000000000004263, 0.9999999999999997780, 16.49999999999998934 ) ) ;
#323 = CARTESIAN_POINT ( 'NONE',  ( -8.491459290614118416, 11.00000000000000000, 10.33113049121948990 ) ) ;
#324 = ORIENTED_EDGE ( 'NONE', *, *, #1655, .F. ) ;
#325 = EDGE_CURVE ( 'NONE', #3592, #1980, #2389, .T. ) ;
#326 = SURFACE_SIDE_STYLE ('',( #743 ) ) ;
#327 = UNCERTAINTY_MEASURE_WITH_UNIT (LENGTH_MEASURE( 1.000000000000000082E-05 ), #4471, 'distance_accuracy_value', 'NONE');
#328 = DIRECTION ( 'NONE',  ( 0.000000000000000000, -0.000000000000000000, 1.000000000000000000 ) ) ;
#329 = ORIENTED_EDGE ( 'NONE', *, *, #2731, .F. ) ;
#330 = DIRECTION ( 'NONE',  ( -0.1961161351381850715, 0.9805806756909200006, 0.000000000000000000 ) ) ;
#331 = FILL_AREA_STYLE_COLOUR ( '', #3651 ) ;
#332 = VECTOR ( 'NONE', #817, 1000.000000000000000 ) ;
#333 = ORIENTED_EDGE ( 'NONE', *, *, #830, .F. ) ;
#334 = COLOUR_RGB ( '',0.8431372549019607865, 0.8156862745098039102, 0.7529411764705882248 ) ;
#335 = MECHANICAL_DESIGN_GEOMETRIC_PRESENTATION_REPRESENTATION (  '', ( #4006 ), #1740 ) ;
#336 =( GEOMETRIC_REPRESENTATION_CONTEXT ( 3 ) GLOBAL_UNCERTAINTY_ASSIGNED_CONTEXT ( ( #842 ) ) GLOBAL_UNIT_ASSIGNED_CONTEXT ( ( #1386, #4193, #1576 ) ) REPRESENTATION_CONTEXT ( 'NONE', 'WORKASPACE' ) );
#337 = EDGE_CURVE ( 'NONE', #223, #605, #452, .T. ) ;
#338 = VERTEX_POINT ( 'NONE', #4778 ) ;
#339 = FILL_AREA_STYLE ('',( #3417 ) ) ;
#340 =( GEOMETRIC_REPRESENTATION_CONTEXT ( 3 ) GLOBAL_UNCERTAINTY_ASSIGNED_CONTEXT ( ( #4299 ) ) GLOBAL_UNIT_ASSIGNED_CONTEXT ( ( #5152, #2699, #2333 ) ) REPRESENTATION_CONTEXT ( 'NONE', 'WORKASPACE' ) );
#341 = EDGE_CURVE ( 'NONE', #1962, #2868, #2435, .T. ) ;
#342 = DIRECTION ( 'NONE',  ( -0.000000000000000000, -1.000000000000000000, -0.000000000000000000 ) ) ;
#343 = VECTOR ( 'NONE', #4170, 1000.000000000000000 ) ;
#344 = ORIENTED_EDGE ( 'NONE', *, *, #4791, .F. ) ;
#345 = ORIENTED_EDGE ( 'NONE', *, *, #1802, .F. ) ;
#346 = SURFACE_STYLE_FILL_AREA ( #3908 ) ;
#347 =( GEOMETRIC_REPRESENTATION_CONTEXT ( 3 ) GLOBAL_UNCERTAINTY_ASSIGNED_CONTEXT ( ( #3191 ) ) GLOBAL_UNIT_ASSIGNED_CONTEXT ( ( #1013, #598, #1424 ) ) REPRESENTATION_CONTEXT ( 'NONE', 'WORKASPACE' ) );
#348 = DIRECTION ( 'NONE',  ( 0.000000000000000000, -1.000000000000000000, 0.000000000000000000 ) ) ;
#349 = COLOUR_RGB ( '',0.7803921568627451011, 0.7607843137254901578, 0.7411764705882353255 ) ;
#350 = CARTESIAN_POINT ( 'NONE',  ( -6.101063309671211243, 11.00099999999999945, 10.33113049121951121 ) ) ;
#351 = CARTESIAN_POINT ( 'NONE',  ( 11.50000000000001066, 0.000000000000000000, -16.49999999999998934 ) ) ;
#352 = CARTESIAN_POINT ( 'NONE',  ( 5.587567885294018488, 11.00099999999999945, 10.33113049121800486 ) ) ;
#353 = VECTOR ( 'NONE', #88, 1000.000000000000000 ) ;
#354 = ORIENTED_EDGE ( 'NONE', *, *, #1939, .F. ) ;
#355 = PLANE ( 'NONE',  #588 ) ;
#356 = AXIS2_PLACEMENT_3D ( 'NONE', #2730, #3489, #766 ) ;
#357 = MECHANICAL_DESIGN_GEOMETRIC_PRESENTATION_REPRESENTATION (  '', ( #1936 ), #2488 ) ;
#358 =( LENGTH_UNIT ( ) NAMED_UNIT ( * ) SI_UNIT ( .MILLI., .METRE. ) );
#359 = AXIS2_PLACEMENT_3D ( 'NONE', #4446, #130, #856 ) ;
#360 =( NAMED_UNIT ( * ) PLANE_ANGLE_UNIT ( ) SI_UNIT ( $, .RADIAN. ) );
#361 = EDGE_CURVE ( 'NONE', #3763, #1464, #4428, .T. ) ;
#362 = PRESENTATION_STYLE_ASSIGNMENT (( #787 ) ) ;
#363 = PRESENTATION_STYLE_ASSIGNMENT (( #297 ) ) ;
#364 = AXIS2_PLACEMENT_3D ( 'NONE', #3764, #202, #2195 ) ;
#365 = ORIENTED_EDGE ( 'NONE', *, *, #2084, .T. ) ;
#366 = EDGE_CURVE ( 'NONE', #4304, #440, #3646, .T. ) ;
#367 = DIRECTION ( 'NONE',  ( 0.1391731009594468493, 0.000000000000000000, -0.9902680687416571814 ) ) ;
#368 = EDGE_LOOP ( 'NONE', ( #4983, #4392, #1867, #1527 ) ) ;
#369 = DIRECTION ( 'NONE',  ( 0.000000000000000000, -1.000000000000000000, 0.000000000000000000 ) ) ;
#370 = EDGE_CURVE ( 'NONE', #3606, #3873, #4318, .T. ) ;
#371 = CARTESIAN_POINT ( 'NONE',  ( -5.975923974939405525, 11.00099999999999945, -0.1513981195336346064 ) ) ;
#372 =( GEOMETRIC_REPRESENTATION_CONTEXT ( 3 ) GLOBAL_UNCERTAINTY_ASSIGNED_CONTEXT ( ( #2756 ) ) GLOBAL_UNIT_ASSIGNED_CONTEXT ( ( #1467, #3813, #3050 ) ) REPRESENTATION_CONTEXT ( 'NONE', 'WORKASPACE' ) );
#373 =( NAMED_UNIT ( * ) SI_UNIT ( $, .STERADIAN. ) SOLID_ANGLE_UNIT ( ) );
#374 = SURFACE_STYLE_USAGE ( .BOTH. , #1174 ) ;
#375 = ORIENTED_EDGE ( 'NONE', *, *, #3381, .T. ) ;
#376 =( LENGTH_UNIT ( ) NAMED_UNIT ( * ) SI_UNIT ( .MILLI., .METRE. ) );
#377 = COLOUR_RGB ( '',0.8431372549019607865, 0.8156862745098039102, 0.7529411764705882248 ) ;
#378 = PRESENTATION_STYLE_ASSIGNMENT (( #2666 ) ) ;
#379 = CARTESIAN_POINT ( 'NONE',  ( -4.732453708476182186, 11.00000000000000000, -12.06448419708566533 ) ) ;
#380 = LINE ( 'NONE', #3946, #763 ) ;
#381 = CARTESIAN_POINT ( 'NONE',  ( 2.540000000000000036, 2.000000000000000000, 15.24000000000000021 ) ) ;
#382 = ORIENTED_EDGE ( 'NONE', *, *, #4633, .F. ) ;
#383 = CYLINDRICAL_SURFACE ( 'NONE', #2565, 2.551318690962586011 ) ;
#384 = CARTESIAN_POINT ( 'NONE',  ( 7.205852998560215994, 11.00099999999999945, -1.183566405789941101 ) ) ;
#385 = DIRECTION ( 'NONE',  ( 0.1391731009614071979, 0.000000000000000000, -0.9902680687413817351 ) ) ;
#386 = EDGE_CURVE ( 'NONE', #4432, #392, #4477, .T. ) ;
#387 =( NAMED_UNIT ( * ) SI_UNIT ( $, .STERADIAN. ) SOLID_ANGLE_UNIT ( ) );
#388 = VECTOR ( 'NONE', #1145, 1000.000000000000000 ) ;
#389 = ORIENTED_EDGE ( 'NONE', *, *, #3956, .F. ) ;
#390 = DIRECTION ( 'NONE',  ( 0.9805806756909200006, 0.1961161351381850715, 0.000000000000000000 ) ) ;
#391 = CARTESIAN_POINT ( 'NONE',  ( 11.50000000000001243, 0.9999999999999976685, -14.79999999999999538 ) ) ;
#392 = VERTEX_POINT ( 'NONE', #2040 ) ;
#393 = DIRECTION ( 'NONE',  ( 0.000000000000000000, 0.000000000000000000, -1.000000000000000000 ) ) ;
#394 = AXIS2_PLACEMENT_3D ( 'NONE', #2434, #1308, #4076 ) ;
#395 = PRESENTATION_LAYER_ASSIGNMENT (  '', '', ( #2518 ) ) ;
#396 = VERTEX_POINT ( 'NONE', #4054 ) ;
#397 = AXIS2_PLACEMENT_3D ( 'NONE', #2555, #3010, #4181 ) ;
#398 = ORIENTED_EDGE ( 'NONE', *, *, #1285, .F. ) ;
#399 = LINE ( 'NONE', #1593, #994 ) ;
#400 = CARTESIAN_POINT ( 'NONE',  ( -11.50000000000000888, 1.292893218813452538, 16.49999999999998934 ) ) ;
#401 = SURFACE_STYLE_FILL_AREA ( #4340 ) ;
#402 = ORIENTED_EDGE ( 'NONE', *, *, #241, .F. ) ;
#403 = SURFACE_STYLE_USAGE ( .BOTH. , #785 ) ;
#404 = ADVANCED_FACE ( 'NONE', ( #19 ), #506, .F. ) ;
#405 = LINE ( 'NONE', #18, #1326 ) ;
#406 = EDGE_CURVE ( 'NONE', #3001, #1039, #43, .T. ) ;
#407 = LINE ( 'NONE', #3953, #1807 ) ;
#408 = DIRECTION ( 'NONE',  ( 0.000000000000000000, 0.000000000000000000, 1.000000000000000000 ) ) ;
#409 = EDGE_LOOP ( 'NONE', ( #977, #4196 ) ) ;
#410 = DIRECTION ( 'NONE',  ( 0.000000000000000000, 0.000000000000000000, -1.000000000000000000 ) ) ;
#411 = CARTESIAN_POINT ( 'NONE',  ( 10.00000000000000533, 2.449293598294707302E-15, -17.00000000000001066 ) ) ;
#412 = ORIENTED_EDGE ( 'NONE', *, *, #1223, .F. ) ;
#413 = CARTESIAN_POINT ( 'NONE',  ( 5.877292712060164348, 11.00099999999999945, -0.1250308409102711682 ) ) ;
#414 = VERTEX_POINT ( 'NONE', #139 ) ;
#415 = LINE ( 'NONE', #849, #2697 ) ;
#416 = FILL_AREA_STYLE_COLOUR ( '', #14 ) ;
#417 = DIRECTION ( 'NONE',  ( -0.9805806756909200006, 0.1961161351381850715, 0.000000000000000000 ) ) ;
#418 = STYLED_ITEM ( 'NONE', ( #214 ), #1722 ) ;
#419 = EDGE_LOOP ( 'NONE', ( #4820, #30, #599, #71 ) ) ;
#420 = EDGE_CURVE ( 'NONE', #2517, #3219, #3343, .T. ) ;
#421 =( NAMED_UNIT ( * ) SI_UNIT ( $, .STERADIAN. ) SOLID_ANGLE_UNIT ( ) );
#422 = VECTOR ( 'NONE', #2114, 1000.000000000000000 ) ;
#423 = MECHANICAL_DESIGN_GEOMETRIC_PRESENTATION_REPRESENTATION (  '', ( #4738 ), #3574 ) ;
#424 = FACE_OUTER_BOUND ( 'NONE', #419, .T. ) ;
#425 = CIRCLE ( 'NONE', #3652, 2.551318690961201785 ) ;
#426 = ORIENTED_EDGE ( 'NONE', *, *, #4593, .T. ) ;
#427 =( GEOMETRIC_REPRESENTATION_CONTEXT ( 3 ) GLOBAL_UNCERTAINTY_ASSIGNED_CONTEXT ( ( #4197 ) ) GLOBAL_UNIT_ASSIGNED_CONTEXT ( ( #4227, #1376, #4565 ) ) REPRESENTATION_CONTEXT ( 'NONE', 'WORKASPACE' ) );
#428 = CARTESIAN_POINT ( 'NONE',  ( 2.864493083156884889, 11.00099999999999945, 12.69826330279932947 ) ) ;
#429 = SURFACE_STYLE_FILL_AREA ( #1623 ) ;
#430 = SURFACE_STYLE_FILL_AREA ( #2316 ) ;
#431 = AXIS2_PLACEMENT_3D ( 'NONE', #2175, #954, #1786 ) ;
#432 =( GEOMETRIC_REPRESENTATION_CONTEXT ( 3 ) GLOBAL_UNCERTAINTY_ASSIGNED_CONTEXT ( ( #1159 ) ) GLOBAL_UNIT_ASSIGNED_CONTEXT ( ( #3516, #3127, #1487 ) ) REPRESENTATION_CONTEXT ( 'NONE', 'WORKASPACE' ) );
#433 = SURFACE_STYLE_USAGE ( .BOTH. , #4450 ) ;
#434 =( NAMED_UNIT ( * ) PLANE_ANGLE_UNIT ( ) SI_UNIT ( $, .RADIAN. ) );
#435 = DIRECTION ( 'NONE',  ( 0.000000000000000000, -1.000000000000000000, 0.000000000000000000 ) ) ;
#436 = UNCERTAINTY_MEASURE_WITH_UNIT (LENGTH_MEASURE( 1.000000000000000082E-05 ), #3615, 'distance_accuracy_value', 'NONE');
#437 = CARTESIAN_POINT ( 'NONE',  ( 4.482778196424064276, 11.00099999999999945, 1.183566405789941101 ) ) ;
#438 = FACE_OUTER_BOUND ( 'NONE', #4489, .T. ) ;
#439 = CARTESIAN_POINT ( 'NONE',  ( 5.080000000000000071, 2.000000000000000000, 14.98499999999999943 ) ) ;
#440 = VERTEX_POINT ( 'NONE', #606 ) ;
#441 = STYLED_ITEM ( 'NONE', ( #3052 ), #936 ) ;
#442 = CARTESIAN_POINT ( 'NONE',  ( -10.00000000000000178, 0.000000000000000000, -17.00000000000001066 ) ) ;
#443 = PRESENTATION_STYLE_ASSIGNMENT (( #1584 ) ) ;
#444 =( NAMED_UNIT ( * ) SI_UNIT ( $, .STERADIAN. ) SOLID_ANGLE_UNIT ( ) );
#445 = SURFACE_STYLE_FILL_AREA ( #2050 ) ;
#446 = DIRECTION ( 'NONE',  ( -0.000000000000000000, -1.000000000000000000, -0.000000000000000000 ) ) ;
#447 = VERTEX_POINT ( 'NONE', #1726 ) ;
#448 = DIRECTION ( 'NONE',  ( 0.000000000000000000, 0.000000000000000000, -1.000000000000000000 ) ) ;
#449 = PLANE ( 'NONE',  #394 ) ;
#450 = AXIS2_PLACEMENT_3D ( 'NONE', #1747, #2933, #3370 ) ;
#451 = MECHANICAL_DESIGN_GEOMETRIC_PRESENTATION_REPRESENTATION (  '', ( #4283 ), #2853 ) ;
#452 = LINE ( 'NONE', #4498, #234 ) ;
#453 = EDGE_CURVE ( 'NONE', #4414, #900, #3404, .T. ) ;
#454 = MECHANICAL_DESIGN_GEOMETRIC_PRESENTATION_REPRESENTATION (  '', ( #4938 ), #2779 ) ;
#455 = VERTEX_POINT ( 'NONE', #163 ) ;
#456 = PRESENTATION_STYLE_ASSIGNMENT (( #1629 ) ) ;
#457 = DIRECTION ( 'NONE',  ( 0.000000000000000000, -1.000000000000000000, 0.000000000000000000 ) ) ;
#458 = FILL_AREA_STYLE_COLOUR ( '', #1357 ) ;
#459 = VERTEX_POINT ( 'NONE', #3295 ) ;
#460 = PLANE ( 'NONE',  #3300 ) ;
#461 = AXIS2_PLACEMENT_3D ( 'NONE', #3817, #2627, #1841 ) ;
#462 =( NAMED_UNIT ( * ) SI_UNIT ( $, .STERADIAN. ) SOLID_ANGLE_UNIT ( ) );
#463 = PRESENTATION_LAYER_ASSIGNMENT (  '', '', ( #3783 ) ) ;
#464 = PLANE ( 'NONE',  #499 ) ;
#465 = SURFACE_STYLE_USAGE ( .BOTH. , #1294 ) ;
#466 = AXIS2_PLACEMENT_3D ( 'NONE', #1199, #874, #1224 ) ;
#467 = LINE ( 'NONE', #2141, #4393 ) ;
#468 = ORIENTED_EDGE ( 'NONE', *, *, #1873, .F. ) ;
#469 = AXIS2_PLACEMENT_3D ( 'NONE', #4124, #1703, #3274 ) ;
#470 = DIRECTION ( 'NONE',  ( -0.9805806756909200006, 0.1961161351381850715, 0.000000000000000000 ) ) ;
#471 =( NAMED_UNIT ( * ) PLANE_ANGLE_UNIT ( ) SI_UNIT ( $, .RADIAN. ) );
#472 = LINE ( 'NONE', #2053, #1585 ) ;
#473 = ORIENTED_EDGE ( 'NONE', *, *, #292, .T. ) ;
#474 = COLOUR_RGB ( '',0.8431372549019607865, 0.8156862745098039102, 0.7529411764705882248 ) ;
#475 = SURFACE_SIDE_STYLE ('',( #2014 ) ) ;
#476 = LINE ( 'NONE', #3700, #3065 ) ;
#477 = FILL_AREA_STYLE_COLOUR ( '', #2454 ) ;
#478 = EDGE_CURVE ( 'NONE', #683, #3014, #319, .T. ) ;
#479 = ORIENTED_EDGE ( 'NONE', *, *, #2532, .T. ) ;
#480 = FILL_AREA_STYLE ('',( #1273 ) ) ;
#481 = ADVANCED_FACE ( 'NONE', ( #3725 ), #4952, .T. ) ;
#482 = ORIENTED_EDGE ( 'NONE', *, *, #518, .F. ) ;
#483 = CARTESIAN_POINT ( 'NONE',  ( 8.077597235832874034, 11.00099999999999945, -11.78350168343908777 ) ) ;
#484 = CIRCLE ( 'NONE', #3372, 2.551318690961786206 ) ;
#485 = CARTESIAN_POINT ( 'NONE',  ( -3.042464078436862174, 11.00000000000000000, -12.70447818690153596 ) ) ;
#486 = SURFACE_STYLE_USAGE ( .BOTH. , #1344 ) ;
#487 = CARTESIAN_POINT ( 'NONE',  ( -12.00000000000000888, 3.673940397442057600E-15, -14.99999999999999289 ) ) ;
#488 = ORIENTED_EDGE ( 'NONE', *, *, #4039, .T. ) ;
#489 = EDGE_CURVE ( 'NONE', #654, #1350, #3016, .T. ) ;
#490 = SURFACE_SIDE_STYLE ('',( #882 ) ) ;
#491 = DIRECTION ( 'NONE',  ( 0.000000000000000000, -0.000000000000000000, -1.000000000000000000 ) ) ;
#492 = SURFACE_STYLE_USAGE ( .BOTH. , #4823 ) ;
#493 = ORIENTED_EDGE ( 'NONE', *, *, #4958, .T. ) ;
#494 = MECHANICAL_DESIGN_GEOMETRIC_PRESENTATION_REPRESENTATION (  '', ( #1733 ), #4333 ) ;
#495 =( NAMED_UNIT ( * ) SI_UNIT ( $, .STERADIAN. ) SOLID_ANGLE_UNIT ( ) );
#496 = AXIS2_PLACEMENT_3D ( 'NONE', #3019, #2385, #3200 ) ;
#497 = CARTESIAN_POINT ( 'NONE',  ( 11.99999999999999467, 0.9999999999999976685, -14.79999999999999538 ) ) ;
#498 = PRESENTATION_LAYER_ASSIGNMENT (  '', '', ( #2311 ) ) ;
#499 = AXIS2_PLACEMENT_3D ( 'NONE', #5017, #1003, #2998 ) ;
#500 =( NAMED_UNIT ( * ) PLANE_ANGLE_UNIT ( ) SI_UNIT ( $, .RADIAN. ) );
#501 = SURFACE_STYLE_USAGE ( .BOTH. , #114 ) ;
#502 = SURFACE_STYLE_FILL_AREA ( #3294 ) ;
#503 = VECTOR ( 'NONE', #3366, 1000.000000000000114 ) ;
#504 = VECTOR ( 'NONE', #953, 1000.000000000000000 ) ;
#505 = MECHANICAL_DESIGN_GEOMETRIC_PRESENTATION_REPRESENTATION (  '', ( #4748 ), #3827 ) ;
#506 = PLANE ( 'NONE',  #4561 ) ;
#507 = CARTESIAN_POINT ( 'NONE',  ( -6.873174177369323345, 11.00000000000000000, -1.183566405792056742 ) ) ;
#508 = AXIS2_PLACEMENT_3D ( 'NONE', #5118, #802, #4329 ) ;
#509 = CARTESIAN_POINT ( 'NONE',  ( -5.080000000000000071, 2.000000000000000000, 15.23999999999999844 ) ) ;
#510 = ORIENTED_EDGE ( 'NONE', *, *, #3757, .T. ) ;
#511 = DIRECTION ( 'NONE',  ( 0.000000000000000000, 0.000000000000000000, -1.000000000000000000 ) ) ;
#512 = PRESENTATION_STYLE_ASSIGNMENT (( #4059 ) ) ;
#513 = VERTEX_POINT ( 'NONE', #4979 ) ;
#514 = VECTOR ( 'NONE', #4739, 1000.000000000000000 ) ;
#515 = CARTESIAN_POINT ( 'NONE',  ( -5.975923974939405525, 11.00099999999999945, -0.1513981195336346064 ) ) ;
#516 = VECTOR ( 'NONE', #3593, 1000.000000000000000 ) ;
#517 = CIRCLE ( 'NONE', #2093, 0.2550000000000017808 ) ;
#518 = EDGE_CURVE ( 'NONE', #659, #3562, #1379, .T. ) ;
#519 = FILL_AREA_STYLE_COLOUR ( '', #2122 ) ;
#520 = ADVANCED_FACE ( 'NONE', ( #1746 ), #1333, .F. ) ;
#521 = DIRECTION ( 'NONE',  ( -0.1391731009620804094, 0.000000000000000000, 0.9902680687412871441 ) ) ;
#522 = FACE_OUTER_BOUND ( 'NONE', #1598, .T. ) ;
#523 = FILL_AREA_STYLE ('',( #4099 ) ) ;
#524 = ORIENTED_EDGE ( 'NONE', *, *, #4040, .F. ) ;
#525 = FILL_AREA_STYLE ('',( #1369 ) ) ;
#526 = CARTESIAN_POINT ( 'NONE',  ( -5.080000000000000071, -2.000000000000000000, 15.23999999999999844 ) ) ;
#527 = DIRECTION ( 'NONE',  ( 1.000000000000000000, 0.000000000000000000, -0.000000000000000000 ) ) ;
#528 = CARTESIAN_POINT ( 'NONE',  ( -5.080000000000000071, 2.000000000000000000, 15.23999999999999844 ) ) ;
#529 = DIRECTION ( 'NONE',  ( -1.000000000000000000, 0.000000000000000000, 0.000000000000000000 ) ) ;
#530 = COLOUR_RGB ( '',0.7803921568627451011, 0.7607843137254901578, 0.7411764705882353255 ) ;
#531 = UNCERTAINTY_MEASURE_WITH_UNIT (LENGTH_MEASURE( 1.000000000000000082E-05 ), #358, 'distance_accuracy_value', 'NONE');
#532 = EDGE_CURVE ( 'NONE', #3005, #414, #4231, .T. ) ;
#533 = DIRECTION ( 'NONE',  ( 0.000000000000000000, -1.000000000000000000, 0.000000000000000000 ) ) ;
#534 = LINE ( 'NONE', #48, #4698 ) ;
#535 = VERTEX_POINT ( 'NONE', #1864 ) ;
#536 = AXIS2_PLACEMENT_3D ( 'NONE', #2677, #3521, #1133 ) ;
#537 = FILL_AREA_STYLE ('',( #2190 ) ) ;
#538 = DIRECTION ( 'NONE',  ( 0.000000000000000000, 0.000000000000000000, -1.000000000000000000 ) ) ;
#539 = SURFACE_SIDE_STYLE ('',( #1805 ) ) ;
#540 = DIRECTION ( 'NONE',  ( 0.000000000000000000, -0.000000000000000000, -1.000000000000000000 ) ) ;
#541 =( LENGTH_UNIT ( ) NAMED_UNIT ( * ) SI_UNIT ( .MILLI., .METRE. ) );
#542 = DIRECTION ( 'NONE',  ( 1.000000000000000000, -0.000000000000000000, -1.239088197126291063E-16 ) ) ;
#543 = VERTEX_POINT ( 'NONE', #3736 ) ;
#544 = VECTOR ( 'NONE', #3469, 1000.000000000000000 ) ;
#545 = SURFACE_SIDE_STYLE ('',( #1305 ) ) ;
#546 = PRESENTATION_LAYER_ASSIGNMENT (  '', '', ( #134 ) ) ;
#547 =( NAMED_UNIT ( * ) PLANE_ANGLE_UNIT ( ) SI_UNIT ( $, .RADIAN. ) );
#548 = FACE_OUTER_BOUND ( 'NONE', #1865, .T. ) ;
#549 =( GEOMETRIC_REPRESENTATION_CONTEXT ( 3 ) GLOBAL_UNCERTAINTY_ASSIGNED_CONTEXT ( ( #4640 ) ) GLOBAL_UNIT_ASSIGNED_CONTEXT ( ( #310, #1093, #1426 ) ) REPRESENTATION_CONTEXT ( 'NONE', 'WORKASPACE' ) );
#550 =( GEOMETRIC_REPRESENTATION_CONTEXT ( 3 ) GLOBAL_UNCERTAINTY_ASSIGNED_CONTEXT ( ( #3969 ) ) GLOBAL_UNIT_ASSIGNED_CONTEXT ( ( #3580, #1553, #3901 ) ) REPRESENTATION_CONTEXT ( 'NONE', 'WORKASPACE' ) );
#551 = PRESENTATION_LAYER_ASSIGNMENT (  '', '', ( #4308 ) ) ;
#552 = EDGE_CURVE ( 'NONE', #3057, #2871, #1455, .T. ) ;
#553 = CARTESIAN_POINT ( 'NONE',  ( 4.815457017597222666, 11.00099999999999945, -1.183566405789941101 ) ) ;
#554 = EDGE_CURVE ( 'NONE', #3, #1858, #2594, .T. ) ;
#555 = EDGE_CURVE ( 'NONE', #727, #3117, #4129, .T. ) ;
#556 = EDGE_CURVE ( 'NONE', #1049, #4432, #976, .T. ) ;
#557 = EDGE_CURVE ( 'NONE', #2080, #2307, #2282, .T. ) ;
#558 = PLANE ( 'NONE',  #536 ) ;
#559 = EDGE_LOOP ( 'NONE', ( #1148, #4638, #3933, #3641 ) ) ;
#560 =( LENGTH_UNIT ( ) NAMED_UNIT ( * ) SI_UNIT ( .MILLI., .METRE. ) );
#561 = FILL_AREA_STYLE ('',( #177 ) ) ;
#562 =( NAMED_UNIT ( * ) PLANE_ANGLE_UNIT ( ) SI_UNIT ( $, .RADIAN. ) );
#563 =( LENGTH_UNIT ( ) NAMED_UNIT ( * ) SI_UNIT ( .MILLI., .METRE. ) );
#564 = SURFACE_STYLE_USAGE ( .BOTH. , #3263 ) ;
#565 = LINE ( 'NONE', #128, #923 ) ;
#566 = LINE ( 'NONE', #2479, #835 ) ;
#567 = FILL_AREA_STYLE ('',( #3313 ) ) ;
#568 = EDGE_LOOP ( 'NONE', ( #1844, #4305, #4240, #2188, #479, #3759, #3793 ) ) ;
#569 =( LENGTH_UNIT ( ) NAMED_UNIT ( * ) SI_UNIT ( .MILLI., .METRE. ) );
#570 = DIRECTION ( 'NONE',  ( 0.000000000000000000, 0.000000000000000000, 1.000000000000000000 ) ) ;
#571 = DIRECTION ( 'NONE',  ( -1.020425574104004122E-16, 0.000000000000000000, -1.000000000000000000 ) ) ;
#572 = CARTESIAN_POINT ( 'NONE',  ( 3.042464078434333530, 11.00000000000000000, 10.15315949595104250 ) ) ;
#573 = SURFACE_SIDE_STYLE ('',( #2181 ) ) ;
#574 = AXIS2_PLACEMENT_3D ( 'NONE', #4377, #369, #2347 ) ;
#575 =( GEOMETRIC_REPRESENTATION_CONTEXT ( 3 ) GLOBAL_UNCERTAINTY_ASSIGNED_CONTEXT ( ( #4812 ) ) GLOBAL_UNIT_ASSIGNED_CONTEXT ( ( #4980, #1404, #1024 ) ) REPRESENTATION_CONTEXT ( 'NONE', 'WORKASPACE' ) );
#576 = PRESENTATION_STYLE_ASSIGNMENT (( #2530 ) ) ;
#577 = VECTOR ( 'NONE', #4889, 1000.000000000000114 ) ;
#578 = AXIS2_PLACEMENT_3D ( 'NONE', #2258, #2759, #4365 ) ;
#579 = VECTOR ( 'NONE', #1011, 1000.000000000000000 ) ;
#580 = FACE_OUTER_BOUND ( 'NONE', #3898, .T. ) ;
#581 = AXIS2_PLACEMENT_3D ( 'NONE', #1950, #390, #330 ) ;
#582 =( LENGTH_UNIT ( ) NAMED_UNIT ( * ) SI_UNIT ( .MILLI., .METRE. ) );
#583 = ORIENTED_EDGE ( 'NONE', *, *, #1604, .F. ) ;
#584 = MECHANICAL_DESIGN_GEOMETRIC_PRESENTATION_REPRESENTATION (  '', ( #165 ), #4996 ) ;
#585 = LINE ( 'NONE', #1384, #4127 ) ;
#586 = PRESENTATION_LAYER_ASSIGNMENT (  '', '', ( #3666 ) ) ;
#587 = COLOUR_RGB ( '',0.7921568627450980005, 0.8196078431372548767, 0.9333333333333333481 ) ;
#588 = AXIS2_PLACEMENT_3D ( 'NONE', #3889, #684, #291 ) ;
#589 = FILL_AREA_STYLE_COLOUR ( '', #989 ) ;
#590 = PLANE ( 'NONE',  #1026 ) ;
#591 = ORIENTED_EDGE ( 'NONE', *, *, #2616, .T. ) ;
#592 =( GEOMETRIC_REPRESENTATION_CONTEXT ( 3 ) GLOBAL_UNCERTAINTY_ASSIGNED_CONTEXT ( ( #4453 ) ) GLOBAL_UNIT_ASSIGNED_CONTEXT ( ( #3042, #3488, #4314 ) ) REPRESENTATION_CONTEXT ( 'NONE', 'WORKASPACE' ) );
#593 = PRESENTATION_STYLE_ASSIGNMENT (( #4582 ) ) ;
#594 = ORIENTED_EDGE ( 'NONE', *, *, #3635, .T. ) ;
#595 = UNCERTAINTY_MEASURE_WITH_UNIT (LENGTH_MEASURE( 1.000000000000000082E-05 ), #602, 'distance_accuracy_value', 'NONE');
#596 = LINE ( 'NONE', #2174, #579 ) ;
#597 = ADVANCED_FACE ( 'NONE', ( #4630 ), #590, .F. ) ;
#598 =( NAMED_UNIT ( * ) PLANE_ANGLE_UNIT ( ) SI_UNIT ( $, .RADIAN. ) );
#599 = ORIENTED_EDGE ( 'NONE', *, *, #3490, .F. ) ;
#600 = CARTESIAN_POINT ( 'NONE',  ( -11.50000000000000888, 1.292893218813452538, -16.49999999999998934 ) ) ;
#601 = CARTESIAN_POINT ( 'NONE',  ( 7.422365595631833735, 11.00099999999999945, 11.51469689700721410 ) ) ;
#602 =( LENGTH_UNIT ( ) NAMED_UNIT ( * ) SI_UNIT ( .MILLI., .METRE. ) );
#603 = DIRECTION ( 'NONE',  ( -0.000000000000000000, -1.000000000000000000, -0.000000000000000000 ) ) ;
#604 = DIRECTION ( 'NONE',  ( 0.000000000000000000, 1.000000000000000000, 0.000000000000000000 ) ) ;
#605 = VERTEX_POINT ( 'NONE', #2571 ) ;
#606 = CARTESIAN_POINT ( 'NONE',  ( 4.437710207380106020, 11.00099999999999945, 1.504241810421581782 ) ) ;
#607 = LINE ( 'NONE', #1708, #2895 ) ;
#608 = SHAPE_DEFINITION_REPRESENTATION ( #4000, #2381 ) ;
#609 = ORIENTED_EDGE ( 'NONE', *, *, #3269, .F. ) ;
#610 = ORIENTED_EDGE ( 'NONE', *, *, #3637, .F. ) ;
#611 = DIRECTION ( 'NONE',  ( -0.7547095802230705530, 0.000000000000000000, 0.6560590289901636618 ) ) ;
#612 = CARTESIAN_POINT ( 'NONE',  ( -5.080000000000000071, 1.500000000000000000, -15.23999999999999844 ) ) ;
#613 = EDGE_LOOP ( 'NONE', ( #3257, #4383, #3768, #3116 ) ) ;
#614 =( NAMED_UNIT ( * ) PLANE_ANGLE_UNIT ( ) SI_UNIT ( $, .RADIAN. ) );
#615 = VERTEX_POINT ( 'NONE', #1417 ) ;
#616 = CARTESIAN_POINT ( 'NONE',  ( -6.433742130864334996, 11.00000000000000000, 12.69826330279933835 ) ) ;
#617 = DIRECTION ( 'NONE',  ( 0.000000000000000000, 1.000000000000000000, 0.000000000000000000 ) ) ;
#618 = DIRECTION ( 'NONE',  ( -0.7547095802225828320, 0.000000000000000000, 0.6560590289907248795 ) ) ;
#619 = ADVANCED_FACE ( 'NONE', ( #3024 ), #3330, .F. ) ;
#620 = VERTEX_POINT ( 'NONE', #1163 ) ;
#621 = FILL_AREA_STYLE_COLOUR ( '', #1667 ) ;
#622 = MECHANICAL_DESIGN_GEOMETRIC_PRESENTATION_REPRESENTATION (  '', ( #3199 ), #1215 ) ;
#623 = SURFACE_STYLE_USAGE ( .BOTH. , #3037 ) ;
#624 = DIRECTION ( 'NONE',  ( -0.000000000000000000, -1.000000000000000000, -0.000000000000000000 ) ) ;
#625 = FILL_AREA_STYLE ('',( #1453 ) ) ;
#626 = ORIENTED_EDGE ( 'NONE', *, *, #2534, .F. ) ;
#627 = FACE_BOUND ( 'NONE', #3667, .T. ) ;
#628 = CARTESIAN_POINT ( 'NONE',  ( 3.197171904350071703, 11.00099999999999945, 10.33113049121951121 ) ) ;
#629 = COLOUR_RGB ( '',0.7803921568627451011, 0.7607843137254901578, 0.7411764705882353255 ) ;
#630 = DIRECTION ( 'NONE',  ( 0.000000000000000000, 0.000000000000000000, -1.000000000000000000 ) ) ;
#631 = VECTOR ( 'NONE', #3991, 1000.000000000000114 ) ;
#632 = DIRECTION ( 'NONE',  ( -0.000000000000000000, -0.000000000000000000, 1.000000000000000000 ) ) ;
#633 = COLOUR_RGB ( '',0.8431372549019607865, 0.8156862745098039102, 0.7529411764705882248 ) ;
#634 = EDGE_CURVE ( 'NONE', #1347, #5142, #4293, .T. ) ;
#635 = APPLICATION_PROTOCOL_DEFINITION ( 'draft international standard', 'automotive_design', 1998, #4773 ) ;
#636 = ADVANCED_FACE ( 'NONE', ( #2294 ), #721, .F. ) ;
#637 = ORIENTED_EDGE ( 'NONE', *, *, #1832, .F. ) ;
#638 = MECHANICAL_DESIGN_GEOMETRIC_PRESENTATION_REPRESENTATION (  '', ( #2876 ), #427 ) ;
#639 = DIRECTION ( 'NONE',  ( -0.7227044468028970270, 0.000000000000000000, 0.6911572053963690454 ) ) ;
#640 = ORIENTED_EDGE ( 'NONE', *, *, #3648, .F. ) ;
#641 = FILL_AREA_STYLE ('',( #3380 ) ) ;
#642 = CLOSED_SHELL ( 'NONE', ( #934, #4485, #5012, #715, #714, #1947, #1391, #1407, #1814, #3680, #4690, #2927, #3011, #3163, #4943, #2602, #404, #2755, #2891, #1944, #3304, #4795, #729, #4425, #3816, #1861, #180, #3244, #3470, #2911, #1686, #919, #3545, #2819, #4946, #4440, #3181, #1562, #136, #102, #5109, #1395, #5150, #2497, #2964, #520, #4796, #2544, #4345, #1048, #4907, #2341, #4195, #4259, #4945, #597, #3612, #2384, #481, #4768, #936, #4255, #1719, #3009, #2025, #4034, #636, #3867, #4462, #861, #2183, #649, #4214, #1161, #4836, #5034, #2795, #1722, #1433, #872, #2312, #1525, #3097, #193, #4212, #4755, #3407, #181, #1144, #5015, #1102, #1319, #1979, #2736, #1115, #1187, #1334, #893, #2926, #761, #4560, #5070, #1490, #1809, #3958, #619, #867, #5014, #3565, #4074, #2426, #2228, #948, #2709, #173, #792, #4872 ) ) ;
#643 = VERTEX_POINT ( 'NONE', #3109 ) ;
#644 = DIRECTION ( 'NONE',  ( -0.000000000000000000, -1.000000000000000000, -0.000000000000000000 ) ) ;
#645 = FILL_AREA_STYLE ('',( #4171 ) ) ;
#646 = ORIENTED_EDGE ( 'NONE', *, *, #4793, .F. ) ;
#647 = CARTESIAN_POINT ( 'NONE',  ( 4.716279741469901587, 11.00099999999999945, 12.07866415420832595 ) ) ;
#648 = CARTESIAN_POINT ( 'NONE',  ( -2.540000000000000036, 2.000000000000000000, 15.24000000000000021 ) ) ;
#649 = ADVANCED_FACE ( 'NONE', ( #2744 ), #1114, .F. ) ;
#650 = FILL_AREA_STYLE ('',( #3799 ) ) ;
#651 = DIRECTION ( 'NONE',  ( 0.000000000000000000, 0.000000000000000000, 1.000000000000000000 ) ) ;
#652 = FILL_AREA_STYLE ('',( #2229 ) ) ;
#653 = CARTESIAN_POINT ( 'NONE',  ( -9.800000000000000711, 0.9999999999999974465, -17.00000000000001066 ) ) ;
#654 = VERTEX_POINT ( 'NONE', #391 ) ;
#655 = CARTESIAN_POINT ( 'NONE',  ( 0.000000000000000000, 1.000000000000000000, -15.99999999999998934 ) ) ;
#656 = UNCERTAINTY_MEASURE_WITH_UNIT (LENGTH_MEASURE( 1.000000000000000082E-05 ), #4482, 'distance_accuracy_value', 'NONE');
#657 = FILL_AREA_STYLE_COLOUR ( '', #246 ) ;
#658 = VECTOR ( 'NONE', #533, 1000.000000000000000 ) ;
#659 = VERTEX_POINT ( 'NONE', #2715 ) ;
#660 =( NAMED_UNIT ( * ) SI_UNIT ( $, .STERADIAN. ) SOLID_ANGLE_UNIT ( ) );
#661 = CIRCLE ( 'NONE', #4245, 0.2550000000000017808 ) ;
#662 = STYLED_ITEM ( 'NONE', ( #1017 ), #3244 ) ;
#663 = STYLED_ITEM ( 'NONE', ( #4265 ), #2911 ) ;
#664 = SURFACE_STYLE_FILL_AREA ( #1463 ) ;
#665 = ORIENTED_EDGE ( 'NONE', *, *, #3628, .T. ) ;
#666 = FACE_OUTER_BOUND ( 'NONE', #1806, .T. ) ;
#667 = VECTOR ( 'NONE', #4821, 999.9999999999998863 ) ;
#668 = ORIENTED_EDGE ( 'NONE', *, *, #552, .F. ) ;
#669 = FACE_OUTER_BOUND ( 'NONE', #559, .T. ) ;
#670 = CARTESIAN_POINT ( 'NONE',  ( -2.540000000000000036, 1.500000000000000000, 15.24000000000000021 ) ) ;
#671 = VECTOR ( 'NONE', #3753, 999.9999999999998863 ) ;
#672 = SURFACE_SIDE_STYLE ('',( #3030 ) ) ;
#673 = ORIENTED_EDGE ( 'NONE', *, *, #2251, .F. ) ;
#674 = EDGE_CURVE ( 'NONE', #4932, #2295, #2268, .T. ) ;
#675 = VECTOR ( 'NONE', #2379, 1000.000000000000000 ) ;
#676 = SURFACE_STYLE_FILL_AREA ( #262 ) ;
#677 =( NAMED_UNIT ( * ) SI_UNIT ( $, .STERADIAN. ) SOLID_ANGLE_UNIT ( ) );
#678 = DIRECTION ( 'NONE',  ( 0.000000000000000000, -1.000000000000000000, 0.000000000000000000 ) ) ;
#679 = UNCERTAINTY_MEASURE_WITH_UNIT (LENGTH_MEASURE( 1.000000000000000082E-05 ), #2614, 'distance_accuracy_value', 'NONE');
#680 = CARTESIAN_POINT ( 'NONE',  ( -6.873174177369323345, 11.00099999999999945, -1.183566405792056742 ) ) ;
#681 = DIRECTION ( 'NONE',  ( 0.6560590289894242533, -0.000000000000000000, 0.7547095802237134832 ) ) ;
#682 = DIRECTION ( 'NONE',  ( 0.000000000000000000, 1.245367360287404601E-16, -1.000000000000000000 ) ) ;
#683 = VERTEX_POINT ( 'NONE', #3872 ) ;
#684 = DIRECTION ( 'NONE',  ( -0.000000000000000000, 1.000000000000000000, 0.000000000000000000 ) ) ;
#685 = PLANE ( 'NONE',  #4020 ) ;
#686 = DIRECTION ( 'NONE',  ( -0.000000000000000000, -1.000000000000000000, -0.000000000000000000 ) ) ;
#687 = FACE_OUTER_BOUND ( 'NONE', #1531, .T. ) ;
#688 = ORIENTED_EDGE ( 'NONE', *, *, #4570, .F. ) ;
#689 = FILL_AREA_STYLE ('',( #1969 ) ) ;
#690 = DIRECTION ( 'NONE',  ( 1.020425574104004122E-16, 0.000000000000000000, 1.000000000000000000 ) ) ;
#691 = ORIENTED_EDGE ( 'NONE', *, *, #3237, .F. ) ;
#692 = FILL_AREA_STYLE ('',( #4783 ) ) ;
#693 = ORIENTED_EDGE ( 'NONE', *, *, #3661, .T. ) ;
#694 = VECTOR ( 'NONE', #2977, 1000.000000000000114 ) ;
#695 = ORIENTED_EDGE ( 'NONE', *, *, #4346, .F. ) ;
#696 = FILL_AREA_STYLE ('',( #3941 ) ) ;
#697 = ORIENTED_EDGE ( 'NONE', *, *, #1642, .T. ) ;
#698 = DIRECTION ( 'NONE',  ( 0.6560590289966464761, 0.000000000000000000, 0.7547095802174352830 ) ) ;
#699 = CARTESIAN_POINT ( 'NONE',  ( 2.540000000000000036, 1.500000000000000000, 14.98499999999999766 ) ) ;
#700 = CARTESIAN_POINT ( 'NONE',  ( 2.540000000000000036, 2.000000000000000000, -15.49500000000000099 ) ) ;
#701 = DIRECTION ( 'NONE',  ( -0.9902680687413718541, 0.000000000000000000, -0.1391731009614775583 ) ) ;
#702 = ORIENTED_EDGE ( 'NONE', *, *, #1642, .F. ) ;
#703 = FILL_AREA_STYLE ('',( #3832 ) ) ;
#704 = PRESENTATION_STYLE_ASSIGNMENT (( #3405 ) ) ;
#705 = CARTESIAN_POINT ( 'NONE',  ( -12.00000000000000533, 11.00000000000000000, -17.00000000000001066 ) ) ;
#706 = UNCERTAINTY_MEASURE_WITH_UNIT (LENGTH_MEASURE( 1.000000000000000082E-05 ), #582, 'distance_accuracy_value', 'NONE');
#707 = VECTOR ( 'NONE', #3270, 1000.000000000000000 ) ;
#708 = CARTESIAN_POINT ( 'NONE',  ( 9.800000000000004263, 0.9999999999999997780, 16.49999999999998934 ) ) ;
#709 = COLOUR_RGB ( '',0.8431372549019607865, 0.8156862745098039102, 0.7529411764705882248 ) ;
#710 = EDGE_CURVE ( 'NONE', #1890, #3870, #302, .T. ) ;
#711 = ORIENTED_EDGE ( 'NONE', *, *, #4726, .T. ) ;
#712 =( NAMED_UNIT ( * ) PLANE_ANGLE_UNIT ( ) SI_UNIT ( $, .RADIAN. ) );
#713 = VECTOR ( 'NONE', #4928, 1000.000000000000000 ) ;
#714 = ADVANCED_FACE ( 'NONE', ( #1500 ), #1699, .T. ) ;
#715 = ADVANCED_FACE ( 'NONE', ( #4470 ), #2525, .T. ) ;
#716 = EDGE_CURVE ( 'NONE', #1820, #1837, #4102, .T. ) ;
#717 = AXIS2_PLACEMENT_3D ( 'NONE', #3461, #5069, #1437 ) ;
#718 = PRESENTATION_STYLE_ASSIGNMENT (( #3076 ) ) ;
#719 = ORIENTED_EDGE ( 'NONE', *, *, #4646, .F. ) ;
#720 = STYLED_ITEM ( 'NONE', ( #3634 ), #872 ) ;
#721 = PLANE ( 'NONE',  #2794 ) ;
#722 = VERTEX_POINT ( 'NONE', #4875 ) ;
#723 = AXIS2_PLACEMENT_3D ( 'NONE', #2332, #314, #3512 ) ;
#724 = ORIENTED_EDGE ( 'NONE', *, *, #28, .T. ) ;
#725 = SURFACE_STYLE_FILL_AREA ( #1472 ) ;
#726 = SURFACE_SIDE_STYLE ('',( #2274 ) ) ;
#727 = VERTEX_POINT ( 'NONE', #4896 ) ;
#728 = SURFACE_STYLE_FILL_AREA ( #4385 ) ;
#729 = ADVANCED_FACE ( 'NONE', ( #2149 ), #157, .F. ) ;
#730 =( NAMED_UNIT ( * ) PLANE_ANGLE_UNIT ( ) SI_UNIT ( $, .RADIAN. ) );
#731 = DIRECTION ( 'NONE',  ( -0.000000000000000000, -1.000000000000000000, -0.000000000000000000 ) ) ;
#732 = UNCERTAINTY_MEASURE_WITH_UNIT (LENGTH_MEASURE( 1.000000000000000082E-05 ), #2687, 'distance_accuracy_value', 'NONE');
#733 = LINE ( 'NONE', #5060, #140 ) ;
#734 = SURFACE_STYLE_USAGE ( .BOTH. , #1209 ) ;
#735 = ORIENTED_EDGE ( 'NONE', *, *, #2172, .T. ) ;
#736 =( GEOMETRIC_REPRESENTATION_CONTEXT ( 3 ) GLOBAL_UNCERTAINTY_ASSIGNED_CONTEXT ( ( #2990 ) ) GLOBAL_UNIT_ASSIGNED_CONTEXT ( ( #1195, #3627, #2098 ) ) REPRESENTATION_CONTEXT ( 'NONE', 'WORKASPACE' ) );
#737 = FACE_BOUND ( 'NONE', #96, .T. ) ;
#738 = PRESENTATION_LAYER_ASSIGNMENT (  '', '', ( #3636 ) ) ;
#739 = LINE ( 'NONE', #4344, #1267 ) ;
#740 = PRESENTATION_LAYER_ASSIGNMENT (  '', '', ( #5159 ) ) ;
#741 = FILL_AREA_STYLE ('',( #3101 ) ) ;
#742 = CARTESIAN_POINT ( 'NONE',  ( 4.815457017597222666, 11.00000000000000000, -1.183566405789941101 ) ) ;
#743 = SURFACE_STYLE_FILL_AREA ( #689 ) ;
#744 = FILL_AREA_STYLE_COLOUR ( '', #629 ) ;
#745 = VERTEX_POINT ( 'NONE', #1870 ) ;
#746 = LINE ( 'NONE', #5111, #3391 ) ;
#747 = SURFACE_SIDE_STYLE ('',( #1054 ) ) ;
#748 = DIRECTION ( 'NONE',  ( 0.7227044468028970270, 0.000000000000000000, -0.6911572053963690454 ) ) ;
#749 =( GEOMETRIC_REPRESENTATION_CONTEXT ( 3 ) GLOBAL_UNCERTAINTY_ASSIGNED_CONTEXT ( ( #4338 ) ) GLOBAL_UNIT_ASSIGNED_CONTEXT ( ( #2137, #3327, #3080 ) ) REPRESENTATION_CONTEXT ( 'NONE', 'WORKASPACE' ) );
#750 = EDGE_LOOP ( 'NONE', ( #3484, #2663 ) ) ;
#751 = PRESENTATION_LAYER_ASSIGNMENT (  '', '', ( #2970 ) ) ;
#752 =( GEOMETRIC_REPRESENTATION_CONTEXT ( 3 ) GLOBAL_UNCERTAINTY_ASSIGNED_CONTEXT ( ( #4148 ) ) GLOBAL_UNIT_ASSIGNED_CONTEXT ( ( #4461, #906, #3689 ) ) REPRESENTATION_CONTEXT ( 'NONE', 'WORKASPACE' ) );
#753 = AXIS2_PLACEMENT_3D ( 'NONE', #159, #2179, #1816 ) ;
#754 = VECTOR ( 'NONE', #1162, 1000.000000000000000 ) ;
#755 = CARTESIAN_POINT ( 'NONE',  ( 4.815457017597222666, 11.00099999999999945, -1.183566405789941101 ) ) ;
#756 = CYLINDRICAL_SURFACE ( 'NONE', #508, 0.2550000000000000044 ) ;
#757 = ORIENTED_EDGE ( 'NONE', *, *, #81, .F. ) ;
#758 = EDGE_LOOP ( 'NONE', ( #5000, #2858 ) ) ;
#759 = FILL_AREA_STYLE ('',( #4790 ) ) ;
#760 = SURFACE_STYLE_USAGE ( .BOTH. , #4335 ) ;
#761 = ADVANCED_FACE ( 'NONE', ( #3420 ), #5086, .F. ) ;
#762 =( NAMED_UNIT ( * ) PLANE_ANGLE_UNIT ( ) SI_UNIT ( $, .RADIAN. ) );
#763 = VECTOR ( 'NONE', #3972, 1000.000000000000000 ) ;
#764 = ORIENTED_EDGE ( 'NONE', *, *, #1789, .T. ) ;
#765 =( NAMED_UNIT ( * ) PLANE_ANGLE_UNIT ( ) SI_UNIT ( $, .RADIAN. ) );
#766 = DIRECTION ( 'NONE',  ( -0.6073781906613751058, 0.000000000000000000, -0.7944128231020155528 ) ) ;
#767 = CARTESIAN_POINT ( 'NONE',  ( -5.587567885296989445, 11.00099999999999945, -10.33113049122024130 ) ) ;
#768 = SURFACE_SIDE_STYLE ('',( #3893 ) ) ;
#769 = EDGE_LOOP ( 'NONE', ( #907, #2825, #2340, #4596 ) ) ;
#770 = DIRECTION ( 'NONE',  ( -0.7547095802237152595, 0.000000000000000000, 0.6560590289894221439 ) ) ;
#771 = SURFACE_STYLE_USAGE ( .BOTH. , #2344 ) ;
#772 = ORIENTED_EDGE ( 'NONE', *, *, #2297, .F. ) ;
#773 =( NAMED_UNIT ( * ) PLANE_ANGLE_UNIT ( ) SI_UNIT ( $, .RADIAN. ) );
#774 =( NAMED_UNIT ( * ) PLANE_ANGLE_UNIT ( ) SI_UNIT ( $, .RADIAN. ) );
#775 = ORIENTED_EDGE ( 'NONE', *, *, #1644, .T. ) ;
#776 = ORIENTED_EDGE ( 'NONE', *, *, #2731, .T. ) ;
#777 = DIRECTION ( 'NONE',  ( -0.000000000000000000, -1.000000000000000000, -0.000000000000000000 ) ) ;
#778 = EDGE_CURVE ( 'NONE', #2062, #4555, #1513, .T. ) ;
#779 = ORIENTED_EDGE ( 'NONE', *, *, #3743, .F. ) ;
#780 =( NAMED_UNIT ( * ) PLANE_ANGLE_UNIT ( ) SI_UNIT ( $, .RADIAN. ) );
#781 = EDGE_CURVE ( 'NONE', #659, #1590, #2360, .T. ) ;
#782 = UNCERTAINTY_MEASURE_WITH_UNIT (LENGTH_MEASURE( 1.000000000000000082E-05 ), #563, 'distance_accuracy_value', 'NONE');
#783 = SURFACE_STYLE_FILL_AREA ( #3723 ) ;
#784 = ORIENTED_EDGE ( 'NONE', *, *, #3598, .F. ) ;
#785 = SURFACE_SIDE_STYLE ('',( #4026 ) ) ;
#786 = LINE ( 'NONE', #384, #1263 ) ;
#787 = SURFACE_STYLE_USAGE ( .BOTH. , #1072 ) ;
#788 = LINE ( 'NONE', #507, #4935 ) ;
#789 = EDGE_CURVE ( 'NONE', #4139, #853, #4215, .T. ) ;
#790 = STYLED_ITEM ( 'NONE', ( #3084 ), #3816 ) ;
#791 = ORIENTED_EDGE ( 'NONE', *, *, #4598, .T. ) ;
#792 = ADVANCED_FACE ( 'NONE', ( #2178 ), #2606, .F. ) ;
#793 = FILL_AREA_STYLE ('',( #24 ) ) ;
#794 = DIRECTION ( 'NONE',  ( -1.000000000000000000, 0.000000000000000000, 0.000000000000000000 ) ) ;
#795 = DIRECTION ( 'NONE',  ( -0.000000000000000000, -1.000000000000000000, -0.000000000000000000 ) ) ;
#796 = EDGE_LOOP ( 'NONE', ( #4580, #3902, #1279, #3942 ) ) ;
#797 = CARTESIAN_POINT ( 'NONE',  ( 11.50000000000000888, 0.9999999999999933387, 14.79999999999998828 ) ) ;
#798 = VECTOR ( 'NONE', #690, 1000.000000000000000 ) ;
#799 = CARTESIAN_POINT ( 'NONE',  ( -3.233869851431873332, 11.00000000000000000, -10.07001102975548079 ) ) ;
#800 = COLOUR_RGB ( '',0.8431372549019607865, 0.8156862745098039102, 0.7529411764705882248 ) ;
#801 = CARTESIAN_POINT ( 'NONE',  ( -9.800000000000000711, 0.9999999999999974465, 16.99999999999998934 ) ) ;
#802 = DIRECTION ( 'NONE',  ( 0.000000000000000000, -1.000000000000000000, 0.000000000000000000 ) ) ;
#803 = EDGE_LOOP ( 'NONE', ( #4352, #5025, #3625, #594 ) ) ;
#804 = MECHANICAL_DESIGN_GEOMETRIC_PRESENTATION_REPRESENTATION (  '', ( #2287 ), #3624 ) ;
#805 = VERTEX_POINT ( 'NONE', #4410 ) ;
#806 = ORIENTED_EDGE ( 'NONE', *, *, #2297, .T. ) ;
#807 = SURFACE_SIDE_STYLE ('',( #445 ) ) ;
#808 = CARTESIAN_POINT ( 'NONE',  ( 5.080000000000000071, -2.000000000000000000, 15.24000000000000021 ) ) ;
#809 =( NAMED_UNIT ( * ) SI_UNIT ( $, .STERADIAN. ) SOLID_ANGLE_UNIT ( ) );
#810 = VERTEX_POINT ( 'NONE', #2354 ) ;
#811 =( NAMED_UNIT ( * ) SI_UNIT ( $, .STERADIAN. ) SOLID_ANGLE_UNIT ( ) );
#812 = PRESENTATION_STYLE_ASSIGNMENT (( #3518 ) ) ;
#813 = DIRECTION ( 'NONE',  ( 0.000000000000000000, 1.000000000000000000, 0.000000000000000000 ) ) ;
#814 = CARTESIAN_POINT ( 'NONE',  ( 2.467663300281921972E-16, 2.000000000000000000, -14.98499999999999766 ) ) ;
#815 = CARTESIAN_POINT ( 'NONE',  ( -5.080000000000000071, 1.500000000000000000, 14.98499999999999766 ) ) ;
#816 = ORIENTED_EDGE ( 'NONE', *, *, #1097, .F. ) ;
#817 = DIRECTION ( 'NONE',  ( -0.000000000000000000, -0.000000000000000000, 1.000000000000000000 ) ) ;
#818 = CARTESIAN_POINT ( 'NONE',  ( -9.800000000000000711, 0.9999999999999974465, 16.49999999999998934 ) ) ;
#819 = PRESENTATION_LAYER_ASSIGNMENT (  '', '', ( #82 ) ) ;
#820 = SURFACE_STYLE_FILL_AREA ( #2374 ) ;
#821 = PRESENTATION_STYLE_ASSIGNMENT (( #4514 ) ) ;
#822 = AXIS2_PLACEMENT_3D ( 'NONE', #1827, #1070, #1408 ) ;
#823 = PRESENTATION_LAYER_ASSIGNMENT (  '', '', ( #2971 ) ) ;
#824 = ORIENTED_EDGE ( 'NONE', *, *, #1561, .T. ) ;
#825 = SURFACE_SIDE_STYLE ('',( #728 ) ) ;
#826 = ORIENTED_EDGE ( 'NONE', *, *, #1832, .T. ) ;
#827 = STYLED_ITEM ( 'NONE', ( #940 ), #2025 ) ;
#828 = CARTESIAN_POINT ( 'NONE',  ( -12.00000000000000888, 0.9999999999999976685, -14.79999999999999183 ) ) ;
#829 = PRESENTATION_LAYER_ASSIGNMENT (  '', '', ( #2153 ) ) ;
#830 = EDGE_CURVE ( 'NONE', #1347, #4120, #3944, .T. ) ;
#831 = CARTESIAN_POINT ( 'NONE',  ( 6.101063309670884394, 11.00099999999999945, -10.33113049121924476 ) ) ;
#832 = FILL_AREA_STYLE ('',( #3218 ) ) ;
#833 = EDGE_LOOP ( 'NONE', ( #3570, #4290, #4995, #2231 ) ) ;
#834 = DIRECTION ( 'NONE',  ( 0.000000000000000000, 0.000000000000000000, -1.000000000000000000 ) ) ;
#835 = VECTOR ( 'NONE', #2146, 1000.000000000000000 ) ;
#836 = VECTOR ( 'NONE', #342, 1000.000000000000000 ) ;
#837 = AXIS2_PLACEMENT_3D ( 'NONE', #3603, #69, #46 ) ;
#838 = CARTESIAN_POINT ( 'NONE',  ( 11.50000000000001066, 0.000000000000000000, 16.49999999999998934 ) ) ;
#839 = CARTESIAN_POINT ( 'NONE',  ( -2.540000000000000036, 1.500000000000000000, 15.24000000000000021 ) ) ;
#840 = VECTOR ( 'NONE', #2127, 1000.000000000000000 ) ;
#841 = SURFACE_STYLE_USAGE ( .BOTH. , #4452 ) ;
#842 = UNCERTAINTY_MEASURE_WITH_UNIT (LENGTH_MEASURE( 1.000000000000000082E-05 ), #1386, 'distance_accuracy_value', 'NONE');
#843 = VERTEX_POINT ( 'NONE', #3611 ) ;
#844 = FACE_OUTER_BOUND ( 'NONE', #1431, .T. ) ;
#845 =( NAMED_UNIT ( * ) SI_UNIT ( $, .STERADIAN. ) SOLID_ANGLE_UNIT ( ) );
#846 = ORIENTED_EDGE ( 'NONE', *, *, #2536, .F. ) ;
#847 =( GEOMETRIC_REPRESENTATION_CONTEXT ( 3 ) GLOBAL_UNCERTAINTY_ASSIGNED_CONTEXT ( ( #3480 ) ) GLOBAL_UNIT_ASSIGNED_CONTEXT ( ( #1839, #1008, #1365 ) ) REPRESENTATION_CONTEXT ( 'NONE', 'WORKASPACE' ) );
#848 = DIRECTION ( 'NONE',  ( 0.6630414564441124980, 0.000000000000000000, 0.7485826788247708086 ) ) ;
#849 = CARTESIAN_POINT ( 'NONE',  ( -11.50000000000000888, 1.000000000000000000, -16.49999999999998934 ) ) ;
#850 = FACE_OUTER_BOUND ( 'NONE', #123, .T. ) ;
#851 = FILL_AREA_STYLE ('',( #1692 ) ) ;
#852 = PRESENTATION_STYLE_ASSIGNMENT (( #564 ) ) ;
#853 = VERTEX_POINT ( 'NONE', #2722 ) ;
#854 = SURFACE_STYLE_USAGE ( .BOTH. , #4445 ) ;
#855 = EDGE_CURVE ( 'NONE', #1503, #1801, #2781, .T. ) ;
#856 = DIRECTION ( 'NONE',  ( 0.000000000000000000, 0.000000000000000000, 1.000000000000000000 ) ) ;
#857 = ORIENTED_EDGE ( 'NONE', *, *, #3548, .F. ) ;
#858 = COLOUR_RGB ( '',0.7803921568627451011, 0.7607843137254901578, 0.7411764705882353255 ) ;
#859 = SURFACE_STYLE_FILL_AREA ( #2055 ) ;
#860 =( LENGTH_UNIT ( ) NAMED_UNIT ( * ) SI_UNIT ( .MILLI., .METRE. ) );
#861 = ADVANCED_FACE ( 'NONE', ( #1978 ), #2377, .T. ) ;
#862 = VECTOR ( 'NONE', #630, 1000.000000000000000 ) ;
#863 = VECTOR ( 'NONE', #869, 1000.000000000000000 ) ;
#864 = DIRECTION ( 'NONE',  ( 0.000000000000000000, 0.000000000000000000, 1.000000000000000000 ) ) ;
#865 = DIRECTION ( 'NONE',  ( 0.6560590289867460623, 0.000000000000000000, 0.7547095802260416209 ) ) ;
#866 = ORIENTED_EDGE ( 'NONE', *, *, #4114, .T. ) ;
#867 = ADVANCED_FACE ( 'NONE', ( #5145 ), #3214, .T. ) ;
#868 = CARTESIAN_POINT ( 'NONE',  ( 5.587567885294018488, 11.00099999999999945, 10.33113049121800486 ) ) ;
#869 = DIRECTION ( 'NONE',  ( 0.000000000000000000, -1.000000000000000000, 0.000000000000000000 ) ) ;
#870 = ORIENTED_EDGE ( 'NONE', *, *, #3661, .F. ) ;
#871 = FACE_OUTER_BOUND ( 'NONE', #4049, .T. ) ;
#872 = ADVANCED_FACE ( 'NONE', ( #2007 ), #3588, .F. ) ;
#873 = VECTOR ( 'NONE', #29, 1000.000000000000000 ) ;
#874 = DIRECTION ( 'NONE',  ( 0.9902680687414808780, -0.000000000000000000, 0.1391731009607019842 ) ) ;
#875 = AXIS2_PLACEMENT_3D ( 'NONE', #5029, #3394, #1396 ) ;
#876 = CARTESIAN_POINT ( 'NONE',  ( -2.540000000000000036, 2.000000000000000000, 15.24000000000000021 ) ) ;
#877 = DIRECTION ( 'NONE',  ( 0.000000000000000000, -1.000000000000000000, 0.000000000000000000 ) ) ;
#878 = VERTEX_POINT ( 'NONE', #4043 ) ;
#879 = MECHANICAL_DESIGN_GEOMETRIC_PRESENTATION_REPRESENTATION (  '', ( #2518 ), #2945 ) ;
#880 = CARTESIAN_POINT ( 'NONE',  ( 5.080000000000000071, 1.500000000000000000, 14.98499999999999943 ) ) ;
#881 = AXIS2_PLACEMENT_3D ( 'NONE', #2478, #470, #3614 ) ;
#882 = SURFACE_STYLE_FILL_AREA ( #56 ) ;
#883 = PLANE ( 'NONE',  #2401 ) ;
#884 = EDGE_LOOP ( 'NONE', ( #2334, #4409, #1389, #1315 ) ) ;
#885 = EDGE_CURVE ( 'NONE', #745, #978, #467, .T. ) ;
#886 = DIRECTION ( 'NONE',  ( 0.000000000000000000, 0.000000000000000000, -1.000000000000000000 ) ) ;
#887 = AXIS2_PLACEMENT_3D ( 'NONE', #2126, #2207, #5061 ) ;
#888 = FACE_OUTER_BOUND ( 'NONE', #2638, .T. ) ;
#889 =( NAMED_UNIT ( * ) SI_UNIT ( $, .STERADIAN. ) SOLID_ANGLE_UNIT ( ) );
#890 = DIRECTION ( 'NONE',  ( -0.1961161351381850437, -0.9805806756909200006, 0.000000000000000000 ) ) ;
#891 = DIRECTION ( 'NONE',  ( -0.1391731009607019842, 0.000000000000000000, 0.9902680687414808780 ) ) ;
#892 = LINE ( 'NONE', #814, #5026 ) ;
#893 = ADVANCED_FACE ( 'NONE', ( #3714 ), #105, .F. ) ;
#894 = UNCERTAINTY_MEASURE_WITH_UNIT (LENGTH_MEASURE( 1.000000000000000082E-05 ), #4665, 'distance_accuracy_value', 'NONE');
#895 = LINE ( 'NONE', #2564, #658 ) ;
#896 = ORIENTED_EDGE ( 'NONE', *, *, #4051, .T. ) ;
#897 = EDGE_CURVE ( 'NONE', #4437, #3763, #4188, .T. ) ;
#898 =( NAMED_UNIT ( * ) PLANE_ANGLE_UNIT ( ) SI_UNIT ( $, .RADIAN. ) );
#899 = LINE ( 'NONE', #143, #3555 ) ;
#900 = VERTEX_POINT ( 'NONE', #2877 ) ;
#901 = SURFACE_STYLE_USAGE ( .BOTH. , #946 ) ;
#902 = COLOUR_RGB ( '',0.8431372549019607865, 0.8156862745098039102, 0.7529411764705882248 ) ;
#903 = UNCERTAINTY_MEASURE_WITH_UNIT (LENGTH_MEASURE( 1.000000000000000082E-05 ), #1843, 'distance_accuracy_value', 'NONE');
#904 = CARTESIAN_POINT ( 'NONE',  ( 2.155378366499345500E-16, -2.000000000000000000, -15.24000000000000021 ) ) ;
#905 = SURFACE_SIDE_STYLE ('',( #75 ) ) ;
#906 =( NAMED_UNIT ( * ) PLANE_ANGLE_UNIT ( ) SI_UNIT ( $, .RADIAN. ) );
#907 = ORIENTED_EDGE ( 'NONE', *, *, #4179, .T. ) ;
#908 = SURFACE_STYLE_USAGE ( .BOTH. , #807 ) ;
#909 = VECTOR ( 'NONE', #4955, 1000.000000000000000 ) ;
#910 =( NAMED_UNIT ( * ) PLANE_ANGLE_UNIT ( ) SI_UNIT ( $, .RADIAN. ) );
#911 = SURFACE_SIDE_STYLE ('',( #1280 ) ) ;
#912 = DIRECTION ( 'NONE',  ( 0.000000000000000000, -0.000000000000000000, 1.000000000000000000 ) ) ;
#913 = ORIENTED_EDGE ( 'NONE', *, *, #2460, .F. ) ;
#914 = SURFACE_STYLE_FILL_AREA ( #525 ) ;
#915 = COLOUR_RGB ( '',0.7803921568627451011, 0.7607843137254901578, 0.7411764705882353255 ) ;
#916 = PRESENTATION_LAYER_ASSIGNMENT (  '', '', ( #3911 ) ) ;
#917 = FACE_BOUND ( 'NONE', #985, .T. ) ;
#918 = AXIS2_PLACEMENT_3D ( 'NONE', #3885, #3511, #2255 ) ;
#919 = ADVANCED_FACE ( 'NONE', ( #2073 ), #127, .F. ) ;
#920 = CARTESIAN_POINT ( 'NONE',  ( -8.491459290614118416, 11.00099999999999945, 10.33113049121948990 ) ) ;
#921 = DIRECTION ( 'NONE',  ( -0.000000000000000000, -1.000000000000000000, -0.000000000000000000 ) ) ;
#922 = STYLED_ITEM ( 'NONE', ( #3947 ), #4690 ) ;
#923 = VECTOR ( 'NONE', #4937, 1000.000000000000000 ) ;
#924 = AXIS2_PLACEMENT_3D ( 'NONE', #2777, #4380, #3085 ) ;
#925 = DIRECTION ( 'NONE',  ( 0.000000000000000000, -1.000000000000000000, 0.000000000000000000 ) ) ;
#926 = CARTESIAN_POINT ( 'NONE',  ( 6.058508073491268853, 11.00099999999999945, -10.02833425214861762 ) ) ;
#927 = COLOUR_RGB ( '',0.2509803921568627416, 0.2509803921568627416, 0.2509803921568627416 ) ;
#928 = AXIS2_PLACEMENT_3D ( 'NONE', #808, #1253, #491 ) ;
#929 = PLANE ( 'NONE',  #4936 ) ;
#930 = ORIENTED_EDGE ( 'NONE', *, *, #3123, .T. ) ;
#931 = DIRECTION ( 'NONE',  ( 0.000000000000000000, 0.000000000000000000, -1.000000000000000000 ) ) ;
#932 = SURFACE_SIDE_STYLE ('',( #3695 ) ) ;
#933 = ORIENTED_EDGE ( 'NONE', *, *, #4637, .F. ) ;
#934 = ADVANCED_FACE ( 'NONE', ( #255 ), #4607, .T. ) ;
#935 = FILL_AREA_STYLE_COLOUR ( '', #3349 ) ;
#936 = ADVANCED_FACE ( 'NONE', ( #669 ), #2966, .T. ) ;
#937 = DIRECTION ( 'NONE',  ( 0.000000000000000000, 0.000000000000000000, 1.000000000000000000 ) ) ;
#938 = UNCERTAINTY_MEASURE_WITH_UNIT (LENGTH_MEASURE( 1.000000000000000082E-05 ), #4767, 'distance_accuracy_value', 'NONE');
#939 =( LENGTH_UNIT ( ) NAMED_UNIT ( * ) SI_UNIT ( .MILLI., .METRE. ) );
#940 = PRESENTATION_STYLE_ASSIGNMENT (( #1375 ) ) ;
#941 = DIRECTION ( 'NONE',  ( 0.000000000000000000, -1.000000000000000000, 0.000000000000000000 ) ) ;
#942 = COLOUR_RGB ( '',0.8431372549019607865, 0.8156862745098039102, 0.7529411764705882248 ) ;
#943 = UNCERTAINTY_MEASURE_WITH_UNIT (LENGTH_MEASURE( 1.000000000000000082E-05 ), #4782, 'distance_accuracy_value', 'NONE');
#944 = SURFACE_SIDE_STYLE ('',( #967 ) ) ;
#945 = ORIENTED_EDGE ( 'NONE', *, *, #532, .T. ) ;
#946 = SURFACE_SIDE_STYLE ('',( #3659 ) ) ;
#947 =( GEOMETRIC_REPRESENTATION_CONTEXT ( 3 ) GLOBAL_UNCERTAINTY_ASSIGNED_CONTEXT ( ( #1516 ) ) GLOBAL_UNIT_ASSIGNED_CONTEXT ( ( #2187, #169, #196 ) ) REPRESENTATION_CONTEXT ( 'NONE', 'WORKASPACE' ) );
#948 = ADVANCED_FACE ( 'NONE', ( #1808 ), #1442, .T. ) ;
#949 = FACE_OUTER_BOUND ( 'NONE', #2556, .T. ) ;
#950 = CARTESIAN_POINT ( 'NONE',  ( 2.540000000000000036, 1.500000000000000000, 15.24000000000000021 ) ) ;
#951 = EDGE_LOOP ( 'NONE', ( #4686, #4730, #1952, #4468 ) ) ;
#952 = UNCERTAINTY_MEASURE_WITH_UNIT (LENGTH_MEASURE( 1.000000000000000082E-05 ), #1096, 'distance_accuracy_value', 'NONE');
#953 = DIRECTION ( 'NONE',  ( 1.000000000000000000, 0.000000000000000000, -9.328240445890964565E-16 ) ) ;
#954 = DIRECTION ( 'NONE',  ( 0.000000000000000000, 0.000000000000000000, -1.000000000000000000 ) ) ;
#955 = ORIENTED_EDGE ( 'NONE', *, *, #897, .F. ) ;
#956 = VECTOR ( 'NONE', #3351, 1000.000000000000000 ) ;
#957 =( GEOMETRIC_REPRESENTATION_CONTEXT ( 3 ) GLOBAL_UNCERTAINTY_ASSIGNED_CONTEXT ( ( #4693 ) ) GLOBAL_UNIT_ASSIGNED_CONTEXT ( ( #1797, #2587, #1044 ) ) REPRESENTATION_CONTEXT ( 'NONE', 'WORKASPACE' ) );
#958 = CARTESIAN_POINT ( 'NONE',  ( 10.00000000000000533, 2.449293598294707302E-15, 16.99999999999998934 ) ) ;
#959 = CIRCLE ( 'NONE', #717, 2.217827501988940408 ) ;
#960 = FILL_AREA_STYLE ('',( #265 ) ) ;
#961 = DIRECTION ( 'NONE',  ( 1.000000000000000000, -0.000000000000000000, -1.239088197126291063E-16 ) ) ;
#962 = LINE ( 'NONE', #3830, #3976 ) ;
#963 =( LENGTH_UNIT ( ) NAMED_UNIT ( * ) SI_UNIT ( .MILLI., .METRE. ) );
#964 = SURFACE_SIDE_STYLE ('',( #1432 ) ) ;
#965 = AXIS2_PLACEMENT_3D ( 'NONE', #235, #3320, #4204 ) ;
#966 =( LENGTH_UNIT ( ) NAMED_UNIT ( * ) SI_UNIT ( .MILLI., .METRE. ) );
#967 = SURFACE_STYLE_FILL_AREA ( #167 ) ;
#968 = FILL_AREA_STYLE_COLOUR ( '', #150 ) ;
#969 = SURFACE_STYLE_FILL_AREA ( #2241 ) ;
#970 = VERTEX_POINT ( 'NONE', #1556 ) ;
#971 = EDGE_CURVE ( 'NONE', #2585, #4969, #2747, .T. ) ;
#972 = SURFACE_STYLE_USAGE ( .BOTH. , #3303 ) ;
#973 =( GEOMETRIC_REPRESENTATION_CONTEXT ( 3 ) GLOBAL_UNCERTAINTY_ASSIGNED_CONTEXT ( ( #8 ) ) GLOBAL_UNIT_ASSIGNED_CONTEXT ( ( #1603, #434, #2016 ) ) REPRESENTATION_CONTEXT ( 'NONE', 'WORKASPACE' ) );
#974 = SURFACE_STYLE_FILL_AREA ( #1778 ) ;
#975 = FACE_OUTER_BOUND ( 'NONE', #1537, .T. ) ;
#976 = LINE ( 'NONE', #4964, #1633 ) ;
#977 = ORIENTED_EDGE ( 'NONE', *, *, #4678, .T. ) ;
#978 = VERTEX_POINT ( 'NONE', #4731 ) ;
#979 = SURFACE_SIDE_STYLE ('',( #3286 ) ) ;
#980 = CARTESIAN_POINT ( 'NONE',  ( -3.197171904350398108, 11.00099999999999945, -10.33113049121924476 ) ) ;
#981 = ORIENTED_EDGE ( 'NONE', *, *, #971, .F. ) ;
#982 =( NAMED_UNIT ( * ) SI_UNIT ( $, .STERADIAN. ) SOLID_ANGLE_UNIT ( ) );
#983 = LINE ( 'NONE', #3751, #3306 ) ;
#984 = DIRECTION ( 'NONE',  ( 0.000000000000000000, 0.000000000000000000, 1.000000000000000000 ) ) ;
#985 = EDGE_LOOP ( 'NONE', ( #1438, #3775 ) ) ;
#986 =( GEOMETRIC_REPRESENTATION_CONTEXT ( 3 ) GLOBAL_UNCERTAINTY_ASSIGNED_CONTEXT ( ( #3915 ) ) GLOBAL_UNIT_ASSIGNED_CONTEXT ( ( #4843, #1242, #1634 ) ) REPRESENTATION_CONTEXT ( 'NONE', 'WORKASPACE' ) );
#987 =( GEOMETRIC_REPRESENTATION_CONTEXT ( 3 ) GLOBAL_UNCERTAINTY_ASSIGNED_CONTEXT ( ( #4031 ) ) GLOBAL_UNIT_ASSIGNED_CONTEXT ( ( #3459, #2991, #3861 ) ) REPRESENTATION_CONTEXT ( 'NONE', 'WORKASPACE' ) );
#988 = SURFACE_STYLE_FILL_AREA ( #4567 ) ;
#989 = COLOUR_RGB ( '',0.8431372549019607865, 0.8156862745098039102, 0.7529411764705882248 ) ;
#990 = AXIS2_PLACEMENT_3D ( 'NONE', #601, #2581, #189 ) ;
#991 = MECHANICAL_DESIGN_GEOMETRIC_PRESENTATION_REPRESENTATION (  '', ( #2153 ), #4426 ) ;
#992 = LINE ( 'NONE', #4882, #1734 ) ;
#993 = CIRCLE ( 'NONE', #1670, 2.551318690950562740 ) ;
#994 = VECTOR ( 'NONE', #4444, 1000.000000000000000 ) ;
#995 = LINE ( 'NONE', #2491, #909 ) ;
#996 = AXIS2_PLACEMENT_3D ( 'NONE', #950, #4115, #931 ) ;
#997 = SURFACE_SIDE_STYLE ('',( #4572 ) ) ;
#998 = ORIENTED_EDGE ( 'NONE', *, *, #4051, .F. ) ;
#999 =( GEOMETRIC_REPRESENTATION_CONTEXT ( 3 ) GLOBAL_UNCERTAINTY_ASSIGNED_CONTEXT ( ( #21 ) ) GLOBAL_UNIT_ASSIGNED_CONTEXT ( ( #963, #211, #1217 ) ) REPRESENTATION_CONTEXT ( 'NONE', 'WORKASPACE' ) );
#1000 = DIRECTION ( 'NONE',  ( 0.7547095802243746210, 0.000000000000000000, -0.6560590289886636395 ) ) ;
#1001 = COLOUR_RGB ( '',0.7803921568627451011, 0.7607843137254901578, 0.7411764705882353255 ) ;
#1002 = VECTOR ( 'NONE', #1882, 1000.000000000000000 ) ;
#1003 = DIRECTION ( 'NONE',  ( 1.543119997218447926E-32, 1.000000000000000000, 1.245367360287404601E-16 ) ) ;
#1004 = SURFACE_STYLE_FILL_AREA ( #1779 ) ;
#1005 = DIRECTION ( 'NONE',  ( 0.000000000000000000, -1.000000000000000000, 0.000000000000000000 ) ) ;
#1006 = EDGE_LOOP ( 'NONE', ( #3501, #2503, #1364, #896 ) ) ;
#1007 = PRESENTATION_LAYER_ASSIGNMENT (  '', '', ( #3248 ) ) ;
#1008 =( NAMED_UNIT ( * ) PLANE_ANGLE_UNIT ( ) SI_UNIT ( $, .RADIAN. ) );
#1009 = UNCERTAINTY_MEASURE_WITH_UNIT (LENGTH_MEASURE( 1.000000000000000082E-05 ), #2904, 'distance_accuracy_value', 'NONE');
#1010 = ORIENTED_EDGE ( 'NONE', *, *, #1190, .T. ) ;
#1011 = DIRECTION ( 'NONE',  ( 1.000000000000000000, -1.543119997218447926E-32, -0.000000000000000000 ) ) ;
#1012 = DIRECTION ( 'NONE',  ( 0.000000000000000000, 0.000000000000000000, 1.000000000000000000 ) ) ;
#1013 =( LENGTH_UNIT ( ) NAMED_UNIT ( * ) SI_UNIT ( .MILLI., .METRE. ) );
#1014 = ORIENTED_EDGE ( 'NONE', *, *, #4532, .F. ) ;
#1015 =( NAMED_UNIT ( * ) PLANE_ANGLE_UNIT ( ) SI_UNIT ( $, .RADIAN. ) );
#1016 = COLOUR_RGB ( '',0.8431372549019607865, 0.8156862745098039102, 0.7529411764705882248 ) ;
#1017 = PRESENTATION_STYLE_ASSIGNMENT (( #2980 ) ) ;
#1018 = EDGE_CURVE ( 'NONE', #513, #1923, #5163, .T. ) ;
#1019 = CARTESIAN_POINT ( 'NONE',  ( -5.080000000000000071, 2.000000000000000000, -14.98499999999999766 ) ) ;
#1020 = EDGE_CURVE ( 'NONE', #1238, #722, #2391, .T. ) ;
#1021 = CARTESIAN_POINT ( 'NONE',  ( -4.815457017597218226, 11.00099999999999945, 1.183566405789941101 ) ) ;
#1022 = ORIENTED_EDGE ( 'NONE', *, *, #3273, .T. ) ;
#1023 = COLOUR_RGB ( '',0.7803921568627451011, 0.7607843137254901578, 0.7411764705882353255 ) ;
#1024 =( NAMED_UNIT ( * ) SI_UNIT ( $, .STERADIAN. ) SOLID_ANGLE_UNIT ( ) );
#1025 = EDGE_CURVE ( 'NONE', #4663, #170, #3502, .T. ) ;
#1026 = AXIS2_PLACEMENT_3D ( 'NONE', #4651, #3415, #2541 ) ;
#1027 = CARTESIAN_POINT ( 'NONE',  ( -5.080000000000000071, -2.000000000000000000, 14.98499999999999766 ) ) ;
#1028 = DIRECTION ( 'NONE',  ( 1.000000000000000000, 0.000000000000000000, 0.000000000000000000 ) ) ;
#1029 = ORIENTED_EDGE ( 'NONE', *, *, #2458, .T. ) ;
#1030 = MECHANICAL_DESIGN_GEOMETRIC_PRESENTATION_REPRESENTATION (  '', ( #4112 ), #4199 ) ;
#1031 = CARTESIAN_POINT ( 'NONE',  ( 9.800000000000004263, 0.9999999999999997780, 16.99999999999998934 ) ) ;
#1032 = SURFACE_STYLE_USAGE ( .BOTH. , #905 ) ;
#1033 = FILL_AREA_STYLE ('',( #3414 ) ) ;
#1034 = EDGE_CURVE ( 'NONE', #4242, #201, #1611, .T. ) ;
#1035 = ORIENTED_EDGE ( 'NONE', *, *, #855, .F. ) ;
#1036 = SURFACE_STYLE_FILL_AREA ( #641 ) ;
#1037 = ORIENTED_EDGE ( 'NONE', *, *, #3211, .F. ) ;
#1038 = CARTESIAN_POINT ( 'NONE',  ( 3.197171904350071703, 11.00099999999999945, 10.33113049121951121 ) ) ;
#1039 = VERTEX_POINT ( 'NONE', #413 ) ;
#1040 = CARTESIAN_POINT ( 'NONE',  ( -11.50000000000000888, 1.000000000000000000, -16.49999999999998934 ) ) ;
#1041 = PRESENTATION_LAYER_ASSIGNMENT (  '', '', ( #4211 ) ) ;
#1042 = DIRECTION ( 'NONE',  ( -1.000000000000000000, 0.000000000000000000, -0.000000000000000000 ) ) ;
#1043 = VERTEX_POINT ( 'NONE', #1582 ) ;
#1044 =( NAMED_UNIT ( * ) SI_UNIT ( $, .STERADIAN. ) SOLID_ANGLE_UNIT ( ) );
#1045 = COLOUR_RGB ( '',0.8431372549019607865, 0.8156862745098039102, 0.7529411764705882248 ) ;
#1046 = PRESENTATION_STYLE_ASSIGNMENT (( #3018 ) ) ;
#1047 = LINE ( 'NONE', #4600, #3910 ) ;
#1048 = ADVANCED_FACE ( 'NONE', ( #4711 ), #3167, .T. ) ;
#1049 = VERTEX_POINT ( 'NONE', #3528 ) ;
#1050 = DIRECTION ( 'NONE',  ( -0.6073781906592577995, 0.000000000000000000, -0.7944128231036344800 ) ) ;
#1051 = CARTESIAN_POINT ( 'NONE',  ( -9.800000000000000711, 0.9999999999999974465, 16.99999999999998934 ) ) ;
#1052 = EDGE_CURVE ( 'NONE', #2473, #2785, #1221, .T. ) ;
#1053 = EDGE_LOOP ( 'NONE', ( #3578, #3172, #775, #3053, #1519, #3375, #4341, #3499 ) ) ;
#1054 = SURFACE_STYLE_FILL_AREA ( #1466 ) ;
#1055 = ORIENTED_EDGE ( 'NONE', *, *, #2084, .F. ) ;
#1056 = SURFACE_SIDE_STYLE ('',( #1036 ) ) ;
#1057 = CARTESIAN_POINT ( 'NONE',  ( 2.155378366499345500E-16, 1.500000000000000000, -15.49500000000000099 ) ) ;
#1058 = CARTESIAN_POINT ( 'NONE',  ( 3.197171904350071703, 11.00099999999999945, 10.33113049121951121 ) ) ;
#1059 = ORIENTED_EDGE ( 'NONE', *, *, #39, .T. ) ;
#1060 = SURFACE_SIDE_STYLE ('',( #2526 ) ) ;
#1061 = PLANE ( 'NONE',  #1834 ) ;
#1062 = CARTESIAN_POINT ( 'NONE',  ( 5.877292712060164348, 11.00099999999999945, -0.1250308409102711682 ) ) ;
#1063 = ORIENTED_EDGE ( 'NONE', *, *, #1428, .F. ) ;
#1064 = SURFACE_STYLE_USAGE ( .BOTH. , #1908 ) ;
#1065 = EDGE_CURVE ( 'NONE', #245, #3022, #4406, .T. ) ;
#1066 = PLANE ( 'NONE',  #2068 ) ;
#1067 = CARTESIAN_POINT ( 'NONE',  ( -5.587567885296989445, 11.00099999999999945, -10.33113049122024130 ) ) ;
#1068 = UNCERTAINTY_MEASURE_WITH_UNIT (LENGTH_MEASURE( 1.000000000000000082E-05 ), #2343, 'distance_accuracy_value', 'NONE');
#1069 = COLOUR_RGB ( '',0.8431372549019607865, 0.8156862745098039102, 0.7529411764705882248 ) ;
#1070 = DIRECTION ( 'NONE',  ( -1.000000000000000000, 0.000000000000000000, 1.020425574104004122E-16 ) ) ;
#1071 = STYLED_ITEM ( 'NONE', ( #5039 ), #1861 ) ;
#1072 = SURFACE_SIDE_STYLE ('',( #5065 ) ) ;
#1073 = ORIENTED_EDGE ( 'NONE', *, *, #4232, .F. ) ;
#1074 = DIRECTION ( 'NONE',  ( -0.6560590289895824601, 0.000000000000000000, -0.7547095802235758155 ) ) ;
#1075 = CIRCLE ( 'NONE', #4657, 2.551318690961201785 ) ;
#1076 = AXIS2_PLACEMENT_3D ( 'NONE', #4707, #1141, #1892 ) ;
#1077 = CIRCLE ( 'NONE', #247, 2.217827501993440364 ) ;
#1078 = PLANE ( 'NONE',  #1296 ) ;
#1079 = ORIENTED_EDGE ( 'NONE', *, *, #2936, .T. ) ;
#1080 = PLANE ( 'NONE',  #3818 ) ;
#1081 = DIRECTION ( 'NONE',  ( 0.000000000000000000, -1.000000000000000000, 0.000000000000000000 ) ) ;
#1082 = COLOUR_RGB ( '',0.8431372549019607865, 0.8156862745098039102, 0.7529411764705882248 ) ;
#1083 = AXIS2_PLACEMENT_3D ( 'NONE', #1299, #4411, #1695 ) ;
#1084 = ORIENTED_EDGE ( 'NONE', *, *, #420, .F. ) ;
#1085 = SURFACE_STYLE_FILL_AREA ( #280 ) ;
#1086 = VERTEX_POINT ( 'NONE', #2399 ) ;
#1087 = STYLED_ITEM ( 'NONE', ( #4765 ), #4943 ) ;
#1088 = FACE_OUTER_BOUND ( 'NONE', #3682, .T. ) ;
#1089 = CIRCLE ( 'NONE', #2558, 2.217827501995029316 ) ;
#1090 = DIRECTION ( 'NONE',  ( 0.000000000000000000, 0.000000000000000000, 1.000000000000000000 ) ) ;
#1091 = ORIENTED_EDGE ( 'NONE', *, *, #4422, .F. ) ;
#1092 = STYLED_ITEM ( 'NONE', ( #3428 ), #2228 ) ;
#1093 =( NAMED_UNIT ( * ) PLANE_ANGLE_UNIT ( ) SI_UNIT ( $, .RADIAN. ) );
#1094 =( NAMED_UNIT ( * ) SI_UNIT ( $, .STERADIAN. ) SOLID_ANGLE_UNIT ( ) );
#1095 = UNCERTAINTY_MEASURE_WITH_UNIT (LENGTH_MEASURE( 1.000000000000000082E-05 ), #1669, 'distance_accuracy_value', 'NONE');
#1096 =( LENGTH_UNIT ( ) NAMED_UNIT ( * ) SI_UNIT ( .MILLI., .METRE. ) );
#1097 = EDGE_CURVE ( 'NONE', #1400, #3943, #4019, .T. ) ;
#1098 = LINE ( 'NONE', #266, #3319 ) ;
#1099 = CARTESIAN_POINT ( 'NONE',  ( -3.197171904350398108, 11.00099999999999945, -10.33113049121924476 ) ) ;
#1100 = VERTEX_POINT ( 'NONE', #3258 ) ;
#1101 =( NAMED_UNIT ( * ) SI_UNIT ( $, .STERADIAN. ) SOLID_ANGLE_UNIT ( ) );
#1102 = ADVANCED_FACE ( 'NONE', ( #3608 ), #2495, .F. ) ;
#1103 = AXIS2_PLACEMENT_3D ( 'NONE', #1168, #1117, #393 ) ;
#1104 = EDGE_CURVE ( 'NONE', #643, #3022, #1661, .T. ) ;
#1105 = EDGE_CURVE ( 'NONE', #605, #1890, #3301, .T. ) ;
#1106 = CARTESIAN_POINT ( 'NONE',  ( -5.080000000000000071, 1.500000000000000000, -14.98499999999999766 ) ) ;
#1107 = FILL_AREA_STYLE_COLOUR ( '', #902 ) ;
#1108 = ORIENTED_EDGE ( 'NONE', *, *, #1018, .F. ) ;
#1109 = LINE ( 'NONE', #2290, #2919 ) ;
#1110 = FACE_OUTER_BOUND ( 'NONE', #1304, .T. ) ;
#1111 = VERTEX_POINT ( 'NONE', #483 ) ;
#1112 = FILL_AREA_STYLE ('',( #1607 ) ) ;
#1113 = SURFACE_STYLE_USAGE ( .BOTH. , #747 ) ;
#1114 = PLANE ( 'NONE',  #4307 ) ;
#1115 = ADVANCED_FACE ( 'NONE', ( #2442 ), #460, .F. ) ;
#1116 = EDGE_LOOP ( 'NONE', ( #1851, #1674, #2839, #258, #1551, #3844 ) ) ;
#1117 = DIRECTION ( 'NONE',  ( -0.000000000000000000, -1.000000000000000000, -0.000000000000000000 ) ) ;
#1118 = SURFACE_SIDE_STYLE ('',( #725 ) ) ;
#1119 = COLOUR_RGB ( '',0.8431372549019607865, 0.8156862745098039102, 0.7529411764705882248 ) ;
#1120 = CARTESIAN_POINT ( 'NONE',  ( -3.233869851431873332, 11.00099999999999945, -10.07001102975548079 ) ) ;
#1121 =( LENGTH_UNIT ( ) NAMED_UNIT ( * ) SI_UNIT ( .MILLI., .METRE. ) );
#1122 = ORIENTED_EDGE ( 'NONE', *, *, #1792, .T. ) ;
#1123 = EDGE_LOOP ( 'NONE', ( #276, #3587, #3566, #210 ) ) ;
#1124 = LINE ( 'NONE', #5058, #514 ) ;
#1125 = FILL_AREA_STYLE ('',( #3062 ) ) ;
#1126 = EDGE_LOOP ( 'NONE', ( #2965, #11, #4957, #3801, #933, #3602 ) ) ;
#1127 = SURFACE_STYLE_FILL_AREA ( #703 ) ;
#1128 = CARTESIAN_POINT ( 'NONE',  ( 6.279034304941422562, 11.00099999999999945, -10.48583831713368753 ) ) ;
#1129 = VECTOR ( 'NONE', #1974, 1000.000000000000000 ) ;
#1130 = CARTESIAN_POINT ( 'NONE',  ( 11.50000000000001066, 0.000000000000000000, -16.49999999999998934 ) ) ;
#1131 = MECHANICAL_DESIGN_GEOMETRIC_PRESENTATION_REPRESENTATION (  '', ( #3783 ), #3453 ) ;
#1132 = CARTESIAN_POINT ( 'NONE',  ( 9.800000000000004263, 0.9999999999999997780, -17.00000000000001066 ) ) ;
#1133 = DIRECTION ( 'NONE',  ( 1.000000000000000000, 0.000000000000000000, -0.000000000000000000 ) ) ;
#1134 = COLOUR_RGB ( '',0.7803921568627451011, 0.7607843137254901578, 0.7411764705882353255 ) ;
#1135 = ORIENTED_EDGE ( 'NONE', *, *, #1751, .F. ) ;
#1136 = LINE ( 'NONE', #3895, #3686 ) ;
#1137 = VECTOR ( 'NONE', #4682, 1000.000000000000114 ) ;
#1138 = CARTESIAN_POINT ( 'NONE',  ( -5.844315597492135694, 11.00000000000000000, 0.000000000000000000 ) ) ;
#1139 = ORIENTED_EDGE ( 'NONE', *, *, #3548, .T. ) ;
#1140 = PLANE ( 'NONE',  #1583 ) ;
#1141 = DIRECTION ( 'NONE',  ( -0.9902680687417968475, 0.000000000000000000, -0.1391731009584540601 ) ) ;
#1142 = ORIENTED_EDGE ( 'NONE', *, *, #3098, .F. ) ;
#1143 = CARTESIAN_POINT ( 'NONE',  ( 9.800000000000004263, 0.9999999999999997780, -16.49999999999998934 ) ) ;
#1144 = ADVANCED_FACE ( 'NONE', ( #871 ), #1066, .T. ) ;
#1145 = DIRECTION ( 'NONE',  ( -1.000000000000000000, 0.000000000000000000, 0.000000000000000000 ) ) ;
#1146 = CARTESIAN_POINT ( 'NONE',  ( 2.155378366499345500E-16, -2.000000000000000000, 15.24000000000000021 ) ) ;
#1147 = DIRECTION ( 'NONE',  ( -0.1391731009616890835, 0.000000000000000000, 0.9902680687413422111 ) ) ;
#1148 = ORIENTED_EDGE ( 'NONE', *, *, #3183, .F. ) ;
#1149 = CARTESIAN_POINT ( 'NONE',  ( 4.854667192020922784, 11.00000000000000000, -1.462561293668101614 ) ) ;
#1150 = CARTESIAN_POINT ( 'NONE',  ( 4.716279741469901587, 11.00000000000000000, 12.07866415420832595 ) ) ;
#1151 = UNCERTAINTY_MEASURE_WITH_UNIT (LENGTH_MEASURE( 1.000000000000000082E-05 ), #4884, 'distance_accuracy_value', 'NONE');
#1152 = VERTEX_POINT ( 'NONE', #1457 ) ;
#1153 = AXIS2_PLACEMENT_3D ( 'NONE', #4724, #5130, #2648 ) ;
#1154 = CARTESIAN_POINT ( 'NONE',  ( 11.00000000000001066, 1.500000000000000000, -15.99999999999998934 ) ) ;
#1155 = SURFACE_SIDE_STYLE ('',( #3924 ) ) ;
#1156 = SURFACE_STYLE_FILL_AREA ( #2764 ) ;
#1157 = CARTESIAN_POINT ( 'NONE',  ( -8.077597235833382072, 11.00000000000000000, 11.78350168344155513 ) ) ;
#1158 = PLANE ( 'NONE',  #3190 ) ;
#1159 = UNCERTAINTY_MEASURE_WITH_UNIT (LENGTH_MEASURE( 1.000000000000000082E-05 ), #3516, 'distance_accuracy_value', 'NONE');
#1160 = ORIENTED_EDGE ( 'NONE', *, *, #3823, .T. ) ;
#1161 = ADVANCED_FACE ( 'NONE', ( #2238 ), #685, .F. ) ;
#1162 = DIRECTION ( 'NONE',  ( 1.000000000000000000, -0.000000000000000000, -1.239088197126291063E-16 ) ) ;
#1163 = CARTESIAN_POINT ( 'NONE',  ( 2.467663300281920986E-16, -2.000000000000000000, -14.98499999999999766 ) ) ;
#1164 = ORIENTED_EDGE ( 'NONE', *, *, #3393, .F. ) ;
#1165 = CIRCLE ( 'NONE', #3731, 0.2550000000000017808 ) ;
#1166 = COLOUR_RGB ( '',0.8431372549019607865, 0.8156862745098039102, 0.7529411764705882248 ) ;
#1167 = COLOUR_RGB ( '',0.8431372549019607865, 0.8156862745098039102, 0.7529411764705882248 ) ;
#1168 = CARTESIAN_POINT ( 'NONE',  ( -6.279034304946791600, 11.00099999999999945, 10.48583831713804670 ) ) ;
#1169 = COLOUR_RGB ( '',0.8431372549019607865, 0.8156862745098039102, 0.7529411764705882248 ) ;
#1170 = EDGE_CURVE ( 'NONE', #1721, #3592, #739, .T. ) ;
#1171 = DIRECTION ( 'NONE',  ( 1.000000000000000000, -0.000000000000000000, -0.000000000000000000 ) ) ;
#1172 = MECHANICAL_DESIGN_GEOMETRIC_PRESENTATION_REPRESENTATION (  '', ( #2074 ), #4423 ) ;
#1173 = VECTOR ( 'NONE', #3912, 1000.000000000000000 ) ;
#1174 = SURFACE_SIDE_STYLE ('',( #4303 ) ) ;
#1175 = PRESENTATION_LAYER_ASSIGNMENT (  '', '', ( #4748 ) ) ;
#1176 = ORIENTED_EDGE ( 'NONE', *, *, #23, .T. ) ;
#1177 = ORIENTED_EDGE ( 'NONE', *, *, #1170, .T. ) ;
#1178 = ORIENTED_EDGE ( 'NONE', *, *, #3665, .F. ) ;
#1179 = COLOUR_RGB ( '',0.8431372549019607865, 0.8156862745098039102, 0.7529411764705882248 ) ;
#1180 = COLOUR_RGB ( '',0.8431372549019607865, 0.8156862745098039102, 0.7529411764705882248 ) ;
#1181 = FACE_OUTER_BOUND ( 'NONE', #2481, .T. ) ;
#1182 = PRESENTATION_STYLE_ASSIGNMENT (( #4694 ) ) ;
#1183 = CARTESIAN_POINT ( 'NONE',  ( 5.080000000000000071, 1.500000000000000000, -15.24000000000000021 ) ) ;
#1184 = VECTOR ( 'NONE', #529, 1000.000000000000000 ) ;
#1185 = ORIENTED_EDGE ( 'NONE', *, *, #4570, .T. ) ;
#1186 = FILL_AREA_STYLE_COLOUR ( '', #4351 ) ;
#1187 = ADVANCED_FACE ( 'NONE', ( #1486 ), #2672, .T. ) ;
#1188 = CIRCLE ( 'NONE', #5101, 2.551318690961786206 ) ;
#1189 =( NAMED_UNIT ( * ) SI_UNIT ( $, .STERADIAN. ) SOLID_ANGLE_UNIT ( ) );
#1190 = EDGE_CURVE ( 'NONE', #1341, #3562, #2728, .T. ) ;
#1191 = CARTESIAN_POINT ( 'NONE',  ( 8.491459290613962096, 11.00000000000000000, -10.33113049121727833 ) ) ;
#1192 = CARTESIAN_POINT ( 'NONE',  ( -12.00000000000000533, 0.000000000000000000, -17.00000000000001066 ) ) ;
#1193 = EDGE_LOOP ( 'NONE', ( #3150, #3810, #4133, #2746 ) ) ;
#1194 = DIRECTION ( 'NONE',  ( 0.000000000000000000, -1.000000000000000000, 0.000000000000000000 ) ) ;
#1195 =( LENGTH_UNIT ( ) NAMED_UNIT ( * ) SI_UNIT ( .MILLI., .METRE. ) );
#1196 = PRESENTATION_STYLE_ASSIGNMENT (( #5112 ) ) ;
#1197 = ORIENTED_EDGE ( 'NONE', *, *, #2706, .T. ) ;
#1198 = SURFACE_STYLE_FILL_AREA ( #5139 ) ;
#1199 = CARTESIAN_POINT ( 'NONE',  ( 4.437710207380106020, 11.00099999999999945, 1.504241810421581782 ) ) ;
#1200 = COLOUR_RGB ( '',0.8431372549019607865, 0.8156862745098039102, 0.7529411764705882248 ) ;
#1201 = DIRECTION ( 'NONE',  ( -0.000000000000000000, -1.000000000000000000, -0.000000000000000000 ) ) ;
#1202 = VERTEX_POINT ( 'NONE', #4723 ) ;
#1203 = PRESENTATION_LAYER_ASSIGNMENT (  '', '', ( #2263 ) ) ;
#1204 = VERTEX_POINT ( 'NONE', #2729 ) ;
#1205 = CARTESIAN_POINT ( 'NONE',  ( -6.279034304946791600, 11.00099999999999945, 10.48583831713804670 ) ) ;
#1206 = VECTOR ( 'NONE', #2390, 1000.000000000000000 ) ;
#1207 = DIRECTION ( 'NONE',  ( -1.000000000000000000, -0.000000000000000000, -0.000000000000000000 ) ) ;
#1208 = DIRECTION ( 'NONE',  ( 0.000000000000000000, -1.000000000000000000, 0.000000000000000000 ) ) ;
#1209 = SURFACE_SIDE_STYLE ('',( #1595 ) ) ;
#1210 = CARTESIAN_POINT ( 'NONE',  ( 11.50000000000001066, 1.000000000000000000, -16.49999999999998934 ) ) ;
#1211 = VERTEX_POINT ( 'NONE', #84 ) ;
#1212 = CARTESIAN_POINT ( 'NONE',  ( 3.197171904350071703, 11.00000000000000000, 10.33113049121951121 ) ) ;
#1213 = FILL_AREA_STYLE_COLOUR ( '', #2826 ) ;
#1214 = DIRECTION ( 'NONE',  ( 0.1391731009594465163, 0.000000000000000000, -0.9902680687416571814 ) ) ;
#1215 =( GEOMETRIC_REPRESENTATION_CONTEXT ( 3 ) GLOBAL_UNCERTAINTY_ASSIGNED_CONTEXT ( ( #3027 ) ) GLOBAL_UNIT_ASSIGNED_CONTEXT ( ( #560, #1729, #2875 ) ) REPRESENTATION_CONTEXT ( 'NONE', 'WORKASPACE' ) );
#1216 = ORIENTED_EDGE ( 'NONE', *, *, #3253, .F. ) ;
#1217 =( NAMED_UNIT ( * ) SI_UNIT ( $, .STERADIAN. ) SOLID_ANGLE_UNIT ( ) );
#1218 = PRESENTATION_STYLE_ASSIGNMENT (( #4816 ) ) ;
#1219 = ORIENTED_EDGE ( 'NONE', *, *, #1777, .F. ) ;
#1220 = AXIS2_PLACEMENT_3D ( 'NONE', #612, #1081, #3789 ) ;
#1221 = LINE ( 'NONE', #2801, #3385 ) ;
#1222 = VECTOR ( 'NONE', #5044, 1000.000000000000114 ) ;
#1223 = EDGE_CURVE ( 'NONE', #3083, #1288, #1677, .T. ) ;
#1224 = DIRECTION ( 'NONE',  ( 0.1391731009607019842, 0.000000000000000000, -0.9902680687414808780 ) ) ;
#1225 = MECHANICAL_DESIGN_GEOMETRIC_PRESENTATION_REPRESENTATION (  '', ( #2440 ), #549 ) ;
#1226 = PRESENTATION_LAYER_ASSIGNMENT (  '', '', ( #1378 ) ) ;
#1227 = CARTESIAN_POINT ( 'NONE',  ( -2.540000000000000036, -2.000000000000000000, -15.24000000000000021 ) ) ;
#1228 = SURFACE_STYLE_FILL_AREA ( #759 ) ;
#1229 = ORIENTED_EDGE ( 'NONE', *, *, #341, .T. ) ;
#1230 = CARTESIAN_POINT ( 'NONE',  ( -6.058508073491418067, 11.00099999999999945, 10.02833425215082386 ) ) ;
#1231 = SURFACE_STYLE_FILL_AREA ( #129 ) ;
#1232 = CARTESIAN_POINT ( 'NONE',  ( 5.080000000000000071, -2.000000000000000000, -15.49499999999999922 ) ) ;
#1233 = SURFACE_STYLE_USAGE ( .BOTH. , #2810 ) ;
#1234 = EDGE_LOOP ( 'NONE', ( #1022, #998, #646, #3561 ) ) ;
#1235 = DIRECTION ( 'NONE',  ( 0.9805806756909200006, 0.1961161351381850715, 0.000000000000000000 ) ) ;
#1236 = CARTESIAN_POINT ( 'NONE',  ( 7.205852998560215994, 11.00000000000000000, -1.183566405789941101 ) ) ;
#1237 = CARTESIAN_POINT ( 'NONE',  ( 7.952849967984582769, 11.00099999999999945, -11.94086407455169763 ) ) ;
#1238 = VERTEX_POINT ( 'NONE', #3180 ) ;
#1239 = PRESENTATION_STYLE_ASSIGNMENT (( #3188 ) ) ;
#1240 = SURFACE_SIDE_STYLE ('',( #2064 ) ) ;
#1241 = ORIENTED_EDGE ( 'NONE', *, *, #1170, .F. ) ;
#1242 =( NAMED_UNIT ( * ) PLANE_ANGLE_UNIT ( ) SI_UNIT ( $, .RADIAN. ) );
#1243 = SURFACE_STYLE_FILL_AREA ( #2423 ) ;
#1244 = COLOUR_RGB ( '',0.8431372549019607865, 0.8156862745098039102, 0.7529411764705882248 ) ;
#1245 = COLOUR_RGB ( '',0.7803921568627451011, 0.7607843137254901578, 0.7411764705882353255 ) ;
#1246 = VECTOR ( 'NONE', #2505, 1000.000000000000000 ) ;
#1247 = MECHANICAL_DESIGN_GEOMETRIC_PRESENTATION_REPRESENTATION (  '', ( #2471 ), #3653 ) ;
#1248 = SURFACE_STYLE_USAGE ( .BOTH. , #3740 ) ;
#1249 = PRESENTATION_LAYER_ASSIGNMENT (  '', '', ( #827 ) ) ;
#1250 = PRESENTATION_STYLE_ASSIGNMENT (( #760 ) ) ;
#1251 = PRESENTATION_LAYER_ASSIGNMENT (  '', '', ( #2740 ) ) ;
#1252 = DIRECTION ( 'NONE',  ( -0.6560590289895504856, 0.000000000000000000, -0.7547095802236037931 ) ) ;
#1253 = DIRECTION ( 'NONE',  ( 0.000000000000000000, -1.000000000000000000, 0.000000000000000000 ) ) ;
#1254 = DIRECTION ( 'NONE',  ( 0.000000000000000000, -1.000000000000000000, 0.000000000000000000 ) ) ;
#1255 = ORIENTED_EDGE ( 'NONE', *, *, #406, .T. ) ;
#1256 = MECHANICAL_DESIGN_GEOMETRIC_PRESENTATION_REPRESENTATION (  '', ( #3401 ), #3315 ) ;
#1257 = STYLED_ITEM ( 'NONE', ( #3859 ), #3009 ) ;
#1258 = SURFACE_STYLE_USAGE ( .BOTH. , #4827 ) ;
#1259 = PRESENTATION_STYLE_ASSIGNMENT (( #1723 ) ) ;
#1260 = EDGE_CURVE ( 'NONE', #727, #396, #2036, .T. ) ;
#1261 = COLOUR_RGB ( '',0.8431372549019607865, 0.8156862745098039102, 0.7529411764705882248 ) ;
#1262 = FACE_OUTER_BOUND ( 'NONE', #4361, .T. ) ;
#1263 = VECTOR ( 'NONE', #3544, 1000.000000000000114 ) ;
#1264 = EDGE_CURVE ( 'NONE', #3219, #459, #3250, .T. ) ;
#1265 = EDGE_CURVE ( 'NONE', #1862, #843, #2382, .T. ) ;
#1266 = DIRECTION ( 'NONE',  ( 0.000000000000000000, 0.000000000000000000, 1.000000000000000000 ) ) ;
#1267 = VECTOR ( 'NONE', #3923, 1000.000000000000114 ) ;
#1268 = MECHANICAL_DESIGN_GEOMETRIC_PRESENTATION_REPRESENTATION (  '', ( #3749 ), #1512 ) ;
#1269 = CARTESIAN_POINT ( 'NONE',  ( -6.058508073491418067, 11.00099999999999945, 10.02833425215082386 ) ) ;
#1270 = UNCERTAINTY_MEASURE_WITH_UNIT (LENGTH_MEASURE( 1.000000000000000082E-05 ), #160, 'distance_accuracy_value', 'NONE');
#1271 = VERTEX_POINT ( 'NONE', #1650 ) ;
#1272 =( NAMED_UNIT ( * ) SI_UNIT ( $, .STERADIAN. ) SOLID_ANGLE_UNIT ( ) );
#1273 = FILL_AREA_STYLE_COLOUR ( '', #1119 ) ;
#1274 = ORIENTED_EDGE ( 'NONE', *, *, #3913, .T. ) ;
#1275 = CARTESIAN_POINT ( 'NONE',  ( -6.058508073491418067, 11.00000000000000000, 10.02833425215082386 ) ) ;
#1276 = EDGE_CURVE ( 'NONE', #3014, #683, #3173, .T. ) ;
#1277 = PRESENTATION_STYLE_ASSIGNMENT (( #2404 ) ) ;
#1278 = FILL_AREA_STYLE ('',( #519 ) ) ;
#1279 = ORIENTED_EDGE ( 'NONE', *, *, #1470, .F. ) ;
#1280 = SURFACE_STYLE_FILL_AREA ( #4851 ) ;
#1281 =( NAMED_UNIT ( * ) PLANE_ANGLE_UNIT ( ) SI_UNIT ( $, .RADIAN. ) );
#1282 = ORIENTED_EDGE ( 'NONE', *, *, #2996, .T. ) ;
#1283 =( NAMED_UNIT ( * ) SI_UNIT ( $, .STERADIAN. ) SOLID_ANGLE_UNIT ( ) );
#1284 = FILL_AREA_STYLE_COLOUR ( '', #3669 ) ;
#1285 = EDGE_CURVE ( 'NONE', #970, #805, #3949, .T. ) ;
#1286 = MECHANICAL_DESIGN_GEOMETRIC_PRESENTATION_REPRESENTATION (  '', ( #3523 ), #2428 ) ;
#1287 = FILL_AREA_STYLE ('',( #3203 ) ) ;
#1288 = VERTEX_POINT ( 'NONE', #61 ) ;
#1289 = FACE_OUTER_BOUND ( 'NONE', #951, .T. ) ;
#1290 = ORIENTED_EDGE ( 'NONE', *, *, #1546, .F. ) ;
#1291 = PRESENTATION_STYLE_ASSIGNMENT (( #4865 ) ) ;
#1292 = COLOUR_RGB ( '',0.7803921568627451011, 0.7607843137254901578, 0.7411764705882353255 ) ;
#1293 = CARTESIAN_POINT ( 'NONE',  ( 8.077597235832874034, 11.00000000000000000, -11.78350168343908777 ) ) ;
#1294 = SURFACE_SIDE_STYLE ('',( #4042 ) ) ;
#1295 = EDGE_CURVE ( 'NONE', #4950, #1503, #3643, .T. ) ;
#1296 = AXIS2_PLACEMENT_3D ( 'NONE', #3046, #3841, #328 ) ;
#1297 =( NAMED_UNIT ( * ) PLANE_ANGLE_UNIT ( ) SI_UNIT ( $, .RADIAN. ) );
#1298 = PRESENTATION_LAYER_ASSIGNMENT (  '', '', ( #2440 ) ) ;
#1299 = CARTESIAN_POINT ( 'NONE',  ( -12.00000000000000178, 11.00000000000000000, 16.99999999999998934 ) ) ;
#1300 = UNCERTAINTY_MEASURE_WITH_UNIT (LENGTH_MEASURE( 1.000000000000000082E-05 ), #4529, 'distance_accuracy_value', 'NONE');
#1301 = CARTESIAN_POINT ( 'NONE',  ( 2.467663300281920986E-16, 1.500000000000000000, -14.98499999999999766 ) ) ;
#1302 = LINE ( 'NONE', #2881, #840 ) ;
#1303 = CARTESIAN_POINT ( 'NONE',  ( 0.000000000000000000, 0.000000000000000000, 0.000000000000000000 ) ) ;
#1304 = EDGE_LOOP ( 'NONE', ( #826, #1274, #5066, #2266, #4060, #2847 ) ) ;
#1305 = SURFACE_STYLE_FILL_AREA ( #1676 ) ;
#1306 = FACE_OUTER_BOUND ( 'NONE', #4536, .T. ) ;
#1307 = CARTESIAN_POINT ( 'NONE',  ( 11.50000000000001066, 1.500000000000000000, 16.49999999999998934 ) ) ;
#1308 = DIRECTION ( 'NONE',  ( 0.000000000000000000, 1.000000000000000000, 0.000000000000000000 ) ) ;
#1309 = DIRECTION ( 'NONE',  ( 0.000000000000000000, 1.000000000000000000, 0.000000000000000000 ) ) ;
#1310 = DIRECTION ( 'NONE',  ( -1.000000000000000000, 0.000000000000000000, -0.000000000000000000 ) ) ;
#1311 = DIRECTION ( 'NONE',  ( 0.7547095802237152595, 0.000000000000000000, -0.6560590289894221439 ) ) ;
#1312 = UNCERTAINTY_MEASURE_WITH_UNIT (LENGTH_MEASURE( 1.000000000000000082E-05 ), #4804, 'distance_accuracy_value', 'NONE');
#1313 = PLANE ( 'NONE',  #2071 ) ;
#1314 = CARTESIAN_POINT ( 'NONE',  ( -9.800000000000000711, 0.9999999999999937828, 16.49999999999998579 ) ) ;
#1315 = ORIENTED_EDGE ( 'NONE', *, *, #2308, .T. ) ;
#1316 = EDGE_CURVE ( 'NONE', #654, #970, #38, .T. ) ;
#1317 =( LENGTH_UNIT ( ) NAMED_UNIT ( * ) SI_UNIT ( .MILLI., .METRE. ) );
#1318 = FILL_AREA_STYLE ('',( #4868 ) ) ;
#1319 = ADVANCED_FACE ( 'NONE', ( #1622 ), #383, .T. ) ;
#1320 = PRESENTATION_STYLE_ASSIGNMENT (( #1732 ) ) ;
#1321 =( GEOMETRIC_REPRESENTATION_CONTEXT ( 3 ) GLOBAL_UNCERTAINTY_ASSIGNED_CONTEXT ( ( #3551 ) ) GLOBAL_UNIT_ASSIGNED_CONTEXT ( ( #1338, #2186, #2507 ) ) REPRESENTATION_CONTEXT ( 'NONE', 'WORKASPACE' ) );
#1322 = FILL_AREA_STYLE_COLOUR ( '', #2322 ) ;
#1323 = DIRECTION ( 'NONE',  ( -0.7547095802237134832, 0.000000000000000000, 0.6560590289894242533 ) ) ;
#1324 = ORIENTED_EDGE ( 'NONE', *, *, #1645, .T. ) ;
#1325 = PRESENTATION_STYLE_ASSIGNMENT (( #3290 ) ) ;
#1326 = VECTOR ( 'NONE', #4776, 1000.000000000000000 ) ;
#1327 = DIRECTION ( 'NONE',  ( 0.000000000000000000, -1.000000000000000000, 0.000000000000000000 ) ) ;
#1328 = MECHANICAL_DESIGN_GEOMETRIC_PRESENTATION_REPRESENTATION (  '', ( #663 ), #2082 ) ;
#1329 = DIRECTION ( 'NONE',  ( 0.000000000000000000, -0.000000000000000000, 1.000000000000000000 ) ) ;
#1330 = FACE_OUTER_BOUND ( 'NONE', #4864, .T. ) ;
#1331 = LINE ( 'NONE', #3645, #4916 ) ;
#1332 =( GEOMETRIC_REPRESENTATION_CONTEXT ( 3 ) GLOBAL_UNCERTAINTY_ASSIGNED_CONTEXT ( ( #5024 ) ) GLOBAL_UNIT_ASSIGNED_CONTEXT ( ( #4852, #1281, #3719 ) ) REPRESENTATION_CONTEXT ( 'NONE', 'WORKASPACE' ) );
#1333 = CYLINDRICAL_SURFACE ( 'NONE', #4545, 0.5000000000000004441 ) ;
#1334 = ADVANCED_FACE ( 'NONE', ( #4418 ), #15, .T. ) ;
#1335 = CARTESIAN_POINT ( 'NONE',  ( 2.540000000000000036, 2.000000000000000000, -15.24000000000000021 ) ) ;
#1336 = AXIS2_PLACEMENT_3D ( 'NONE', #2950, #3390, #2974 ) ;
#1337 =( GEOMETRIC_REPRESENTATION_CONTEXT ( 3 ) GLOBAL_UNCERTAINTY_ASSIGNED_CONTEXT ( ( #2710 ) ) GLOBAL_UNIT_ASSIGNED_CONTEXT ( ( #4644, #4230, #2260 ) ) REPRESENTATION_CONTEXT ( 'NONE', 'WORKASPACE' ) );
#1338 =( LENGTH_UNIT ( ) NAMED_UNIT ( * ) SI_UNIT ( .MILLI., .METRE. ) );
#1339 = PRESENTATION_LAYER_ASSIGNMENT (  '', '', ( #3583 ) ) ;
#1340 = FACE_OUTER_BOUND ( 'NONE', #1053, .T. ) ;
#1341 = VERTEX_POINT ( 'NONE', #2130 ) ;
#1342 =( NAMED_UNIT ( * ) PLANE_ANGLE_UNIT ( ) SI_UNIT ( $, .RADIAN. ) );
#1343 = DIRECTION ( 'NONE',  ( 0.7227044467971023289, 0.000000000000000000, -0.6911572054024281986 ) ) ;
#1344 = SURFACE_SIDE_STYLE ('',( #4914 ) ) ;
#1345 = CARTESIAN_POINT ( 'NONE',  ( -8.077597235833382072, 11.00099999999999945, 11.78350168344155513 ) ) ;
#1346 = CARTESIAN_POINT ( 'NONE',  ( 2.155378366499345500E-16, 1.500000000000000000, -15.24000000000000021 ) ) ;
#1347 = VERTEX_POINT ( 'NONE', #958 ) ;
#1348 = LINE ( 'NONE', #616, #504 ) ;
#1349 = SURFACE_STYLE_USAGE ( .BOTH. , #3312 ) ;
#1350 = VERTEX_POINT ( 'NONE', #497 ) ;
#1351 = CYLINDRICAL_SURFACE ( 'NONE', #3852, 0.2550000000000017808 ) ;
#1352 = PLANE ( 'NONE',  #298 ) ;
#1353 = CARTESIAN_POINT ( 'NONE',  ( 11.00000000000001066, 1.500000000000000000, 0.000000000000000000 ) ) ;
#1354 = DIRECTION ( 'NONE',  ( 0.000000000000000000, -1.000000000000000000, 0.000000000000000000 ) ) ;
#1355 = STYLED_ITEM ( 'NONE', ( #2094 ), #1562 ) ;
#1356 = VECTOR ( 'NONE', #90, 1000.000000000000000 ) ;
#1357 = COLOUR_RGB ( '',0.8431372549019607865, 0.8156862745098039102, 0.7529411764705882248 ) ;
#1358 = PRESENTATION_STYLE_ASSIGNMENT (( #4082 ) ) ;
#1359 = APPLICATION_PROTOCOL_DEFINITION ( 'draft international standard', 'automotive_design', 1998, #1394 ) ;
#1360 =( LENGTH_UNIT ( ) NAMED_UNIT ( * ) SI_UNIT ( .MILLI., .METRE. ) );
#1361 = EDGE_LOOP ( 'NONE', ( #2018, #3174, #4885, #1698, #3982, #2317 ) ) ;
#1362 = VECTOR ( 'NONE', #1753, 1000.000000000000000 ) ;
#1363 = FILL_AREA_STYLE_COLOUR ( '', #530 ) ;
#1364 = ORIENTED_EDGE ( 'NONE', *, *, #4187, .F. ) ;
#1365 =( NAMED_UNIT ( * ) SI_UNIT ( $, .STERADIAN. ) SOLID_ANGLE_UNIT ( ) );
#1366 = EDGE_CURVE ( 'NONE', #1858, #4922, #4757, .T. ) ;
#1367 = STYLED_ITEM ( 'NONE', ( #4519 ), #715 ) ;
#1368 = ORIENTED_EDGE ( 'NONE', *, *, #2209, .F. ) ;
#1369 = FILL_AREA_STYLE_COLOUR ( '', #3617 ) ;
#1370 =( GEOMETRIC_REPRESENTATION_CONTEXT ( 3 ) GLOBAL_UNCERTAINTY_ASSIGNED_CONTEXT ( ( #679 ) ) GLOBAL_UNIT_ASSIGNED_CONTEXT ( ( #2614, #3754, #1769 ) ) REPRESENTATION_CONTEXT ( 'NONE', 'WORKASPACE' ) );
#1371 = FACE_BOUND ( 'NONE', #2918, .T. ) ;
#1372 =( GEOMETRIC_REPRESENTATION_CONTEXT ( 3 ) GLOBAL_UNCERTAINTY_ASSIGNED_CONTEXT ( ( #4355 ) ) GLOBAL_UNIT_ASSIGNED_CONTEXT ( ( #4856, #2038, #40 ) ) REPRESENTATION_CONTEXT ( 'NONE', 'WORKASPACE' ) );
#1373 = DIRECTION ( 'NONE',  ( 0.000000000000000000, 0.000000000000000000, -1.000000000000000000 ) ) ;
#1374 =( LENGTH_UNIT ( ) NAMED_UNIT ( * ) SI_UNIT ( .MILLI., .METRE. ) );
#1375 = SURFACE_STYLE_USAGE ( .BOTH. , #1680 ) ;
#1376 =( NAMED_UNIT ( * ) PLANE_ANGLE_UNIT ( ) SI_UNIT ( $, .RADIAN. ) );
#1377 = ORIENTED_EDGE ( 'NONE', *, *, #3994, .T. ) ;
#1378 = STYLED_ITEM ( 'NONE', ( #3136 ), #649 ) ;
#1379 = LINE ( 'NONE', #2988, #713 ) ;
#1380 = VECTOR ( 'NONE', #2582, 1000.000000000000000 ) ;
#1381 = CARTESIAN_POINT ( 'NONE',  ( 5.587567885294018488, 11.00000000000000000, 10.33113049121800486 ) ) ;
#1382 = CARTESIAN_POINT ( 'NONE',  ( -12.00000000000000888, 3.673940397442057600E-15, -14.99999999999999289 ) ) ;
#1383 = ORIENTED_EDGE ( 'NONE', *, *, #341, .F. ) ;
#1384 = CARTESIAN_POINT ( 'NONE',  ( 4.482778196424064276, 11.00000000000000000, 1.183566405789941101 ) ) ;
#1385 = AXIS2_PLACEMENT_3D ( 'NONE', #839, #2487, #2417 ) ;
#1386 =( LENGTH_UNIT ( ) NAMED_UNIT ( * ) SI_UNIT ( .MILLI., .METRE. ) );
#1387 = SURFACE_STYLE_USAGE ( .BOTH. , #539 ) ;
#1388 = DIRECTION ( 'NONE',  ( 0.000000000000000000, 1.000000000000000000, 0.000000000000000000 ) ) ;
#1389 = ORIENTED_EDGE ( 'NONE', *, *, #2191, .T. ) ;
#1390 = PRESENTATION_LAYER_ASSIGNMENT (  '', '', ( #4973 ) ) ;
#1391 = ADVANCED_FACE ( 'NONE', ( #1306 ), #1351, .T. ) ;
#1392 = CARTESIAN_POINT ( 'NONE',  ( -7.205852998560368761, 11.00000000000000000, 1.183566405792149556 ) ) ;
#1393 = ORIENTED_EDGE ( 'NONE', *, *, #478, .F. ) ;
#1394 = APPLICATION_CONTEXT ( 'automotive_design' ) ;
#1395 = ADVANCED_FACE ( 'NONE', ( #1791, #3363, #4496, #3291, #3674, #917, #1371, #2953, #4520, #4562, #112 ), #4897, .T. ) ;
#1396 = DIRECTION ( 'NONE',  ( 0.000000000000000000, -0.9805806756909198896, 0.1961161351381856544 ) ) ;
#1397 = LINE ( 'NONE', #4591, #1246 ) ;
#1398 = CARTESIAN_POINT ( 'NONE',  ( 11.29289321881346275, 1.500000000000000000, 16.29289321881344321 ) ) ;
#1399 = DIRECTION ( 'NONE',  ( -0.1391731009614071701, 0.000000000000000000, 0.9902680687413817351 ) ) ;
#1400 = VERTEX_POINT ( 'NONE', #4691 ) ;
#1401 = MECHANICAL_DESIGN_GEOMETRIC_PRESENTATION_REPRESENTATION (  '', ( #418 ), #575 ) ;
#1402 = DIRECTION ( 'NONE',  ( 0.000000000000000000, 0.000000000000000000, -1.000000000000000000 ) ) ;
#1403 = AXIS2_PLACEMENT_3D ( 'NONE', #3899, #2770, #410 ) ;
#1404 =( NAMED_UNIT ( * ) PLANE_ANGLE_UNIT ( ) SI_UNIT ( $, .RADIAN. ) );
#1405 = VECTOR ( 'NONE', #3917, 1000.000000000000000 ) ;
#1406 = AXIS2_PLACEMENT_3D ( 'NONE', #2197, #4919, #3741 ) ;
#1407 = ADVANCED_FACE ( 'NONE', ( #3421 ), #3797, .T. ) ;
#1408 = DIRECTION ( 'NONE',  ( 1.020425574104004122E-16, 0.000000000000000000, 1.000000000000000000 ) ) ;
#1409 =( GEOMETRIC_REPRESENTATION_CONTEXT ( 3 ) GLOBAL_UNCERTAINTY_ASSIGNED_CONTEXT ( ( #5068 ) ) GLOBAL_UNIT_ASSIGNED_CONTEXT ( ( #3143, #4712, #3559 ) ) REPRESENTATION_CONTEXT ( 'NONE', 'WORKASPACE' ) );
#1410 = DIRECTION ( 'NONE',  ( 0.000000000000000000, 0.000000000000000000, -1.000000000000000000 ) ) ;
#1411 = ORIENTED_EDGE ( 'NONE', *, *, #1561, .F. ) ;
#1412 = PRESENTATION_LAYER_ASSIGNMENT (  '', '', ( #2830 ) ) ;
#1413 = DIRECTION ( 'NONE',  ( -1.000000000000000000, -0.000000000000000000, -0.000000000000000000 ) ) ;
#1414 =( LENGTH_UNIT ( ) NAMED_UNIT ( * ) SI_UNIT ( .MILLI., .METRE. ) );
#1415 = DIRECTION ( 'NONE',  ( -0.000000000000000000, -1.000000000000000000, -0.000000000000000000 ) ) ;
#1416 = MECHANICAL_DESIGN_GEOMETRIC_PRESENTATION_REPRESENTATION (  '', ( #2000 ), #4906 ) ;
#1417 = CARTESIAN_POINT ( 'NONE',  ( 7.422365595631833735, 11.00000000000000000, 12.71832375035291740 ) ) ;
#1418 = ORIENTED_EDGE ( 'NONE', *, *, #2597, .T. ) ;
#1419 = PRESENTATION_STYLE_ASSIGNMENT (( #4994 ) ) ;
#1420 = AXIS2_PLACEMENT_3D ( 'NONE', #2548, #3055, #1090 ) ;
#1421 = UNCERTAINTY_MEASURE_WITH_UNIT (LENGTH_MEASURE( 1.000000000000000082E-05 ), #2837, 'distance_accuracy_value', 'NONE');
#1422 = EDGE_LOOP ( 'NONE', ( #4065, #2065, #4800, #3003 ) ) ;
#1423 = CARTESIAN_POINT ( 'NONE',  ( 2.155378366499345500E-16, -2.000000000000000000, -15.24000000000000021 ) ) ;
#1424 =( NAMED_UNIT ( * ) SI_UNIT ( $, .STERADIAN. ) SOLID_ANGLE_UNIT ( ) );
#1425 = EDGE_LOOP ( 'NONE', ( #2692, #668 ) ) ;
#1426 =( NAMED_UNIT ( * ) SI_UNIT ( $, .STERADIAN. ) SOLID_ANGLE_UNIT ( ) );
#1427 = AXIS2_PLACEMENT_3D ( 'NONE', #3242, #4063, #4463 ) ;
#1428 = EDGE_CURVE ( 'NONE', #4932, #4242, #1514, .T. ) ;
#1429 = CARTESIAN_POINT ( 'NONE',  ( 2.540000000000000036, -2.000000000000000000, -14.98499999999999766 ) ) ;
#1430 = DIRECTION ( 'NONE',  ( -0.000000000000000000, -0.000000000000000000, 1.000000000000000000 ) ) ;
#1431 = EDGE_LOOP ( 'NONE', ( #2598, #913, #2682, #4761 ) ) ;
#1432 = SURFACE_STYLE_FILL_AREA ( #4149 ) ;
#1433 = ADVANCED_FACE ( 'NONE', ( #5057 ), #4589, .F. ) ;
#1434 = AXIS2_PLACEMENT_3D ( 'NONE', #2737, #3954, #5106 ) ;
#1435 =( LENGTH_UNIT ( ) NAMED_UNIT ( * ) SI_UNIT ( .MILLI., .METRE. ) );
#1436 = VERTEX_POINT ( 'NONE', #2579 ) ;
#1437 = DIRECTION ( 'NONE',  ( 0.000000000000000000, 0.000000000000000000, 1.000000000000000000 ) ) ;
#1438 = ORIENTED_EDGE ( 'NONE', *, *, #370, .F. ) ;
#1439 = LINE ( 'NONE', #3811, #5084 ) ;
#1440 = CARTESIAN_POINT ( 'NONE',  ( 2.155378366499345500E-16, 2.000000000000000000, -15.24000000000000021 ) ) ;
#1441 = ORIENTED_EDGE ( 'NONE', *, *, #4159, .T. ) ;
#1442 = CYLINDRICAL_SURFACE ( 'NONE', #1103, 2.217827501988940408 ) ;
#1443 = ORIENTED_EDGE ( 'NONE', *, *, #1963, .T. ) ;
#1444 = LINE ( 'NONE', #307, #544 ) ;
#1445 = EDGE_CURVE ( 'NONE', #5105, #1043, #1902, .T. ) ;
#1446 = DIRECTION ( 'NONE',  ( 0.000000000000000000, 1.000000000000000000, 0.000000000000000000 ) ) ;
#1447 = PRESENTATION_STYLE_ASSIGNMENT (( #2629 ) ) ;
#1448 = EDGE_LOOP ( 'NONE', ( #4250, #1554, #4152, #5008 ) ) ;
#1449 = CARTESIAN_POINT ( 'NONE',  ( -11.29289321881346098, 1.500000000000000000, -16.29289321881344321 ) ) ;
#1450 = CARTESIAN_POINT ( 'NONE',  ( 8.077597235832874034, 11.00099999999999945, -11.78350168343908777 ) ) ;
#1451 = CARTESIAN_POINT ( 'NONE',  ( -2.540000000000000036, -2.000000000000000000, -14.98499999999999766 ) ) ;
#1452 =( LENGTH_UNIT ( ) NAMED_UNIT ( * ) SI_UNIT ( .MILLI., .METRE. ) );
#1453 = FILL_AREA_STYLE_COLOUR ( '', #5147 ) ;
#1454 = ORIENTED_EDGE ( 'NONE', *, *, #4232, .T. ) ;
#1455 = CIRCLE ( 'NONE', #1220, 0.2550000000000000044 ) ;
#1456 = PRESENTATION_LAYER_ASSIGNMENT (  '', '', ( #1548 ) ) ;
#1457 = CARTESIAN_POINT ( 'NONE',  ( -2.540000000000000036, 1.500000000000000000, -15.49500000000000099 ) ) ;
#1458 = AXIS2_PLACEMENT_3D ( 'NONE', #647, #3362, #1959 ) ;
#1459 = SURFACE_STYLE_FILL_AREA ( #2211 ) ;
#1460 = CARTESIAN_POINT ( 'NONE',  ( -10.00000000000000178, 0.000000000000000000, -17.00000000000001066 ) ) ;
#1461 = VERTEX_POINT ( 'NONE', #4252 ) ;
#1462 = PLANE ( 'NONE',  #1434 ) ;
#1463 = FILL_AREA_STYLE ('',( #3021 ) ) ;
#1464 = VERTEX_POINT ( 'NONE', #5088 ) ;
#1465 = DIRECTION ( 'NONE',  ( 0.6073781906592577995, 0.000000000000000000, 0.7944128231036344800 ) ) ;
#1466 = FILL_AREA_STYLE ('',( #331 ) ) ;
#1467 =( LENGTH_UNIT ( ) NAMED_UNIT ( * ) SI_UNIT ( .MILLI., .METRE. ) );
#1468 = ORIENTED_EDGE ( 'NONE', *, *, #3743, .T. ) ;
#1469 = FILL_AREA_STYLE_COLOUR ( '', #1016 ) ;
#1470 = EDGE_CURVE ( 'NONE', #1436, #2249, #3262, .T. ) ;
#1471 = VERTEX_POINT ( 'NONE', #1149 ) ;
#1472 = FILL_AREA_STYLE ('',( #5053 ) ) ;
#1473 = EDGE_CURVE ( 'NONE', #1560, #3, #2185, .T. ) ;
#1474 = EDGE_CURVE ( 'NONE', #3162, #2517, #1136, .T. ) ;
#1475 = DIRECTION ( 'NONE',  ( -1.000000000000000000, 0.000000000000000000, 0.000000000000000000 ) ) ;
#1476 = DIRECTION ( 'NONE',  ( -1.000000000000000000, 0.000000000000000000, 0.000000000000000000 ) ) ;
#1477 = EDGE_CURVE ( 'NONE', #978, #3877, #3522, .T. ) ;
#1478 = ORIENTED_EDGE ( 'NONE', *, *, #1751, .T. ) ;
#1479 =( NAMED_UNIT ( * ) SI_UNIT ( $, .STERADIAN. ) SOLID_ANGLE_UNIT ( ) );
#1480 = DIRECTION ( 'NONE',  ( 0.6560590289907249906, -0.000000000000000000, 0.7547095802225827210 ) ) ;
#1481 = SURFACE_SIDE_STYLE ('',( #1848 ) ) ;
#1482 = CARTESIAN_POINT ( 'NONE',  ( -5.975923974939405525, 11.00000000000000000, -0.1513981195336346064 ) ) ;
#1483 = DIRECTION ( 'NONE',  ( 0.7547095802237134832, 0.000000000000000000, -0.6560590289894242533 ) ) ;
#1484 = ORIENTED_EDGE ( 'NONE', *, *, #99, .T. ) ;
#1485 = DIRECTION ( 'NONE',  ( -1.020425574104004122E-16, -0.000000000000000000, -1.000000000000000000 ) ) ;
#1486 = FACE_OUTER_BOUND ( 'NONE', #2577, .T. ) ;
#1487 =( NAMED_UNIT ( * ) SI_UNIT ( $, .STERADIAN. ) SOLID_ANGLE_UNIT ( ) );
#1488 = VECTOR ( 'NONE', #3986, 999.9999999999998863 ) ;
#1489 = PLANE ( 'NONE',  #822 ) ;
#1490 = ADVANCED_FACE ( 'NONE', ( #1492 ), #1462, .T. ) ;
#1491 = ORIENTED_EDGE ( 'NONE', *, *, #3183, .T. ) ;
#1492 = FACE_OUTER_BOUND ( 'NONE', #568, .T. ) ;
#1493 =( GEOMETRIC_REPRESENTATION_CONTEXT ( 3 ) GLOBAL_UNCERTAINTY_ASSIGNED_CONTEXT ( ( #1270 ) ) GLOBAL_UNIT_ASSIGNED_CONTEXT ( ( #160, #4497, #2862 ) ) REPRESENTATION_CONTEXT ( 'NONE', 'WORKASPACE' ) );
#1494 = VECTOR ( 'NONE', #1430, 1000.000000000000000 ) ;
#1495 =( GEOMETRIC_REPRESENTATION_CONTEXT ( 3 ) GLOBAL_UNCERTAINTY_ASSIGNED_CONTEXT ( ( #3600 ) ) GLOBAL_UNIT_ASSIGNED_CONTEXT ( ( #1414, #5047, #2216 ) ) REPRESENTATION_CONTEXT ( 'NONE', 'WORKASPACE' ) );
#1496 = CARTESIAN_POINT ( 'NONE',  ( -4.852449720038055858, 11.00099999999999945, 1.446783160686918812 ) ) ;
#1497 = ORIENTED_EDGE ( 'NONE', *, *, #3025, .T. ) ;
#1498 = DIRECTION ( 'NONE',  ( -0.7547095802243746210, 0.000000000000000000, 0.6560590289886636395 ) ) ;
#1499 =( NAMED_UNIT ( * ) SI_UNIT ( $, .STERADIAN. ) SOLID_ANGLE_UNIT ( ) );
#1500 = FACE_OUTER_BOUND ( 'NONE', #2630, .T. ) ;
#1501 = COLOUR_RGB ( '',0.7803921568627451011, 0.7607843137254901578, 0.7411764705882353255 ) ;
#1502 = COLOUR_RGB ( '',0.7803921568627451011, 0.7607843137254901578, 0.7411764705882353255 ) ;
#1503 = VERTEX_POINT ( 'NONE', #4317 ) ;
#1504 = FILL_AREA_STYLE_COLOUR ( '', #4736 ) ;
#1505 = VECTOR ( 'NONE', #446, 1000.000000000000000 ) ;
#1506 = ORIENTED_EDGE ( 'NONE', *, *, #3253, .T. ) ;
#1507 = PRESENTATION_LAYER_ASSIGNMENT (  '', '', ( #2651 ) ) ;
#1508 = LINE ( 'NONE', #2803, #3660 ) ;
#1509 =( NAMED_UNIT ( * ) SI_UNIT ( $, .STERADIAN. ) SOLID_ANGLE_UNIT ( ) );
#1510 = ORIENTED_EDGE ( 'NONE', *, *, #4268, .F. ) ;
#1511 = STYLED_ITEM ( 'NONE', ( #4122 ), #1391 ) ;
#1512 =( GEOMETRIC_REPRESENTATION_CONTEXT ( 3 ) GLOBAL_UNCERTAINTY_ASSIGNED_CONTEXT ( ( #2768 ) ) GLOBAL_UNIT_ASSIGNED_CONTEXT ( ( #2857, #471, #4271 ) ) REPRESENTATION_CONTEXT ( 'NONE', 'WORKASPACE' ) );
#1513 = LINE ( 'NONE', #5002, #215 ) ;
#1514 = LINE ( 'NONE', #3510, #694 ) ;
#1515 = CARTESIAN_POINT ( 'NONE',  ( 6.279034304941422562, 11.00099999999999945, -10.48583831713368753 ) ) ;
#1516 = UNCERTAINTY_MEASURE_WITH_UNIT (LENGTH_MEASURE( 1.000000000000000082E-05 ), #2187, 'distance_accuracy_value', 'NONE');
#1517 = DIRECTION ( 'NONE',  ( 0.000000000000000000, -1.000000000000000000, 0.000000000000000000 ) ) ;
#1518 = DIRECTION ( 'NONE',  ( -0.000000000000000000, -1.000000000000000000, -0.000000000000000000 ) ) ;
#1519 = ORIENTED_EDGE ( 'NONE', *, *, #4101, .F. ) ;
#1520 = CARTESIAN_POINT ( 'NONE',  ( 4.854667192020922784, 11.00099999999999945, -1.462561293668101614 ) ) ;
#1521 = STYLED_ITEM ( 'NONE', ( #1419 ), #948 ) ;
#1522 = CARTESIAN_POINT ( 'NONE',  ( 11.50000000000001066, 1.292893218813452538, -16.49999999999998934 ) ) ;
#1523 = DIRECTION ( 'NONE',  ( -0.000000000000000000, -1.000000000000000000, -0.000000000000000000 ) ) ;
#1524 = CARTESIAN_POINT ( 'NONE',  ( 4.482778196424064276, 11.00000000000000000, 1.183566405789941101 ) ) ;
#1525 = ADVANCED_FACE ( 'NONE', ( #4625 ), #3103, .T. ) ;
#1526 =( LENGTH_UNIT ( ) NAMED_UNIT ( * ) SI_UNIT ( .MILLI., .METRE. ) );
#1527 = ORIENTED_EDGE ( 'NONE', *, *, #2237, .T. ) ;
#1528 = CARTESIAN_POINT ( 'NONE',  ( 5.964953484664302863, 11.00099999999999945, 0.04366522180675999620 ) ) ;
#1529 = EDGE_LOOP ( 'NONE', ( #3524, #197, #702, #4705 ) ) ;
#1530 =( GEOMETRIC_REPRESENTATION_CONTEXT ( 3 ) GLOBAL_UNCERTAINTY_ASSIGNED_CONTEXT ( ( #3278 ) ) GLOBAL_UNIT_ASSIGNED_CONTEXT ( ( #1763, #4923, #2884 ) ) REPRESENTATION_CONTEXT ( 'NONE', 'WORKASPACE' ) );
#1531 = EDGE_LOOP ( 'NONE', ( #3446, #2259, #1073, #2047 ) ) ;
#1532 = LINE ( 'NONE', #4270, #3347 ) ;
#1533 = AXIS2_PLACEMENT_3D ( 'NONE', #95, #2021, #3605 ) ;
#1534 = DIRECTION ( 'NONE',  ( 0.000000000000000000, 0.000000000000000000, 1.000000000000000000 ) ) ;
#1535 = SURFACE_STYLE_FILL_AREA ( #4661 ) ;
#1536 = EDGE_LOOP ( 'NONE', ( #309, #4321, #3419, #3436, #4647, #2117, #4643, #3078 ) ) ;
#1537 = EDGE_LOOP ( 'NONE', ( #488, #816, #3964, #4398 ) ) ;
#1538 = DIRECTION ( 'NONE',  ( 0.000000000000000000, -1.000000000000000000, 0.000000000000000000 ) ) ;
#1539 = SURFACE_STYLE_FILL_AREA ( #1940 ) ;
#1540 = DIRECTION ( 'NONE',  ( 0.000000000000000000, 0.000000000000000000, -1.000000000000000000 ) ) ;
#1541 = DIRECTION ( 'NONE',  ( 0.1391731009614775583, 0.000000000000000000, -0.9902680687413718541 ) ) ;
#1542 = ORIENTED_EDGE ( 'NONE', *, *, #2026, .T. ) ;
#1543 = SURFACE_STYLE_FILL_AREA ( #4722 ) ;
#1544 = SURFACE_SIDE_STYLE ('',( #5010 ) ) ;
#1545 = FACE_OUTER_BOUND ( 'NONE', #2625, .T. ) ;
#1546 = EDGE_CURVE ( 'NONE', #1837, #1896, #5067, .T. ) ;
#1547 =( NAMED_UNIT ( * ) SI_UNIT ( $, .STERADIAN. ) SOLID_ANGLE_UNIT ( ) );
#1548 = STYLED_ITEM ( 'NONE', ( #3220 ), #4212 ) ;
#1549 = CARTESIAN_POINT ( 'NONE',  ( 5.720367413259347167, 11.00000000000000000, 0.000000000000000000 ) ) ;
#1550 = STYLED_ITEM ( 'NONE', ( #1615 ), #861 ) ;
#1551 = ORIENTED_EDGE ( 'NONE', *, *, #2996, .F. ) ;
#1552 = DIRECTION ( 'NONE',  ( -0.6560590289894222549, 0.000000000000000000, -0.7547095802237153706 ) ) ;
#1553 =( NAMED_UNIT ( * ) PLANE_ANGLE_UNIT ( ) SI_UNIT ( $, .RADIAN. ) );
#1554 = ORIENTED_EDGE ( 'NONE', *, *, #1025, .T. ) ;
#1555 = AXIS2_PLACEMENT_3D ( 'NONE', #3752, #3399, #191 ) ;
#1556 = CARTESIAN_POINT ( 'NONE',  ( 11.50000000000001066, 0.000000000000000000, -14.99999999999999645 ) ) ;
#1557 = CARTESIAN_POINT ( 'NONE',  ( 6.058508073491268853, 11.00000000000000000, -10.02833425214861762 ) ) ;
#1558 = DIRECTION ( 'NONE',  ( 1.000000000000000000, -0.000000000000000000, -1.239088197126291063E-16 ) ) ;
#1559 = EDGE_LOOP ( 'NONE', ( #1185, #3460, #3822, #4085 ) ) ;
#1560 = VERTEX_POINT ( 'NONE', #2619 ) ;
#1561 = EDGE_CURVE ( 'NONE', #3361, #3249, #1109, .T. ) ;
#1562 = ADVANCED_FACE ( 'NONE', ( #3131 ), #1158, .F. ) ;
#1563 = VECTOR ( 'NONE', #3708, 1000.000000000000114 ) ;
#1564 = FILL_AREA_STYLE_COLOUR ( '', #2160 ) ;
#1565 = UNCERTAINTY_MEASURE_WITH_UNIT (LENGTH_MEASURE( 1.000000000000000082E-05 ), #4286, 'distance_accuracy_value', 'NONE');
#1566 = CARTESIAN_POINT ( 'NONE',  ( -11.50000000000000888, 1.000000000000000000, -16.49999999999998934 ) ) ;
#1567 = DIRECTION ( 'NONE',  ( 0.7547095802237152595, 0.000000000000000000, -0.6560590289894221439 ) ) ;
#1568 = VERTEX_POINT ( 'NONE', #1237 ) ;
#1569 = EDGE_CURVE ( 'NONE', #2726, #605, #2061, .T. ) ;
#1570 = AXIS2_PLACEMENT_3D ( 'NONE', #3044, #2816, #1625 ) ;
#1571 = DIRECTION ( 'NONE',  ( 0.000000000000000000, -1.000000000000000000, 0.000000000000000000 ) ) ;
#1572 = CARTESIAN_POINT ( 'NONE',  ( -5.080000000000000071, 2.000000000000000000, -15.23999999999999844 ) ) ;
#1573 = EDGE_CURVE ( 'NONE', #3102, #2726, #1684, .T. ) ;
#1574 = UNCERTAINTY_MEASURE_WITH_UNIT (LENGTH_MEASURE( 1.000000000000000082E-05 ), #204, 'distance_accuracy_value', 'NONE');
#1575 = EDGE_LOOP ( 'NONE', ( #4683, #2678, #3146, #2621 ) ) ;
#1576 =( NAMED_UNIT ( * ) SI_UNIT ( $, .STERADIAN. ) SOLID_ANGLE_UNIT ( ) );
#1577 = DIRECTION ( 'NONE',  ( -0.6911572054024281986, 0.000000000000000000, -0.7227044467971023289 ) ) ;
#1578 =( LENGTH_UNIT ( ) NAMED_UNIT ( * ) SI_UNIT ( .MILLI., .METRE. ) );
#1579 = ORIENTED_EDGE ( 'NONE', *, *, #2533, .T. ) ;
#1580 = MECHANICAL_DESIGN_GEOMETRIC_PRESENTATION_REPRESENTATION (  '', ( #827 ), #1493 ) ;
#1581 = PRESENTATION_LAYER_ASSIGNMENT (  '', '', ( #2235 ) ) ;
#1582 = CARTESIAN_POINT ( 'NONE',  ( -12.00000000000000178, 0.000000000000000000, 16.99999999999998934 ) ) ;
#1583 = AXIS2_PLACEMENT_3D ( 'NONE', #4374, #1994, #2713 ) ;
#1584 = SURFACE_STYLE_USAGE ( .BOTH. , #2373 ) ;
#1585 = VECTOR ( 'NONE', #1323, 1000.000000000000000 ) ;
#1586 = PRESENTATION_LAYER_ASSIGNMENT (  '', '', ( #2903 ) ) ;
#1587 = PRESENTATION_STYLE_ASSIGNMENT (( #3506 ) ) ;
#1588 = DIRECTION ( 'NONE',  ( 0.000000000000000000, 0.000000000000000000, -1.000000000000000000 ) ) ;
#1589 = VECTOR ( 'NONE', #2689, 1000.000000000000114 ) ;
#1590 = VERTEX_POINT ( 'NONE', #1991 ) ;
#1591 = DIRECTION ( 'NONE',  ( 0.000000000000000000, 0.000000000000000000, -1.000000000000000000 ) ) ;
#1592 = COLOUR_RGB ( '',0.8431372549019607865, 0.8156862745098039102, 0.7529411764705882248 ) ;
#1593 = CARTESIAN_POINT ( 'NONE',  ( 5.964953484664302863, 11.00099999999999945, 0.04366522180675999620 ) ) ;
#1594 = PLANE ( 'NONE',  #4550 ) ;
#1595 = SURFACE_STYLE_FILL_AREA ( #4311 ) ;
#1596 = LINE ( 'NONE', #352, #4509 ) ;
#1597 = VECTOR ( 'NONE', #237, 1000.000000000000000 ) ;
#1598 = EDGE_LOOP ( 'NONE', ( #609, #510, #2121, #2301 ) ) ;
#1599 = AXIS2_PLACEMENT_3D ( 'NONE', #526, #3721, #570 ) ;
#1600 = CARTESIAN_POINT ( 'NONE',  ( 11.00000000000001066, 1.500000000000000000, 15.99999999999998934 ) ) ;
#1601 = EDGE_CURVE ( 'NONE', #156, #2206, #2766, .T. ) ;
#1602 = CARTESIAN_POINT ( 'NONE',  ( -6.873174177369323345, 11.00099999999999945, -1.183566405792056742 ) ) ;
#1603 =( LENGTH_UNIT ( ) NAMED_UNIT ( * ) SI_UNIT ( .MILLI., .METRE. ) );
#1604 = EDGE_CURVE ( 'NONE', #4437, #620, #892, .T. ) ;
#1605 = CARTESIAN_POINT ( 'NONE',  ( -2.540000000000000036, -2.000000000000000000, 15.24000000000000021 ) ) ;
#1606 = ORIENTED_EDGE ( 'NONE', *, *, #3665, .T. ) ;
#1607 = FILL_AREA_STYLE_COLOUR ( '', #7 ) ;
#1608 = DIRECTION ( 'NONE',  ( -0.000000000000000000, -1.000000000000000000, -0.000000000000000000 ) ) ;
#1609 = DIRECTION ( 'NONE',  ( -0.7821057178549482014, 0.000000000000000000, 0.6231457663328832108 ) ) ;
#1610 = ORIENTED_EDGE ( 'NONE', *, *, #3307, .F. ) ;
#1611 = LINE ( 'NONE', #5114, #3153 ) ;
#1612 = CARTESIAN_POINT ( 'NONE',  ( 7.422365595631833735, 11.00000000000000000, 10.31107004366151259 ) ) ;
#1613 = ORIENTED_EDGE ( 'NONE', *, *, #2132, .T. ) ;
#1614 = MECHANICAL_DESIGN_GEOMETRIC_PRESENTATION_REPRESENTATION (  '', ( #4275 ), #4032 ) ;
#1615 = PRESENTATION_STYLE_ASSIGNMENT (( #31 ) ) ;
#1616 = VECTOR ( 'NONE', #4078, 999.9999999999998863 ) ;
#1617 =( NAMED_UNIT ( * ) PLANE_ANGLE_UNIT ( ) SI_UNIT ( $, .RADIAN. ) );
#1618 = SURFACE_STYLE_FILL_AREA ( #34 ) ;
#1619 = CYLINDRICAL_SURFACE ( 'NONE', #1336, 0.2550000000000017808 ) ;
#1620 = ORIENTED_EDGE ( 'NONE', *, *, #2701, .T. ) ;
#1621 = PRESENTATION_LAYER_ASSIGNMENT (  '', '', ( #3862 ) ) ;
#1622 = FACE_OUTER_BOUND ( 'NONE', #3948, .T. ) ;
#1623 = FILL_AREA_STYLE ('',( #135 ) ) ;
#1624 = LINE ( 'NONE', #5157, #4502 ) ;
#1625 = DIRECTION ( 'NONE',  ( 0.000000000000000000, 0.000000000000000000, -1.000000000000000000 ) ) ;
#1626 =( LENGTH_UNIT ( ) NAMED_UNIT ( * ) SI_UNIT ( .MILLI., .METRE. ) );
#1627 = VECTOR ( 'NONE', #220, 1000.000000000000114 ) ;
#1628 = EDGE_LOOP ( 'NONE', ( #4772, #955 ) ) ;
#1629 = SURFACE_STYLE_USAGE ( .BOTH. , #1657 ) ;
#1630 = LINE ( 'NONE', #868, #3060 ) ;
#1631 = FACE_OUTER_BOUND ( 'NONE', #884, .T. ) ;
#1632 = ORIENTED_EDGE ( 'NONE', *, *, #3823, .F. ) ;
#1633 = VECTOR ( 'NONE', #639, 1000.000000000000000 ) ;
#1634 =( NAMED_UNIT ( * ) SI_UNIT ( $, .STERADIAN. ) SOLID_ANGLE_UNIT ( ) );
#1635 = PRESENTATION_LAYER_ASSIGNMENT (  '', '', ( #4626 ) ) ;
#1636 = CARTESIAN_POINT ( 'NONE',  ( 4.437710207380106020, 11.00099999999999945, 1.504241810421581782 ) ) ;
#1637 = COLOUR_RGB ( '',0.8431372549019607865, 0.8156862745098039102, 0.7529411764705882248 ) ;
#1638 = VECTOR ( 'NONE', #5074, 999.9999999999998863 ) ;
#1639 =( NAMED_UNIT ( * ) PLANE_ANGLE_UNIT ( ) SI_UNIT ( $, .RADIAN. ) );
#1640 = VECTOR ( 'NONE', #3091, 1000.000000000000000 ) ;
#1641 = CARTESIAN_POINT ( 'NONE',  ( 3.042464078434333530, 11.00099999999999945, 10.15315949595104250 ) ) ;
#1642 = EDGE_CURVE ( 'NONE', #722, #1238, #1772, .T. ) ;
#1643 = EDGE_CURVE ( 'NONE', #1471, #1721, #20, .T. ) ;
#1644 = EDGE_CURVE ( 'NONE', #245, #260, #3184, .T. ) ;
#1645 = EDGE_CURVE ( 'NONE', #5162, #5119, #788, .T. ) ;
#1646 = LINE ( 'NONE', #78, #3128 ) ;
#1647 = CARTESIAN_POINT ( 'NONE',  ( -11.00000000000000888, 1.500000000000000000, 15.99999999999998934 ) ) ;
#1648 = FILL_AREA_STYLE ('',( #58 ) ) ;
#1649 = ORIENTED_EDGE ( 'NONE', *, *, #453, .F. ) ;
#1650 = CARTESIAN_POINT ( 'NONE',  ( 11.50000000000001066, 0.000000000000000000, -16.49999999999998934 ) ) ;
#1651 = DIRECTION ( 'NONE',  ( 0.000000000000000000, -1.000000000000000000, 0.000000000000000000 ) ) ;
#1652 = FILL_AREA_STYLE_COLOUR ( '', #5043 ) ;
#1653 = VECTOR ( 'NONE', #4077, 1000.000000000000000 ) ;
#1654 =( LENGTH_UNIT ( ) NAMED_UNIT ( * ) SI_UNIT ( .MILLI., .METRE. ) );
#1655 = EDGE_CURVE ( 'NONE', #5078, #2760, #2029, .T. ) ;
#1656 = ORIENTED_EDGE ( 'NONE', *, *, #4015, .F. ) ;
#1657 = SURFACE_SIDE_STYLE ('',( #4814 ) ) ;
#1658 = SURFACE_SIDE_STYLE ('',( #2369 ) ) ;
#1659 = DIRECTION ( 'NONE',  ( 1.000000000000000000, 0.000000000000000000, 0.000000000000000000 ) ) ;
#1660 = ORIENTED_EDGE ( 'NONE', *, *, #2476, .T. ) ;
#1661 = LINE ( 'NONE', #4110, #3476 ) ;
#1662 = DIRECTION ( 'NONE',  ( 0.1961161351381850437, 0.9805806756909200006, 0.000000000000000000 ) ) ;
#1663 =( GEOMETRIC_REPRESENTATION_CONTEXT ( 3 ) GLOBAL_UNCERTAINTY_ASSIGNED_CONTEXT ( ( #5124 ) ) GLOBAL_UNIT_ASSIGNED_CONTEXT ( ( #124, #1342, #2024 ) ) REPRESENTATION_CONTEXT ( 'NONE', 'WORKASPACE' ) );
#1664 = SURFACE_SIDE_STYLE ('',( #4093 ) ) ;
#1665 = FACE_OUTER_BOUND ( 'NONE', #1559, .T. ) ;
#1666 = AXIS2_PLACEMENT_3D ( 'NONE', #4500, #2872, #3345 ) ;
#1667 = COLOUR_RGB ( '',0.8431372549019607865, 0.8156862745098039102, 0.7529411764705882248 ) ;
#1668 = PRESENTATION_LAYER_ASSIGNMENT (  '', '', ( #2471 ) ) ;
#1669 =( LENGTH_UNIT ( ) NAMED_UNIT ( * ) SI_UNIT ( .MILLI., .METRE. ) );
#1670 = AXIS2_PLACEMENT_3D ( 'NONE', #238, #4540, #2157 ) ;
#1671 =( GEOMETRIC_REPRESENTATION_CONTEXT ( 3 ) GLOBAL_UNCERTAINTY_ASSIGNED_CONTEXT ( ( #2087 ) ) GLOBAL_UNIT_ASSIGNED_CONTEXT ( ( #4363, #780, #3424 ) ) REPRESENTATION_CONTEXT ( 'NONE', 'WORKASPACE' ) );
#1672 = CIRCLE ( 'NONE', #996, 0.2550000000000017808 ) ;
#1673 = DIRECTION ( 'NONE',  ( 0.000000000000000000, -1.000000000000000000, 0.000000000000000000 ) ) ;
#1674 = ORIENTED_EDGE ( 'NONE', *, *, #2132, .F. ) ;
#1675 = STYLED_ITEM ( 'NONE', ( #1447 ), #4872 ) ;
#1676 = FILL_AREA_STYLE ('',( #935 ) ) ;
#1677 = LINE ( 'NONE', #5154, #2092 ) ;
#1678 = SURFACE_STYLE_USAGE ( .BOTH. , #2484 ) ;
#1679 = COLOUR_RGB ( '',0.8431372549019607865, 0.8156862745098039102, 0.7529411764705882248 ) ;
#1680 = SURFACE_SIDE_STYLE ('',( #502 ) ) ;
#1681 = SURFACE_SIDE_STYLE ('',( #3597 ) ) ;
#1682 =( GEOMETRIC_REPRESENTATION_CONTEXT ( 3 ) GLOBAL_UNCERTAINTY_ASSIGNED_CONTEXT ( ( #531 ) ) GLOBAL_UNIT_ASSIGNED_CONTEXT ( ( #358, #2261, #2210 ) ) REPRESENTATION_CONTEXT ( 'NONE', 'WORKASPACE' ) );
#1683 = AXIS2_PLACEMENT_3D ( 'NONE', #3418, #3334, #2199 ) ;
#1684 = LINE ( 'NONE', #4399, #4282 ) ;
#1685 = UNCERTAINTY_MEASURE_WITH_UNIT (LENGTH_MEASURE( 1.000000000000000082E-05 ), #2469, 'distance_accuracy_value', 'NONE');
#1686 = ADVANCED_FACE ( 'NONE', ( #4030 ), #3577, .F. ) ;
#1687 = ORIENTED_EDGE ( 'NONE', *, *, #3704, .T. ) ;
#1688 = LINE ( 'NONE', #2492, #4229 ) ;
#1689 = VERTEX_POINT ( 'NONE', #2560 ) ;
#1690 = UNCERTAINTY_MEASURE_WITH_UNIT (LENGTH_MEASURE( 1.000000000000000082E-05 ), #4799, 'distance_accuracy_value', 'NONE');
#1691 = LINE ( 'NONE', #818, #4543 ) ;
#1692 = FILL_AREA_STYLE_COLOUR ( '', #1592 ) ;
#1693 = FILL_AREA_STYLE ('',( #4094 ) ) ;
#1694 = ORIENTED_EDGE ( 'NONE', *, *, #1020, .T. ) ;
#1695 = DIRECTION ( 'NONE',  ( -1.000000000000000000, 0.000000000000000000, -0.000000000000000000 ) ) ;
#1696 =( NAMED_UNIT ( * ) PLANE_ANGLE_UNIT ( ) SI_UNIT ( $, .RADIAN. ) );
#1697 = FACE_OUTER_BOUND ( 'NONE', #4036, .T. ) ;
#1698 = ORIENTED_EDGE ( 'NONE', *, *, #337, .F. ) ;
#1699 = CYLINDRICAL_SURFACE ( 'NONE', #4294, 0.2550000000000000044 ) ;
#1700 = COLOUR_RGB ( '',0.8431372549019607865, 0.8156862745098039102, 0.7529411764705882248 ) ;
#1701 = FILL_AREA_STYLE_COLOUR ( '', #4933 ) ;
#1702 = CARTESIAN_POINT ( 'NONE',  ( 5.080000000000000071, 1.500000000000000000, -15.24000000000000021 ) ) ;
#1703 = DIRECTION ( 'NONE',  ( -0.9902680687416574035, 0.000000000000000000, -0.1391731009594465440 ) ) ;
#1704 = DIRECTION ( 'NONE',  ( 0.000000000000000000, 0.000000000000000000, 1.000000000000000000 ) ) ;
#1705 = CARTESIAN_POINT ( 'NONE',  ( 11.50000000000001066, 1.500000000000000000, -16.49999999999998934 ) ) ;
#1706 = DIRECTION ( 'NONE',  ( 1.000000000000000000, 0.000000000000000000, -0.000000000000000000 ) ) ;
#1707 = EDGE_CURVE ( 'NONE', #1288, #659, #3755, .T. ) ;
#1708 = CARTESIAN_POINT ( 'NONE',  ( -12.00000000000000533, 0.9999999999999940048, 14.79999999999999183 ) ) ;
#1709 = FILL_AREA_STYLE ('',( #968 ) ) ;
#1710 = LINE ( 'NONE', #2892, #4458 ) ;
#1711 = VERTEX_POINT ( 'NONE', #926 ) ;
#1712 =( NAMED_UNIT ( * ) SI_UNIT ( $, .STERADIAN. ) SOLID_ANGLE_UNIT ( ) );
#1713 = PRESENTATION_LAYER_ASSIGNMENT (  '', '', ( #3356 ) ) ;
#1714 = DIRECTION ( 'NONE',  ( 0.000000000000000000, -1.000000000000000000, 0.000000000000000000 ) ) ;
#1715 = AXIS2_PLACEMENT_3D ( 'NONE', #1641, #3564, #2028 ) ;
#1716 = LINE ( 'NONE', #371, #3826 ) ;
#1717 = VECTOR ( 'NONE', #2757, 1000.000000000000000 ) ;
#1718 = SURFACE_SIDE_STYLE ('',( #1231 ) ) ;
#1719 = ADVANCED_FACE ( 'NONE', ( #4544 ), #1771, .T. ) ;
#1720 = LINE ( 'NONE', #4048, #4009 ) ;
#1721 = VERTEX_POINT ( 'NONE', #2489 ) ;
#1722 = ADVANCED_FACE ( 'NONE', ( #4150 ), #119, .F. ) ;
#1723 = SURFACE_STYLE_USAGE ( .BOTH. , #3272 ) ;
#1724 = PRESENTATION_STYLE_ASSIGNMENT (( #2058 ) ) ;
#1725 = CARTESIAN_POINT ( 'NONE',  ( -9.800000000000000711, 0.9999999999999974465, -16.49999999999998934 ) ) ;
#1726 = CARTESIAN_POINT ( 'NONE',  ( 6.873174177366999871, 11.00000000000000000, 1.183566405789941545 ) ) ;
#1727 =( NAMED_UNIT ( * ) SI_UNIT ( $, .STERADIAN. ) SOLID_ANGLE_UNIT ( ) );
#1728 = ORIENTED_EDGE ( 'NONE', *, *, #3393, .T. ) ;
#1729 =( NAMED_UNIT ( * ) PLANE_ANGLE_UNIT ( ) SI_UNIT ( $, .RADIAN. ) );
#1730 = LINE ( 'NONE', #1293, #2002 ) ;
#1731 = EDGE_LOOP ( 'NONE', ( #2201, #4679, #3985, #144 ) ) ;
#1732 = SURFACE_STYLE_USAGE ( .BOTH. , #4997 ) ;
#1733 = STYLED_ITEM ( 'NONE', ( #4785 ), #1048 ) ;
#1734 = VECTOR ( 'NONE', #1311, 1000.000000000000114 ) ;
#1735 = SURFACE_STYLE_FILL_AREA ( #154 ) ;
#1736 = PRESENTATION_STYLE_ASSIGNMENT (( #3360 ) ) ;
#1737 = ORIENTED_EDGE ( 'NONE', *, *, #2138, .F. ) ;
#1738 = SURFACE_STYLE_FILL_AREA ( #2393 ) ;
#1739 = MECHANICAL_DESIGN_GEOMETRIC_PRESENTATION_REPRESENTATION (  '', ( #3911 ), #4417 ) ;
#1740 =( GEOMETRIC_REPRESENTATION_CONTEXT ( 3 ) GLOBAL_UNCERTAINTY_ASSIGNED_CONTEXT ( ( #3594 ) ) GLOBAL_UNIT_ASSIGNED_CONTEXT ( ( #860, #500, #3619 ) ) REPRESENTATION_CONTEXT ( 'NONE', 'WORKASPACE' ) );
#1741 = CARTESIAN_POINT ( 'NONE',  ( -5.080000000000000071, -2.000000000000000000, -15.23999999999999844 ) ) ;
#1742 = FACE_OUTER_BOUND ( 'NONE', #2182, .T. ) ;
#1743 = DIRECTION ( 'NONE',  ( 0.000000000000000000, 1.000000000000000000, 0.000000000000000000 ) ) ;
#1744 = VECTOR ( 'NONE', #3514, 1000.000000000000000 ) ;
#1745 = STYLED_ITEM ( 'NONE', ( #3613 ), #3545 ) ;
#1746 = FACE_OUTER_BOUND ( 'NONE', #3782, .T. ) ;
#1747 = CARTESIAN_POINT ( 'NONE',  ( -12.00000000000000533, 0.9999999999999940048, 14.79999999999999183 ) ) ;
#1748 = COLOUR_RGB ( '',0.8431372549019607865, 0.8156862745098039102, 0.7529411764705882248 ) ;
#1749 = FACE_OUTER_BOUND ( 'NONE', #2221, .T. ) ;
#1750 = PRESENTATION_LAYER_ASSIGNMENT (  '', '', ( #1511 ) ) ;
#1751 = EDGE_CURVE ( 'NONE', #2254, #878, #992, .T. ) ;
#1752 =( GEOMETRIC_REPRESENTATION_CONTEXT ( 3 ) GLOBAL_UNCERTAINTY_ASSIGNED_CONTEXT ( ( #120 ) ) GLOBAL_UNIT_ASSIGNED_CONTEXT ( ( #3217, #762, #3513 ) ) REPRESENTATION_CONTEXT ( 'NONE', 'WORKASPACE' ) );
#1753 = DIRECTION ( 'NONE',  ( 1.000000000000000000, -0.000000000000000000, -1.239088197126291063E-16 ) ) ;
#1754 = ORIENTED_EDGE ( 'NONE', *, *, #292, .F. ) ;
#1755 = PRESENTATION_STYLE_ASSIGNMENT (( #3734 ) ) ;
#1756 = SURFACE_STYLE_USAGE ( .BOTH. , #4161 ) ;
#1757 = CARTESIAN_POINT ( 'NONE',  ( -3.042464078436862174, 11.00099999999999945, -10.15315949593975020 ) ) ;
#1758 =( NAMED_UNIT ( * ) SI_UNIT ( $, .STERADIAN. ) SOLID_ANGLE_UNIT ( ) );
#1759 = FACE_OUTER_BOUND ( 'NONE', #5071, .T. ) ;
#1760 = CARTESIAN_POINT ( 'NONE',  ( 8.077597235832874034, 11.00099999999999945, -11.78350168343908777 ) ) ;
#1761 = ORIENTED_EDGE ( 'NONE', *, *, #1774, .F. ) ;
#1762 = SURFACE_STYLE_USAGE ( .BOTH. , #2952 ) ;
#1763 =( LENGTH_UNIT ( ) NAMED_UNIT ( * ) SI_UNIT ( .MILLI., .METRE. ) );
#1764 = PLANE ( 'NONE',  #2641 ) ;
#1765 = CARTESIAN_POINT ( 'NONE',  ( 11.50000000000001066, 1.292893218813452538, 16.49999999999998934 ) ) ;
#1766 = LINE ( 'NONE', #3340, #3794 ) ;
#1767 = ORIENTED_EDGE ( 'NONE', *, *, #1707, .F. ) ;
#1768 = CARTESIAN_POINT ( 'NONE',  ( 11.99999999999999822, 11.00000000000000000, 16.99999999999998934 ) ) ;
#1769 =( NAMED_UNIT ( * ) SI_UNIT ( $, .STERADIAN. ) SOLID_ANGLE_UNIT ( ) );
#1770 = AXIS2_PLACEMENT_3D ( 'NONE', #648, #348, #3851 ) ;
#1771 = CYLINDRICAL_SURFACE ( 'NONE', #3999, 0.2550000000000017808 ) ;
#1772 = CIRCLE ( 'NONE', #2111, 0.2550000000000017808 ) ;
#1773 = CIRCLE ( 'NONE', #3105, 0.2550000000000000044 ) ;
#1774 = EDGE_CURVE ( 'NONE', #2654, #615, #2227, .T. ) ;
#1775 = ORIENTED_EDGE ( 'NONE', *, *, #366, .T. ) ;
#1776 = LINE ( 'NONE', #3687, #1627 ) ;
#1777 = EDGE_CURVE ( 'NONE', #3111, #4304, #2934, .T. ) ;
#1778 = FILL_AREA_STYLE ('',( #2593 ) ) ;
#1779 = FILL_AREA_STYLE ('',( #589 ) ) ;
#1780 = ORIENTED_EDGE ( 'NONE', *, *, #3473, .T. ) ;
#1781 = FILL_AREA_STYLE_COLOUR ( '', #2660 ) ;
#1782 = MECHANICAL_DESIGN_GEOMETRIC_PRESENTATION_REPRESENTATION (  '', ( #790 ), #3702 ) ;
#1783 = EDGE_LOOP ( 'NONE', ( #697, #1694 ) ) ;
#1784 = PRESENTATION_STYLE_ASSIGNMENT (( #2575 ) ) ;
#1785 = FACE_OUTER_BOUND ( 'NONE', #4573, .T. ) ;
#1786 = DIRECTION ( 'NONE',  ( -1.000000000000000000, 0.000000000000000000, -0.000000000000000000 ) ) ;
#1787 = ORIENTED_EDGE ( 'NONE', *, *, #4297, .T. ) ;
#1788 =( GEOMETRIC_REPRESENTATION_CONTEXT ( 3 ) GLOBAL_UNCERTAINTY_ASSIGNED_CONTEXT ( ( #3082 ) ) GLOBAL_UNIT_ASSIGNED_CONTEXT ( ( #1374, #4641, #2929 ) ) REPRESENTATION_CONTEXT ( 'NONE', 'WORKASPACE' ) );
#1789 = EDGE_CURVE ( 'NONE', #1152, #2100, #895, .T. ) ;
#1790 = SURFACE_STYLE_USAGE ( .BOTH. , #1901 ) ;
#1791 = FACE_BOUND ( 'NONE', #1628, .T. ) ;
#1792 = EDGE_CURVE ( 'NONE', #4109, #1923, #995, .T. ) ;
#1793 =( GEOMETRIC_REPRESENTATION_CONTEXT ( 3 ) GLOBAL_UNCERTAINTY_ASSIGNED_CONTEXT ( ( #952 ) ) GLOBAL_UNIT_ASSIGNED_CONTEXT ( ( #1096, #2306, #5091 ) ) REPRESENTATION_CONTEXT ( 'NONE', 'WORKASPACE' ) );
#1794 =( NAMED_UNIT ( * ) PLANE_ANGLE_UNIT ( ) SI_UNIT ( $, .RADIAN. ) );
#1795 = LINE ( 'NONE', #2528, #3920 ) ;
#1796 = ORIENTED_EDGE ( 'NONE', *, *, #1366, .F. ) ;
#1797 =( LENGTH_UNIT ( ) NAMED_UNIT ( * ) SI_UNIT ( .MILLI., .METRE. ) );
#1798 = COLOUR_RGB ( '',0.8431372549019607865, 0.8156862745098039102, 0.7529411764705882248 ) ;
#1799 = SURFACE_STYLE_USAGE ( .BOTH. , #1912 ) ;
#1800 = VERTEX_POINT ( 'NONE', #1381 ) ;
#1801 = VERTEX_POINT ( 'NONE', #4859 ) ;
#1802 = EDGE_CURVE ( 'NONE', #1801, #3383, #607, .T. ) ;
#1803 = SURFACE_SIDE_STYLE ('',( #2540 ) ) ;
#1804 = AXIS2_PLACEMENT_3D ( 'NONE', #4126, #941, #1402 ) ;
#1805 = SURFACE_STYLE_FILL_AREA ( #4963 ) ;
#1806 = EDGE_LOOP ( 'NONE', ( #4566, #2012, #1687, #1613 ) ) ;
#1807 = VECTOR ( 'NONE', #1968, 1000.000000000000000 ) ;
#1808 = FACE_OUTER_BOUND ( 'NONE', #1006, .T. ) ;
#1809 = ADVANCED_FACE ( 'NONE', ( #1749 ), #1313, .F. ) ;
#1810 = EDGE_LOOP ( 'NONE', ( #267, #1829, #3126, #184, #3283, #524 ) ) ;
#1811 = FILL_AREA_STYLE ('',( #3384 ) ) ;
#1812 = DIRECTION ( 'NONE',  ( 0.000000000000000000, -1.000000000000000000, 0.000000000000000000 ) ) ;
#1813 = EDGE_LOOP ( 'NONE', ( #1282, #2176, #4481, #5036, #4526, #4734, #354, #1079 ) ) ;
#1814 = ADVANCED_FACE ( 'NONE', ( #580 ), #2866, .T. ) ;
#1815 = DIRECTION ( 'NONE',  ( 0.7547095802225827210, 0.000000000000000000, -0.6560590289907249906 ) ) ;
#1816 = DIRECTION ( 'NONE',  ( 0.000000000000000000, 0.000000000000000000, -1.000000000000000000 ) ) ;
#1817 = CARTESIAN_POINT ( 'NONE',  ( -4.482778196424058947, 11.00000000000000000, -1.183566405789940434 ) ) ;
#1818 = FILL_AREA_STYLE ('',( #3886 ) ) ;
#1819 = CARTESIAN_POINT ( 'NONE',  ( 6.101063309670884394, 11.00099999999999945, -10.33113049121924476 ) ) ;
#1820 = VERTEX_POINT ( 'NONE', #2890 ) ;
#1821 = COLOUR_RGB ( '',0.8431372549019607865, 0.8156862745098039102, 0.7529411764705882248 ) ;
#1822 = PRESENTATION_LAYER_ASSIGNMENT (  '', '', ( #418 ) ) ;
#1823 =( GEOMETRIC_REPRESENTATION_CONTEXT ( 3 ) GLOBAL_UNCERTAINTY_ASSIGNED_CONTEXT ( ( #2262 ) ) GLOBAL_UNIT_ASSIGNED_CONTEXT ( ( #4915, #3023, #4116 ) ) REPRESENTATION_CONTEXT ( 'NONE', 'WORKASPACE' ) );
#1824 = MECHANICAL_DESIGN_GEOMETRIC_PRESENTATION_REPRESENTATION (  '', ( #4987 ), #336 ) ;
#1825 = CARTESIAN_POINT ( 'NONE',  ( -3.042464078436862174, 11.00099999999999945, -10.15315949593975020 ) ) ;
#1826 = VECTOR ( 'NONE', #2277, 1000.000000000000114 ) ;
#1827 = CARTESIAN_POINT ( 'NONE',  ( 11.99999999999999467, 11.00000000000000000, -17.00000000000001066 ) ) ;
#1828 = FILL_AREA_STYLE ('',( #244 ) ) ;
#1829 = ORIENTED_EDGE ( 'NONE', *, *, #4039, .F. ) ;
#1830 = AXIS2_PLACEMENT_3D ( 'NONE', #2690, #1476, #3056 ) ;
#1831 = STYLED_ITEM ( 'NONE', ( #4699 ), #3097 ) ;
#1832 = EDGE_CURVE ( 'NONE', #543, #3379, #3297, .T. ) ;
#1833 =( NAMED_UNIT ( * ) PLANE_ANGLE_UNIT ( ) SI_UNIT ( $, .RADIAN. ) );
#1834 = AXIS2_PLACEMENT_3D ( 'NONE', #3456, #701, #2180 ) ;
#1835 = EDGE_LOOP ( 'NONE', ( #4228, #3582, #1948, #2751 ) ) ;
#1836 = PRESENTATION_STYLE_ASSIGNMENT (( #1032 ) ) ;
#1837 = VERTEX_POINT ( 'NONE', #3043 ) ;
#1838 = AXIS2_PLACEMENT_3D ( 'NONE', #4073, #4537, #2553 ) ;
#1839 =( LENGTH_UNIT ( ) NAMED_UNIT ( * ) SI_UNIT ( .MILLI., .METRE. ) );
#1840 = UNCERTAINTY_MEASURE_WITH_UNIT (LENGTH_MEASURE( 1.000000000000000082E-05 ), #4743, 'distance_accuracy_value', 'NONE');
#1841 = DIRECTION ( 'NONE',  ( 0.000000000000000000, 0.000000000000000000, 1.000000000000000000 ) ) ;
#1842 = DIRECTION ( 'NONE',  ( -1.000000000000000000, 0.000000000000000000, 0.000000000000000000 ) ) ;
#1843 =( LENGTH_UNIT ( ) NAMED_UNIT ( * ) SI_UNIT ( .MILLI., .METRE. ) );
#1844 = ORIENTED_EDGE ( 'NONE', *, *, #3308, .T. ) ;
#1845 =( NAMED_UNIT ( * ) PLANE_ANGLE_UNIT ( ) SI_UNIT ( $, .RADIAN. ) );
#1846 = SURFACE_STYLE_FILL_AREA ( #4274 ) ;
#1847 = STYLED_ITEM ( 'NONE', ( #593 ), #934 ) ;
#1848 = SURFACE_STYLE_FILL_AREA ( #2331 ) ;
#1849 = SURFACE_STYLE_USAGE ( .BOTH. , #208 ) ;
#1850 = PLANE ( 'NONE',  #3069 ) ;
#1851 = ORIENTED_EDGE ( 'NONE', *, *, #3994, .F. ) ;
#1852 = SURFACE_STYLE_USAGE ( .BOTH. , #268 ) ;
#1853 = DIRECTION ( 'NONE',  ( 0.000000000000000000, 0.000000000000000000, -1.000000000000000000 ) ) ;
#1854 = DIRECTION ( 'NONE',  ( -0.6560590289966464761, 0.000000000000000000, -0.7547095802174352830 ) ) ;
#1855 = PRESENTATION_STYLE_ASSIGNMENT (( #1799 ) ) ;
#1856 =( GEOMETRIC_REPRESENTATION_CONTEXT ( 3 ) GLOBAL_UNCERTAINTY_ASSIGNED_CONTEXT ( ( #4503 ) ) GLOBAL_UNIT_ASSIGNED_CONTEXT ( ( #3437, #712, #5042 ) ) REPRESENTATION_CONTEXT ( 'NONE', 'WORKASPACE' ) );
#1857 = EDGE_CURVE ( 'NONE', #281, #4969, #4209, .T. ) ;
#1858 = VERTEX_POINT ( 'NONE', #1027 ) ;
#1859 = DIRECTION ( 'NONE',  ( 0.000000000000000000, -0.000000000000000000, 1.000000000000000000 ) ) ;
#1860 = CIRCLE ( 'NONE', #4095, 2.551318690950562740 ) ;
#1861 = ADVANCED_FACE ( 'NONE', ( #294 ), #1489, .F. ) ;
#1862 = VERTEX_POINT ( 'NONE', #2615 ) ;
#1863 = SURFACE_STYLE_FILL_AREA ( #4629 ) ;
#1864 = CARTESIAN_POINT ( 'NONE',  ( -10.00000000000000178, 0.000000000000000000, 16.99999999999998934 ) ) ;
#1865 = EDGE_LOOP ( 'NONE', ( #640, #1197, #375, #324 ) ) ;
#1866 = COLOUR_RGB ( '',0.8431372549019607865, 0.8156862745098039102, 0.7529411764705882248 ) ;
#1867 = ORIENTED_EDGE ( 'NONE', *, *, #4297, .F. ) ;
#1868 = LINE ( 'NONE', #4998, #4675 ) ;
#1869 = ORIENTED_EDGE ( 'NONE', *, *, #4268, .T. ) ;
#1870 = CARTESIAN_POINT ( 'NONE',  ( -11.50000000000000888, 0.000000000000000000, -14.99999999999999289 ) ) ;
#1871 =( LENGTH_UNIT ( ) NAMED_UNIT ( * ) SI_UNIT ( .MILLI., .METRE. ) );
#1872 = CARTESIAN_POINT ( 'NONE',  ( 11.50000000000001066, 0.000000000000000000, 16.49999999999998934 ) ) ;
#1873 = EDGE_CURVE ( 'NONE', #3873, #1238, #1047, .T. ) ;
#1874 = UNCERTAINTY_MEASURE_WITH_UNIT (LENGTH_MEASURE( 1.000000000000000082E-05 ), #4175, 'distance_accuracy_value', 'NONE');
#1875 = PRESENTATION_LAYER_ASSIGNMENT (  '', '', ( #132 ) ) ;
#1876 = DIRECTION ( 'NONE',  ( 0.000000000000000000, -1.000000000000000000, 0.000000000000000000 ) ) ;
#1877 = ORIENTED_EDGE ( 'NONE', *, *, #3099, .F. ) ;
#1878 = FILL_AREA_STYLE_COLOUR ( '', #4017 ) ;
#1879 = AXIS2_PLACEMENT_3D ( 'NONE', #1757, #1388, #4217 ) ;
#1880 = STYLED_ITEM ( 'NONE', ( #1724 ), #4214 ) ;
#1881 = FILL_AREA_STYLE_COLOUR ( '', #1244 ) ;
#1882 = DIRECTION ( 'NONE',  ( 0.6560590289895504856, 0.000000000000000000, 0.7547095802236037931 ) ) ;
#1883 = VECTOR ( 'NONE', #795, 1000.000000000000000 ) ;
#1884 = SURFACE_STYLE_USAGE ( .BOTH. , #4645 ) ;
#1885 =( GEOMETRIC_REPRESENTATION_CONTEXT ( 3 ) GLOBAL_UNCERTAINTY_ASSIGNED_CONTEXT ( ( #1009 ) ) GLOBAL_UNIT_ASSIGNED_CONTEXT ( ( #2904, #3716, #153 ) ) REPRESENTATION_CONTEXT ( 'NONE', 'WORKASPACE' ) );
#1886 = DIRECTION ( 'NONE',  ( 0.9902680687413422111, -0.000000000000000000, 0.1391731009616890558 ) ) ;
#1887 = ORIENTED_EDGE ( 'NONE', *, *, #4583, .F. ) ;
#1888 = DIRECTION ( 'NONE',  ( 0.000000000000000000, 1.000000000000000000, 0.000000000000000000 ) ) ;
#1889 = CARTESIAN_POINT ( 'NONE',  ( -3.233869851431873332, 11.00000000000000000, -10.07001102975548079 ) ) ;
#1890 = VERTEX_POINT ( 'NONE', #2589 ) ;
#1891 = SURFACE_STYLE_FILL_AREA ( #793 ) ;
#1892 = DIRECTION ( 'NONE',  ( -0.1391731009584540324, 0.000000000000000000, 0.9902680687417967365 ) ) ;
#1893 =( NAMED_UNIT ( * ) SI_UNIT ( $, .STERADIAN. ) SOLID_ANGLE_UNIT ( ) );
#1894 = EDGE_LOOP ( 'NONE', ( #3051, #779, #3299, #3026 ) ) ;
#1895 = UNCERTAINTY_MEASURE_WITH_UNIT (LENGTH_MEASURE( 1.000000000000000082E-05 ), #1897, 'distance_accuracy_value', 'NONE');
#1896 = VERTEX_POINT ( 'NONE', #742 ) ;
#1897 =( LENGTH_UNIT ( ) NAMED_UNIT ( * ) SI_UNIT ( .MILLI., .METRE. ) );
#1898 = DIRECTION ( 'NONE',  ( 0.000000000000000000, 0.000000000000000000, -1.000000000000000000 ) ) ;
#1899 = CARTESIAN_POINT ( 'NONE',  ( 6.058508073491268853, 11.00000000000000000, -10.02833425214861762 ) ) ;
#1900 = VERTEX_POINT ( 'NONE', #3373 ) ;
#1901 = SURFACE_SIDE_STYLE ('',( #676 ) ) ;
#1902 = LINE ( 'NONE', #2693, #3423 ) ;
#1903 = FACE_OUTER_BOUND ( 'NONE', #1997, .T. ) ;
#1904 = EDGE_CURVE ( 'NONE', #2206, #2376, #1165, .T. ) ;
#1905 = DIRECTION ( 'NONE',  ( 0.1391731009614775583, 0.000000000000000000, -0.9902680687413718541 ) ) ;
#1906 = LINE ( 'NONE', #5006, #5001 ) ;
#1907 = ORIENTED_EDGE ( 'NONE', *, *, #3467, .F. ) ;
#1908 = SURFACE_SIDE_STYLE ('',( #4281 ) ) ;
#1909 = CARTESIAN_POINT ( 'NONE',  ( 11.50000000000001066, 1.000000000000000000, -16.49999999999998934 ) ) ;
#1910 = LINE ( 'NONE', #322, #3316 ) ;
#1911 = MECHANICAL_DESIGN_GEOMETRIC_PRESENTATION_REPRESENTATION (  '', ( #4984 ), #592 ) ;
#1912 = SURFACE_SIDE_STYLE ('',( #272 ) ) ;
#1913 = MECHANICAL_DESIGN_GEOMETRIC_PRESENTATION_REPRESENTATION (  '', ( #4416 ), #1321 ) ;
#1914 = COLOUR_RGB ( '',0.8431372549019607865, 0.8156862745098039102, 0.7529411764705882248 ) ;
#1915 = CIRCLE ( 'NONE', #918, 2.217827501993440364 ) ;
#1916 = CARTESIAN_POINT ( 'NONE',  ( -3.197171904350398108, 11.00000000000000000, -10.33113049121924476 ) ) ;
#1917 = EDGE_LOOP ( 'NONE', ( #806, #1383, #2568, #3654, #4330, #4300 ) ) ;
#1918 = DIRECTION ( 'NONE',  ( -0.000000000000000000, -1.000000000000000000, -0.000000000000000000 ) ) ;
#1919 = PRESENTATION_LAYER_ASSIGNMENT (  '', '', ( #4164 ) ) ;
#1920 = AXIS2_PLACEMENT_3D ( 'NONE', #828, #3246, #4848 ) ;
#1921 =( GEOMETRIC_REPRESENTATION_CONTEXT ( 3 ) GLOBAL_UNCERTAINTY_ASSIGNED_CONTEXT ( ( #1685 ) ) GLOBAL_UNIT_ASSIGNED_CONTEXT ( ( #2469, #147, #1712 ) ) REPRESENTATION_CONTEXT ( 'NONE', 'WORKASPACE' ) );
#1922 = DIRECTION ( 'NONE',  ( -0.000000000000000000, -1.000000000000000000, -0.000000000000000000 ) ) ;
#1923 = VERTEX_POINT ( 'NONE', #1524 ) ;
#1924 = LINE ( 'NONE', #3079, #4741 ) ;
#1925 = CARTESIAN_POINT ( 'NONE',  ( 4.482778196424064276, 11.00099999999999945, 1.183566405789941101 ) ) ;
#1926 = STYLED_ITEM ( 'NONE', ( #2613 ), #2964 ) ;
#1927 = ORIENTED_EDGE ( 'NONE', *, *, #453, .T. ) ;
#1928 = CARTESIAN_POINT ( 'NONE',  ( 4.482778196424064276, 11.00099999999999945, 1.183566405789941101 ) ) ;
#1929 = ORIENTED_EDGE ( 'NONE', *, *, #1034, .F. ) ;
#1930 = STYLED_ITEM ( 'NONE', ( #2005 ), #4974 ) ;
#1931 = PRESENTATION_STYLE_ASSIGNMENT (( #2718 ) ) ;
#1932 = AXIS2_PLACEMENT_3D ( 'NONE', #4075, #2788, #4877 ) ;
#1933 = LINE ( 'NONE', #5117, #3922 ) ;
#1934 =( NAMED_UNIT ( * ) PLANE_ANGLE_UNIT ( ) SI_UNIT ( $, .RADIAN. ) );
#1935 = ORIENTED_EDGE ( 'NONE', *, *, #971, .T. ) ;
#1936 = STYLED_ITEM ( 'NONE', ( #2762 ), #1334 ) ;
#1937 = CIRCLE ( 'NONE', #4439, 2.551318690961786206 ) ;
#1938 = SURFACE_SIDE_STYLE ('',( #346 ) ) ;
#1939 = EDGE_CURVE ( 'NONE', #290, #59, #2310, .T. ) ;
#1940 = FILL_AREA_STYLE ('',( #1564 ) ) ;
#1941 = UNCERTAINTY_MEASURE_WITH_UNIT (LENGTH_MEASURE( 1.000000000000000082E-05 ), #3874, 'distance_accuracy_value', 'NONE');
#1942 = DIRECTION ( 'NONE',  ( 0.000000000000000000, -1.000000000000000000, 0.000000000000000000 ) ) ;
#1943 = EDGE_LOOP ( 'NONE', ( #3532, #610, #3989, #2906 ) ) ;
#1944 = ADVANCED_FACE ( 'NONE', ( #3071 ), #3892, .F. ) ;
#1945 = PRESENTATION_LAYER_ASSIGNMENT (  '', '', ( #1847 ) ) ;
#1946 =( LENGTH_UNIT ( ) NAMED_UNIT ( * ) SI_UNIT ( .MILLI., .METRE. ) );
#1947 = ADVANCED_FACE ( 'NONE', ( #1967 ), #2364, .T. ) ;
#1948 = ORIENTED_EDGE ( 'NONE', *, *, #117, .F. ) ;
#1949 = EDGE_CURVE ( 'NONE', #260, #4950, #1624, .T. ) ;
#1950 = CARTESIAN_POINT ( 'NONE',  ( 9.800000000000004263, 0.9999999999999997780, -17.00000000000001066 ) ) ;
#1951 = CARTESIAN_POINT ( 'NONE',  ( -12.00000000000000178, 0.000000000000000000, 16.99999999999998934 ) ) ;
#1952 = ORIENTED_EDGE ( 'NONE', *, *, #4427, .T. ) ;
#1953 = DIRECTION ( 'NONE',  ( -0.000000000000000000, -1.000000000000000000, -0.000000000000000000 ) ) ;
#1954 = UNCERTAINTY_MEASURE_WITH_UNIT (LENGTH_MEASURE( 1.000000000000000082E-05 ), #2298, 'distance_accuracy_value', 'NONE');
#1955 = EDGE_CURVE ( 'NONE', #2963, #1590, #405, .T. ) ;
#1956 = EDGE_LOOP ( 'NONE', ( #4264, #4386, #2707, #1606 ) ) ;
#1957 = LINE ( 'NONE', #1120, #1589 ) ;
#1958 = ORIENTED_EDGE ( 'NONE', *, *, #2405, .T. ) ;
#1959 = DIRECTION ( 'NONE',  ( 0.6560590289895824601, 0.000000000000000000, 0.7547095802235759265 ) ) ;
#1960 = FILL_AREA_STYLE_COLOUR ( '', #4349 ) ;
#1961 = DIRECTION ( 'NONE',  ( 0.000000000000000000, 0.000000000000000000, -1.000000000000000000 ) ) ;
#1962 = VERTEX_POINT ( 'NONE', #2840 ) ;
#1963 = EDGE_CURVE ( 'NONE', #4414, #5162, #4753, .T. ) ;
#1964 = DIRECTION ( 'NONE',  ( -0.000000000000000000, -1.000000000000000000, -0.000000000000000000 ) ) ;
#1965 = MECHANICAL_DESIGN_GEOMETRIC_PRESENTATION_REPRESENTATION (  '', ( #4211 ), #5040 ) ;
#1966 = PLANE ( 'NONE',  #4835 ) ;
#1967 = FACE_OUTER_BOUND ( 'NONE', #4100, .T. ) ;
#1968 = DIRECTION ( 'NONE',  ( 1.000000000000000000, 0.000000000000000000, 0.000000000000000000 ) ) ;
#1969 = FILL_AREA_STYLE_COLOUR ( '', #1700 ) ;
#1970 = EDGE_LOOP ( 'NONE', ( #4353, #4443, #1484, #2657 ) ) ;
#1971 = DIRECTION ( 'NONE',  ( 1.000000000000000000, 0.000000000000000000, 0.000000000000000000 ) ) ;
#1972 = CARTESIAN_POINT ( 'NONE',  ( -7.205852998560368761, 11.00099999999999945, 1.183566405792149556 ) ) ;
#1973 = ORIENTED_EDGE ( 'NONE', *, *, #2191, .F. ) ;
#1974 = DIRECTION ( 'NONE',  ( -0.000000000000000000, -0.000000000000000000, 1.000000000000000000 ) ) ;
#1975 = FILL_AREA_STYLE_COLOUR ( '', #4832 ) ;
#1976 = LINE ( 'NONE', #4688, #836 ) ;
#1977 = ORIENTED_EDGE ( 'NONE', *, *, #3913, .F. ) ;
#1978 = FACE_OUTER_BOUND ( 'NONE', #2778, .T. ) ;
#1979 = ADVANCED_FACE ( 'NONE', ( #1545 ), #3596, .F. ) ;
#1980 = VERTEX_POINT ( 'NONE', #1191 ) ;
#1981 = CARTESIAN_POINT ( 'NONE',  ( 11.50000000000001066, 1.000000000000000000, -16.49999999999998934 ) ) ;
#1982 = UNCERTAINTY_MEASURE_WITH_UNIT (LENGTH_MEASURE( 1.000000000000000082E-05 ), #1526, 'distance_accuracy_value', 'NONE');
#1983 = EDGE_CURVE ( 'NONE', #2473, #1400, #2039, .T. ) ;
#1984 = CARTESIAN_POINT ( 'NONE',  ( -11.50000000000000888, 1.000000000000000000, 16.49999999999998934 ) ) ;
#1985 = PRESENTATION_STYLE_ASSIGNMENT (( #3973 ) ) ;
#1986 = ORIENTED_EDGE ( 'NONE', *, *, #2706, .F. ) ;
#1987 = DIRECTION ( 'NONE',  ( -1.000000000000000000, 0.000000000000000000, 0.000000000000000000 ) ) ;
#1988 = LINE ( 'NONE', #1130, #3239 ) ;
#1989 = FILL_AREA_STYLE_COLOUR ( '', #2144 ) ;
#1990 = FILL_AREA_STYLE ('',( #477 ) ) ;
#1991 = CARTESIAN_POINT ( 'NONE',  ( -11.50000000000000888, 1.000000000000000000, -16.49999999999998934 ) ) ;
#1992 = VECTOR ( 'NONE', #3926, 1000.000000000000000 ) ;
#1993 = VERTEX_POINT ( 'NONE', #838 ) ;
#1994 = DIRECTION ( 'NONE',  ( 1.543119997218447926E-32, 1.000000000000000000, 1.245367360287404601E-16 ) ) ;
#1995 = DIRECTION ( 'NONE',  ( -0.000000000000000000, -0.000000000000000000, 1.000000000000000000 ) ) ;
#1996 = FILL_AREA_STYLE_COLOUR ( '', #4774 ) ;
#1997 = EDGE_LOOP ( 'NONE', ( #2806, #49, #2359, #333, #2109, #3040, #3413, #4918 ) ) ;
#1998 = VECTOR ( 'NONE', #4879, 1000.000000000000000 ) ;
#1999 = STYLED_ITEM ( 'NONE', ( #2570 ), #5012 ) ;
#2000 = STYLED_ITEM ( 'NONE', ( #4975 ), #3304 ) ;
#2001 = EDGE_CURVE ( 'NONE', #2963, #3022, #3620, .T. ) ;
#2002 = VECTOR ( 'NONE', #3305, 1000.000000000000114 ) ;
#2003 = CARTESIAN_POINT ( 'NONE',  ( -2.540000000000000036, 1.500000000000000000, 15.49500000000000099 ) ) ;
#2004 = STYLED_ITEM ( 'NONE', ( #1250 ), #3470 ) ;
#2005 = PRESENTATION_STYLE_ASSIGNMENT (( #465 ) ) ;
#2006 = ORIENTED_EDGE ( 'NONE', *, *, #99, .F. ) ;
#2007 = FACE_OUTER_BOUND ( 'NONE', #4464, .T. ) ;
#2008 = MECHANICAL_DESIGN_GEOMETRIC_PRESENTATION_REPRESENTATION (  '', ( #1675 ), #2243 ) ;
#2009 = STYLED_ITEM ( 'NONE', ( #4927 ), #2927 ) ;
#2010 = FILL_AREA_STYLE ('',( #4388 ) ) ;
#2011 = PLANE ( 'NONE',  #2202 ) ;
#2012 = ORIENTED_EDGE ( 'NONE', *, *, #3433, .T. ) ;
#2013 = CARTESIAN_POINT ( 'NONE',  ( 5.080000000000000071, -2.000000000000000000, 15.24000000000000021 ) ) ;
#2014 = SURFACE_STYLE_FILL_AREA ( #4103 ) ;
#2015 = PRESENTATION_STYLE_ASSIGNMENT (( #433 ) ) ;
#2016 =( NAMED_UNIT ( * ) SI_UNIT ( $, .STERADIAN. ) SOLID_ANGLE_UNIT ( ) );
#2017 = DIRECTION ( 'NONE',  ( 0.000000000000000000, 0.000000000000000000, -1.000000000000000000 ) ) ;
#2018 = ORIENTED_EDGE ( 'NONE', *, *, #2843, .F. ) ;
#2019 = EDGE_CURVE ( 'NONE', #1900, #3233, #138, .T. ) ;
#2020 = CYLINDRICAL_SURFACE ( 'NONE', #3805, 0.5000000000000004441 ) ;
#2021 = DIRECTION ( 'NONE',  ( 0.000000000000000000, 0.000000000000000000, -1.000000000000000000 ) ) ;
#2022 = ORIENTED_EDGE ( 'NONE', *, *, #2237, .F. ) ;
#2023 = EDGE_CURVE ( 'NONE', #1896, #4325, #983, .T. ) ;
#2024 =( NAMED_UNIT ( * ) SI_UNIT ( $, .STERADIAN. ) SOLID_ANGLE_UNIT ( ) );
#2025 = ADVANCED_FACE ( 'NONE', ( #4125 ), #190, .T. ) ;
#2026 = EDGE_CURVE ( 'NONE', #3606, #722, #3275, .T. ) ;
#2027 = CARTESIAN_POINT ( 'NONE',  ( -9.800000000000000711, 0.9999999999999974465, -17.00000000000001066 ) ) ;
#2028 = DIRECTION ( 'NONE',  ( 0.000000000000000000, 0.000000000000000000, -1.000000000000000000 ) ) ;
#2029 = CIRCLE ( 'NONE', #4777, 0.2550000000000017808 ) ;
#2030 = PRESENTATION_LAYER_ASSIGNMENT (  '', '', ( #4283 ) ) ;
#2031 = FILL_AREA_STYLE ('',( #2880 ) ) ;
#2032 = LINE ( 'NONE', #831, #2653 ) ;
#2033 =( NAMED_UNIT ( * ) SI_UNIT ( $, .STERADIAN. ) SOLID_ANGLE_UNIT ( ) );
#2034 = ORIENTED_EDGE ( 'NONE', *, *, #2576, .T. ) ;
#2035 = EDGE_CURVE ( 'NONE', #3443, #1086, #3677, .T. ) ;
#2036 = LINE ( 'NONE', #3977, #182 ) ;
#2037 = DIRECTION ( 'NONE',  ( 0.000000000000000000, -0.000000000000000000, 1.000000000000000000 ) ) ;
#2038 =( NAMED_UNIT ( * ) PLANE_ANGLE_UNIT ( ) SI_UNIT ( $, .RADIAN. ) );
#2039 = LINE ( 'NONE', #41, #164 ) ;
#2040 = CARTESIAN_POINT ( 'NONE',  ( 3.234164606790940422, 11.00000000000000000, 10.06791373632251130 ) ) ;
#2041 = UNCERTAINTY_MEASURE_WITH_UNIT (LENGTH_MEASURE( 1.000000000000000082E-05 ), #2822, 'distance_accuracy_value', 'NONE');
#2042 = AXIS2_PLACEMENT_3D ( 'NONE', #4327, #4243, #3878 ) ;
#2043 = EDGE_LOOP ( 'NONE', ( #1368, #1986 ) ) ;
#2044 = DIRECTION ( 'NONE',  ( 0.000000000000000000, -0.000000000000000000, 1.000000000000000000 ) ) ;
#2045 = FILL_AREA_STYLE ('',( #4403 ) ) ;
#2046 = SURFACE_STYLE_FILL_AREA ( #3208 ) ;
#2047 = ORIENTED_EDGE ( 'NONE', *, *, #2283, .T. ) ;
#2048 = MECHANICAL_DESIGN_GEOMETRIC_PRESENTATION_REPRESENTATION (  '', ( #1378 ), #2520 ) ;
#2049 = DIRECTION ( 'NONE',  ( -9.328240445890962593E-16, 0.000000000000000000, -1.000000000000000000 ) ) ;
#2050 = FILL_AREA_STYLE ('',( #3993 ) ) ;
#2051 = PLANE ( 'NONE',  #881 ) ;
#2052 = CARTESIAN_POINT ( 'NONE',  ( 2.540000000000000036, -2.000000000000000000, -15.49500000000000099 ) ) ;
#2053 = CARTESIAN_POINT ( 'NONE',  ( -6.101063309671211243, 11.00099999999999945, 10.33113049121951121 ) ) ;
#2054 = ORIENTED_EDGE ( 'NONE', *, *, #1643, .F. ) ;
#2055 = FILL_AREA_STYLE ('',( #1186 ) ) ;
#2056 = EDGE_CURVE ( 'NONE', #414, #1800, #1075, .T. ) ;
#2057 = DIRECTION ( 'NONE',  ( 0.000000000000000000, 0.000000000000000000, -1.000000000000000000 ) ) ;
#2058 = SURFACE_STYLE_USAGE ( .BOTH. , #475 ) ;
#2059 = VECTOR ( 'NONE', #2457, 1000.000000000000000 ) ;
#2060 = SURFACE_STYLE_USAGE ( .BOTH. , #1681 ) ;
#2061 = LINE ( 'NONE', #1269, #1356 ) ;
#2062 = VERTEX_POINT ( 'NONE', #4900 ) ;
#2063 = CARTESIAN_POINT ( 'NONE',  ( 2.155378366499345500E-16, 2.000000000000000000, 15.24000000000000021 ) ) ;
#2064 = SURFACE_STYLE_FILL_AREA ( #480 ) ;
#2065 = ORIENTED_EDGE ( 'NONE', *, *, #3648, .T. ) ;
#2066 = FILL_AREA_STYLE ('',( #4134 ) ) ;
#2067 = LINE ( 'NONE', #3609, #3276 ) ;
#2068 = AXIS2_PLACEMENT_3D ( 'NONE', #1128, #3100, #4620 ) ;
#2069 = FACE_OUTER_BOUND ( 'NONE', #2603, .T. ) ;
#2070 =( NAMED_UNIT ( * ) SI_UNIT ( $, .STERADIAN. ) SOLID_ANGLE_UNIT ( ) );
#2071 = AXIS2_PLACEMENT_3D ( 'NONE', #216, #4189, #3705 ) ;
#2072 = VECTOR ( 'NONE', #1415, 1000.000000000000000 ) ;
#2073 = FACE_OUTER_BOUND ( 'NONE', #2595, .T. ) ;
#2074 = STYLED_ITEM ( 'NONE', ( #1985 ), #4755 ) ;
#2075 =( NAMED_UNIT ( * ) PLANE_ANGLE_UNIT ( ) SI_UNIT ( $, .RADIAN. ) );
#2076 = MECHANICAL_DESIGN_GEOMETRIC_PRESENTATION_REPRESENTATION (  '', ( #2004 ), #4991 ) ;
#2077 = STYLED_ITEM ( 'NONE', ( #1587 ), #2544 ) ;
#2078 = SURFACE_STYLE_USAGE ( .BOTH. , #490 ) ;
#2079 = FACE_OUTER_BOUND ( 'NONE', #3392, .T. ) ;
#2080 = VERTEX_POINT ( 'NONE', #2156 ) ;
#2081 = MECHANICAL_DESIGN_GEOMETRIC_PRESENTATION_REPRESENTATION (  '', ( #1087 ), #5087 ) ;
#2082 =( GEOMETRIC_REPRESENTATION_CONTEXT ( 3 ) GLOBAL_UNCERTAINTY_ASSIGNED_CONTEXT ( ( #2291 ) ) GLOBAL_UNIT_ASSIGNED_CONTEXT ( ( #4291, #3626, #2529 ) ) REPRESENTATION_CONTEXT ( 'NONE', 'WORKASPACE' ) );
#2083 = PRESENTATION_STYLE_ASSIGNMENT (( #2909 ) ) ;
#2084 = EDGE_CURVE ( 'NONE', #2345, #1962, #476, .T. ) ;
#2085 = FACE_OUTER_BOUND ( 'NONE', #3657, .T. ) ;
#2086 = MECHANICAL_DESIGN_GEOMETRIC_PRESENTATION_REPRESENTATION (  '', ( #4515 ), #3168 ) ;
#2087 = UNCERTAINTY_MEASURE_WITH_UNIT (LENGTH_MEASURE( 1.000000000000000082E-05 ), #4363, 'distance_accuracy_value', 'NONE');
#2088 = LINE ( 'NONE', #2886, #3280 ) ;
#2089 = CARTESIAN_POINT ( 'NONE',  ( 2.155378366499345500E-16, 2.000000000000000000, -15.24000000000000021 ) ) ;
#2090 = AXIS2_PLACEMENT_3D ( 'NONE', #4805, #1235, #3698 ) ;
#2091 = LINE ( 'NONE', #3679, #2219 ) ;
#2092 = VECTOR ( 'NONE', #2361, 1000.000000000000000 ) ;
#2093 = AXIS2_PLACEMENT_3D ( 'NONE', #1423, #1812, #2273 ) ;
#2094 = PRESENTATION_STYLE_ASSIGNMENT (( #841 ) ) ;
#2095 = UNCERTAINTY_MEASURE_WITH_UNIT (LENGTH_MEASURE( 1.000000000000000082E-05 ), #4830, 'distance_accuracy_value', 'NONE');
#2096 = DIRECTION ( 'NONE',  ( 0.000000000000000000, -1.000000000000000000, 0.000000000000000000 ) ) ;
#2097 = ORIENTED_EDGE ( 'NONE', *, *, #2617, .T. ) ;
#2098 =( NAMED_UNIT ( * ) SI_UNIT ( $, .STERADIAN. ) SOLID_ANGLE_UNIT ( ) );
#2099 = LINE ( 'NONE', #2116, #5156 ) ;
#2100 = VERTEX_POINT ( 'NONE', #2486 ) ;
#2101 = MECHANICAL_DESIGN_GEOMETRIC_PRESENTATION_REPRESENTATION (  '', ( #1521 ), #3000 ) ;
#2102 = DIRECTION ( 'NONE',  ( 0.1391731009620804371, 0.000000000000000000, -0.9902680687412871441 ) ) ;
#2103 = EDGE_CURVE ( 'NONE', #1862, #3162, #1860, .T. ) ;
#2104 = EDGE_CURVE ( 'NONE', #3111, #447, #1331, .T. ) ;
#2105 = DIRECTION ( 'NONE',  ( -1.000000000000000000, 0.000000000000000000, 9.328240445890962593E-16 ) ) ;
#2106 = PRESENTATION_STYLE_ASSIGNMENT (( #1248 ) ) ;
#2107 = LINE ( 'NONE', #2519, #4431 ) ;
#2108 = CYLINDRICAL_SURFACE ( 'NONE', #887, 1.203626853345702408 ) ;
#2109 = ORIENTED_EDGE ( 'NONE', *, *, #634, .T. ) ;
#2110 = CARTESIAN_POINT ( 'NONE',  ( 2.540000000000000036, 2.000000000000000000, -15.24000000000000021 ) ) ;
#2111 = AXIS2_PLACEMENT_3D ( 'NONE', #1605, #3159, #3223 ) ;
#2112 = SURFACE_STYLE_FILL_AREA ( #4972 ) ;
#2113 =( LENGTH_UNIT ( ) NAMED_UNIT ( * ) SI_UNIT ( .MILLI., .METRE. ) );
#2114 = DIRECTION ( 'NONE',  ( -0.000000000000000000, -1.000000000000000000, -0.000000000000000000 ) ) ;
#2115 = DIRECTION ( 'NONE',  ( 0.000000000000000000, 0.000000000000000000, -1.000000000000000000 ) ) ;
#2116 = CARTESIAN_POINT ( 'NONE',  ( -12.00000000000000888, 0.9999999999999978906, -16.49999999999998934 ) ) ;
#2117 = ORIENTED_EDGE ( 'NONE', *, *, #3344, .T. ) ;
#2118 = LINE ( 'NONE', #3712, #956 ) ;
#2119 = FILL_AREA_STYLE_COLOUR ( '', #3487 ) ;
#2120 = DIRECTION ( 'NONE',  ( 0.000000000000000000, 0.9805806756909198896, 0.1961161351381856544 ) ) ;
#2121 = ORIENTED_EDGE ( 'NONE', *, *, #3786, .T. ) ;
#2122 = COLOUR_RGB ( '',0.8431372549019607865, 0.8156862745098039102, 0.7529411764705882248 ) ;
#2123 = CARTESIAN_POINT ( 'NONE',  ( -2.540000000000000036, 1.500000000000000000, 14.98499999999999766 ) ) ;
#2124 = STYLED_ITEM ( 'NONE', ( #2083 ), #714 ) ;
#2125 =( GEOMETRIC_REPRESENTATION_CONTEXT ( 3 ) GLOBAL_UNCERTAINTY_ASSIGNED_CONTEXT ( ( #595 ) ) GLOBAL_UNIT_ASSIGNED_CONTEXT ( ( #602, #1794, #982 ) ) REPRESENTATION_CONTEXT ( 'NONE', 'WORKASPACE' ) );
#2126 = CARTESIAN_POINT ( 'NONE',  ( 7.422365595631833735, 11.00099999999999945, 11.51469689700721410 ) ) ;
#2127 = DIRECTION ( 'NONE',  ( -0.000000000000000000, -1.000000000000000000, -0.000000000000000000 ) ) ;
#2128 = ORIENTED_EDGE ( 'NONE', *, *, #4420, .T. ) ;
#2129 =( NAMED_UNIT ( * ) PLANE_ANGLE_UNIT ( ) SI_UNIT ( $, .RADIAN. ) );
#2130 = CARTESIAN_POINT ( 'NONE',  ( 11.50000000000001066, 1.000000000000000000, -16.49999999999998934 ) ) ;
#2131 = FACE_OUTER_BOUND ( 'NONE', #1536, .T. ) ;
#2132 = EDGE_CURVE ( 'NONE', #1993, #4824, #2913, .T. ) ;
#2133 = FILL_AREA_STYLE_COLOUR ( '', #2521 ) ;
#2134 = CARTESIAN_POINT ( 'NONE',  ( 6.433742130864104958, 11.00099999999999945, -12.69826330279913229 ) ) ;
#2135 = DIRECTION ( 'NONE',  ( 0.000000000000000000, -0.000000000000000000, 1.000000000000000000 ) ) ;
#2136 = EDGE_LOOP ( 'NONE', ( #1478, #344, #673, #5116 ) ) ;
#2137 =( LENGTH_UNIT ( ) NAMED_UNIT ( * ) SI_UNIT ( .MILLI., .METRE. ) );
#2138 = EDGE_CURVE ( 'NONE', #3361, #1900, #4523, .T. ) ;
#2139 = SURFACE_STYLE_FILL_AREA ( #561 ) ;
#2140 = CYLINDRICAL_SURFACE ( 'NONE', #2818, 0.2550000000000017808 ) ;
#2141 = CARTESIAN_POINT ( 'NONE',  ( -11.50000000000000888, 0.9999999999999976685, -14.79999999999999183 ) ) ;
#2142 = ORIENTED_EDGE ( 'NONE', *, *, #213, .F. ) ;
#2143 =( LENGTH_UNIT ( ) NAMED_UNIT ( * ) SI_UNIT ( .MILLI., .METRE. ) );
#2144 = COLOUR_RGB ( '',0.7803921568627451011, 0.7607843137254901578, 0.7411764705882353255 ) ;
#2145 = VECTOR ( 'NONE', #2395, 1000.000000000000000 ) ;
#2146 = DIRECTION ( 'NONE',  ( -1.000000000000000000, -0.000000000000000000, -0.000000000000000000 ) ) ;
#2147 =( NAMED_UNIT ( * ) PLANE_ANGLE_UNIT ( ) SI_UNIT ( $, .RADIAN. ) );
#2148 = ORIENTED_EDGE ( 'NONE', *, *, #4260, .F. ) ;
#2149 = FACE_OUTER_BOUND ( 'NONE', #2302, .T. ) ;
#2150 = AXIS2_PLACEMENT_3D ( 'NONE', #1572, #3546, #3979 ) ;
#2151 = COLOUR_RGB ( '',0.7803921568627451011, 0.7607843137254901578, 0.7411764705882353255 ) ;
#2152 = SURFACE_SIDE_STYLE ('',( #2112 ) ) ;
#2153 = STYLED_ITEM ( 'NONE', ( #2444 ), #2736 ) ;
#2154 = DIRECTION ( 'NONE',  ( 0.000000000000000000, 0.000000000000000000, -1.000000000000000000 ) ) ;
#2155 = FILL_AREA_STYLE_COLOUR ( '', #3970 ) ;
#2156 = CARTESIAN_POINT ( 'NONE',  ( 5.080000000000000071, -2.000000000000000000, -14.98499999999999943 ) ) ;
#2157 = DIRECTION ( 'NONE',  ( 0.000000000000000000, 0.000000000000000000, 1.000000000000000000 ) ) ;
#2158 = COLOUR_RGB ( '',0.7803921568627451011, 0.7607843137254901578, 0.7411764705882353255 ) ;
#2159 = CARTESIAN_POINT ( 'NONE',  ( 11.99999999999999822, 0.9999999999999940048, 14.79999999999998828 ) ) ;
#2160 = COLOUR_RGB ( '',0.8431372549019607865, 0.8156862745098039102, 0.7529411764705882248 ) ;
#2161 = AXIS2_PLACEMENT_3D ( 'NONE', #3192, #417, #3213 ) ;
#2162 = PRESENTATION_LAYER_ASSIGNMENT (  '', '', ( #1257 ) ) ;
#2163 = SURFACE_SIDE_STYLE ('',( #2994 ) ) ;
#2164 = COLOUR_RGB ( '',0.8431372549019607865, 0.8156862745098039102, 0.7529411764705882248 ) ;
#2165 = CARTESIAN_POINT ( 'NONE',  ( 11.50000000000001243, 0.9999999999999940048, 14.79999999999998828 ) ) ;
#2166 = ORIENTED_EDGE ( 'NONE', *, *, #1276, .T. ) ;
#2167 = PRESENTATION_STYLE_ASSIGNMENT (( #972 ) ) ;
#2168 = EDGE_CURVE ( 'NONE', #3562, #3083, #3321, .T. ) ;
#2169 = DIRECTION ( 'NONE',  ( 0.9902680687416572924, -0.000000000000000000, 0.1391731009594468771 ) ) ;
#2170 = EDGE_CURVE ( 'NONE', #1503, #978, #2930, .T. ) ;
#2171 = MECHANICAL_DESIGN_GEOMETRIC_PRESENTATION_REPRESENTATION (  '', ( #1847 ), #847 ) ;
#2172 = EDGE_CURVE ( 'NONE', #392, #414, #3093, .T. ) ;
#2173 = ORIENTED_EDGE ( 'NONE', *, *, #27, .T. ) ;
#2174 = CARTESIAN_POINT ( 'NONE',  ( -12.00000000000000888, 0.9999999999999937828, 16.49999999999998579 ) ) ;
#2175 = CARTESIAN_POINT ( 'NONE',  ( -4.815457017597218226, 11.00099999999999945, 1.183566405789941101 ) ) ;
#2176 = ORIENTED_EDGE ( 'NONE', *, *, #2928, .F. ) ;
#2177 = EDGE_CURVE ( 'NONE', #1350, #4405, #1098, .T. ) ;
#2178 = FACE_OUTER_BOUND ( 'NONE', #2612, .T. ) ;
#2179 = DIRECTION ( 'NONE',  ( 0.000000000000000000, -1.000000000000000000, 0.000000000000000000 ) ) ;
#2180 = DIRECTION ( 'NONE',  ( -0.1391731009614775583, 0.000000000000000000, 0.9902680687413718541 ) ) ;
#2181 = SURFACE_STYLE_FILL_AREA ( #625 ) ;
#2182 = EDGE_LOOP ( 'NONE', ( #3997, #80 ) ) ;
#2183 = ADVANCED_FACE ( 'NONE', ( #3398 ), #1061, .F. ) ;
#2184 = FILL_AREA_STYLE ('',( #3776 ) ) ;
#2185 = CIRCLE ( 'NONE', #3333, 0.2550000000000000044 ) ;
#2186 =( NAMED_UNIT ( * ) PLANE_ANGLE_UNIT ( ) SI_UNIT ( $, .RADIAN. ) );
#2187 =( LENGTH_UNIT ( ) NAMED_UNIT ( * ) SI_UNIT ( .MILLI., .METRE. ) );
#2188 = ORIENTED_EDGE ( 'NONE', *, *, #3221, .T. ) ;
#2189 = ORIENTED_EDGE ( 'NONE', *, *, #478, .T. ) ;
#2190 = FILL_AREA_STYLE_COLOUR ( '', #709 ) ;
#2191 = EDGE_CURVE ( 'NONE', #1341, #1271, #1906, .T. ) ;
#2192 = PLANE ( 'NONE',  #248 ) ;
#2193 =( LENGTH_UNIT ( ) NAMED_UNIT ( * ) SI_UNIT ( .MILLI., .METRE. ) );
#2194 = ORIENTED_EDGE ( 'NONE', *, *, #789, .T. ) ;
#2195 = DIRECTION ( 'NONE',  ( 0.000000000000000000, 0.000000000000000000, -1.000000000000000000 ) ) ;
#2196 = CIRCLE ( 'NONE', #461, 1.203626853345702408 ) ;
#2197 = CARTESIAN_POINT ( 'NONE',  ( -2.540000000000000036, 2.000000000000000000, -15.24000000000000021 ) ) ;
#2198 = MECHANICAL_DESIGN_GEOMETRIC_PRESENTATION_REPRESENTATION (  '', ( #1367 ), #2864 ) ;
#2199 = DIRECTION ( 'NONE',  ( -1.000000000000000000, 0.000000000000000000, 0.000000000000000000 ) ) ;
#2200 = PLANE ( 'NONE',  #2408 ) ;
#2201 = ORIENTED_EDGE ( 'NONE', *, *, #4373, .F. ) ;
#2202 = AXIS2_PLACEMENT_3D ( 'NONE', #3247, #4797, #1252 ) ;
#2203 =( LENGTH_UNIT ( ) NAMED_UNIT ( * ) SI_UNIT ( .MILLI., .METRE. ) );
#2204 =( NAMED_UNIT ( * ) PLANE_ANGLE_UNIT ( ) SI_UNIT ( $, .RADIAN. ) );
#2205 = PRESENTATION_STYLE_ASSIGNMENT (( #3013 ) ) ;
#2206 = VERTEX_POINT ( 'NONE', #1429 ) ;
#2207 = DIRECTION ( 'NONE',  ( -0.000000000000000000, -1.000000000000000000, -0.000000000000000000 ) ) ;
#2208 = AXIS2_PLACEMENT_3D ( 'NONE', #4616, #604, #984 ) ;
#2209 = EDGE_CURVE ( 'NONE', #3451, #2352, #2989, .T. ) ;
#2210 =( NAMED_UNIT ( * ) SI_UNIT ( $, .STERADIAN. ) SOLID_ANGLE_UNIT ( ) );
#2211 = FILL_AREA_STYLE ('',( #4621 ) ) ;
#2212 = SURFACE_STYLE_USAGE ( .BOTH. , #4210 ) ;
#2213 = ORIENTED_EDGE ( 'NONE', *, *, #2873, .T. ) ;
#2214 = LINE ( 'NONE', #3106, #2703 ) ;
#2215 = VECTOR ( 'NONE', #1995, 1000.000000000000000 ) ;
#2216 =( NAMED_UNIT ( * ) SI_UNIT ( $, .STERADIAN. ) SOLID_ANGLE_UNIT ( ) );
#2217 = PRESENTATION_STYLE_ASSIGNMENT (( #5049 ) ) ;
#2218 = ORIENTED_EDGE ( 'NONE', *, *, #2782, .T. ) ;
#2219 = VECTOR ( 'NONE', #2888, 1000.000000000000000 ) ;
#2220 =( LENGTH_UNIT ( ) NAMED_UNIT ( * ) SI_UNIT ( .MILLI., .METRE. ) );
#2221 = EDGE_LOOP ( 'NONE', ( #2975, #3400, #637, #1441 ) ) ;
#2222 = CYLINDRICAL_SURFACE ( 'NONE', #2042, 0.2550000000000000044 ) ;
#2223 =( NAMED_UNIT ( * ) PLANE_ANGLE_UNIT ( ) SI_UNIT ( $, .RADIAN. ) );
#2224 = ORIENTED_EDGE ( 'NONE', *, *, #2784, .F. ) ;
#2225 = SURFACE_SIDE_STYLE ('',( #3824 ) ) ;
#2226 = FILL_AREA_STYLE_COLOUR ( '', #4608 ) ;
#2227 = CIRCLE ( 'NONE', #1666, 1.203626853345702408 ) ;
#2228 = ADVANCED_FACE ( 'NONE', ( #2257 ), #2636, .F. ) ;
#2229 = FILL_AREA_STYLE_COLOUR ( '', #1261 ) ;
#2230 = LINE ( 'NONE', #3429, #503 ) ;
#2231 = ORIENTED_EDGE ( 'NONE', *, *, #4941, .T. ) ;
#2232 = DIRECTION ( 'NONE',  ( 1.000000000000000000, 0.000000000000000000, 0.000000000000000000 ) ) ;
#2233 = CARTESIAN_POINT ( 'NONE',  ( 4.862495803304712538, 11.00099999999999945, 11.94109450128913608 ) ) ;
#2234 = PRESENTATION_LAYER_ASSIGNMENT (  '', '', ( #2392 ) ) ;
#2235 = STYLED_ITEM ( 'NONE', ( #378 ), #3407 ) ;
#2236 = PRESENTATION_LAYER_ASSIGNMENT (  '', '', ( #4083 ) ) ;
#2237 = EDGE_CURVE ( 'NONE', #3206, #1980, #2583, .T. ) ;
#2238 = FACE_OUTER_BOUND ( 'NONE', #833, .T. ) ;
#2239 = STYLED_ITEM ( 'NONE', ( #79 ), #4795 ) ;
#2240 = AXIS2_PLACEMENT_3D ( 'NONE', #3472, #3610, #538 ) ;
#2241 = FILL_AREA_STYLE ('',( #4981 ) ) ;
#2242 = ORIENTED_EDGE ( 'NONE', *, *, #420, .T. ) ;
#2243 =( GEOMETRIC_REPRESENTATION_CONTEXT ( 3 ) GLOBAL_UNCERTAINTY_ASSIGNED_CONTEXT ( ( #903 ) ) GLOBAL_UNIT_ASSIGNED_CONTEXT ( ( #1843, #2147, #3744 ) ) REPRESENTATION_CONTEXT ( 'NONE', 'WORKASPACE' ) );
#2244 = SURFACE_SIDE_STYLE ('',( #664 ) ) ;
#2245 = PRESENTATION_LAYER_ASSIGNMENT (  '', '', ( #4515 ) ) ;
#2246 = VERTEX_POINT ( 'NONE', #2610 ) ;
#2247 = DIRECTION ( 'NONE',  ( -0.7944128231036344800, 0.000000000000000000, 0.6073781906592577995 ) ) ;
#2248 = DIRECTION ( 'NONE',  ( 0.000000000000000000, -1.000000000000000000, 0.000000000000000000 ) ) ;
#2249 = VERTEX_POINT ( 'NONE', #4226 ) ;
#2250 = FILL_AREA_STYLE ('',( #1469 ) ) ;
#2251 = EDGE_CURVE ( 'NONE', #4494, #1568, #2032, .T. ) ;
#2252 = PLANE ( 'NONE',  #4469 ) ;
#2253 =( NAMED_UNIT ( * ) SI_UNIT ( $, .STERADIAN. ) SOLID_ANGLE_UNIT ( ) );
#2254 = VERTEX_POINT ( 'NONE', #3538 ) ;
#2255 = DIRECTION ( 'NONE',  ( 0.000000000000000000, 0.000000000000000000, 1.000000000000000000 ) ) ;
#2256 = LINE ( 'NONE', #1566, #3711 ) ;
#2257 = FACE_OUTER_BOUND ( 'NONE', #1234, .T. ) ;
#2258 = CARTESIAN_POINT ( 'NONE',  ( 2.540000000000000036, 1.500000000000000000, -15.24000000000000021 ) ) ;
#2259 = ORIENTED_EDGE ( 'NONE', *, *, #3427, .F. ) ;
#2260 =( NAMED_UNIT ( * ) SI_UNIT ( $, .STERADIAN. ) SOLID_ANGLE_UNIT ( ) );
#2261 =( NAMED_UNIT ( * ) PLANE_ANGLE_UNIT ( ) SI_UNIT ( $, .RADIAN. ) );
#2262 = UNCERTAINTY_MEASURE_WITH_UNIT (LENGTH_MEASURE( 1.000000000000000082E-05 ), #4915, 'distance_accuracy_value', 'NONE');
#2263 = STYLED_ITEM ( 'NONE', ( #2304 ), #1433 ) ;
#2264 = ORIENTED_EDGE ( 'NONE', *, *, #555, .F. ) ;
#2265 = LINE ( 'NONE', #1496, #2942 ) ;
#2266 = ORIENTED_EDGE ( 'NONE', *, *, #3975, .T. ) ;
#2267 = FACE_OUTER_BOUND ( 'NONE', #1917, .T. ) ;
#2268 = LINE ( 'NONE', #1972, #1883 ) ;
#2269 = ORIENTED_EDGE ( 'NONE', *, *, #3064, .T. ) ;
#2270 = MECHANICAL_DESIGN_GEOMETRIC_PRESENTATION_REPRESENTATION (  '', ( #3862 ), #3144 ) ;
#2271 = ORIENTED_EDGE ( 'NONE', *, *, #489, .T. ) ;
#2272 =( NAMED_UNIT ( * ) PLANE_ANGLE_UNIT ( ) SI_UNIT ( $, .RADIAN. ) );
#2273 = DIRECTION ( 'NONE',  ( 0.000000000000000000, 0.000000000000000000, 1.000000000000000000 ) ) ;
#2274 = SURFACE_STYLE_FILL_AREA ( #696 ) ;
#2275 = ORIENTED_EDGE ( 'NONE', *, *, #107, .F. ) ;
#2276 = SURFACE_STYLE_USAGE ( .BOTH. , #2225 ) ;
#2277 = DIRECTION ( 'NONE',  ( -0.6560590289895824601, 0.000000000000000000, -0.7547095802235758155 ) ) ;
#2278 = UNCERTAINTY_MEASURE_WITH_UNIT (LENGTH_MEASURE( 1.000000000000000082E-05 ), #569, 'distance_accuracy_value', 'NONE');
#2279 = VECTOR ( 'NONE', #4407, 1000.000000000000000 ) ;
#2280 =( NAMED_UNIT ( * ) PLANE_ANGLE_UNIT ( ) SI_UNIT ( $, .RADIAN. ) );
#2281 = EDGE_LOOP ( 'NONE', ( #1728, #1411, #3095, #4606 ) ) ;
#2282 = CIRCLE ( 'NONE', #2767, 0.2550000000000000044 ) ;
#2283 = EDGE_CURVE ( 'NONE', #1711, #3745, #2758, .T. ) ;
#2284 = DIRECTION ( 'NONE',  ( 0.000000000000000000, 1.000000000000000000, 0.000000000000000000 ) ) ;
#2285 = MECHANICAL_DESIGN_GEOMETRIC_PRESENTATION_REPRESENTATION (  '', ( #1550 ), #2605 ) ;
#2286 = MECHANICAL_DESIGN_GEOMETRIC_PRESENTATION_REPRESENTATION (  '', ( #2124 ), #60 ) ;
#2287 = STYLED_ITEM ( 'NONE', ( #3590 ), #4440 ) ;
#2288 = PLANE ( 'NONE',  #5160 ) ;
#2289 = ORIENTED_EDGE ( 'NONE', *, *, #4378, .T. ) ;
#2290 = CARTESIAN_POINT ( 'NONE',  ( 6.433742130864104958, 11.00099999999999945, -12.69826330279913229 ) ) ;
#2291 = UNCERTAINTY_MEASURE_WITH_UNIT (LENGTH_MEASURE( 1.000000000000000082E-05 ), #4291, 'distance_accuracy_value', 'NONE');
#2292 = EDGE_LOOP ( 'NONE', ( #2189, #2166 ) ) ;
#2293 = SURFACE_STYLE_USAGE ( .BOTH. , #3441 ) ;
#2294 = FACE_OUTER_BOUND ( 'NONE', #2438, .T. ) ;
#2295 = VERTEX_POINT ( 'NONE', #3124 ) ;
#2296 = DIRECTION ( 'NONE',  ( -0.000000000000000000, -1.000000000000000000, -0.000000000000000000 ) ) ;
#2297 = EDGE_CURVE ( 'NONE', #3383, #2868, #380, .T. ) ;
#2298 =( LENGTH_UNIT ( ) NAMED_UNIT ( * ) SI_UNIT ( .MILLI., .METRE. ) );
#2299 = PRESENTATION_LAYER_ASSIGNMENT (  '', '', ( #3142 ) ) ;
#2300 = CARTESIAN_POINT ( 'NONE',  ( 10.00000000000000533, 0.000000000000000000, -16.49999999999998934 ) ) ;
#2301 = ORIENTED_EDGE ( 'NONE', *, *, #2923, .F. ) ;
#2302 = EDGE_LOOP ( 'NONE', ( #2097, #2462, #772, #345 ) ) ;
#2303 = FILL_AREA_STYLE_COLOUR ( '', #3709 ) ;
#2304 = PRESENTATION_STYLE_ASSIGNMENT (( #233 ) ) ;
#2305 = LINE ( 'NONE', #4692, #3156 ) ;
#2306 =( NAMED_UNIT ( * ) PLANE_ANGLE_UNIT ( ) SI_UNIT ( $, .RADIAN. ) );
#2307 = VERTEX_POINT ( 'NONE', #1232 ) ;
#2308 = EDGE_CURVE ( 'NONE', #1271, #970, #2809, .T. ) ;
#2309 = PRESENTATION_LAYER_ASSIGNMENT (  '', '', ( #1733 ) ) ;
#2310 = LINE ( 'NONE', #2647, #1992 ) ;
#2311 = STYLED_ITEM ( 'NONE', ( #3675 ), #3181 ) ;
#2312 = ADVANCED_FACE ( 'NONE', ( #4364 ), #2357, .T. ) ;
#2313 = VECTOR ( 'NONE', #682, 1000.000000000000000 ) ;
#2314 = STYLED_ITEM ( 'NONE', ( #1320 ), #3612 ) ;
#2315 = CIRCLE ( 'NONE', #4993, 0.2550000000000017808 ) ;
#2316 = FILL_AREA_STYLE ('',( #744 ) ) ;
#2317 = ORIENTED_EDGE ( 'NONE', *, *, #4811, .F. ) ;
#2318 = LINE ( 'NONE', #3959, #2734 ) ;
#2319 =( LENGTH_UNIT ( ) NAMED_UNIT ( * ) SI_UNIT ( .MILLI., .METRE. ) );
#2320 = MECHANICAL_DESIGN_GEOMETRIC_PRESENTATION_REPRESENTATION (  '', ( #2651 ), #999 ) ;
#2321 = ORIENTED_EDGE ( 'NONE', *, *, #3868, .T. ) ;
#2322 = COLOUR_RGB ( '',0.7803921568627451011, 0.7607843137254901578, 0.7411764705882353255 ) ;
#2323 = LINE ( 'NONE', #3939, #2436 ) ;
#2324 = EDGE_CURVE ( 'NONE', #1288, #2345, #3601, .T. ) ;
#2325 = SURFACE_SIDE_STYLE ('',( #3114 ) ) ;
#2326 = ORIENTED_EDGE ( 'NONE', *, *, #1569, .F. ) ;
#2327 = AXIS2_PLACEMENT_3D ( 'NONE', #2013, #2336, #834 ) ;
#2328 = ORIENTED_EDGE ( 'NONE', *, *, #3704, .F. ) ;
#2329 = AXIS2_PLACEMENT_3D ( 'NONE', #1058, #4610, #4968 ) ;
#2330 = SURFACE_STYLE_USAGE ( .BOTH. , #2406 ) ;
#2331 = FILL_AREA_STYLE ('',( #4309 ) ) ;
#2332 = CARTESIAN_POINT ( 'NONE',  ( 2.540000000000000036, 2.000000000000000000, 15.24000000000000021 ) ) ;
#2333 =( NAMED_UNIT ( * ) SI_UNIT ( $, .STERADIAN. ) SOLID_ANGLE_UNIT ( ) );
#2334 = ORIENTED_EDGE ( 'NONE', *, *, #1316, .F. ) ;
#2335 = PRESENTATION_STYLE_ASSIGNMENT (( #2727 ) ) ;
#2336 = DIRECTION ( 'NONE',  ( 0.000000000000000000, -1.000000000000000000, 0.000000000000000000 ) ) ;
#2337 = LINE ( 'NONE', #3950, #3929 ) ;
#2338 = LINE ( 'NONE', #1916, #4319 ) ;
#2339 = STYLED_ITEM ( 'NONE', ( #1196 ), #636 ) ;
#2340 = ORIENTED_EDGE ( 'NONE', *, *, #2616, .F. ) ;
#2341 = ADVANCED_FACE ( 'NONE', ( #3568 ), #4339, .T. ) ;
#2342 = LINE ( 'NONE', #3934, #754 ) ;
#2343 =( LENGTH_UNIT ( ) NAMED_UNIT ( * ) SI_UNIT ( .MILLI., .METRE. ) );
#2344 = SURFACE_SIDE_STYLE ('',( #4324 ) ) ;
#2345 = VERTEX_POINT ( 'NONE', #2522 ) ;
#2346 = PRESENTATION_LAYER_ASSIGNMENT (  '', '', ( #4112 ) ) ;
#2347 = DIRECTION ( 'NONE',  ( 0.000000000000000000, 0.000000000000000000, 1.000000000000000000 ) ) ;
#2348 = UNCERTAINTY_MEASURE_WITH_UNIT (LENGTH_MEASURE( 1.000000000000000082E-05 ), #939, 'distance_accuracy_value', 'NONE');
#2349 = EDGE_CURVE ( 'NONE', #170, #4405, #3670, .T. ) ;
#2350 = DIRECTION ( 'NONE',  ( 0.000000000000000000, -1.000000000000000000, 0.000000000000000000 ) ) ;
#2351 = LINE ( 'NONE', #1899, #91 ) ;
#2352 = VERTEX_POINT ( 'NONE', #2429 ) ;
#2353 = VERTEX_POINT ( 'NONE', #4893 ) ;
#2354 = CARTESIAN_POINT ( 'NONE',  ( -4.482778196424058947, 11.00099999999999945, -1.183566405789941101 ) ) ;
#2355 = DIRECTION ( 'NONE',  ( -0.000000000000000000, -1.000000000000000000, -0.000000000000000000 ) ) ;
#2356 = CARTESIAN_POINT ( 'NONE',  ( -6.433742130864334996, 11.00099999999999945, 12.69826330279933835 ) ) ;
#2357 = CYLINDRICAL_SURFACE ( 'NONE', #3927, 1.203626853345702408 ) ;
#2358 = SURFACE_SIDE_STYLE ('',( #4695 ) ) ;
#2359 = ORIENTED_EDGE ( 'NONE', *, *, #3471, .F. ) ;
#2360 =( BOUNDED_CURVE ( )  B_SPLINE_CURVE ( 3, ( #3850, #1449, #600, #1040 ),
 .UNSPECIFIED., .F., .T. ) 
 B_SPLINE_CURVE_WITH_KNOTS ( ( 4, 4 ),
 ( 1.570796326794896558, 3.141592653589793116 ),
 .UNSPECIFIED. ) 
 CURVE ( )  GEOMETRIC_REPRESENTATION_ITEM ( )  RATIONAL_B_SPLINE_CURVE ( ( 1.000000000000000000, 0.8047378541243649375, 0.8047378541243649375, 1.000000000000000000 ) ) 
 REPRESENTATION_ITEM ( '' )  );
#2361 = DIRECTION ( 'NONE',  ( -1.000000000000000000, 0.000000000000000000, 0.000000000000000000 ) ) ;
#2362 = PRESENTATION_LAYER_ASSIGNMENT (  '', '', ( #790 ) ) ;
#2363 = DIRECTION ( 'NONE',  ( 1.000000000000000000, -0.000000000000000000, -0.000000000000000000 ) ) ;
#2364 = CYLINDRICAL_SURFACE ( 'NONE', #2150, 0.2550000000000000044 ) ;
#2365 = EDGE_CURVE ( 'NONE', #1202, #3790, #566, .T. ) ;
#2366 =( NAMED_UNIT ( * ) PLANE_ANGLE_UNIT ( ) SI_UNIT ( $, .RADIAN. ) );
#2367 = CIRCLE ( 'NONE', #4389, 2.551318690962586011 ) ;
#2368 = ORIENTED_EDGE ( 'NONE', *, *, #1264, .F. ) ;
#2369 = SURFACE_STYLE_FILL_AREA ( #4815 ) ;
#2370 = FILL_AREA_STYLE ('',( #1996 ) ) ;
#2371 = EDGE_LOOP ( 'NONE', ( #3411, #2326, #3796, #3230 ) ) ;
#2372 =( NAMED_UNIT ( * ) PLANE_ANGLE_UNIT ( ) SI_UNIT ( $, .RADIAN. ) );
#2373 = SURFACE_SIDE_STYLE ('',( #1243 ) ) ;
#2374 = FILL_AREA_STYLE ('',( #416 ) ) ;
#2375 = ORIENTED_EDGE ( 'NONE', *, *, #2446, .F. ) ;
#2376 = VERTEX_POINT ( 'NONE', #2052 ) ;
#2377 = CYLINDRICAL_SURFACE ( 'NONE', #1715, 2.551318690961200897 ) ;
#2378 = DIRECTION ( 'NONE',  ( 0.000000000000000000, 0.9805806756909198896, 0.1961161351381856544 ) ) ;
#2379 = DIRECTION ( 'NONE',  ( 0.000000000000000000, 0.000000000000000000, 1.000000000000000000 ) ) ;
#2380 = ORIENTED_EDGE ( 'NONE', *, *, #1473, .F. ) ;
#2381 = ADVANCED_BREP_SHAPE_REPRESENTATION ( 'LED-SEG7-1.0-1DIG', ( #4974, #3140 ), #321 ) ;
#2382 = LINE ( 'NONE', #428, #4590 ) ;
#2383 = CARTESIAN_POINT ( 'NONE',  ( 3.197171904350071703, 11.00000000000000000, 10.33113049121951121 ) ) ;
#2384 = ADVANCED_FACE ( 'NONE', ( #2501 ), #186, .T. ) ;
#2385 = DIRECTION ( 'NONE',  ( 1.543119997218447926E-32, 1.000000000000000000, 1.245367360287404601E-16 ) ) ;
#2386 = EDGE_CURVE ( 'NONE', #1111, #338, #4493, .T. ) ;
#2387 = EDGE_CURVE ( 'NONE', #5095, #535, #4822, .T. ) ;
#2388 = EDGE_CURVE ( 'NONE', #26, #2353, #2567, .T. ) ;
#2389 = LINE ( 'NONE', #1236, #2456 ) ;
#2390 = DIRECTION ( 'NONE',  ( 0.000000000000000000, -1.000000000000000000, 0.000000000000000000 ) ) ;
#2391 = CIRCLE ( 'NONE', #574, 0.2550000000000017808 ) ;
#2392 = STYLED_ITEM ( 'NONE', ( #25 ), #5109 ) ;
#2393 = FILL_AREA_STYLE ('',( #2684 ) ) ;
#2394 = CYLINDRICAL_SURFACE ( 'NONE', #176, 0.2550000000000017808 ) ;
#2395 = DIRECTION ( 'NONE',  ( -0.000000000000000000, -1.000000000000000000, -0.000000000000000000 ) ) ;
#2396 = LINE ( 'NONE', #439, #863 ) ;
#2397 = ORIENTED_EDGE ( 'NONE', *, *, #2056, .F. ) ;
#2398 = COLOUR_RGB ( '',0.8431372549019607865, 0.8156862745098039102, 0.7529411764705882248 ) ;
#2399 = CARTESIAN_POINT ( 'NONE',  ( -4.732453708476182186, 11.00000000000000000, -12.06448419708566533 ) ) ;
#2400 = CARTESIAN_POINT ( 'NONE',  ( 0.000000000000000000, 0.000000000000000000, 0.000000000000000000 ) ) ;
#2401 = AXIS2_PLACEMENT_3D ( 'NONE', #1303, #2450, #912 ) ;
#2402 = COLOUR_RGB ( '',0.8431372549019607865, 0.8156862745098039102, 0.7529411764705882248 ) ;
#2403 = DIRECTION ( 'NONE',  ( 0.000000000000000000, -1.000000000000000000, 0.000000000000000000 ) ) ;
#2404 = SURFACE_STYLE_USAGE ( .BOTH. , #726 ) ;
#2405 = EDGE_CURVE ( 'NONE', #4586, #3888, #1302, .T. ) ;
#2406 = SURFACE_SIDE_STYLE ('',( #1228 ) ) ;
#2407 = MECHANICAL_DESIGN_GEOMETRIC_PRESENTATION_REPRESENTATION (  '', ( #3666 ), #4670 ) ;
#2408 = AXIS2_PLACEMENT_3D ( 'NONE', #4248, #155, #4713 ) ;
#2409 =( GEOMETRIC_REPRESENTATION_CONTEXT ( 3 ) GLOBAL_UNCERTAINTY_ASSIGNED_CONTEXT ( ( #2041 ) ) GLOBAL_UNIT_ASSIGNED_CONTEXT ( ( #2822, #3342, #1272 ) ) REPRESENTATION_CONTEXT ( 'NONE', 'WORKASPACE' ) );
#2410 = LINE ( 'NONE', #3216, #4165 ) ;
#2411 = MECHANICAL_DESIGN_GEOMETRIC_PRESENTATION_REPRESENTATION (  '', ( #1511 ), #1530 ) ;
#2412 = DIRECTION ( 'NONE',  ( -0.000000000000000000, -1.000000000000000000, -0.000000000000000000 ) ) ;
#2413 = COLOUR_RGB ( '',0.8431372549019607865, 0.8156862745098039102, 0.7529411764705882248 ) ;
#2414 = ORIENTED_EDGE ( 'NONE', *, *, #1018, .T. ) ;
#2415 = DIRECTION ( 'NONE',  ( 0.000000000000000000, -0.9805806756909198896, -0.1961161351381856544 ) ) ;
#2416 =( NAMED_UNIT ( * ) SI_UNIT ( $, .STERADIAN. ) SOLID_ANGLE_UNIT ( ) );
#2417 = DIRECTION ( 'NONE',  ( 0.000000000000000000, 0.000000000000000000, -1.000000000000000000 ) ) ;
#2418 = SURFACE_STYLE_FILL_AREA ( #4779 ) ;
#2419 = ORIENTED_EDGE ( 'NONE', *, *, #3798, .T. ) ;
#2420 = FACE_OUTER_BOUND ( 'NONE', #796, .T. ) ;
#2421 = VERTEX_POINT ( 'NONE', #4141 ) ;
#2422 = SURFACE_STYLE_USAGE ( .BOTH. , #72 ) ;
#2423 = FILL_AREA_STYLE ('',( #4845 ) ) ;
#2424 = FILL_AREA_STYLE_COLOUR ( '', #2901 ) ;
#2425 = LINE ( 'NONE', #178, #2072 ) ;
#2426 = ADVANCED_FACE ( 'NONE', ( #3718 ), #3694, .F. ) ;
#2427 = STYLED_ITEM ( 'NONE', ( #3296 ), #1719 ) ;
#2428 =( GEOMETRIC_REPRESENTATION_CONTEXT ( 3 ) GLOBAL_UNCERTAINTY_ASSIGNED_CONTEXT ( ( #1151 ) ) GLOBAL_UNIT_ASSIGNED_CONTEXT ( ( #4884, #3282, #1727 ) ) REPRESENTATION_CONTEXT ( 'NONE', 'WORKASPACE' ) );
#2429 = CARTESIAN_POINT ( 'NONE',  ( 2.540000000000000036, 1.500000000000000000, 15.49500000000000099 ) ) ;
#2430 = CARTESIAN_POINT ( 'NONE',  ( -5.080000000000000071, -2.000000000000000000, -15.23999999999999844 ) ) ;
#2431 = ORIENTED_EDGE ( 'NONE', *, *, #897, .T. ) ;
#2432 = CARTESIAN_POINT ( 'NONE',  ( -12.00000000000000888, 3.673940397442057600E-15, -14.99999999999999289 ) ) ;
#2433 = UNCERTAINTY_MEASURE_WITH_UNIT (LENGTH_MEASURE( 1.000000000000000082E-05 ), #2113, 'distance_accuracy_value', 'NONE');
#2434 = CARTESIAN_POINT ( 'NONE',  ( 3.042464078434333530, 11.00099999999999945, 10.15315949595104250 ) ) ;
#2435 = LINE ( 'NONE', #4106, #2059 ) ;
#2436 = VECTOR ( 'NONE', #5140, 1000.000000000000000 ) ;
#2437 = MECHANICAL_DESIGN_GEOMETRIC_PRESENTATION_REPRESENTATION (  '', ( #134 ), #1788 ) ;
#2438 = EDGE_LOOP ( 'NONE', ( #239, #757, #3197, #4382 ) ) ;
#2439 = DIRECTION ( 'NONE',  ( -0.000000000000000000, -1.000000000000000000, -0.000000000000000000 ) ) ;
#2440 = STYLED_ITEM ( 'NONE', ( #3883 ), #792 ) ;
#2441 = EDGE_LOOP ( 'NONE', ( #4198, #5144, #2289, #3255 ) ) ;
#2442 = FACE_OUTER_BOUND ( 'NONE', #1956, .T. ) ;
#2443 = LINE ( 'NONE', #3631, #873 ) ;
#2444 = PRESENTATION_STYLE_ASSIGNMENT (( #486 ) ) ;
#2445 =( NAMED_UNIT ( * ) PLANE_ANGLE_UNIT ( ) SI_UNIT ( $, .RADIAN. ) );
#2446 = EDGE_CURVE ( 'NONE', #3888, #1086, #1188, .T. ) ;
#2447 =( NAMED_UNIT ( * ) PLANE_ANGLE_UNIT ( ) SI_UNIT ( $, .RADIAN. ) );
#2448 = EDGE_LOOP ( 'NONE', ( #4549, #5041, #4728, #4044 ) ) ;
#2449 = CARTESIAN_POINT ( 'NONE',  ( 11.00000000000001066, 1.500000000000000000, -15.99999999999998934 ) ) ;
#2450 = DIRECTION ( 'NONE',  ( 0.000000000000000000, 1.000000000000000000, 0.000000000000000000 ) ) ;
#2451 = VERTEX_POINT ( 'NONE', #3449 ) ;
#2452 = PLANE ( 'NONE',  #2090 ) ;
#2453 = PRODUCT_DEFINITION_FORMATION_WITH_SPECIFIED_SOURCE ( 'ANY', '', #3955, .NOT_KNOWN. ) ;
#2454 = COLOUR_RGB ( '',0.8431372549019607865, 0.8156862745098039102, 0.7529411764705882248 ) ;
#2455 = CARTESIAN_POINT ( 'NONE',  ( -2.864493083157178432, 11.00099999999999945, -12.69826330279913229 ) ) ;
#2456 = VECTOR ( 'NONE', #1214, 1000.000000000000114 ) ;
#2457 = DIRECTION ( 'NONE',  ( -0.000000000000000000, -0.000000000000000000, -1.000000000000000000 ) ) ;
#2458 = EDGE_CURVE ( 'NONE', #2517, #3465, #282, .T. ) ;
#2459 = CARTESIAN_POINT ( 'NONE',  ( 4.854667192020922784, 11.00000000000000000, -1.462561293668101614 ) ) ;
#2460 = EDGE_CURVE ( 'NONE', #1900, #4586, #1937, .T. ) ;
#2461 =( LENGTH_UNIT ( ) NAMED_UNIT ( * ) SI_UNIT ( .MILLI., .METRE. ) );
#2462 = ORIENTED_EDGE ( 'NONE', *, *, #3778, .T. ) ;
#2463 = SURFACE_SIDE_STYLE ('',( #4375 ) ) ;
#2464 = EDGE_CURVE ( 'NONE', #3117, #4414, #2600, .T. ) ;
#2465 = ORIENTED_EDGE ( 'NONE', *, *, #81, .T. ) ;
#2466 = PRESENTATION_STYLE_ASSIGNMENT (( #901 ) ) ;
#2467 = DIRECTION ( 'NONE',  ( 0.000000000000000000, 1.000000000000000000, 0.000000000000000000 ) ) ;
#2468 = MECHANICAL_DESIGN_GEOMETRIC_PRESENTATION_REPRESENTATION (  '', ( #82 ), #1663 ) ;
#2469 =( LENGTH_UNIT ( ) NAMED_UNIT ( * ) SI_UNIT ( .MILLI., .METRE. ) );
#2470 = AXIS2_PLACEMENT_3D ( 'NONE', #5136, #1552, #770 ) ;
#2471 = STYLED_ITEM ( 'NONE', ( #1836 ), #2755 ) ;
#2472 =( NAMED_UNIT ( * ) PLANE_ANGLE_UNIT ( ) SI_UNIT ( $, .RADIAN. ) );
#2473 = VERTEX_POINT ( 'NONE', #3766 ) ;
#2474 = DIRECTION ( 'NONE',  ( -0.000000000000000000, -1.000000000000000000, -0.000000000000000000 ) ) ;
#2475 = MECHANICAL_DESIGN_GEOMETRIC_PRESENTATION_REPRESENTATION (  '', ( #3311 ), #4911 ) ;
#2476 = EDGE_CURVE ( 'NONE', #620, #1464, #517, .T. ) ;
#2477 = PRESENTATION_LAYER_ASSIGNMENT (  '', '', ( #2077 ) ) ;
#2478 = CARTESIAN_POINT ( 'NONE',  ( -9.800000000000000711, 0.9999999999999974465, -17.00000000000001066 ) ) ;
#2479 = CARTESIAN_POINT ( 'NONE',  ( -12.00000000000000533, 0.000000000000000000, -17.00000000000001066 ) ) ;
#2480 = DIRECTION ( 'NONE',  ( 0.000000000000000000, 0.000000000000000000, -1.000000000000000000 ) ) ;
#2481 = EDGE_LOOP ( 'NONE', ( #776, #4977, #3430, #2951 ) ) ;
#2482 = PRESENTATION_LAYER_ASSIGNMENT (  '', '', ( #2009 ) ) ;
#2483 =( NAMED_UNIT ( * ) PLANE_ANGLE_UNIT ( ) SI_UNIT ( $, .RADIAN. ) );
#2484 = SURFACE_SIDE_STYLE ('',( #4775 ) ) ;
#2485 = PLANE ( 'NONE',  #469 ) ;
#2486 = CARTESIAN_POINT ( 'NONE',  ( -2.540000000000000036, -2.000000000000000000, -15.49500000000000099 ) ) ;
#2487 = DIRECTION ( 'NONE',  ( 0.000000000000000000, -1.000000000000000000, 0.000000000000000000 ) ) ;
#2488 =( GEOMETRIC_REPRESENTATION_CONTEXT ( 3 ) GLOBAL_UNCERTAINTY_ASSIGNED_CONTEXT ( ( #4702 ) ) GLOBAL_UNIT_ASSIGNED_CONTEXT ( ( #4001, #158, #4144 ) ) REPRESENTATION_CONTEXT ( 'NONE', 'WORKASPACE' ) );
#2489 = CARTESIAN_POINT ( 'NONE',  ( 5.877292712060164348, 11.00000000000000000, -0.1250308409102711682 ) ) ;
#2490 = UNCERTAINTY_MEASURE_WITH_UNIT (LENGTH_MEASURE( 1.000000000000000082E-05 ), #2905, 'distance_accuracy_value', 'NONE');
#2491 = CARTESIAN_POINT ( 'NONE',  ( -4.815457017597218226, 11.00000000000000000, 1.183566405789941101 ) ) ;
#2492 = CARTESIAN_POINT ( 'NONE',  ( 4.437710207380106020, 11.00099999999999945, 1.504241810421581782 ) ) ;
#2493 = ORIENTED_EDGE ( 'NONE', *, *, #1789, .F. ) ;
#2494 =( GEOMETRIC_REPRESENTATION_CONTEXT ( 3 ) GLOBAL_UNCERTAINTY_ASSIGNED_CONTEXT ( ( #1095 ) ) GLOBAL_UNIT_ASSIGNED_CONTEXT ( ( #1669, #2472, #1758 ) ) REPRESENTATION_CONTEXT ( 'NONE', 'WORKASPACE' ) );
#2495 = PLANE ( 'NONE',  #3909 ) ;
#2496 = CARTESIAN_POINT ( 'NONE',  ( -6.279034304946791600, 11.00099999999999945, 10.48583831713804670 ) ) ;
#2497 = ADVANCED_FACE ( 'NONE', ( #3389 ), #4558, .F. ) ;
#2498 = EDGE_CURVE ( 'NONE', #1211, #3014, #5027, .T. ) ;
#2499 = STYLED_ITEM ( 'NONE', ( #2217 ), #597 ) ;
#2500 = VECTOR ( 'NONE', #1050, 1000.000000000000114 ) ;
#2501 = FACE_OUTER_BOUND ( 'NONE', #2721, .T. ) ;
#2502 = PRESENTATION_STYLE_ASSIGNMENT (( #3196 ) ) ;
#2503 = ORIENTED_EDGE ( 'NONE', *, *, #2576, .F. ) ;
#2504 = FILL_AREA_STYLE_COLOUR ( '', #1023 ) ;
#2505 = DIRECTION ( 'NONE',  ( -0.7547095802237134832, 0.000000000000000000, 0.6560590289894242533 ) ) ;
#2506 = CARTESIAN_POINT ( 'NONE',  ( -4.732453708476182186, 11.00099999999999945, -12.06448419708566533 ) ) ;
#2507 =( NAMED_UNIT ( * ) SI_UNIT ( $, .STERADIAN. ) SOLID_ANGLE_UNIT ( ) );
#2508 = PRESENTATION_STYLE_ASSIGNMENT (( #4547 ) ) ;
#2509 = DIRECTION ( 'NONE',  ( 0.000000000000000000, 0.000000000000000000, -1.000000000000000000 ) ) ;
#2510 = EDGE_LOOP ( 'NONE', ( #1029, #4982, #4313, #3918, #5045, #2935 ) ) ;
#2511 = PRESENTATION_LAYER_ASSIGNMENT (  '', '', ( #3199 ) ) ;
#2512 = CARTESIAN_POINT ( 'NONE',  ( -5.995713717026618816, 11.00099999999999945, 0.1316083774495941938 ) ) ;
#2513 = PLANE ( 'NONE',  #4249 ) ;
#2514 =( NAMED_UNIT ( * ) PLANE_ANGLE_UNIT ( ) SI_UNIT ( $, .RADIAN. ) );
#2515 = VECTOR ( 'NONE', #1005, 1000.000000000000000 ) ;
#2516 = VECTOR ( 'NONE', #1922, 1000.000000000000000 ) ;
#2517 = VERTEX_POINT ( 'NONE', #4939 ) ;
#2518 = STYLED_ITEM ( 'NONE', ( #4023 ), #867 ) ;
#2519 = CARTESIAN_POINT ( 'NONE',  ( -4.815457017597218226, 11.00099999999999945, 1.183566405789941101 ) ) ;
#2520 =( GEOMETRIC_REPRESENTATION_CONTEXT ( 3 ) GLOBAL_UNCERTAINTY_ASSIGNED_CONTEXT ( ( #4277 ) ) GLOBAL_UNIT_ASSIGNED_CONTEXT ( ( #1578, #4760, #1893 ) ) REPRESENTATION_CONTEXT ( 'NONE', 'WORKASPACE' ) );
#2521 = COLOUR_RGB ( '',0.7803921568627451011, 0.7607843137254901578, 0.7411764705882353255 ) ;
#2522 = CARTESIAN_POINT ( 'NONE',  ( -11.50000000000000888, 1.000000000000000000, 16.49999999999998934 ) ) ;
#2523 = LINE ( 'NONE', #1392, #4584 ) ;
#2524 = ORIENTED_EDGE ( 'NONE', *, *, #2476, .F. ) ;
#2525 = CYLINDRICAL_SURFACE ( 'NONE', #4951, 0.2550000000000017808 ) ;
#2526 = SURFACE_STYLE_FILL_AREA ( #960 ) ;
#2527 = DIRECTION ( 'NONE',  ( 0.000000000000000000, 0.000000000000000000, 1.000000000000000000 ) ) ;
#2528 = CARTESIAN_POINT ( 'NONE',  ( -5.587567885296989445, 11.00099999999999945, -10.33113049122024130 ) ) ;
#2529 =( NAMED_UNIT ( * ) SI_UNIT ( $, .STERADIAN. ) SOLID_ANGLE_UNIT ( ) );
#2530 = SURFACE_STYLE_USAGE ( .BOTH. , #964 ) ;
#2531 = DIRECTION ( 'NONE',  ( 0.000000000000000000, -1.000000000000000000, 0.000000000000000000 ) ) ;
#2532 = EDGE_CURVE ( 'NONE', #3443, #4745, #1868, .T. ) ;
#2533 = EDGE_CURVE ( 'NONE', #3249, #3233, #3359, .T. ) ;
#2534 = EDGE_CURVE ( 'NONE', #2307, #2080, #4592, .T. ) ;
#2535 = FILL_AREA_STYLE_COLOUR ( '', #1245 ) ;
#2536 = EDGE_CURVE ( 'NONE', #4745, #455, #2661, .T. ) ;
#2537 =( NAMED_UNIT ( * ) SI_UNIT ( $, .STERADIAN. ) SOLID_ANGLE_UNIT ( ) );
#2538 = ORIENTED_EDGE ( 'NONE', *, *, #1065, .T. ) ;
#2539 = UNCERTAINTY_MEASURE_WITH_UNIT (LENGTH_MEASURE( 1.000000000000000082E-05 ), #3241, 'distance_accuracy_value', 'NONE');
#2540 = SURFACE_STYLE_FILL_AREA ( #537 ) ;
#2541 = DIRECTION ( 'NONE',  ( 0.000000000000000000, 0.000000000000000000, 1.000000000000000000 ) ) ;
#2542 = EDGE_LOOP ( 'NONE', ( #3527, #2275 ) ) ;
#2543 = SURFACE_SIDE_STYLE ('',( #3845 ) ) ;
#2544 = ADVANCED_FACE ( 'NONE', ( #1785 ), #4687, .T. ) ;
#2545 = DIRECTION ( 'NONE',  ( -0.000000000000000000, -1.000000000000000000, -0.000000000000000000 ) ) ;
#2546 = MECHANICAL_DESIGN_GEOMETRIC_PRESENTATION_REPRESENTATION (  '', ( #4155 ), #1823 ) ;
#2547 = MECHANICAL_DESIGN_GEOMETRIC_PRESENTATION_REPRESENTATION (  '', ( #662 ), #85 ) ;
#2548 = CARTESIAN_POINT ( 'NONE',  ( 5.080000000000000071, -2.000000000000000000, -15.24000000000000021 ) ) ;
#2549 = CARTESIAN_POINT ( 'NONE',  ( 10.00000000000000533, 2.449293598294707302E-15, 16.49999999999998934 ) ) ;
#2550 = ORIENTED_EDGE ( 'NONE', *, *, #1104, .F. ) ;
#2551 = DIRECTION ( 'NONE',  ( 0.000000000000000000, -1.000000000000000000, 0.000000000000000000 ) ) ;
#2552 = VECTOR ( 'NONE', #890, 999.9999999999998863 ) ;
#2553 = DIRECTION ( 'NONE',  ( 0.000000000000000000, 0.000000000000000000, -1.000000000000000000 ) ) ;
#2554 = PLANE ( 'NONE',  #4424 ) ;
#2555 = CARTESIAN_POINT ( 'NONE',  ( -5.080000000000000071, -2.000000000000000000, 15.23999999999999844 ) ) ;
#2556 = EDGE_LOOP ( 'NONE', ( #4201, #4853, #1977, #2218 ) ) ;
#2557 = FILL_AREA_STYLE_COLOUR ( '', #1180 ) ;
#2558 = AXIS2_PLACEMENT_3D ( 'NONE', #3458, #4676, #4284 ) ;
#2559 = SURFACE_SIDE_STYLE ('',( #988 ) ) ;
#2560 = CARTESIAN_POINT ( 'NONE',  ( 5.080000000000000071, 1.500000000000000000, -14.98499999999999943 ) ) ;
#2561 = MECHANICAL_DESIGN_GEOMETRIC_PRESENTATION_REPRESENTATION (  '', ( #1092 ), #4173 ) ;
#2562 =( GEOMETRIC_REPRESENTATION_CONTEXT ( 3 ) GLOBAL_UNCERTAINTY_ASSIGNED_CONTEXT ( ( #2539 ) ) GLOBAL_UNIT_ASSIGNED_CONTEXT ( ( #3241, #2445, #3988 ) ) REPRESENTATION_CONTEXT ( 'NONE', 'WORKASPACE' ) );
#2563 =( GEOMETRIC_REPRESENTATION_CONTEXT ( 3 ) GLOBAL_UNCERTAINTY_ASSIGNED_CONTEXT ( ( #264 ) ) GLOBAL_UNIT_ASSIGNED_CONTEXT ( ( #2704, #360, #1189 ) ) REPRESENTATION_CONTEXT ( 'NONE', 'WORKASPACE' ) );
#2564 = CARTESIAN_POINT ( 'NONE',  ( -2.540000000000000036, 2.000000000000000000, -15.49500000000000099 ) ) ;
#2565 = AXIS2_PLACEMENT_3D ( 'NONE', #2812, #1964, #448 ) ;
#2566 = CARTESIAN_POINT ( 'NONE',  ( 0.000000000000000000, 0.000000000000000000, 0.000000000000000000 ) ) ;
#2567 = CIRCLE ( 'NONE', #359, 2.217827501988940408 ) ;
#2568 = ORIENTED_EDGE ( 'NONE', *, *, #3382, .F. ) ;
#2569 = PRESENTATION_STYLE_ASSIGNMENT (( #4888 ) ) ;
#2570 = PRESENTATION_STYLE_ASSIGNMENT (( #5018 ) ) ;
#2571 = CARTESIAN_POINT ( 'NONE',  ( -6.058508073491418067, 11.00000000000000000, 10.02833425215082208 ) ) ;
#2572 = ORIENTED_EDGE ( 'NONE', *, *, #1643, .T. ) ;
#2573 = SURFACE_SIDE_STYLE ('',( #1085 ) ) ;
#2574 = ORIENTED_EDGE ( 'NONE', *, *, #552, .T. ) ;
#2575 = SURFACE_STYLE_USAGE ( .BOTH. , #979 ) ;
#2576 = EDGE_CURVE ( 'NONE', #5021, #2353, #1933, .T. ) ;
#2577 = EDGE_LOOP ( 'NONE', ( #4634, #591, #4484, #2716, #1927, #3974 ) ) ;
#2578 = FILL_AREA_STYLE ('',( #2631 ) ) ;
#2579 = CARTESIAN_POINT ( 'NONE',  ( 2.155378366499345500E-16, -2.000000000000000000, 14.98499999999999766 ) ) ;
#2580 = PRESENTATION_LAYER_ASSIGNMENT (  '', '', ( #2499 ) ) ;
#2581 = DIRECTION ( 'NONE',  ( 0.000000000000000000, 1.000000000000000000, 0.000000000000000000 ) ) ;
#2582 = DIRECTION ( 'NONE',  ( 0.000000000000000000, -1.000000000000000000, 0.000000000000000000 ) ) ;
#2583 = LINE ( 'NONE', #4205, #3243 ) ;
#2584 = LINE ( 'NONE', #653, #89 ) ;
#2585 = VERTEX_POINT ( 'NONE', #2300 ) ;
#2586 = FACE_BOUND ( 'NONE', #3504, .T. ) ;
#2587 =( NAMED_UNIT ( * ) PLANE_ANGLE_UNIT ( ) SI_UNIT ( $, .RADIAN. ) );
#2588 = STYLED_ITEM ( 'NONE', ( #3839 ), #1525 ) ;
#2589 = CARTESIAN_POINT ( 'NONE',  ( -4.852449720038055858, 11.00000000000000000, 1.446783160686918812 ) ) ;
#2590 =( NAMED_UNIT ( * ) PLANE_ANGLE_UNIT ( ) SI_UNIT ( $, .RADIAN. ) );
#2591 = CARTESIAN_POINT ( 'NONE',  ( 2.540000000000000036, 1.500000000000000000, -14.98499999999999766 ) ) ;
#2592 = ORIENTED_EDGE ( 'NONE', *, *, #2170, .F. ) ;
#2593 = FILL_AREA_STYLE_COLOUR ( '', #4337 ) ;
#2594 = LINE ( 'NONE', #3354, #2515 ) ;
#2595 = EDGE_LOOP ( 'NONE', ( #2658, #724, #688, #3137 ) ) ;
#2596 = UNCERTAINTY_MEASURE_WITH_UNIT (LENGTH_MEASURE( 1.000000000000000082E-05 ), #541, 'distance_accuracy_value', 'NONE');
#2597 = EDGE_CURVE ( 'NONE', #4663, #1993, #1508, .T. ) ;
#2598 = ORIENTED_EDGE ( 'NONE', *, *, #2405, .F. ) ;
#2599 = DIRECTION ( 'NONE',  ( -0.000000000000000000, -1.000000000000000000, -0.000000000000000000 ) ) ;
#2600 = LINE ( 'NONE', #2973, #2838 ) ;
#2601 = FACE_OUTER_BOUND ( 'NONE', #2510, .T. ) ;
#2602 = ADVANCED_FACE ( 'NONE', ( #4302 ), #4764, .F. ) ;
#2603 = EDGE_LOOP ( 'NONE', ( #4710, #2712, #2688, #1035 ) ) ;
#2604 =( GEOMETRIC_REPRESENTATION_CONTEXT ( 3 ) GLOBAL_UNCERTAINTY_ASSIGNED_CONTEXT ( ( #2775 ) ) GLOBAL_UNIT_ASSIGNED_CONTEXT ( ( #3595, #87, #4807 ) ) REPRESENTATION_CONTEXT ( 'NONE', 'WORKASPACE' ) );
#2605 =( GEOMETRIC_REPRESENTATION_CONTEXT ( 3 ) GLOBAL_UNCERTAINTY_ASSIGNED_CONTEXT ( ( #2635 ) ) GLOBAL_UNIT_ASSIGNED_CONTEXT ( ( #4331, #4819, #421 ) ) REPRESENTATION_CONTEXT ( 'NONE', 'WORKASPACE' ) );
#2606 = PLANE ( 'NONE',  #1458 ) ;
#2607 = SURFACE_STYLE_USAGE ( .BOTH. , #285 ) ;
#2608 = ORIENTED_EDGE ( 'NONE', *, *, #885, .T. ) ;
#2609 = CARTESIAN_POINT ( 'NONE',  ( 5.080000000000000071, -2.000000000000000000, -15.24000000000000021 ) ) ;
#2610 = CARTESIAN_POINT ( 'NONE',  ( 2.467663300281920986E-16, 1.500000000000000000, 15.49500000000000099 ) ) ;
#2611 = FACE_OUTER_BOUND ( 'NONE', #1835, .T. ) ;
#2612 = EDGE_LOOP ( 'NONE', ( #4207, #1084, #4362, #1468 ) ) ;
#2613 = PRESENTATION_STYLE_ASSIGNMENT (( #1064 ) ) ;
#2614 =( LENGTH_UNIT ( ) NAMED_UNIT ( * ) SI_UNIT ( .MILLI., .METRE. ) );
#2615 = CARTESIAN_POINT ( 'NONE',  ( 2.864493083156884889, 11.00099999999999945, 12.69826330279932947 ) ) ;
#2616 = EDGE_CURVE ( 'NONE', #1400, #727, #1957, .T. ) ;
#2617 = EDGE_CURVE ( 'NONE', #1801, #3877, #3530, .T. ) ;
#2618 = EDGE_LOOP ( 'NONE', ( #3696, #846, #4617, #4627 ) ) ;
#2619 = CARTESIAN_POINT ( 'NONE',  ( -5.080000000000000071, 1.500000000000000000, 15.49499999999999922 ) ) ;
#2620 = CARTESIAN_POINT ( 'NONE',  ( -7.952849967986407975, 11.00099999999999945, 11.94086407455327326 ) ) ;
#2621 = ORIENTED_EDGE ( 'NONE', *, *, #1223, .T. ) ;
#2622 = DIRECTION ( 'NONE',  ( -1.020425574104004122E-16, -0.000000000000000000, -1.000000000000000000 ) ) ;
#2623 = CARTESIAN_POINT ( 'NONE',  ( -9.999999999999994671, 0.000000000000000000, 16.49999999999998934 ) ) ;
#2624 = SURFACE_STYLE_USAGE ( .BOTH. , #200 ) ;
#2625 = EDGE_LOOP ( 'NONE', ( #3107, #3865, #4457, #426 ) ) ;
#2626 = ORIENTED_EDGE ( 'NONE', *, *, #830, .T. ) ;
#2627 = DIRECTION ( 'NONE',  ( 0.000000000000000000, 1.000000000000000000, 0.000000000000000000 ) ) ;
#2628 = CARTESIAN_POINT ( 'NONE',  ( -3.042464078436862174, 11.00099999999999945, -10.15315949593975020 ) ) ;
#2629 = SURFACE_STYLE_USAGE ( .BOTH. , #3335 ) ;
#2630 = EDGE_LOOP ( 'NONE', ( #711, #1491, #626, #3314 ) ) ;
#2631 = FILL_AREA_STYLE_COLOUR ( '', #3541 ) ;
#2632 = VECTOR ( 'NONE', #2102, 1000.000000000000000 ) ;
#2633 =( GEOMETRIC_REPRESENTATION_CONTEXT ( 3 ) GLOBAL_UNCERTAINTY_ASSIGNED_CONTEXT ( ( #3075 ) ) GLOBAL_UNIT_ASSIGNED_CONTEXT ( ( #5103, #4677, #2675 ) ) REPRESENTATION_CONTEXT ( 'NONE', 'WORKASPACE' ) );
#2634 = DIRECTION ( 'NONE',  ( 0.7547095802230610051, 0.000000000000000000, -0.6560590289901748751 ) ) ;
#2635 = UNCERTAINTY_MEASURE_WITH_UNIT (LENGTH_MEASURE( 1.000000000000000082E-05 ), #4331, 'distance_accuracy_value', 'NONE');
#2636 = PLANE ( 'NONE',  #4839 ) ;
#2637 = CARTESIAN_POINT ( 'NONE',  ( 11.50000000000001243, 0.9999999999999976685, -14.79999999999999183 ) ) ;
#2638 = EDGE_LOOP ( 'NONE', ( #1055, #4788, #219, #4257 ) ) ;
#2639 = AXIS2_PLACEMENT_3D ( 'NONE', #2089, #4476, #4926 ) ;
#2640 = AXIS2_PLACEMENT_3D ( 'NONE', #1345, #2917, #611 ) ;
#2641 = AXIS2_PLACEMENT_3D ( 'NONE', #3292, #4898, #1329 ) ;
#2642 =( GEOMETRIC_REPRESENTATION_CONTEXT ( 3 ) GLOBAL_UNCERTAINTY_ASSIGNED_CONTEXT ( ( #943 ) ) GLOBAL_UNIT_ASSIGNED_CONTEXT ( ( #4782, #5135, #4706 ) ) REPRESENTATION_CONTEXT ( 'NONE', 'WORKASPACE' ) );
#2643 = FILL_AREA_STYLE ('',( #5100 ) ) ;
#2644 = LINE ( 'NONE', #3860, #1002 ) ;
#2645 = CIRCLE ( 'NONE', #4664, 0.2550000000000000044 ) ;
#2646 = VECTOR ( 'NONE', #2545, 1000.000000000000000 ) ;
#2647 = CARTESIAN_POINT ( 'NONE',  ( 11.99999999999999467, 11.00000000000000000, -17.00000000000001066 ) ) ;
#2648 = DIRECTION ( 'NONE',  ( -0.7821057178568930901, 0.000000000000000000, 0.6231457663304420524 ) ) ;
#2649 = VERTEX_POINT ( 'NONE', #801 ) ;
#2650 =( LENGTH_UNIT ( ) NAMED_UNIT ( * ) SI_UNIT ( .MILLI., .METRE. ) );
#2651 = STYLED_ITEM ( 'NONE', ( #456 ), #2926 ) ;
#2652 = DIRECTION ( 'NONE',  ( -0.1961161351381850437, -0.9805806756909200006, 0.000000000000000000 ) ) ;
#2653 = VECTOR ( 'NONE', #1567, 1000.000000000000114 ) ;
#2654 = VERTEX_POINT ( 'NONE', #1612 ) ;
#2655 = SURFACE_STYLE_USAGE ( .BOTH. , #3187 ) ;
#2656 =( NAMED_UNIT ( * ) PLANE_ANGLE_UNIT ( ) SI_UNIT ( $, .RADIAN. ) );
#2657 = ORIENTED_EDGE ( 'NONE', *, *, #1276, .F. ) ;
#2658 = ORIENTED_EDGE ( 'NONE', *, *, #1857, .T. ) ;
#2659 = SURFACE_STYLE_FILL_AREA ( #339 ) ;
#2660 = COLOUR_RGB ( '',0.7803921568627451011, 0.7607843137254901578, 0.7411764705882353255 ) ;
#2661 = LINE ( 'NONE', #980, #343 ) ;
#2662 = FACE_OUTER_BOUND ( 'NONE', #2984, .T. ) ;
#2663 = ORIENTED_EDGE ( 'NONE', *, *, #557, .T. ) ;
#2664 = EDGE_CURVE ( 'NONE', #4295, #2100, #2315, .T. ) ;
#2665 = DIRECTION ( 'NONE',  ( 0.7485826788210667715, 0.000000000000000000, -0.6630414564482944861 ) ) ;
#2666 = SURFACE_STYLE_USAGE ( .BOTH. , #1481 ) ;
#2667 = SURFACE_STYLE_FILL_AREA ( #1125 ) ;
#2668 = SURFACE_SIDE_STYLE ('',( #5092 ) ) ;
#2669 = CARTESIAN_POINT ( 'NONE',  ( 6.279034304941422562, 11.00099999999999945, -10.48583831713368753 ) ) ;
#2670 = ORIENTED_EDGE ( 'NONE', *, *, #2308, .F. ) ;
#2671 = CARTESIAN_POINT ( 'NONE',  ( -9.800000000000000711, 0.9999999999999974465, -16.49999999999998934 ) ) ;
#2672 = PLANE ( 'NONE',  #3409 ) ;
#2673 = FACE_OUTER_BOUND ( 'NONE', #3842, .T. ) ;
#2674 = UNCERTAINTY_MEASURE_WITH_UNIT (LENGTH_MEASURE( 1.000000000000000082E-05 ), #2193, 'distance_accuracy_value', 'NONE');
#2675 =( NAMED_UNIT ( * ) SI_UNIT ( $, .STERADIAN. ) SOLID_ANGLE_UNIT ( ) );
#2676 = PRESENTATION_LAYER_ASSIGNMENT (  '', '', ( #3765 ) ) ;
#2677 = CARTESIAN_POINT ( 'NONE',  ( -12.00000000000000533, 11.00000000000000000, -17.00000000000001066 ) ) ;
#2678 = ORIENTED_EDGE ( 'NONE', *, *, #518, .T. ) ;
#2679 = COLOUR_RGB ( '',0.8431372549019607865, 0.8156862745098039102, 0.7529411764705882248 ) ;
#2680 = VECTOR ( 'NONE', #3374, 1000.000000000000227 ) ;
#2681 = CARTESIAN_POINT ( 'NONE',  ( -12.00000000000000533, 11.00000000000000000, -17.00000000000001066 ) ) ;
#2682 = ORIENTED_EDGE ( 'NONE', *, *, #2019, .T. ) ;
#2683 = CARTESIAN_POINT ( 'NONE',  ( -6.433742130864334996, 11.00099999999999945, 12.69826330279933835 ) ) ;
#2684 = FILL_AREA_STYLE_COLOUR ( '', #4959 ) ;
#2685 = EDGE_LOOP ( 'NONE', ( #2194, #4671 ) ) ;
#2686 = PRESENTATION_LAYER_ASSIGNMENT (  '', '', ( #4938 ) ) ;
#2687 =( LENGTH_UNIT ( ) NAMED_UNIT ( * ) SI_UNIT ( .MILLI., .METRE. ) );
#2688 = ORIENTED_EDGE ( 'NONE', *, *, #2617, .F. ) ;
#2689 = DIRECTION ( 'NONE',  ( -0.6630414564441124980, 0.000000000000000000, -0.7485826788247708086 ) ) ;
#2690 = CARTESIAN_POINT ( 'NONE',  ( -11.50000000000000888, 1.500000000000000000, -16.49999999999998934 ) ) ;
#2691 = ORIENTED_EDGE ( 'NONE', *, *, #149, .F. ) ;
#2692 = ORIENTED_EDGE ( 'NONE', *, *, #3285, .F. ) ;
#2693 = CARTESIAN_POINT ( 'NONE',  ( -12.00000000000000178, 11.00000000000000000, 16.99999999999998934 ) ) ;
#2694 = PRESENTATION_LAYER_ASSIGNMENT (  '', '', ( #1367 ) ) ;
#2695 = LINE ( 'NONE', #1872, #3406 ) ;
#2696 = UNCERTAINTY_MEASURE_WITH_UNIT (LENGTH_MEASURE( 1.000000000000000082E-05 ), #2220, 'distance_accuracy_value', 'NONE');
#2697 = VECTOR ( 'NONE', #4786, 1000.000000000000000 ) ;
#2698 = PRESENTATION_STYLE_ASSIGNMENT (( #3971 ) ) ;
#2699 =( NAMED_UNIT ( * ) PLANE_ANGLE_UNIT ( ) SI_UNIT ( $, .RADIAN. ) );
#2700 = ORIENTED_EDGE ( 'NONE', *, *, #5164, .F. ) ;
#2701 = EDGE_CURVE ( 'NONE', #3552, #1211, #4511, .T. ) ;
#2702 = CARTESIAN_POINT ( 'NONE',  ( 11.00000000000001066, 1.000000000000000000, 0.000000000000000000 ) ) ;
#2703 = VECTOR ( 'NONE', #275, 1000.000000000000000 ) ;
#2704 =( LENGTH_UNIT ( ) NAMED_UNIT ( * ) SI_UNIT ( .MILLI., .METRE. ) );
#2705 = FILL_AREA_STYLE ('',( #4371 ) ) ;
#2706 = EDGE_CURVE ( 'NONE', #2352, #3451, #1672, .T. ) ;
#2707 = ORIENTED_EDGE ( 'NONE', *, *, #4501, .F. ) ;
#2708 = CARTESIAN_POINT ( 'NONE',  ( -11.50000000000000888, 0.9999999999999976685, -14.79999999999999183 ) ) ;
#2709 = ADVANCED_FACE ( 'NONE', ( #2831 ), #2513, .F. ) ;
#2710 = UNCERTAINTY_MEASURE_WITH_UNIT (LENGTH_MEASURE( 1.000000000000000082E-05 ), #4644, 'distance_accuracy_value', 'NONE');
#2711 = FACE_OUTER_BOUND ( 'NONE', #1731, .T. ) ;
#2712 = ORIENTED_EDGE ( 'NONE', *, *, #1477, .T. ) ;
#2713 = DIRECTION ( 'NONE',  ( 0.000000000000000000, -1.245367360287404601E-16, 1.000000000000000000 ) ) ;
#2714 = CARTESIAN_POINT ( 'NONE',  ( 2.540000000000000036, 1.500000000000000000, -15.49500000000000099 ) ) ;
#2715 = CARTESIAN_POINT ( 'NONE',  ( -11.00000000000000888, 1.500000000000000000, -15.99999999999998934 ) ) ;
#2716 = ORIENTED_EDGE ( 'NONE', *, *, #2464, .T. ) ;
#2717 = DIRECTION ( 'NONE',  ( -0.1961161351381850437, 0.9805806756909200006, 0.000000000000000000 ) ) ;
#2718 = SURFACE_STYLE_USAGE ( .BOTH. , #3846 ) ;
#2719 = COLOUR_RGB ( '',0.7803921568627451011, 0.7607843137254901578, 0.7411764705882353255 ) ;
#2720 = CIRCLE ( 'NONE', #3806, 0.2550000000000017808 ) ;
#2721 = EDGE_LOOP ( 'NONE', ( #4401, #5075 ) ) ;
#2722 = CARTESIAN_POINT ( 'NONE',  ( 7.422365595631833735, 11.00099999999999945, 12.71832375035291740 ) ) ;
#2723 = EDGE_CURVE ( 'NONE', #3790, #281, #3664, .T. ) ;
#2724 = CARTESIAN_POINT ( 'NONE',  ( -5.080000000000000071, 1.500000000000000000, 15.23999999999999844 ) ) ;
#2725 = DIRECTION ( 'NONE',  ( 0.000000000000000000, 0.000000000000000000, 1.000000000000000000 ) ) ;
#2726 = VERTEX_POINT ( 'NONE', #3240 ) ;
#2727 = SURFACE_STYLE_USAGE ( .BOTH. , #4342 ) ;
#2728 =( BOUNDED_CURVE ( )  B_SPLINE_CURVE ( 3, ( #1909, #1522, #3517, #1154 ),
 .UNSPECIFIED., .F., .T. ) 
 B_SPLINE_CURVE_WITH_KNOTS ( ( 4, 4 ),
 ( 0.000000000000000000, 1.570796326794896558 ),
 .UNSPECIFIED. ) 
 CURVE ( )  GEOMETRIC_REPRESENTATION_ITEM ( )  RATIONAL_B_SPLINE_CURVE ( ( 1.000000000000000000, 0.8047378541243649375, 0.8047378541243649375, 1.000000000000000000 ) ) 
 REPRESENTATION_ITEM ( '' )  );
#2729 = CARTESIAN_POINT ( 'NONE',  ( 3.234164606790940422, 11.00099999999999945, 10.06791373632251130 ) ) ;
#2730 = CARTESIAN_POINT ( 'NONE',  ( 4.854667192020922784, 11.00099999999999945, -1.462561293668101614 ) ) ;
#2731 = EDGE_CURVE ( 'NONE', #338, #3745, #1730, .T. ) ;
#2732 = VECTOR ( 'NONE', #122, 1000.000000000000227 ) ;
#2733 = MECHANICAL_DESIGN_GEOMETRIC_PRESENTATION_REPRESENTATION (  '', ( #2971 ), #3387 ) ;
#2734 = VECTOR ( 'NONE', #3871, 1000.000000000000114 ) ;
#2735 =( NAMED_UNIT ( * ) PLANE_ANGLE_UNIT ( ) SI_UNIT ( $, .RADIAN. ) );
#2736 = ADVANCED_FACE ( 'NONE', ( #850 ), #126, .F. ) ;
#2737 = CARTESIAN_POINT ( 'NONE',  ( 6.279034304941422562, 11.00099999999999945, -10.48583831713368753 ) ) ;
#2738 = AXIS2_PLACEMENT_3D ( 'NONE', #3569, #4279, #2725 ) ;
#2739 = PRESENTATION_LAYER_ASSIGNMENT (  '', '', ( #2004 ) ) ;
#2740 = STYLED_ITEM ( 'NONE', ( #4867 ), #2709 ) ;
#2741 = ORIENTED_EDGE ( 'NONE', *, *, #3520, .F. ) ;
#2742 = CARTESIAN_POINT ( 'NONE',  ( -5.995713717026618816, 11.00000000000000000, 0.1316083774495941938 ) ) ;
#2743 = FACE_OUTER_BOUND ( 'NONE', #2136, .T. ) ;
#2744 = FACE_OUTER_BOUND ( 'NONE', #4965, .T. ) ;
#2745 = PRESENTATION_LAYER_ASSIGNMENT (  '', '', ( #3401 ) ) ;
#2746 = ORIENTED_EDGE ( 'NONE', *, *, #1774, .T. ) ;
#2747 = LINE ( 'NONE', #1143, #5107 ) ;
#2748 = DIRECTION ( 'NONE',  ( 0.000000000000000000, 1.000000000000000000, 0.000000000000000000 ) ) ;
#2749 = VECTOR ( 'NONE', #678, 1000.000000000000000 ) ;
#2750 =( LENGTH_UNIT ( ) NAMED_UNIT ( * ) SI_UNIT ( .MILLI., .METRE. ) );
#2751 = ORIENTED_EDGE ( 'NONE', *, *, #2536, .T. ) ;
#2752 = PRESENTATION_LAYER_ASSIGNMENT (  '', '', ( #1936 ) ) ;
#2753 = ORIENTED_EDGE ( 'NONE', *, *, #4583, .T. ) ;
#2754 = ORIENTED_EDGE ( 'NONE', *, *, #2846, .F. ) ;
#2755 = ADVANCED_FACE ( 'NONE', ( #2069 ), #464, .F. ) ;
#2756 = UNCERTAINTY_MEASURE_WITH_UNIT (LENGTH_MEASURE( 1.000000000000000082E-05 ), #1467, 'distance_accuracy_value', 'NONE');
#2757 = DIRECTION ( 'NONE',  ( 1.000000000000000000, 0.000000000000000000, -9.328240445890964565E-16 ) ) ;
#2758 = LINE ( 'NONE', #5151, #1505 ) ;
#2759 = DIRECTION ( 'NONE',  ( 0.000000000000000000, -1.000000000000000000, 0.000000000000000000 ) ) ;
#2760 = VERTEX_POINT ( 'NONE', #277 ) ;
#2761 = AXIS2_PLACEMENT_3D ( 'NONE', #1346, #877, #2832 ) ;
#2762 = PRESENTATION_STYLE_ASSIGNMENT (( #1258 ) ) ;
#2763 = PLANE ( 'NONE',  #356 ) ;
#2764 = FILL_AREA_STYLE ('',( #1213 ) ) ;
#2765 = PRESENTATION_STYLE_ASSIGNMENT (( #295 ) ) ;
#2766 = LINE ( 'NONE', #4479, #1206 ) ;
#2767 = AXIS2_PLACEMENT_3D ( 'NONE', #222, #2248, #3442 ) ;
#2768 = UNCERTAINTY_MEASURE_WITH_UNIT (LENGTH_MEASURE( 1.000000000000000082E-05 ), #2857, 'distance_accuracy_value', 'NONE');
#2769 = ORIENTED_EDGE ( 'NONE', *, *, #62, .T. ) ;
#2770 = DIRECTION ( 'NONE',  ( 0.000000000000000000, -1.000000000000000000, 0.000000000000000000 ) ) ;
#2771 = CARTESIAN_POINT ( 'NONE',  ( 0.000000000000000000, 1.000000000000000000, 15.99999999999998934 ) ) ;
#2772 = EDGE_LOOP ( 'NONE', ( #4287, #693, #2753, #4218 ) ) ;
#2773 = STYLED_ITEM ( 'NONE', ( #4810 ), #1686 ) ;
#2774 = SURFACE_SIDE_STYLE ('',( #1198 ) ) ;
#2775 = UNCERTAINTY_MEASURE_WITH_UNIT (LENGTH_MEASURE( 1.000000000000000082E-05 ), #3595, 'distance_accuracy_value', 'NONE');
#2776 = CARTESIAN_POINT ( 'NONE',  ( -5.995713717026618816, 11.00000000000000000, 0.1316083774495941938 ) ) ;
#2777 = CARTESIAN_POINT ( 'NONE',  ( 11.50000000000001066, 1.500000000000000000, -16.49999999999998934 ) ) ;
#2778 = EDGE_LOOP ( 'NONE', ( #2811, #5161, #1610, #945 ) ) ;
#2779 =( GEOMETRIC_REPRESENTATION_CONTEXT ( 3 ) GLOBAL_UNCERTAINTY_ASSIGNED_CONTEXT ( ( #4742 ) ) GLOBAL_UNIT_ASSIGNED_CONTEXT ( ( #1435, #4622, #273 ) ) REPRESENTATION_CONTEXT ( 'NONE', 'WORKASPACE' ) );
#2780 = ORIENTED_EDGE ( 'NONE', *, *, #4373, .T. ) ;
#2781 = LINE ( 'NONE', #4735, #3033 ) ;
#2782 = EDGE_CURVE ( 'NONE', #3379, #3870, #1439, .T. ) ;
#2783 = PLANE ( 'NONE',  #4579 ) ;
#2784 = EDGE_CURVE ( 'NONE', #805, #1202, #4553, .T. ) ;
#2785 = VERTEX_POINT ( 'NONE', #2939 ) ;
#2786 = FILL_AREA_STYLE ('',( #1284 ) ) ;
#2787 = AXIS2_PLACEMENT_3D ( 'NONE', #3760, #199, #125 ) ;
#2788 = DIRECTION ( 'NONE',  ( 0.000000000000000000, -1.000000000000000000, 0.000000000000000000 ) ) ;
#2789 = DIRECTION ( 'NONE',  ( -0.000000000000000000, -1.000000000000000000, -0.000000000000000000 ) ) ;
#2790 = MECHANICAL_DESIGN_GEOMETRIC_PRESENTATION_REPRESENTATION (  '', ( #3621 ), #957 ) ;
#2791 = CARTESIAN_POINT ( 'NONE',  ( 2.155378366499345500E-16, 2.000000000000000000, -15.49500000000000099 ) ) ;
#2792 = MECHANICAL_DESIGN_GEOMETRIC_PRESENTATION_REPRESENTATION (  '', ( #1880 ), #2604 ) ;
#2793 = PRESENTATION_LAYER_ASSIGNMENT (  '', '', ( #720 ) ) ;
#2794 = AXIS2_PLACEMENT_3D ( 'NONE', #1528, #4685, #748 ) ;
#2795 = ADVANCED_FACE ( 'NONE', ( #3378 ), #2192, .F. ) ;
#2796 = ORIENTED_EDGE ( 'NONE', *, *, #3598, .T. ) ;
#2797 = SURFACE_SIDE_STYLE ('',( #4838 ) ) ;
#2798 = DIRECTION ( 'NONE',  ( 0.000000000000000000, 0.000000000000000000, 1.000000000000000000 ) ) ;
#2799 = DIRECTION ( 'NONE',  ( 0.000000000000000000, 0.000000000000000000, -1.000000000000000000 ) ) ;
#2800 = VERTEX_POINT ( 'NONE', #3440 ) ;
#2801 = CARTESIAN_POINT ( 'NONE',  ( -4.440222960222809157, 11.00099999999999945, -1.486362644859045679 ) ) ;
#2802 = CARTESIAN_POINT ( 'NONE',  ( -11.50000000000000888, 0.9999999999999940048, 14.79999999999999183 ) ) ;
#2803 = CARTESIAN_POINT ( 'NONE',  ( 11.50000000000001066, 0.000000000000000000, -16.49999999999998934 ) ) ;
#2804 = SURFACE_SIDE_STYLE ('',( #3261 ) ) ;
#2805 = ORIENTED_EDGE ( 'NONE', *, *, #4598, .F. ) ;
#2806 = ORIENTED_EDGE ( 'NONE', *, *, #236, .T. ) ;
#2807 = DIRECTION ( 'NONE',  ( 0.1391731009620804371, 0.000000000000000000, -0.9902680687412871441 ) ) ;
#2808 = CARTESIAN_POINT ( 'NONE',  ( -12.00000000000000888, 0.9999999999999976685, -14.79999999999999183 ) ) ;
#2809 = LINE ( 'NONE', #351, #675 ) ;
#2810 = SURFACE_SIDE_STYLE ('',( #3671 ) ) ;
#2811 = ORIENTED_EDGE ( 'NONE', *, *, #2056, .T. ) ;
#2812 = CARTESIAN_POINT ( 'NONE',  ( -3.042464078436862174, 11.00099999999999945, -10.15315949593975020 ) ) ;
#2813 = DIRECTION ( 'NONE',  ( 0.000000000000000000, -1.000000000000000000, 0.000000000000000000 ) ) ;
#2814 =( NAMED_UNIT ( * ) PLANE_ANGLE_UNIT ( ) SI_UNIT ( $, .RADIAN. ) );
#2815 =( NAMED_UNIT ( * ) PLANE_ANGLE_UNIT ( ) SI_UNIT ( $, .RADIAN. ) );
#2816 = DIRECTION ( 'NONE',  ( 0.000000000000000000, -1.000000000000000000, 0.000000000000000000 ) ) ;
#2817 = DIRECTION ( 'NONE',  ( -1.000000000000000000, -0.000000000000000000, -0.000000000000000000 ) ) ;
#2818 = AXIS2_PLACEMENT_3D ( 'NONE', #1440, #4603, #148 ) ;
#2819 = ADVANCED_FACE ( 'NONE', ( #3352 ), #3049, .F. ) ;
#2820 = VECTOR ( 'NONE', #1498, 1000.000000000000114 ) ;
#2821 = ORIENTED_EDGE ( 'NONE', *, *, #3211, .T. ) ;
#2822 =( LENGTH_UNIT ( ) NAMED_UNIT ( * ) SI_UNIT ( .MILLI., .METRE. ) );
#2823 = DIRECTION ( 'NONE',  ( 0.000000000000000000, -0.000000000000000000, 1.000000000000000000 ) ) ;
#2824 = DIRECTION ( 'NONE',  ( 0.000000000000000000, -1.000000000000000000, 0.000000000000000000 ) ) ;
#2825 = ORIENTED_EDGE ( 'NONE', *, *, #1260, .F. ) ;
#2826 = COLOUR_RGB ( '',0.8431372549019607865, 0.8156862745098039102, 0.7529411764705882248 ) ;
#2827 = CIRCLE ( 'NONE', #578, 0.2550000000000017808 ) ;
#2828 =( GEOMETRIC_REPRESENTATION_CONTEXT ( 3 ) GLOBAL_UNCERTAINTY_ASSIGNED_CONTEXT ( ( #3876 ) ) GLOBAL_UNIT_ASSIGNED_CONTEXT ( ( #2143, #4967, #3332 ) ) REPRESENTATION_CONTEXT ( 'NONE', 'WORKASPACE' ) );
#2829 = STYLED_ITEM ( 'NONE', ( #1277 ), #4945 ) ;
#2830 = STYLED_ITEM ( 'NONE', ( #2335 ), #3011 ) ;
#2831 = FACE_OUTER_BOUND ( 'NONE', #317, .T. ) ;
#2832 = DIRECTION ( 'NONE',  ( 0.000000000000000000, 0.000000000000000000, -1.000000000000000000 ) ) ;
#2833 = VECTOR ( 'NONE', #961, 1000.000000000000000 ) ;
#2834 = LINE ( 'NONE', #1230, #4010 ) ;
#2835 = FACE_OUTER_BOUND ( 'NONE', #4720, .T. ) ;
#2836 = MECHANICAL_DESIGN_GEOMETRIC_PRESENTATION_REPRESENTATION (  '', ( #5099 ), #3748 ) ;
#2837 =( LENGTH_UNIT ( ) NAMED_UNIT ( * ) SI_UNIT ( .MILLI., .METRE. ) );
#2838 = VECTOR ( 'NONE', #228, 1000.000000000000114 ) ;
#2839 = ORIENTED_EDGE ( 'NONE', *, *, #2597, .F. ) ;
#2840 = CARTESIAN_POINT ( 'NONE',  ( -11.50000000000000888, 0.000000000000000000, 16.49999999999998934 ) ) ;
#2841 = VECTOR ( 'NONE', #4354, 1000.000000000000000 ) ;
#2842 = CARTESIAN_POINT ( 'NONE',  ( 9.800000000000004263, 0.9999999999999997780, -17.00000000000001066 ) ) ;
#2843 = EDGE_CURVE ( 'NONE', #3870, #2295, #4729, .T. ) ;
#2844 = ORIENTED_EDGE ( 'NONE', *, *, #716, .F. ) ;
#2845 = CARTESIAN_POINT ( 'NONE',  ( -5.975923974939404637, 11.00000000000000000, -0.1513981195336356611 ) ) ;
#2846 = EDGE_CURVE ( 'NONE', #2249, #1436, #3229, .T. ) ;
#2847 = ORIENTED_EDGE ( 'NONE', *, *, #3490, .T. ) ;
#2848 =( NAMED_UNIT ( * ) PLANE_ANGLE_UNIT ( ) SI_UNIT ( $, .RADIAN. ) );
#2849 = FILL_AREA_STYLE ('',( #2424 ) ) ;
#2850 = LINE ( 'NONE', #3585, #5096 ) ;
#2851 = VECTOR ( 'NONE', #5131, 1000.000000000000000 ) ;
#2852 = EDGE_LOOP ( 'NONE', ( #3474, #22, #2271, #3616 ) ) ;
#2853 =( GEOMETRIC_REPRESENTATION_CONTEXT ( 3 ) GLOBAL_UNCERTAINTY_ASSIGNED_CONTEXT ( ( #3854 ) ) GLOBAL_UNIT_ASSIGNED_CONTEXT ( ( #1360, #4151, #4931 ) ) REPRESENTATION_CONTEXT ( 'NONE', 'WORKASPACE' ) );
#2854 = LINE ( 'NONE', #4465, #3658 ) ;
#2855 = UNCERTAINTY_MEASURE_WITH_UNIT (LENGTH_MEASURE( 1.000000000000000082E-05 ), #2319, 'distance_accuracy_value', 'NONE');
#2856 = EDGE_CURVE ( 'NONE', #4663, #1100, #2342, .T. ) ;
#2857 =( LENGTH_UNIT ( ) NAMED_UNIT ( * ) SI_UNIT ( .MILLI., .METRE. ) );
#2858 = ORIENTED_EDGE ( 'NONE', *, *, #1655, .T. ) ;
#2859 =( NAMED_UNIT ( * ) PLANE_ANGLE_UNIT ( ) SI_UNIT ( $, .RADIAN. ) );
#2860 = CARTESIAN_POINT ( 'NONE',  ( -2.864493083157178432, 11.00000000000000000, -12.69826330279913229 ) ) ;
#2861 = EDGE_CURVE ( 'NONE', #1111, #1711, #2318, .T. ) ;
#2862 =( NAMED_UNIT ( * ) SI_UNIT ( $, .STERADIAN. ) SOLID_ANGLE_UNIT ( ) );
#2863 = MECHANICAL_DESIGN_GEOMETRIC_PRESENTATION_REPRESENTATION (  '', ( #132 ), #4384 ) ;
#2864 =( GEOMETRIC_REPRESENTATION_CONTEXT ( 3 ) GLOBAL_UNCERTAINTY_ASSIGNED_CONTEXT ( ( #2278 ) ) GLOBAL_UNIT_ASSIGNED_CONTEXT ( ( #569, #2924, #495 ) ) REPRESENTATION_CONTEXT ( 'NONE', 'WORKASPACE' ) );
#2865 =( BOUNDED_CURVE ( )  B_SPLINE_CURVE ( 3, ( #3426, #1765, #1398, #4614 ),
 .UNSPECIFIED., .F., .F. ) 
 B_SPLINE_CURVE_WITH_KNOTS ( ( 4, 4 ),
 ( 0.000000000000000000, 1.570796326794896558 ),
 .UNSPECIFIED. ) 
 CURVE ( )  GEOMETRIC_REPRESENTATION_ITEM ( )  RATIONAL_B_SPLINE_CURVE ( ( 1.000000000000000000, 0.8047378541243649375, 0.8047378541243649375, 1.000000000000000000 ) ) 
 REPRESENTATION_ITEM ( '' )  );
#2866 = CYLINDRICAL_SURFACE ( 'NONE', #2, 0.2550000000000000044 ) ;
#2867 = COLOUR_RGB ( '',0.8431372549019607865, 0.8156862745098039102, 0.7529411764705882248 ) ;
#2868 = VERTEX_POINT ( 'NONE', #3164 ) ;
#2869 = FILL_AREA_STYLE_COLOUR ( '', #1166 ) ;
#2870 = CARTESIAN_POINT ( 'NONE',  ( -7.952849967986407975, 11.00000000000000000, 11.94086407455327326 ) ) ;
#2871 = VERTEX_POINT ( 'NONE', #5072 ) ;
#2872 = DIRECTION ( 'NONE',  ( 0.000000000000000000, 1.000000000000000000, 0.000000000000000000 ) ) ;
#2873 = EDGE_CURVE ( 'NONE', #2871, #4142, #1924, .T. ) ;
#2874 = MECHANICAL_DESIGN_GEOMETRIC_PRESENTATION_REPRESENTATION (  '', ( #5143 ), #1885 ) ;
#2875 =( NAMED_UNIT ( * ) SI_UNIT ( $, .STERADIAN. ) SOLID_ANGLE_UNIT ( ) );
#2876 = STYLED_ITEM ( 'NONE', ( #2205 ), #4560 ) ;
#2877 = CARTESIAN_POINT ( 'NONE',  ( -5.975923974939405525, 11.00099999999999945, -0.1513981195336346064 ) ) ;
#2878 = ORIENTED_EDGE ( 'NONE', *, *, #306, .T. ) ;
#2879 = PLANE ( 'NONE',  #1920 ) ;
#2880 = FILL_AREA_STYLE_COLOUR ( '', #633 ) ;
#2881 = CARTESIAN_POINT ( 'NONE',  ( -3.042464078436862174, 11.00099999999999945, -12.70447818690153596 ) ) ;
#2882 = EDGE_LOOP ( 'NONE', ( #2328, #3341, #4533, #1418 ) ) ;
#2883 = VECTOR ( 'NONE', #4483, 1000.000000000000000 ) ;
#2884 =( NAMED_UNIT ( * ) SI_UNIT ( $, .STERADIAN. ) SOLID_ANGLE_UNIT ( ) );
#2885 = FILL_AREA_STYLE ('',( #4395 ) ) ;
#2886 = CARTESIAN_POINT ( 'NONE',  ( 6.058508073491268853, 11.00099999999999945, -10.02833425214861762 ) ) ;
#2887 = MECHANICAL_DESIGN_GEOMETRIC_PRESENTATION_REPRESENTATION (  '', ( #4973 ), #2959 ) ;
#2888 = DIRECTION ( 'NONE',  ( 1.000000000000000000, 0.000000000000000000, 0.000000000000000000 ) ) ;
#2889 = EDGE_CURVE ( 'NONE', #5105, #290, #746, .T. ) ;
#2890 = CARTESIAN_POINT ( 'NONE',  ( 5.720367413259347167, 11.00099999999999945, 0.000000000000000000 ) ) ;
#2891 = ADVANCED_FACE ( 'NONE', ( #3983 ), #1140, .F. ) ;
#2892 = CARTESIAN_POINT ( 'NONE',  ( 11.50000000000001066, 1.000000000000000000, -16.49999999999998934 ) ) ;
#2893 = ORIENTED_EDGE ( 'NONE', *, *, #1955, .F. ) ;
#2894 = CARTESIAN_POINT ( 'NONE',  ( -3.233869851431873332, 11.00099999999999945, -10.07001102975548079 ) ) ;
#2895 = VECTOR ( 'NONE', #2960, 999.9999999999998863 ) ;
#2896 = DIRECTION ( 'NONE',  ( 0.000000000000000000, 0.000000000000000000, 1.000000000000000000 ) ) ;
#2897 = PLANE ( 'NONE',  #2161 ) ;
#2898 = PRESENTATION_LAYER_ASSIGNMENT (  '', '', ( #3486 ) ) ;
#2899 = AXIS2_PLACEMENT_3D ( 'NONE', #3604, #2823, #93 ) ;
#2900 = VECTOR ( 'NONE', #2813, 1000.000000000000000 ) ;
#2901 = COLOUR_RGB ( '',0.8431372549019607865, 0.8156862745098039102, 0.7529411764705882248 ) ;
#2902 = MECHANICAL_DESIGN_GEOMETRIC_PRESENTATION_REPRESENTATION (  '', ( #2239 ), #1332 ) ;
#2903 = STYLED_ITEM ( 'NONE', ( #1931 ), #3680 ) ;
#2904 =( LENGTH_UNIT ( ) NAMED_UNIT ( * ) SI_UNIT ( .MILLI., .METRE. ) );
#2905 =( LENGTH_UNIT ( ) NAMED_UNIT ( * ) SI_UNIT ( .MILLI., .METRE. ) );
#2906 = ORIENTED_EDGE ( 'NONE', *, *, #1034, .T. ) ;
#2907 = STYLED_ITEM ( 'NONE', ( #1736 ), #4836 ) ;
#2908 = VECTOR ( 'NONE', #3041, 1000.000000000000000 ) ;
#2909 = SURFACE_STYLE_USAGE ( .BOTH. , #4495 ) ;
#2910 = SURFACE_STYLE_FILL_AREA ( #3770 ) ;
#2911 = ADVANCED_FACE ( 'NONE', ( #2267 ), #3134, .F. ) ;
#2912 = CARTESIAN_POINT ( 'NONE',  ( 3.042464078434333530, 11.00099999999999945, 10.15315949595104250 ) ) ;
#2913 = LINE ( 'NONE', #3252, #1184 ) ;
#2914 = SURFACE_STYLE_FILL_AREA ( #4186 ) ;
#2915 = UNCERTAINTY_MEASURE_WITH_UNIT (LENGTH_MEASURE( 1.000000000000000082E-05 ), #4577, 'distance_accuracy_value', 'NONE');
#2916 = ORIENTED_EDGE ( 'NONE', *, *, #3221, .F. ) ;
#2917 = DIRECTION ( 'NONE',  ( -0.6560590289901637728, 0.000000000000000000, -0.7547095802230706640 ) ) ;
#2918 = EDGE_LOOP ( 'NONE', ( #1091, #2380 ) ) ;
#2919 = VECTOR ( 'NONE', #1918, 1000.000000000000000 ) ;
#2920 = PRESENTATION_STYLE_ASSIGNMENT (( #1349 ) ) ;
#2921 = SURFACE_STYLE_FILL_AREA ( #567 ) ;
#2922 = ORIENTED_EDGE ( 'NONE', *, *, #4860, .F. ) ;
#2923 = EDGE_CURVE ( 'NONE', #4139, #2654, #3655, .T. ) ;
#2924 =( NAMED_UNIT ( * ) PLANE_ANGLE_UNIT ( ) SI_UNIT ( $, .RADIAN. ) );
#2925 = VECTOR ( 'NONE', #2817, 1000.000000000000000 ) ;
#2926 = ADVANCED_FACE ( 'NONE', ( #844 ), #3207, .T. ) ;
#2927 = ADVANCED_FACE ( 'NONE', ( #2420 ), #2394, .T. ) ;
#2928 = EDGE_CURVE ( 'NONE', #4405, #1100, #4541, .T. ) ;
#2929 =( NAMED_UNIT ( * ) SI_UNIT ( $, .STERADIAN. ) SOLID_ANGLE_UNIT ( ) );
#2930 = LINE ( 'NONE', #4539, #2833 ) ;
#2931 = DIRECTION ( 'NONE',  ( 0.000000000000000000, 0.000000000000000000, -1.000000000000000000 ) ) ;
#2932 = DIRECTION ( 'NONE',  ( 1.000000000000000000, -0.000000000000000000, -1.239088197126291063E-16 ) ) ;
#2933 = DIRECTION ( 'NONE',  ( 1.215025941578742484E-16, 0.1961161351381856544, 0.9805806756909198896 ) ) ;
#2934 = LINE ( 'NONE', #4525, #2732 ) ;
#2935 = ORIENTED_EDGE ( 'NONE', *, *, #1474, .T. ) ;
#2936 = EDGE_CURVE ( 'NONE', #290, #5142, #194, .T. ) ;
#2937 = PRESENTATION_LAYER_ASSIGNMENT (  '', '', ( #52 ) ) ;
#2938 = PLANE ( 'NONE',  #3966 ) ;
#2939 = CARTESIAN_POINT ( 'NONE',  ( -4.440222960222809157, 11.00000000000000000, -1.486362644859045679 ) ) ;
#2940 = PRESENTATION_STYLE_ASSIGNMENT (( #1756 ) ) ;
#2941 = ORIENTED_EDGE ( 'NONE', *, *, #2446, .T. ) ;
#2942 = VECTOR ( 'NONE', #3869, 1000.000000000000000 ) ;
#2943 =( NAMED_UNIT ( * ) SI_UNIT ( $, .STERADIAN. ) SOLID_ANGLE_UNIT ( ) );
#2944 = ORIENTED_EDGE ( 'NONE', *, *, #716, .T. ) ;
#2945 =( GEOMETRIC_REPRESENTATION_CONTEXT ( 3 ) GLOBAL_UNCERTAINTY_ASSIGNED_CONTEXT ( ( #5059 ) ) GLOBAL_UNIT_ASSIGNED_CONTEXT ( ( #376, #3118, #3147 ) ) REPRESENTATION_CONTEXT ( 'NONE', 'WORKASPACE' ) );
#2946 = CARTESIAN_POINT ( 'NONE',  ( -8.077597235833382072, 11.00099999999999945, 11.78350168344155513 ) ) ;
#2947 = COLOUR_RGB ( '',0.8431372549019607865, 0.8156862745098039102, 0.7529411764705882248 ) ;
#2948 = MECHANICAL_DESIGN_GEOMETRIC_PRESENTATION_REPRESENTATION (  '', ( #3205 ), #1793 ) ;
#2949 = CARTESIAN_POINT ( 'NONE',  ( 5.080000000000000071, 2.000000000000000000, 15.49499999999999922 ) ) ;
#2950 = CARTESIAN_POINT ( 'NONE',  ( 2.155378366499345500E-16, 2.000000000000000000, 15.24000000000000021 ) ) ;
#2951 = ORIENTED_EDGE ( 'NONE', *, *, #2386, .T. ) ;
#2952 = SURFACE_SIDE_STYLE ('',( #914 ) ) ;
#2953 = FACE_BOUND ( 'NONE', #2542, .T. ) ;
#2954 =( LENGTH_UNIT ( ) NAMED_UNIT ( * ) SI_UNIT ( .MILLI., .METRE. ) );
#2955 = EDGE_LOOP ( 'NONE', ( #3048, #1037 ) ) ;
#2956 = DIRECTION ( 'NONE',  ( 0.6560590289867460623, 0.000000000000000000, 0.7547095802260416209 ) ) ;
#2957 = CARTESIAN_POINT ( 'NONE',  ( -11.00000000000000888, 1.500000000000000000, 0.000000000000000000 ) ) ;
#2958 = VECTOR ( 'NONE', #891, 1000.000000000000114 ) ;
#2959 =( GEOMETRIC_REPRESENTATION_CONTEXT ( 3 ) GLOBAL_UNCERTAINTY_ASSIGNED_CONTEXT ( ( #1982 ) ) GLOBAL_UNIT_ASSIGNED_CONTEXT ( ( #1526, #2366, #1547 ) ) REPRESENTATION_CONTEXT ( 'NONE', 'WORKASPACE' ) );
#2960 = DIRECTION ( 'NONE',  ( 0.000000000000000000, -0.9805806756909198896, 0.1961161351381856544 ) ) ;
#2961 = DIRECTION ( 'NONE',  ( -0.000000000000000000, -1.000000000000000000, -0.000000000000000000 ) ) ;
#2962 = STYLED_ITEM ( 'NONE', ( #1239 ), #5150 ) ;
#2963 = VERTEX_POINT ( 'NONE', #2671 ) ;
#2964 = ADVANCED_FACE ( 'NONE', ( #3402 ), #2986, .F. ) ;
#2965 = ORIENTED_EDGE ( 'NONE', *, *, #4260, .T. ) ;
#2966 = CYLINDRICAL_SURFACE ( 'NONE', #108, 0.2550000000000000044 ) ;
#2967 = UNCERTAINTY_MEASURE_WITH_UNIT (LENGTH_MEASURE( 1.000000000000000082E-05 ), #4390, 'distance_accuracy_value', 'NONE');
#2968 = CARTESIAN_POINT ( 'NONE',  ( 2.540000000000000036, 2.000000000000000000, 15.49500000000000099 ) ) ;
#2969 = COLOUR_RGB ( '',0.8431372549019607865, 0.8156862745098039102, 0.7529411764705882248 ) ;
#2970 = STYLED_ITEM ( 'NONE', ( #1855 ), #1944 ) ;
#2971 = STYLED_ITEM ( 'NONE', ( #3500 ), #5070 ) ;
#2972 = AXIS2_PLACEMENT_3D ( 'NONE', #1741, #4203, #2154 ) ;
#2973 = CARTESIAN_POINT ( 'NONE',  ( -5.587567885296989445, 11.00099999999999945, -10.33113049122024130 ) ) ;
#2974 = DIRECTION ( 'NONE',  ( 0.000000000000000000, 0.000000000000000000, -1.000000000000000000 ) ) ;
#2975 = ORIENTED_EDGE ( 'NONE', *, *, #710, .T. ) ;
#2976 = COLOUR_RGB ( '',0.7803921568627451011, 0.7607843137254901578, 0.7411764705882353255 ) ;
#2977 = DIRECTION ( 'NONE',  ( -0.1391731009594468493, 0.000000000000000000, 0.9902680687416571814 ) ) ;
#2978 = VECTOR ( 'NONE', #4585, 1000.000000000000000 ) ;
#2979 = VECTOR ( 'NONE', #1558, 1000.000000000000000 ) ;
#2980 = SURFACE_STYLE_USAGE ( .BOTH. , #4613 ) ;
#2981 = LINE ( 'NONE', #1019, #1380 ) ;
#2982 = CARTESIAN_POINT ( 'NONE',  ( -6.101063309671211243, 11.00099999999999945, 10.33113049121951121 ) ) ;
#2983 = LINE ( 'NONE', #1062, #4578 ) ;
#2984 = EDGE_LOOP ( 'NONE', ( #468, #2419, #1542, #4071 ) ) ;
#2985 = AXIS2_PLACEMENT_3D ( 'NONE', #5083, #3963, #1588 ) ;
#2986 = CYLINDRICAL_SURFACE ( 'NONE', #4436, 0.5000000000000004441 ) ;
#2987 = VECTOR ( 'NONE', #1485, 1000.000000000000000 ) ;
#2988 = CARTESIAN_POINT ( 'NONE',  ( 0.000000000000000000, 1.500000000000000000, -15.99999999999998934 ) ) ;
#2989 = CIRCLE ( 'NONE', #3493, 0.2550000000000017808 ) ;
#2990 = UNCERTAINTY_MEASURE_WITH_UNIT (LENGTH_MEASURE( 1.000000000000000082E-05 ), #1195, 'distance_accuracy_value', 'NONE');
#2991 =( NAMED_UNIT ( * ) PLANE_ANGLE_UNIT ( ) SI_UNIT ( $, .RADIAN. ) );
#2992 = VECTOR ( 'NONE', #3572, 999.9999999999998863 ) ;
#2993 = PRODUCT_DEFINITION ( 'UNKNOWN', '', #2453, #293 ) ;
#2994 = SURFACE_STYLE_FILL_AREA ( #1709 ) ;
#2995 = ORIENTED_EDGE ( 'NONE', *, *, #4488, .F. ) ;
#2996 = EDGE_CURVE ( 'NONE', #5142, #1100, #5009, .T. ) ;
#2997 = PRESENTATION_STYLE_ASSIGNMENT (( #4988 ) ) ;
#2998 = DIRECTION ( 'NONE',  ( 0.000000000000000000, -1.245367360287404601E-16, 1.000000000000000000 ) ) ;
#2999 = PRESENTATION_STYLE_ASSIGNMENT (( #2624 ) ) ;
#3000 =( GEOMETRIC_REPRESENTATION_CONTEXT ( 3 ) GLOBAL_UNCERTAINTY_ASSIGNED_CONTEXT ( ( #2696 ) ) GLOBAL_UNIT_ASSIGNED_CONTEXT ( ( #2220, #4326, #3557 ) ) REPRESENTATION_CONTEXT ( 'NONE', 'WORKASPACE' ) );
#3001 = VERTEX_POINT ( 'NONE', #1520 ) ;
#3002 = DIRECTION ( 'NONE',  ( 0.000000000000000000, -1.000000000000000000, 0.000000000000000000 ) ) ;
#3003 = ORIENTED_EDGE ( 'NONE', *, *, #3381, .F. ) ;
#3004 = SURFACE_STYLE_FILL_AREA ( #645 ) ;
#3005 = VERTEX_POINT ( 'NONE', #3431 ) ;
#3006 = DIRECTION ( 'NONE',  ( 0.000000000000000000, -1.000000000000000000, 0.000000000000000000 ) ) ;
#3007 = PRESENTATION_LAYER_ASSIGNMENT (  '', '', ( #2339 ) ) ;
#3008 = CARTESIAN_POINT ( 'NONE',  ( -12.00000000000000533, 11.00000000000000000, -17.00000000000001066 ) ) ;
#3009 = ADVANCED_FACE ( 'NONE', ( #3096 ), #355, .F. ) ;
#3010 = DIRECTION ( 'NONE',  ( -0.000000000000000000, 1.000000000000000000, 0.000000000000000000 ) ) ;
#3011 = ADVANCED_FACE ( 'NONE', ( #4618, #318, #4697, #3919, #737, #4597, #2586, #4208, #627 ), #1966, .T. ) ;
#3012 =( LENGTH_UNIT ( ) NAMED_UNIT ( * ) SI_UNIT ( .MILLI., .METRE. ) );
#3013 = SURFACE_STYLE_USAGE ( .BOTH. , #573 ) ;
#3014 = VERTEX_POINT ( 'NONE', #3891 ) ;
#3015 =( LENGTH_UNIT ( ) NAMED_UNIT ( * ) SI_UNIT ( .MILLI., .METRE. ) );
#3016 = LINE ( 'NONE', #240, #4792 ) ;
#3017 = MECHANICAL_DESIGN_GEOMETRIC_PRESENTATION_REPRESENTATION (  '', ( #2263 ), #3690 ) ;
#3018 = SURFACE_STYLE_USAGE ( .BOTH. , #1544 ) ;
#3019 = CARTESIAN_POINT ( 'NONE',  ( -12.00000000000000888, 0.9999999999999976685, -14.79999999999999183 ) ) ;
#3020 = ORIENTED_EDGE ( 'NONE', *, *, #3324, .F. ) ;
#3021 = FILL_AREA_STYLE_COLOUR ( '', #2867 ) ;
#3022 = VERTEX_POINT ( 'NONE', #5102 ) ;
#3023 =( NAMED_UNIT ( * ) PLANE_ANGLE_UNIT ( ) SI_UNIT ( $, .RADIAN. ) );
#3024 = FACE_OUTER_BOUND ( 'NONE', #4518, .T. ) ;
#3025 = EDGE_CURVE ( 'NONE', #203, #4824, #1910, .T. ) ;
#3026 = ORIENTED_EDGE ( 'NONE', *, *, #1265, .T. ) ;
#3027 = UNCERTAINTY_MEASURE_WITH_UNIT (LENGTH_MEASURE( 1.000000000000000082E-05 ), #560, 'distance_accuracy_value', 'NONE');
#3028 = ORIENTED_EDGE ( 'NONE', *, *, #4101, .T. ) ;
#3029 = LINE ( 'NONE', #4732, #207 ) ;
#3030 = SURFACE_STYLE_FILL_AREA ( #4660 ) ;
#3031 = ORIENTED_EDGE ( 'NONE', *, *, #4986, .F. ) ;
#3032 = VECTOR ( 'NONE', #2652, 1000.000000000000114 ) ;
#3033 = VECTOR ( 'NONE', #3967, 1000.000000000000000 ) ;
#3034 = CARTESIAN_POINT ( 'NONE',  ( -4.482778196424058947, 11.00099999999999945, -1.183566405789941101 ) ) ;
#3035 = PRESENTATION_LAYER_ASSIGNMENT (  '', '', ( #2287 ) ) ;
#3036 = DIRECTION ( 'NONE',  ( -1.000000000000000000, 0.000000000000000000, 0.000000000000000000 ) ) ;
#3037 = SURFACE_SIDE_STYLE ('',( #3828 ) ) ;
#3038 =( NAMED_UNIT ( * ) SI_UNIT ( $, .STERADIAN. ) SOLID_ANGLE_UNIT ( ) );
#3039 = CARTESIAN_POINT ( 'NONE',  ( -5.587567885296989445, 11.00000000000000000, -10.33113049122024130 ) ) ;
#3040 = ORIENTED_EDGE ( 'NONE', *, *, #2936, .F. ) ;
#3041 = DIRECTION ( 'NONE',  ( -0.000000000000000000, -1.000000000000000000, -0.000000000000000000 ) ) ;
#3042 =( LENGTH_UNIT ( ) NAMED_UNIT ( * ) SI_UNIT ( .MILLI., .METRE. ) );
#3043 = CARTESIAN_POINT ( 'NONE',  ( 5.720367413259347167, 11.00000000000000000, 0.000000000000000000 ) ) ;
#3044 = CARTESIAN_POINT ( 'NONE',  ( 2.155378366499345500E-16, 1.500000000000000000, -15.24000000000000021 ) ) ;
#3045 = ORIENTED_EDGE ( 'NONE', *, *, #27, .F. ) ;
#3046 = CARTESIAN_POINT ( 'NONE',  ( -6.279034304946791600, 11.00099999999999945, 10.48583831713804670 ) ) ;
#3047 = EDGE_CURVE ( 'NONE', #201, #223, #1089, .T. ) ;
#3048 = ORIENTED_EDGE ( 'NONE', *, *, #5115, .F. ) ;
#3049 = PLANE ( 'NONE',  #581 ) ;
#3050 =( NAMED_UNIT ( * ) SI_UNIT ( $, .STERADIAN. ) SOLID_ANGLE_UNIT ( ) );
#3051 = ORIENTED_EDGE ( 'NONE', *, *, #4569, .T. ) ;
#3052 = PRESENTATION_STYLE_ASSIGNMENT (( #5052 ) ) ;
#3053 = ORIENTED_EDGE ( 'NONE', *, *, #3344, .F. ) ;
#3054 =( NAMED_UNIT ( * ) SI_UNIT ( $, .STERADIAN. ) SOLID_ANGLE_UNIT ( ) );
#3055 = DIRECTION ( 'NONE',  ( 0.000000000000000000, -1.000000000000000000, 0.000000000000000000 ) ) ;
#3056 = DIRECTION ( 'NONE',  ( 0.000000000000000000, 0.000000000000000000, 1.000000000000000000 ) ) ;
#3057 = VERTEX_POINT ( 'NONE', #1106 ) ;
#3058 = CARTESIAN_POINT ( 'NONE',  ( 7.422365595631833735, 11.00099999999999945, 11.51469689700721410 ) ) ;
#3059 = AXIS2_PLACEMENT_3D ( 'NONE', #3112, #3938, #3903 ) ;
#3060 = VECTOR ( 'NONE', #1608, 1000.000000000000000 ) ;
#3061 = UNCERTAINTY_MEASURE_WITH_UNIT (LENGTH_MEASURE( 1.000000000000000082E-05 ), #3691, 'distance_accuracy_value', 'NONE');
#3062 = FILL_AREA_STYLE_COLOUR ( '', #474 ) ;
#3063 = VERTEX_POINT ( 'NONE', #705 ) ;
#3064 = EDGE_CURVE ( 'NONE', #2585, #1271, #1988, .T. ) ;
#3065 = VECTOR ( 'NONE', #921, 1000.000000000000000 ) ;
#3066 = PRESENTATION_LAYER_ASSIGNMENT (  '', '', ( #165 ) ) ;
#3067 = CIRCLE ( 'NONE', #4659, 2.551318690961786206 ) ;
#3068 = DIRECTION ( 'NONE',  ( 0.000000000000000000, -0.000000000000000000, 1.000000000000000000 ) ) ;
#3069 = AXIS2_PLACEMENT_3D ( 'NONE', #4206, #3857, #1042 ) ;
#3070 = PRESENTATION_LAYER_ASSIGNMENT (  '', '', ( #2314 ) ) ;
#3071 = FACE_OUTER_BOUND ( 'NONE', #2852, .T. ) ;
#3072 = ORIENTED_EDGE ( 'NONE', *, *, #4499, .T. ) ;
#3073 = PRESENTATION_LAYER_ASSIGNMENT (  '', '', ( #261 ) ) ;
#3074 = SURFACE_SIDE_STYLE ('',( #4262 ) ) ;
#3075 = UNCERTAINTY_MEASURE_WITH_UNIT (LENGTH_MEASURE( 1.000000000000000082E-05 ), #5103, 'distance_accuracy_value', 'NONE');
#3076 = SURFACE_STYLE_USAGE ( .BOTH. , #2244 ) ;
#3077 = STYLED_ITEM ( 'NONE', ( #4221 ), #2497 ) ;
#3078 = ORIENTED_EDGE ( 'NONE', *, *, #1295, .T. ) ;
#3079 = CARTESIAN_POINT ( 'NONE',  ( -5.080000000000000071, 2.000000000000000000, -15.49499999999999922 ) ) ;
#3080 =( NAMED_UNIT ( * ) SI_UNIT ( $, .STERADIAN. ) SOLID_ANGLE_UNIT ( ) );
#3081 = ORIENTED_EDGE ( 'NONE', *, *, #4874, .F. ) ;
#3082 = UNCERTAINTY_MEASURE_WITH_UNIT (LENGTH_MEASURE( 1.000000000000000082E-05 ), #1374, 'distance_accuracy_value', 'NONE');
#3083 = VERTEX_POINT ( 'NONE', #1600 ) ;
#3084 = PRESENTATION_STYLE_ASSIGNMENT (( #4656 ) ) ;
#3085 = DIRECTION ( 'NONE',  ( 0.000000000000000000, 0.000000000000000000, -1.000000000000000000 ) ) ;
#3086 = FILL_AREA_STYLE_COLOUR ( '', #2158 ) ;
#3087 = EDGE_LOOP ( 'NONE', ( #4940, #3268, #2922, #3289, #1290, #1656 ) ) ;
#3088 = DIRECTION ( 'NONE',  ( 0.000000000000000000, 1.000000000000000000, 0.000000000000000000 ) ) ;
#3089 =( NAMED_UNIT ( * ) SI_UNIT ( $, .STERADIAN. ) SOLID_ANGLE_UNIT ( ) );
#3090 = CARTESIAN_POINT ( 'NONE',  ( 6.433742130864104958, 11.00099999999999945, -12.69826330279913229 ) ) ;
#3091 = DIRECTION ( 'NONE',  ( 0.000000000000000000, -1.000000000000000000, 0.000000000000000000 ) ) ;
#3092 = EDGE_CURVE ( 'NONE', #4494, #2254, #5064, .T. ) ;
#3093 = LINE ( 'NONE', #315, #1597 ) ;
#3094 = SURFACE_SIDE_STYLE ('',( #401 ) ) ;
#3095 = ORIENTED_EDGE ( 'NONE', *, *, #3308, .F. ) ;
#3096 = FACE_OUTER_BOUND ( 'NONE', #409, .T. ) ;
#3097 = ADVANCED_FACE ( 'NONE', ( #2673 ), #2763, .F. ) ;
#3098 = EDGE_CURVE ( 'NONE', #1204, #392, #2337, .T. ) ;
#3099 = EDGE_CURVE ( 'NONE', #2800, #3206, #786, .T. ) ;
#3100 = DIRECTION ( 'NONE',  ( 0.000000000000000000, 1.000000000000000000, 0.000000000000000000 ) ) ;
#3101 = FILL_AREA_STYLE_COLOUR ( '', #4092 ) ;
#3102 = VERTEX_POINT ( 'NONE', #3978 ) ;
#3103 = PLANE ( 'NONE',  #279 ) ;
#3104 =( GEOMETRIC_REPRESENTATION_CONTEXT ( 3 ) GLOBAL_UNCERTAINTY_ASSIGNED_CONTEXT ( ( #5132 ) ) GLOBAL_UNIT_ASSIGNED_CONTEXT ( ( #1654, #4055, #4954 ) ) REPRESENTATION_CONTEXT ( 'NONE', 'WORKASPACE' ) );
#3105 = AXIS2_PLACEMENT_3D ( 'NONE', #3256, #4863, #4108 ) ;
#3106 = CARTESIAN_POINT ( 'NONE',  ( -4.482778196424058947, 11.00099999999999945, -1.183566405789941101 ) ) ;
#3107 = ORIENTED_EDGE ( 'NONE', *, *, #4609, .T. ) ;
#3108 = SURFACE_SIDE_STYLE ('',( #1891 ) ) ;
#3109 = CARTESIAN_POINT ( 'NONE',  ( -11.50000000000000888, 0.000000000000000000, -16.49999999999998934 ) ) ;
#3110 = EDGE_CURVE ( 'NONE', #4922, #1858, #3245, .T. ) ;
#3111 = VERTEX_POINT ( 'NONE', #3182 ) ;
#3112 = CARTESIAN_POINT ( 'NONE',  ( 2.540000000000000036, -2.000000000000000000, 15.24000000000000021 ) ) ;
#3113 = DIRECTION ( 'NONE',  ( 0.000000000000000000, -0.9805806756909198896, 0.1961161351381856544 ) ) ;
#3114 = SURFACE_STYLE_FILL_AREA ( #5141 ) ;
#3115 =( LENGTH_UNIT ( ) NAMED_UNIT ( * ) SI_UNIT ( .MILLI., .METRE. ) );
#3116 = ORIENTED_EDGE ( 'NONE', *, *, #4113, .T. ) ;
#3117 = VERTEX_POINT ( 'NONE', #1067 ) ;
#3118 =( NAMED_UNIT ( * ) PLANE_ANGLE_UNIT ( ) SI_UNIT ( $, .RADIAN. ) );
#3119 = CARTESIAN_POINT ( 'NONE',  ( 2.155378366499345500E-16, -2.000000000000000000, 15.24000000000000021 ) ) ;
#3120 = MECHANICAL_DESIGN_GEOMETRIC_PRESENTATION_REPRESENTATION (  '', ( #52 ), #212 ) ;
#3121 = DIRECTION ( 'NONE',  ( 0.6560590289901748751, -0.000000000000000000, 0.7547095802230610051 ) ) ;
#3122 = VECTOR ( 'NONE', #1413, 1000.000000000000000 ) ;
#3123 = EDGE_CURVE ( 'NONE', #1204, #3005, #2644, .T. ) ;
#3124 = CARTESIAN_POINT ( 'NONE',  ( -7.205852998560368761, 11.00000000000000000, 1.183566405792149556 ) ) ;
#3125 = FILL_AREA_STYLE ('',( #5127 ) ) ;
#3126 = ORIENTED_EDGE ( 'NONE', *, *, #4396, .F. ) ;
#3127 =( NAMED_UNIT ( * ) PLANE_ANGLE_UNIT ( ) SI_UNIT ( $, .RADIAN. ) );
#3128 = VECTOR ( 'NONE', #4850, 1000.000000000000000 ) ;
#3129 = FILL_AREA_STYLE ('',( #1989 ) ) ;
#3130 = CIRCLE ( 'NONE', #1555, 0.2550000000000017808 ) ;
#3131 = FACE_OUTER_BOUND ( 'NONE', #4873, .T. ) ;
#3132 = UNCERTAINTY_MEASURE_WITH_UNIT (LENGTH_MEASURE( 1.000000000000000082E-05 ), #1452, 'distance_accuracy_value', 'NONE');
#3133 = VERTEX_POINT ( 'NONE', #4829 ) ;
#3134 = PLANE ( 'NONE',  #4673 ) ;
#3135 = CARTESIAN_POINT ( 'NONE',  ( 5.080000000000000071, 1.500000000000000000, -15.49499999999999922 ) ) ;
#3136 = PRESENTATION_STYLE_ASSIGNMENT (( #771 ) ) ;
#3137 = ORIENTED_EDGE ( 'NONE', *, *, #4716, .F. ) ;
#3138 = DIRECTION ( 'NONE',  ( -0.000000000000000000, -1.000000000000000000, -0.000000000000000000 ) ) ;
#3139 = EDGE_CURVE ( 'NONE', #1461, #1152, #4587, .T. ) ;
#3140 = AXIS2_PLACEMENT_3D ( 'NONE', #2566, #3758, #4908 ) ;
#3141 = DIRECTION ( 'NONE',  ( -0.000000000000000000, -1.000000000000000000, -0.000000000000000000 ) ) ;
#3142 = STYLED_ITEM ( 'NONE', ( #118 ), #404 ) ;
#3143 =( LENGTH_UNIT ( ) NAMED_UNIT ( * ) SI_UNIT ( .MILLI., .METRE. ) );
#3144 =( GEOMETRIC_REPRESENTATION_CONTEXT ( 3 ) GLOBAL_UNCERTAINTY_ASSIGNED_CONTEXT ( ( #1565 ) ) GLOBAL_UNIT_ASSIGNED_CONTEXT ( ( #4286, #2735, #387 ) ) REPRESENTATION_CONTEXT ( 'NONE', 'WORKASPACE' ) );
#3145 = ORIENTED_EDGE ( 'NONE', *, *, #556, .F. ) ;
#3146 = ORIENTED_EDGE ( 'NONE', *, *, #2168, .T. ) ;
#3147 =( NAMED_UNIT ( * ) SI_UNIT ( $, .STERADIAN. ) SOLID_ANGLE_UNIT ( ) );
#3148 = LINE ( 'NONE', #4667, #2749 ) ;
#3149 = CYLINDRICAL_SURFACE ( 'NONE', #4343, 0.2550000000000017808 ) ;
#3150 = ORIENTED_EDGE ( 'NONE', *, *, #3757, .F. ) ;
#3151 = MECHANICAL_DESIGN_GEOMETRIC_PRESENTATION_REPRESENTATION (  '', ( #4080 ), #5080 ) ;
#3152 = CARTESIAN_POINT ( 'NONE',  ( -12.00000000000000888, 0.9999999999999976685, -14.79999999999999183 ) ) ;
#3153 = VECTOR ( 'NONE', #1953, 1000.000000000000000 ) ;
#3154 = SURFACE_SIDE_STYLE ('',( #4028 ) ) ;
#3155 = PRESENTATION_LAYER_ASSIGNMENT (  '', '', ( #4155 ) ) ;
#3156 = VECTOR ( 'NONE', #2355, 1000.000000000000000 ) ;
#3157 = MECHANICAL_DESIGN_GEOMETRIC_PRESENTATION_REPRESENTATION (  '', ( #4083 ), #2642 ) ;
#3158 = FACE_OUTER_BOUND ( 'NONE', #3849, .T. ) ;
#3159 = DIRECTION ( 'NONE',  ( 0.000000000000000000, -1.000000000000000000, 0.000000000000000000 ) ) ;
#3160 = COLOUR_RGB ( '',0.8431372549019607865, 0.8156862745098039102, 0.7529411764705882248 ) ;
#3161 = AXIS2_PLACEMENT_3D ( 'NONE', #1146, #2350, #5082 ) ;
#3162 = VERTEX_POINT ( 'NONE', #4027 ) ;
#3163 = ADVANCED_FACE ( 'NONE', ( #888 ), #4855, .F. ) ;
#3164 = CARTESIAN_POINT ( 'NONE',  ( -11.50000000000000888, 0.000000000000000000, 14.99999999999998934 ) ) ;
#3165 = AXIS2_PLACEMENT_3D ( 'NONE', #876, #4408, #104 ) ;
#3166 = ORIENTED_EDGE ( 'NONE', *, *, #306, .F. ) ;
#3167 = PLANE ( 'NONE',  #3059 ) ;
#3168 =( GEOMETRIC_REPRESENTATION_CONTEXT ( 3 ) GLOBAL_UNCERTAINTY_ASSIGNED_CONTEXT ( ( #436 ) ) GLOBAL_UNIT_ASSIGNED_CONTEXT ( ( #3615, #4718, #4391 ) ) REPRESENTATION_CONTEXT ( 'NONE', 'WORKASPACE' ) );
#3169 =( LENGTH_UNIT ( ) NAMED_UNIT ( * ) SI_UNIT ( .MILLI., .METRE. ) );
#3170 = PRESENTATION_STYLE_ASSIGNMENT (( #4787 ) ) ;
#3171 = FACE_OUTER_BOUND ( 'NONE', #3729, .T. ) ;
#3172 = ORIENTED_EDGE ( 'NONE', *, *, #4058, .T. ) ;
#3173 = CIRCLE ( 'NONE', #2327, 0.2550000000000000044 ) ;
#3174 = ORIENTED_EDGE ( 'NONE', *, *, #710, .F. ) ;
#3175 = FILL_AREA_STYLE_COLOUR ( '', #1637 ) ;
#3176 = UNCERTAINTY_MEASURE_WITH_UNIT (LENGTH_MEASURE( 1.000000000000000082E-05 ), #3642, 'distance_accuracy_value', 'NONE');
#3177 = CARTESIAN_POINT ( 'NONE',  ( -5.080000000000000071, 2.000000000000000000, 15.49499999999999922 ) ) ;
#3178 = DIRECTION ( 'NONE',  ( 0.000000000000000000, 0.000000000000000000, -1.000000000000000000 ) ) ;
#3179 = ORIENTED_EDGE ( 'NONE', *, *, #4427, .F. ) ;
#3180 = CARTESIAN_POINT ( 'NONE',  ( -2.540000000000000036, -2.000000000000000000, 15.49500000000000099 ) ) ;
#3181 = ADVANCED_FACE ( 'NONE', ( #2085 ), #2452, .F. ) ;
#3182 = CARTESIAN_POINT ( 'NONE',  ( 6.873174177366998983, 11.00099999999999945, 1.183566405789941101 ) ) ;
#3183 = EDGE_CURVE ( 'NONE', #1689, #2080, #4002, .T. ) ;
#3184 = LINE ( 'NONE', #1192, #2925 ) ;
#3185 = UNCERTAINTY_MEASURE_WITH_UNIT (LENGTH_MEASURE( 1.000000000000000082E-05 ), #2650, 'distance_accuracy_value', 'NONE');
#3186 = ORIENTED_EDGE ( 'NONE', *, *, #3945, .F. ) ;
#3187 = SURFACE_SIDE_STYLE ('',( #4322 ) ) ;
#3188 = SURFACE_STYLE_USAGE ( .BOTH. , #2463 ) ;
#3189 = ORIENTED_EDGE ( 'NONE', *, *, #1265, .F. ) ;
#3190 = AXIS2_PLACEMENT_3D ( 'NONE', #3647, #3623, #408 ) ;
#3191 = UNCERTAINTY_MEASURE_WITH_UNIT (LENGTH_MEASURE( 1.000000000000000082E-05 ), #1013, 'distance_accuracy_value', 'NONE');
#3192 = CARTESIAN_POINT ( 'NONE',  ( -9.800000000000000711, 0.9999999999999974465, -17.00000000000001066 ) ) ;
#3193 = MECHANICAL_DESIGN_GEOMETRIC_PRESENTATION_REPRESENTATION (  '', ( #4780 ), #947 ) ;
#3194 = EDGE_LOOP ( 'NONE', ( #3990, #2608, #2592, #92 ) ) ;
#3195 = SURFACE_STYLE_USAGE ( .BOTH. , #5126 ) ;
#3196 = SURFACE_STYLE_USAGE ( .BOTH. , #932 ) ;
#3197 = ORIENTED_EDGE ( 'NONE', *, *, #366, .F. ) ;
#3198 = PRESENTATION_STYLE_ASSIGNMENT (( #403 ) ) ;
#3199 = STYLED_ITEM ( 'NONE', ( #2569 ), #3958 ) ;
#3200 = DIRECTION ( 'NONE',  ( 0.000000000000000000, -1.245367360287404601E-16, 1.000000000000000000 ) ) ;
#3201 = CARTESIAN_POINT ( 'NONE',  ( 4.854667192020922784, 11.00099999999999945, -1.462561293668101614 ) ) ;
#3202 = PRESENTATION_LAYER_ASSIGNMENT (  '', '', ( #4052 ) ) ;
#3203 = FILL_AREA_STYLE_COLOUR ( '', #2679 ) ;
#3204 = MECHANICAL_DESIGN_GEOMETRIC_PRESENTATION_REPRESENTATION (  '', ( #720 ), #4628 ) ;
#3205 = STYLED_ITEM ( 'NONE', ( #1182 ), #4345 ) ;
#3206 = VERTEX_POINT ( 'NONE', #4419 ) ;
#3207 = CYLINDRICAL_SURFACE ( 'NONE', #837, 2.551318690961786206 ) ;
#3208 = FILL_AREA_STYLE ('',( #458 ) ) ;
#3209 = ORIENTED_EDGE ( 'NONE', *, *, #778, .T. ) ;
#3210 = FILL_AREA_STYLE ('',( #3630 ) ) ;
#3211 = EDGE_CURVE ( 'NONE', #2246, #3881, #3388, .T. ) ;
#3212 = LINE ( 'NONE', #101, #4789 ) ;
#3213 = DIRECTION ( 'NONE',  ( -0.1961161351381850715, -0.9805806756909200006, 0.000000000000000000 ) ) ;
#3214 = CYLINDRICAL_SURFACE ( 'NONE', #4132, 2.217827501995029316 ) ;
#3215 = ORIENTED_EDGE ( 'NONE', *, *, #149, .T. ) ;
#3216 = CARTESIAN_POINT ( 'NONE',  ( 9.800000000000004263, 0.9999999999999997780, 16.99999999999998934 ) ) ;
#3217 =( LENGTH_UNIT ( ) NAMED_UNIT ( * ) SI_UNIT ( .MILLI., .METRE. ) );
#3218 = FILL_AREA_STYLE_COLOUR ( '', #2151 ) ;
#3219 = VERTEX_POINT ( 'NONE', #2383 ) ;
#3220 = PRESENTATION_STYLE_ASSIGNMENT (( #501 ) ) ;
#3221 = EDGE_CURVE ( 'NONE', #4586, #3443, #3067, .T. ) ;
#3222 =( NAMED_UNIT ( * ) SI_UNIT ( $, .STERADIAN. ) SOLID_ANGLE_UNIT ( ) );
#3223 = DIRECTION ( 'NONE',  ( 0.000000000000000000, 0.000000000000000000, 1.000000000000000000 ) ) ;
#3224 = VECTOR ( 'NONE', #2296, 1000.000000000000000 ) ;
#3225 = VECTOR ( 'NONE', #242, 999.9999999999998863 ) ;
#3226 = UNCERTAINTY_MEASURE_WITH_UNIT (LENGTH_MEASURE( 1.000000000000000082E-05 ), #1626, 'distance_accuracy_value', 'NONE');
#3227 =( GEOMETRIC_REPRESENTATION_CONTEXT ( 3 ) GLOBAL_UNCERTAINTY_ASSIGNED_CONTEXT ( ( #2674 ) ) GLOBAL_UNIT_ASSIGNED_CONTEXT ( ( #2193, #2514, #3713 ) ) REPRESENTATION_CONTEXT ( 'NONE', 'WORKASPACE' ) );
#3228 = CIRCLE ( 'NONE', #990, 1.203626853345702408 ) ;
#3229 = CIRCLE ( 'NONE', #1403, 0.2550000000000017808 ) ;
#3230 = ORIENTED_EDGE ( 'NONE', *, *, #3637, .T. ) ;
#3231 = CARTESIAN_POINT ( 'NONE',  ( 2.155378366499345500E-16, 1.500000000000000000, 15.24000000000000021 ) ) ;
#3232 = CARTESIAN_POINT ( 'NONE',  ( -5.080000000000000071, -2.000000000000000000, -15.23999999999999844 ) ) ;
#3233 = VERTEX_POINT ( 'NONE', #2860 ) ;
#3234 = PRESENTATION_LAYER_ASSIGNMENT (  '', '', ( #2074 ) ) ;
#3235 = VECTOR ( 'NONE', #731, 1000.000000000000000 ) ;
#3236 = PRESENTATION_STYLE_ASSIGNMENT (( #2422 ) ) ;
#3237 = EDGE_CURVE ( 'NONE', #1689, #5016, #3738, .T. ) ;
#3238 =( NAMED_UNIT ( * ) SI_UNIT ( $, .STERADIAN. ) SOLID_ANGLE_UNIT ( ) );
#3239 = VECTOR ( 'NONE', #2363, 1000.000000000000000 ) ;
#3240 = CARTESIAN_POINT ( 'NONE',  ( -6.058508073491418067, 11.00099999999999945, 10.02833425215082386 ) ) ;
#3241 =( LENGTH_UNIT ( ) NAMED_UNIT ( * ) SI_UNIT ( .MILLI., .METRE. ) );
#3242 = CARTESIAN_POINT ( 'NONE',  ( 6.433742130864104958, 11.00099999999999945, -12.69826330279913229 ) ) ;
#3243 = VECTOR ( 'NONE', #624, 1000.000000000000000 ) ;
#3244 = ADVANCED_FACE ( 'NONE', ( #2131 ), #2554, .F. ) ;
#3245 = CIRCLE ( 'NONE', #4174, 0.2550000000000000044 ) ;
#3246 = DIRECTION ( 'NONE',  ( -1.215025941578742484E-16, 0.1961161351381856544, -0.9805806756909198896 ) ) ;
#3247 = CARTESIAN_POINT ( 'NONE',  ( 3.234164606790940422, 11.00099999999999945, 10.06791373632251130 ) ) ;
#3248 = STYLED_ITEM ( 'NONE', ( #704 ), #1187 ) ;
#3249 = VERTEX_POINT ( 'NONE', #3722 ) ;
#3250 = LINE ( 'NONE', #1212, #4516 ) ;
#3251 = DIRECTION ( 'NONE',  ( 0.000000000000000000, 0.000000000000000000, 1.000000000000000000 ) ) ;
#3252 = CARTESIAN_POINT ( 'NONE',  ( 11.50000000000001066, 0.000000000000000000, 16.49999999999998934 ) ) ;
#3253 = EDGE_CURVE ( 'NONE', #4142, #3457, #4336, .T. ) ;
#3254 =( NAMED_UNIT ( * ) PLANE_ANGLE_UNIT ( ) SI_UNIT ( $, .RADIAN. ) );
#3255 = ORIENTED_EDGE ( 'NONE', *, *, #1904, .F. ) ;
#3256 = CARTESIAN_POINT ( 'NONE',  ( 5.080000000000000071, 1.500000000000000000, 15.24000000000000021 ) ) ;
#3257 = ORIENTED_EDGE ( 'NONE', *, *, #4860, .T. ) ;
#3258 = CARTESIAN_POINT ( 'NONE',  ( 11.99999999999999822, 0.000000000000000000, 14.99999999999998934 ) ) ;
#3259 = PRESENTATION_LAYER_ASSIGNMENT (  '', '', ( #3422 ) ) ;
#3260 = CARTESIAN_POINT ( 'NONE',  ( 9.800000000000004263, 0.9999999999999997780, -17.00000000000001066 ) ) ;
#3261 = SURFACE_STYLE_FILL_AREA ( #851 ) ;
#3262 = CIRCLE ( 'NONE', #5122, 0.2550000000000017808 ) ;
#3263 = SURFACE_SIDE_STYLE ('',( #4531 ) ) ;
#3264 = DIRECTION ( 'NONE',  ( -1.000000000000000000, -1.216961622177606661E-16, 0.000000000000000000 ) ) ;
#3265 =( LENGTH_UNIT ( ) NAMED_UNIT ( * ) SI_UNIT ( .MILLI., .METRE. ) );
#3266 = CARTESIAN_POINT ( 'NONE',  ( -2.540000000000000036, -2.000000000000000000, -15.24000000000000021 ) ) ;
#3267 = PLANE ( 'NONE',  #252 ) ;
#3268 = ORIENTED_EDGE ( 'NONE', *, *, #3706, .F. ) ;
#3269 = EDGE_CURVE ( 'NONE', #853, #4139, #3228, .T. ) ;
#3270 = DIRECTION ( 'NONE',  ( -0.000000000000000000, -1.000000000000000000, -0.000000000000000000 ) ) ;
#3271 = SURFACE_SIDE_STYLE ('',( #2910 ) ) ;
#3272 = SURFACE_SIDE_STYLE ('',( #429 ) ) ;
#3273 = EDGE_CURVE ( 'NONE', #459, #26, #1397, .T. ) ;
#3274 = DIRECTION ( 'NONE',  ( -0.1391731009594465163, 0.000000000000000000, 0.9902680687416571814 ) ) ;
#3275 = LINE ( 'NONE', #115, #4904 ) ;
#3276 = VECTOR ( 'NONE', #51, 1000.000000000000114 ) ;
#3277 = SURFACE_STYLE_USAGE ( .BOTH. , #4524 ) ;
#3278 = UNCERTAINTY_MEASURE_WITH_UNIT (LENGTH_MEASURE( 1.000000000000000082E-05 ), #1763, 'distance_accuracy_value', 'NONE');
#3279 = SURFACE_STYLE_USAGE ( .BOTH. , #944 ) ;
#3280 = VECTOR ( 'NONE', #3676, 1000.000000000000000 ) ;
#3281 = PRODUCT_CONTEXT ( 'NONE', #4773, 'mechanical' ) ;
#3282 =( NAMED_UNIT ( * ) PLANE_ANGLE_UNIT ( ) SI_UNIT ( $, .RADIAN. ) );
#3283 = ORIENTED_EDGE ( 'NONE', *, *, #4609, .F. ) ;
#3284 = DIRECTION ( 'NONE',  ( 0.000000000000000000, 0.000000000000000000, 1.000000000000000000 ) ) ;
#3285 = EDGE_CURVE ( 'NONE', #2871, #3057, #4505, .T. ) ;
#3286 = SURFACE_STYLE_FILL_AREA ( #2010 ) ;
#3287 = SURFACE_STYLE_USAGE ( .BOTH. , #1718 ) ;
#3288 = SURFACE_STYLE_FILL_AREA ( #832 ) ;
#3289 = ORIENTED_EDGE ( 'NONE', *, *, #2023, .F. ) ;
#3290 = SURFACE_STYLE_USAGE ( .BOTH. , #545 ) ;
#3291 = FACE_BOUND ( 'NONE', #1425, .T. ) ;
#3292 = CARTESIAN_POINT ( 'NONE',  ( 0.000000000000000000, 0.000000000000000000, 0.000000000000000000 ) ) ;
#3293 = DIRECTION ( 'NONE',  ( 0.000000000000000000, 0.000000000000000000, -1.000000000000000000 ) ) ;
#3294 = FILL_AREA_STYLE ('',( #4949 ) ) ;
#3295 = CARTESIAN_POINT ( 'NONE',  ( -6.101063309671211243, 11.00000000000000000, 10.33113049121951121 ) ) ;
#3296 = PRESENTATION_STYLE_ASSIGNMENT (( #4929 ) ) ;
#3297 = LINE ( 'NONE', #4130, #3225 ) ;
#3298 = SURFACE_SIDE_STYLE ('',( #2046 ) ) ;
#3299 = ORIENTED_EDGE ( 'NONE', *, *, #2103, .F. ) ;
#3300 = AXIS2_PLACEMENT_3D ( 'NONE', #515, #4459, #4886 ) ;
#3301 = LINE ( 'NONE', #1275, #2632 ) ;
#3302 = AXIS2_PLACEMENT_3D ( 'NONE', #553, #2135, #1706 ) ;
#3303 = SURFACE_SIDE_STYLE ('',( #146 ) ) ;
#3304 = ADVANCED_FACE ( 'NONE', ( #3771 ), #1764, .F. ) ;
#3305 = DIRECTION ( 'NONE',  ( -0.7547095802230610051, 0.000000000000000000, 0.6560590289901748751 ) ) ;
#3306 = VECTOR ( 'NONE', #4564, 1000.000000000000000 ) ;
#3307 = EDGE_CURVE ( 'NONE', #3005, #2421, #425, .T. ) ;
#3308 = EDGE_CURVE ( 'NONE', #1568, #3361, #1077, .T. ) ;
#3309 =( NAMED_UNIT ( * ) SI_UNIT ( $, .STERADIAN. ) SOLID_ANGLE_UNIT ( ) );
#3310 = VECTOR ( 'NONE', #1399, 1000.000000000000114 ) ;
#3311 = STYLED_ITEM ( 'NONE', ( #1784 ), #3565 ) ;
#3312 = SURFACE_SIDE_STYLE ('',( #1735 ) ) ;
#3313 = FILL_AREA_STYLE_COLOUR ( '', #1179 ) ;
#3314 = ORIENTED_EDGE ( 'NONE', *, *, #3840, .F. ) ;
#3315 =( GEOMETRIC_REPRESENTATION_CONTEXT ( 3 ) GLOBAL_UNCERTAINTY_ASSIGNED_CONTEXT ( ( #4089 ) ) GLOBAL_UNIT_ASSIGNED_CONTEXT ( ( #3115, #774, #1509 ) ) REPRESENTATION_CONTEXT ( 'NONE', 'WORKASPACE' ) );
#3316 = VECTOR ( 'NONE', #4749, 999.9999999999998863 ) ;
#3317 = SURFACE_STYLE_USAGE ( .BOTH. , #2152 ) ;
#3318 = SURFACE_SIDE_STYLE ('',( #3339 ) ) ;
#3319 = VECTOR ( 'NONE', #4594, 1000.000000000000000 ) ;
#3320 = DIRECTION ( 'NONE',  ( 0.000000000000000000, 1.000000000000000000, 0.000000000000000000 ) ) ;
#3321 = LINE ( 'NONE', #1353, #94 ) ;
#3322 = DIRECTION ( 'NONE',  ( -0.000000000000000000, -1.000000000000000000, -0.000000000000000000 ) ) ;
#3323 = DIRECTION ( 'NONE',  ( 0.000000000000000000, -1.000000000000000000, 0.000000000000000000 ) ) ;
#3324 = EDGE_CURVE ( 'NONE', #2246, #2249, #3148, .T. ) ;
#3325 =( NAMED_UNIT ( * ) PLANE_ANGLE_UNIT ( ) SI_UNIT ( $, .RADIAN. ) );
#3326 = ORIENTED_EDGE ( 'NONE', *, *, #1260, .T. ) ;
#3327 =( NAMED_UNIT ( * ) PLANE_ANGLE_UNIT ( ) SI_UNIT ( $, .RADIAN. ) );
#3328 =( NAMED_UNIT ( * ) PLANE_ANGLE_UNIT ( ) SI_UNIT ( $, .RADIAN. ) );
#3329 = SURFACE_STYLE_FILL_AREA ( #1033 ) ;
#3330 = PLANE ( 'NONE',  #4111 ) ;
#3331 = CARTESIAN_POINT ( 'NONE',  ( 0.000000000000000000, 11.00099999999999945, 0.000000000000000000 ) ) ;
#3332 =( NAMED_UNIT ( * ) SI_UNIT ( $, .STERADIAN. ) SOLID_ANGLE_UNIT ( ) );
#3333 = AXIS2_PLACEMENT_3D ( 'NONE', #2724, #4332, #3550 ) ;
#3334 = DIRECTION ( 'NONE',  ( 0.000000000000000000, 0.000000000000000000, -1.000000000000000000 ) ) ;
#3335 = SURFACE_SIDE_STYLE ('',( #2921 ) ) ;
#3336 = ORIENTED_EDGE ( 'NONE', *, *, #4986, .T. ) ;
#3337 = PRESENTATION_LAYER_ASSIGNMENT (  '', '', ( #2773 ) ) ;
#3338 = COLOUR_RGB ( '',0.8431372549019607865, 0.8156862745098039102, 0.7529411764705882248 ) ;
#3339 = SURFACE_STYLE_FILL_AREA ( #3364 ) ;
#3340 = CARTESIAN_POINT ( 'NONE',  ( -5.975923974939405525, 11.00099999999999945, -0.1513981195336346064 ) ) ;
#3341 = ORIENTED_EDGE ( 'NONE', *, *, #133, .T. ) ;
#3342 =( NAMED_UNIT ( * ) PLANE_ANGLE_UNIT ( ) SI_UNIT ( $, .RADIAN. ) );
#3343 = LINE ( 'NONE', #628, #231 ) ;
#3344 = EDGE_CURVE ( 'NONE', #3063, #260, #2305, .T. ) ;
#3345 = DIRECTION ( 'NONE',  ( 0.000000000000000000, 0.000000000000000000, 1.000000000000000000 ) ) ;
#3346 = LINE ( 'NONE', #1382, #1362 ) ;
#3347 = VECTOR ( 'NONE', #3113, 999.9999999999998863 ) ;
#3348 = ORIENTED_EDGE ( 'NONE', *, *, #2664, .F. ) ;
#3349 = COLOUR_RGB ( '',0.8431372549019607865, 0.8156862745098039102, 0.7529411764705882248 ) ;
#3350 = COLOUR_RGB ( '',0.8431372549019607865, 0.8156862745098039102, 0.7529411764705882248 ) ;
#3351 = DIRECTION ( 'NONE',  ( -0.000000000000000000, -0.000000000000000000, 1.000000000000000000 ) ) ;
#3352 = FACE_OUTER_BOUND ( 'NONE', #4183, .T. ) ;
#3353 = PLANE ( 'NONE',  #1076 ) ;
#3354 = CARTESIAN_POINT ( 'NONE',  ( -5.080000000000000071, 2.000000000000000000, 14.98499999999999766 ) ) ;
#3355 = ORIENTED_EDGE ( 'NONE', *, *, #781, .F. ) ;
#3356 = STYLED_ITEM ( 'NONE', ( #718 ), #4074 ) ;
#3357 = ORIENTED_EDGE ( 'NONE', *, *, #2324, .T. ) ;
#3358 = STYLED_ITEM ( 'NONE', ( #2698 ), #4425 ) ;
#3359 = LINE ( 'NONE', #3795, #3932 ) ;
#3360 = SURFACE_STYLE_USAGE ( .BOTH. , #3767 ) ;
#3361 = VERTEX_POINT ( 'NONE', #3090 ) ;
#3362 = DIRECTION ( 'NONE',  ( -0.7547095802235759265, 0.000000000000000000, 0.6560590289895824601 ) ) ;
#3363 = FACE_BOUND ( 'NONE', #3439, .T. ) ;
#3364 = FILL_AREA_STYLE ('',( #621 ) ) ;
#3365 = FILL_AREA_STYLE ('',( #2155 ) ) ;
#3366 = DIRECTION ( 'NONE',  ( -0.6073781906592577995, 0.000000000000000000, -0.7944128231036344800 ) ) ;
#3367 = ORIENTED_EDGE ( 'NONE', *, *, #1939, .T. ) ;
#3368 = CARTESIAN_POINT ( 'NONE',  ( 0.000000000000000000, 0.000000000000000000, 0.000000000000000000 ) ) ;
#3369 = CARTESIAN_POINT ( 'NONE',  ( -5.080000000000000071, 2.000000000000000000, -15.23999999999999844 ) ) ;
#3370 = DIRECTION ( 'NONE',  ( 0.000000000000000000, -0.9805806756909198896, 0.1961161351381856544 ) ) ;
#3371 = VECTOR ( 'NONE', #65, 999.9999999999998863 ) ;
#3372 = AXIS2_PLACEMENT_3D ( 'NONE', #4397, #813, #1266 ) ;
#3373 = CARTESIAN_POINT ( 'NONE',  ( -2.864493083157178432, 11.00099999999999945, -12.69826330279913229 ) ) ;
#3374 = DIRECTION ( 'NONE',  ( -0.6231457663328830998, 0.000000000000000000, -0.7821057178549482014 ) ) ;
#3375 = ORIENTED_EDGE ( 'NONE', *, *, #5129, .T. ) ;
#3376 = EDGE_LOOP ( 'NONE', ( #4447, #2995, #3540, #2242 ) ) ;
#3377 = SURFACE_SIDE_STYLE ('',( #430 ) ) ;
#3378 = FACE_OUTER_BOUND ( 'NONE', #4612, .T. ) ;
#3379 = VERTEX_POINT ( 'NONE', #3478 ) ;
#3380 = FILL_AREA_STYLE_COLOUR ( '', #4357 ) ;
#3381 = EDGE_CURVE ( 'NONE', #3451, #2760, #1124, .T. ) ;
#3382 = EDGE_CURVE ( 'NONE', #5095, #1962, #2695, .T. ) ;
#3383 = VERTEX_POINT ( 'NONE', #3968 ) ;
#3384 = FILL_AREA_STYLE_COLOUR ( '', #1502 ) ;
#3385 = VECTOR ( 'NONE', #3138, 1000.000000000000000 ) ;
#3386 = COLOUR_RGB ( '',0.8431372549019607865, 0.8156862745098039102, 0.7529411764705882248 ) ;
#3387 =( GEOMETRIC_REPRESENTATION_CONTEXT ( 3 ) GLOBAL_UNCERTAINTY_ASSIGNED_CONTEXT ( ( #2855 ) ) GLOBAL_UNIT_ASSIGNED_CONTEXT ( ( #2319, #2656, #4650 ) ) REPRESENTATION_CONTEXT ( 'NONE', 'WORKASPACE' ) );
#3388 = CIRCLE ( 'NONE', #4740, 0.2550000000000017808 ) ;
#3389 = FACE_OUTER_BOUND ( 'NONE', #4172, .T. ) ;
#3390 = DIRECTION ( 'NONE',  ( 0.000000000000000000, -1.000000000000000000, 0.000000000000000000 ) ) ;
#3391 = VECTOR ( 'NONE', #1971, 1000.000000000000000 ) ;
#3392 = EDGE_LOOP ( 'NONE', ( #3020, #2821, #2769, #2754 ) ) ;
#3393 = EDGE_CURVE ( 'NONE', #878, #3249, #1915, .T. ) ;
#3394 = DIRECTION ( 'NONE',  ( 1.215025941578742484E-16, 0.1961161351381856544, 0.9805806756909198896 ) ) ;
#3395 = CARTESIAN_POINT ( 'NONE',  ( 0.000000000000000000, 1.500000000000000000, 0.000000000000000000 ) ) ;
#3396 = MECHANICAL_DESIGN_GEOMETRIC_PRESENTATION_REPRESENTATION (  '', ( #2314 ), #2828 ) ;
#3397 = PRESENTATION_STYLE_ASSIGNMENT (( #4563 ) ) ;
#3398 = FACE_OUTER_BOUND ( 'NONE', #1123, .T. ) ;
#3399 = DIRECTION ( 'NONE',  ( 0.000000000000000000, -1.000000000000000000, 0.000000000000000000 ) ) ;
#3400 = ORIENTED_EDGE ( 'NONE', *, *, #2782, .F. ) ;
#3401 = STYLED_ITEM ( 'NONE', ( #5055 ), #4907 ) ;
#3402 = FACE_OUTER_BOUND ( 'NONE', #1126, .T. ) ;
#3403 = VECTOR ( 'NONE', #1523, 1000.000000000000000 ) ;
#3404 = LINE ( 'NONE', #4542, #4066 ) ;
#3405 = SURFACE_STYLE_USAGE ( .BOTH. , #5038 ) ;
#3406 = VECTOR ( 'NONE', #3036, 1000.000000000000000 ) ;
#3407 = ADVANCED_FACE ( 'NONE', ( #1181 ), #5031, .F. ) ;
#3408 = DIRECTION ( 'NONE',  ( 0.000000000000000000, -1.000000000000000000, 0.000000000000000000 ) ) ;
#3409 = AXIS2_PLACEMENT_3D ( 'NONE', #1825, #3890, #320 ) ;
#3410 =( GEOMETRIC_REPRESENTATION_CONTEXT ( 3 ) GLOBAL_UNCERTAINTY_ASSIGNED_CONTEXT ( ( #1574 ) ) GLOBAL_UNIT_ASSIGNED_CONTEXT ( ( #204, #2223, #3820 ) ) REPRESENTATION_CONTEXT ( 'NONE', 'WORKASPACE' ) );
#3411 = ORIENTED_EDGE ( 'NONE', *, *, #337, .T. ) ;
#3412 = CARTESIAN_POINT ( 'NONE',  ( -12.00000000000000533, 11.00000000000000000, -17.00000000000001066 ) ) ;
#3413 = ORIENTED_EDGE ( 'NONE', *, *, #2889, .F. ) ;
#3414 = FILL_AREA_STYLE_COLOUR ( '', #4005 ) ;
#3415 = DIRECTION ( 'NONE',  ( -0.000000000000000000, 1.000000000000000000, 0.000000000000000000 ) ) ;
#3416 = ORIENTED_EDGE ( 'NONE', *, *, #2498, .T. ) ;
#3417 = FILL_AREA_STYLE_COLOUR ( '', #13 ) ;
#3418 = CARTESIAN_POINT ( 'NONE',  ( -11.00000000000000888, 1.000000000000000000, 0.000000000000000000 ) ) ;
#3419 = ORIENTED_EDGE ( 'NONE', *, *, #5032, .T. ) ;
#3420 = FACE_OUTER_BOUND ( 'NONE', #2618, .T. ) ;
#3421 = FACE_OUTER_BOUND ( 'NONE', #1529, .T. ) ;
#3422 = STYLED_ITEM ( 'NONE', ( #2999 ), #619 ) ;
#3423 = VECTOR ( 'NONE', #3475, 1000.000000000000000 ) ;
#3424 =( NAMED_UNIT ( * ) SI_UNIT ( $, .STERADIAN. ) SOLID_ANGLE_UNIT ( ) );
#3425 = UNCERTAINTY_MEASURE_WITH_UNIT (LENGTH_MEASURE( 1.000000000000000082E-05 ), #4121, 'distance_accuracy_value', 'NONE');
#3426 = CARTESIAN_POINT ( 'NONE',  ( 11.50000000000001066, 1.000000000000000000, 16.49999999999998934 ) ) ;
#3427 = EDGE_CURVE ( 'NONE', #3001, #1471, #5123, .T. ) ;
#3428 = PRESENTATION_STYLE_ASSIGNMENT (( #1849 ) ) ;
#3429 = CARTESIAN_POINT ( 'NONE',  ( 5.720367413259347167, 11.00099999999999945, 0.000000000000000000 ) ) ;
#3430 = ORIENTED_EDGE ( 'NONE', *, *, #2861, .F. ) ;
#3431 = CARTESIAN_POINT ( 'NONE',  ( 4.862495803304712538, 11.00099999999999945, 11.94109450128913608 ) ) ;
#3432 = COLOUR_RGB ( '',0.7803921568627451011, 0.7607843137254901578, 0.7411764705882353255 ) ;
#3433 = EDGE_CURVE ( 'NONE', #203, #3133, #312, .T. ) ;
#3434 = COLOUR_RGB ( '',0.8431372549019607865, 0.8156862745098039102, 0.7529411764705882248 ) ;
#3435 = DIRECTION ( 'NONE',  ( 0.000000000000000000, 0.000000000000000000, -1.000000000000000000 ) ) ;
#3436 = ORIENTED_EDGE ( 'NONE', *, *, #1445, .F. ) ;
#3437 =( LENGTH_UNIT ( ) NAMED_UNIT ( * ) SI_UNIT ( .MILLI., .METRE. ) );
#3438 = LINE ( 'NONE', #1051, #3032 ) ;
#3439 = EDGE_LOOP ( 'NONE', ( #4269, #719 ) ) ;
#3440 = CARTESIAN_POINT ( 'NONE',  ( 7.205852998560215994, 11.00099999999999945, -1.183566405789941101 ) ) ;
#3441 = SURFACE_SIDE_STYLE ('',( #1863 ) ) ;
#3442 = DIRECTION ( 'NONE',  ( 0.000000000000000000, 0.000000000000000000, 1.000000000000000000 ) ) ;
#3443 = VERTEX_POINT ( 'NONE', #3454 ) ;
#3444 = DIRECTION ( 'NONE',  ( 1.543119997218447926E-32, 1.000000000000000000, 1.245367360287404601E-16 ) ) ;
#3445 = CIRCLE ( 'NONE', #3533, 0.2550000000000017808 ) ;
#3446 = ORIENTED_EDGE ( 'NONE', *, *, #4874, .T. ) ;
#3447 = FACE_OUTER_BOUND ( 'NONE', #4648, .T. ) ;
#3448 = AXIS2_PLACEMENT_3D ( 'NONE', #3369, #3323, #2115 ) ;
#3449 = CARTESIAN_POINT ( 'NONE',  ( -7.952849967986407975, 11.00099999999999945, 11.94086407455327326 ) ) ;
#3450 = PLANE ( 'NONE',  #1830 ) ;
#3451 = VERTEX_POINT ( 'NONE', #699 ) ;
#3452 = PRESENTATION_LAYER_ASSIGNMENT (  '', '', ( #1880 ) ) ;
#3453 =( GEOMETRIC_REPRESENTATION_CONTEXT ( 3 ) GLOBAL_UNCERTAINTY_ASSIGNED_CONTEXT ( ( #1874 ) ) GLOBAL_UNIT_ASSIGNED_CONTEXT ( ( #4175, #1845, #1479 ) ) REPRESENTATION_CONTEXT ( 'NONE', 'WORKASPACE' ) );
#3454 = CARTESIAN_POINT ( 'NONE',  ( -4.732453708476182186, 11.00099999999999945, -12.06448419708566533 ) ) ;
#3455 = SURFACE_SIDE_STYLE ('',( #783 ) ) ;
#3456 = CARTESIAN_POINT ( 'NONE',  ( 5.587567885294018488, 11.00099999999999945, 10.33113049121800486 ) ) ;
#3457 = VERTEX_POINT ( 'NONE', #3535 ) ;
#3458 = CARTESIAN_POINT ( 'NONE',  ( -6.279034304946791600, 11.00000000000000000, 10.48583831713804670 ) ) ;
#3459 =( LENGTH_UNIT ( ) NAMED_UNIT ( * ) SI_UNIT ( .MILLI., .METRE. ) );
#3460 = ORIENTED_EDGE ( 'NONE', *, *, #2001, .T. ) ;
#3461 = CARTESIAN_POINT ( 'NONE',  ( -6.279034304946791600, 11.00099999999999945, 10.48583831713804670 ) ) ;
#3462 = EDGE_LOOP ( 'NONE', ( #5110, #3145, #2691, #4631, #2397, #4817 ) ) ;
#3463 = CARTESIAN_POINT ( 'NONE',  ( -12.00000000000000533, 0.000000000000000000, -17.00000000000001066 ) ) ;
#3464 = CARTESIAN_POINT ( 'NONE',  ( -4.852449720038055858, 11.00000000000000000, 1.446783160686918812 ) ) ;
#3465 = VERTEX_POINT ( 'NONE', #350 ) ;
#3466 = CARTESIAN_POINT ( 'NONE',  ( -3.233869851431873332, 11.00099999999999945, -10.07001102975548079 ) ) ;
#3467 = EDGE_CURVE ( 'NONE', #3492, #3219, #5148, .T. ) ;
#3468 = ORIENTED_EDGE ( 'NONE', *, *, #3273, .F. ) ;
#3469 = DIRECTION ( 'NONE',  ( 0.6560590289966464761, 0.000000000000000000, 0.7547095802174352830 ) ) ;
#3470 = ADVANCED_FACE ( 'NONE', ( #1903 ), #5090, .F. ) ;
#3471 = EDGE_CURVE ( 'NONE', #4120, #2649, #2410, .T. ) ;
#3472 = CARTESIAN_POINT ( 'NONE',  ( 5.080000000000000071, 1.500000000000000000, 15.24000000000000021 ) ) ;
#3473 = EDGE_CURVE ( 'NONE', #805, #1350, #4870, .T. ) ;
#3474 = ORIENTED_EDGE ( 'NONE', *, *, #2349, .F. ) ;
#3475 = DIRECTION ( 'NONE',  ( -0.000000000000000000, -1.000000000000000000, -0.000000000000000000 ) ) ;
#3476 = VECTOR ( 'NONE', #145, 1000.000000000000000 ) ;
#3477 = PRESENTATION_LAYER_ASSIGNMENT (  '', '', ( #1999 ) ) ;
#3478 = CARTESIAN_POINT ( 'NONE',  ( -5.995713717026618816, 11.00099999999999945, 0.1316083774495941938 ) ) ;
#3479 = STYLED_ITEM ( 'NONE', ( #250 ), #2795 ) ;
#3480 = UNCERTAINTY_MEASURE_WITH_UNIT (LENGTH_MEASURE( 1.000000000000000082E-05 ), #1839, 'distance_accuracy_value', 'NONE');
#3481 = DIRECTION ( 'NONE',  ( -0.000000000000000000, -0.000000000000000000, 1.000000000000000000 ) ) ;
#3482 = DIRECTION ( 'NONE',  ( 0.000000000000000000, 0.000000000000000000, -1.000000000000000000 ) ) ;
#3483 = FILL_AREA_STYLE_COLOUR ( '', #2976 ) ;
#3484 = ORIENTED_EDGE ( 'NONE', *, *, #2534, .T. ) ;
#3485 = FILL_AREA_STYLE ('',( #1878 ) ) ;
#3486 = STYLED_ITEM ( 'NONE', ( #2015 ), #1979 ) ;
#3487 = COLOUR_RGB ( '',0.8431372549019607865, 0.8156862745098039102, 0.7529411764705882248 ) ;
#3488 =( NAMED_UNIT ( * ) PLANE_ANGLE_UNIT ( ) SI_UNIT ( $, .RADIAN. ) );
#3489 = DIRECTION ( 'NONE',  ( 0.7944128231020155528, 0.000000000000000000, -0.6073781906613751058 ) ) ;
#3490 = EDGE_CURVE ( 'NONE', #2726, #543, #2834, .T. ) ;
#3491 = VECTOR ( 'NONE', #618, 1000.000000000000114 ) ;
#3492 = VERTEX_POINT ( 'NONE', #32 ) ;
#3493 = AXIS2_PLACEMENT_3D ( 'NONE', #4615, #1517, #3482 ) ;
#3494 = PRESENTATION_LAYER_ASSIGNMENT (  '', '', ( #1930 ) ) ;
#3495 = FILL_AREA_STYLE_COLOUR ( '', #377 ) ;
#3496 = UNCERTAINTY_MEASURE_WITH_UNIT (LENGTH_MEASURE( 1.000000000000000082E-05 ), #966, 'distance_accuracy_value', 'NONE');
#3497 = CARTESIAN_POINT ( 'NONE',  ( -9.800000000000000711, 0.9999999999999974465, -17.00000000000001066 ) ) ;
#3498 = PRESENTATION_LAYER_ASSIGNMENT (  '', '', ( #3749 ) ) ;
#3499 = ORIENTED_EDGE ( 'NONE', *, *, #2723, .T. ) ;
#3500 = PRESENTATION_STYLE_ASSIGNMENT (( #1113 ) ) ;
#3501 = ORIENTED_EDGE ( 'NONE', *, *, #2388, .T. ) ;
#3502 = LINE ( 'NONE', #797, #1488 ) ;
#3503 = UNCERTAINTY_MEASURE_WITH_UNIT (LENGTH_MEASURE( 1.000000000000000082E-05 ), #3169, 'distance_accuracy_value', 'NONE');
#3504 = EDGE_LOOP ( 'NONE', ( #3831, #1164, #1135, #2142, #106, #2375, #4166 ) ) ;
#3505 = STYLED_ITEM ( 'NONE', ( #852 ), #919 ) ;
#3506 = SURFACE_STYLE_USAGE ( .BOTH. , #2325 ) ;
#3507 = ORIENTED_EDGE ( 'NONE', *, *, #4040, .T. ) ;
#3508 = EDGE_LOOP ( 'NONE', ( #5153, #2844, #253, #2414 ) ) ;
#3509 = SURFACE_STYLE_USAGE ( .BOTH. , #1938 ) ;
#3510 = CARTESIAN_POINT ( 'NONE',  ( -7.205852998560368761, 11.00099999999999945, 1.183566405792149556 ) ) ;
#3511 = DIRECTION ( 'NONE',  ( 0.000000000000000000, 1.000000000000000000, 0.000000000000000000 ) ) ;
#3512 = DIRECTION ( 'NONE',  ( 0.000000000000000000, 0.000000000000000000, -1.000000000000000000 ) ) ;
#3513 =( NAMED_UNIT ( * ) SI_UNIT ( $, .STERADIAN. ) SOLID_ANGLE_UNIT ( ) );
#3514 = DIRECTION ( 'NONE',  ( 0.000000000000000000, -0.000000000000000000, -1.000000000000000000 ) ) ;
#3515 = ORIENTED_EDGE ( 'NONE', *, *, #781, .T. ) ;
#3516 =( LENGTH_UNIT ( ) NAMED_UNIT ( * ) SI_UNIT ( .MILLI., .METRE. ) );
#3517 = CARTESIAN_POINT ( 'NONE',  ( 11.29289321881346275, 1.500000000000000000, -16.29289321881344321 ) ) ;
#3518 = SURFACE_STYLE_USAGE ( .BOTH. , #3154 ) ;
#3519 = AXIS2_PLACEMENT_3D ( 'NONE', #3034, #1480, #1815 ) ;
#3520 = EDGE_CURVE ( 'NONE', #4304, #1049, #399, .T. ) ;
#3521 = DIRECTION ( 'NONE',  ( 0.000000000000000000, 0.000000000000000000, 1.000000000000000000 ) ) ;
#3522 = LINE ( 'NONE', #2708, #2851 ) ;
#3523 = STYLED_ITEM ( 'NONE', ( #512 ), #102 ) ;
#3524 = ORIENTED_EDGE ( 'NONE', *, *, #370, .T. ) ;
#3525 = PLANE ( 'NONE',  #2470 ) ;
#3526 = DIRECTION ( 'NONE',  ( 1.000000000000000000, 0.000000000000000000, 0.000000000000000000 ) ) ;
#3527 = ORIENTED_EDGE ( 'NONE', *, *, #2701, .F. ) ;
#3528 = CARTESIAN_POINT ( 'NONE',  ( 5.964953484664302863, 11.00000000000000000, 0.04366522180675999620 ) ) ;
#3529 = LINE ( 'NONE', #755, #388 ) ;
#3530 = LINE ( 'NONE', #3904, #2979 ) ;
#3531 = SURFACE_STYLE_USAGE ( .BOTH. , #4359 ) ;
#3532 = ORIENTED_EDGE ( 'NONE', *, *, #3047, .T. ) ;
#3533 = AXIS2_PLACEMENT_3D ( 'NONE', #670, #5079, #259 ) ;
#3534 = CARTESIAN_POINT ( 'NONE',  ( 9.800000000000004263, 0.9999999999999997780, 16.99999999999998934 ) ) ;
#3535 = CARTESIAN_POINT ( 'NONE',  ( -5.080000000000000071, -2.000000000000000000, -14.98499999999999766 ) ) ;
#3536 = MECHANICAL_DESIGN_GEOMETRIC_PRESENTATION_REPRESENTATION (  '', ( #4626 ), #1372 ) ;
#3537 = CARTESIAN_POINT ( 'NONE',  ( 11.99999999999999822, 0.9999999999999940048, 14.79999999999998828 ) ) ;
#3538 = CARTESIAN_POINT ( 'NONE',  ( 6.101063309670885282, 11.00000000000000000, -10.33113049121924654 ) ) ;
#3539 = DIRECTION ( 'NONE',  ( 0.000000000000000000, 0.000000000000000000, -1.000000000000000000 ) ) ;
#3540 = ORIENTED_EDGE ( 'NONE', *, *, #2458, .F. ) ;
#3541 = COLOUR_RGB ( '',0.8431372549019607865, 0.8156862745098039102, 0.7529411764705882248 ) ;
#3542 = AXIS2_PLACEMENT_3D ( 'NONE', #4254, #1876, #1540 ) ;
#3543 = CARTESIAN_POINT ( 'NONE',  ( 11.50000000000001243, 0.9999999999999983347, -14.79999999999999538 ) ) ;
#3544 = DIRECTION ( 'NONE',  ( 0.1391731009594465163, 0.000000000000000000, -0.9902680687416571814 ) ) ;
#3545 = ADVANCED_FACE ( 'NONE', ( #3668 ), #2879, .F. ) ;
#3546 = DIRECTION ( 'NONE',  ( 0.000000000000000000, -1.000000000000000000, 0.000000000000000000 ) ) ;
#3547 = PRESENTATION_LAYER_ASSIGNMENT (  '', '', ( #2876 ) ) ;
#3548 = EDGE_CURVE ( 'NONE', #1039, #1721, #2854, .T. ) ;
#3549 = CARTESIAN_POINT ( 'NONE',  ( -2.540000000000000036, -2.000000000000000000, -15.24000000000000021 ) ) ;
#3550 = DIRECTION ( 'NONE',  ( 0.000000000000000000, 0.000000000000000000, -1.000000000000000000 ) ) ;
#3551 = UNCERTAINTY_MEASURE_WITH_UNIT (LENGTH_MEASURE( 1.000000000000000082E-05 ), #1338, 'distance_accuracy_value', 'NONE');
#3552 = VERTEX_POINT ( 'NONE', #880 ) ;
#3553 = PRESENTATION_STYLE_ASSIGNMENT (( #4759 ) ) ;
#3554 = DIRECTION ( 'NONE',  ( 1.020425574104004122E-16, 0.000000000000000000, 1.000000000000000000 ) ) ;
#3555 = VECTOR ( 'NONE', #3683, 1000.000000000000000 ) ;
#3556 = ORIENTED_EDGE ( 'NONE', *, *, #39, .F. ) ;
#3557 =( NAMED_UNIT ( * ) SI_UNIT ( $, .STERADIAN. ) SOLID_ANGLE_UNIT ( ) );
#3558 = LINE ( 'NONE', #4356, #2279 ) ;
#3559 =( NAMED_UNIT ( * ) SI_UNIT ( $, .STERADIAN. ) SOLID_ANGLE_UNIT ( ) );
#3560 = FILL_AREA_STYLE_COLOUR ( '', #4091 ) ;
#3561 = ORIENTED_EDGE ( 'NONE', *, *, #4488, .T. ) ;
#3562 = VERTEX_POINT ( 'NONE', #2449 ) ;
#3563 = EDGE_CURVE ( 'NONE', #1341, #4969, #4490, .T. ) ;
#3564 = DIRECTION ( 'NONE',  ( -0.000000000000000000, -1.000000000000000000, -0.000000000000000000 ) ) ;
#3565 = ADVANCED_FACE ( 'NONE', ( #424 ), #2783, .F. ) ;
#3566 = ORIENTED_EDGE ( 'NONE', *, *, #4721, .F. ) ;
#3567 = FACE_OUTER_BOUND ( 'NONE', #3194, .T. ) ;
#3568 = FACE_OUTER_BOUND ( 'NONE', #2292, .T. ) ;
#3569 = CARTESIAN_POINT ( 'NONE',  ( 2.540000000000000036, -2.000000000000000000, -15.24000000000000021 ) ) ;
#3570 = ORIENTED_EDGE ( 'NONE', *, *, #3706, .T. ) ;
#3571 = VECTOR ( 'NONE', #632, 1000.000000000000000 ) ;
#3572 = DIRECTION ( 'NONE',  ( -0.000000000000000000, 0.9805806756909198896, 0.1961161351381856544 ) ) ;
#3573 = DIRECTION ( 'NONE',  ( 0.000000000000000000, 0.000000000000000000, 1.000000000000000000 ) ) ;
#3574 =( GEOMETRIC_REPRESENTATION_CONTEXT ( 3 ) GLOBAL_UNCERTAINTY_ASSIGNED_CONTEXT ( ( #1300 ) ) GLOBAL_UNIT_ASSIGNED_CONTEXT ( ( #4529, #562, #3935 ) ) REPRESENTATION_CONTEXT ( 'NONE', 'WORKASPACE' ) );
#3575 = PRESENTATION_LAYER_ASSIGNMENT (  '', '', ( #663 ) ) ;
#3576 = CARTESIAN_POINT ( 'NONE',  ( 2.155378366499345500E-16, -2.000000000000000000, -15.24000000000000021 ) ) ;
#3577 = PLANE ( 'NONE',  #450 ) ;
#3578 = ORIENTED_EDGE ( 'NONE', *, *, #4716, .T. ) ;
#3579 = CARTESIAN_POINT ( 'NONE',  ( -6.873174177369323345, 11.00000000000000000, -1.183566405792056742 ) ) ;
#3580 =( LENGTH_UNIT ( ) NAMED_UNIT ( * ) SI_UNIT ( .MILLI., .METRE. ) );
#3581 = PRESENTATION_LAYER_ASSIGNMENT (  '', '', ( #1926 ) ) ;
#3582 = ORIENTED_EDGE ( 'NONE', *, *, #3092, .F. ) ;
#3583 = STYLED_ITEM ( 'NONE', ( #4119 ), #2384 ) ;
#3584 = LINE ( 'NONE', #2027, #1129 ) ;
#3585 = CARTESIAN_POINT ( 'NONE',  ( -4.482778196424058947, 11.00099999999999945, -1.183566405789941101 ) ) ;
#3586 = VERTEX_POINT ( 'NONE', #4118 ) ;
#3587 = ORIENTED_EDGE ( 'NONE', *, *, #2104, .F. ) ;
#3588 = PLANE ( 'NONE',  #137 ) ;
#3589 =( NAMED_UNIT ( * ) SI_UNIT ( $, .STERADIAN. ) SOLID_ANGLE_UNIT ( ) );
#3590 = PRESENTATION_STYLE_ASSIGNMENT (( #854 ) ) ;
#3591 =( LENGTH_UNIT ( ) NAMED_UNIT ( * ) SI_UNIT ( .MILLI., .METRE. ) );
#3592 = VERTEX_POINT ( 'NONE', #152 ) ;
#3593 = DIRECTION ( 'NONE',  ( 1.000000000000000000, -0.000000000000000000, -1.239088197126291063E-16 ) ) ;
#3594 = UNCERTAINTY_MEASURE_WITH_UNIT (LENGTH_MEASURE( 1.000000000000000082E-05 ), #860, 'distance_accuracy_value', 'NONE');
#3595 =( LENGTH_UNIT ( ) NAMED_UNIT ( * ) SI_UNIT ( .MILLI., .METRE. ) );
#3596 = PLANE ( 'NONE',  #4831 ) ;
#3597 = SURFACE_STYLE_FILL_AREA ( #1990 ) ;
#3598 = EDGE_CURVE ( 'NONE', #2353, #843, #1348, .T. ) ;
#3599 = SURFACE_SIDE_STYLE ('',( #4756 ) ) ;
#3600 = UNCERTAINTY_MEASURE_WITH_UNIT (LENGTH_MEASURE( 1.000000000000000082E-05 ), #1414, 'distance_accuracy_value', 'NONE');
#3601 =( BOUNDED_CURVE ( )  B_SPLINE_CURVE ( 3, ( #1647, #4770, #400, #1984 ),
 .UNSPECIFIED., .F., .T. ) 
 B_SPLINE_CURVE_WITH_KNOTS ( ( 4, 4 ),
 ( 1.570796326794896558, 3.141592653589793116 ),
 .UNSPECIFIED. ) 
 CURVE ( )  GEOMETRIC_REPRESENTATION_ITEM ( )  RATIONAL_B_SPLINE_CURVE ( ( 1.000000000000000000, 0.8047378541243649375, 0.8047378541243649375, 1.000000000000000000 ) ) 
 REPRESENTATION_ITEM ( '' )  );
#3602 = ORIENTED_EDGE ( 'NONE', *, *, #133, .F. ) ;
#3603 = CARTESIAN_POINT ( 'NONE',  ( -3.042464078436862174, 11.00099999999999945, -10.15315949593975020 ) ) ;
#3604 = CARTESIAN_POINT ( 'NONE',  ( 11.50000000000001066, 1.500000000000000000, 16.49999999999998934 ) ) ;
#3605 = DIRECTION ( 'NONE',  ( -1.000000000000000000, 0.000000000000000000, -0.000000000000000000 ) ) ;
#3606 = VERTEX_POINT ( 'NONE', #2123 ) ;
#3607 = MECHANICAL_DESIGN_GEOMETRIC_PRESENTATION_REPRESENTATION (  '', ( #2427 ), #4117 ) ;
#3608 = FACE_OUTER_BOUND ( 'NONE', #769, .T. ) ;
#3609 = CARTESIAN_POINT ( 'NONE',  ( -5.995713717026618816, 11.00099999999999945, 0.1316083774495941938 ) ) ;
#3610 = DIRECTION ( 'NONE',  ( 0.000000000000000000, -1.000000000000000000, 0.000000000000000000 ) ) ;
#3611 = CARTESIAN_POINT ( 'NONE',  ( 2.864493083156884889, 11.00000000000000000, 12.69826330279932947 ) ) ;
#3612 = ADVANCED_FACE ( 'NONE', ( #1759 ), #4096, .T. ) ;
#3613 = PRESENTATION_STYLE_ASSIGNMENT (( #908 ) ) ;
#3614 = DIRECTION ( 'NONE',  ( -0.1961161351381850715, -0.9805806756909200006, 0.000000000000000000 ) ) ;
#3615 =( LENGTH_UNIT ( ) NAMED_UNIT ( * ) SI_UNIT ( .MILLI., .METRE. ) );
#3616 = ORIENTED_EDGE ( 'NONE', *, *, #2177, .T. ) ;
#3617 = COLOUR_RGB ( '',0.7803921568627451011, 0.7607843137254901578, 0.7411764705882353255 ) ;
#3618 = DIRECTION ( 'NONE',  ( -0.000000000000000000, -1.000000000000000000, -0.000000000000000000 ) ) ;
#3619 =( NAMED_UNIT ( * ) SI_UNIT ( $, .STERADIAN. ) SOLID_ANGLE_UNIT ( ) );
#3620 = LINE ( 'NONE', #1725, #2552 ) ;
#3621 = STYLED_ITEM ( 'NONE', ( #4619 ), #520 ) ;
#3622 = CARTESIAN_POINT ( 'NONE',  ( 11.99999999999999822, 11.00000000000000000, 16.99999999999998934 ) ) ;
#3623 = DIRECTION ( 'NONE',  ( -1.000000000000000000, 0.000000000000000000, 0.000000000000000000 ) ) ;
#3624 =( GEOMETRIC_REPRESENTATION_CONTEXT ( 3 ) GLOBAL_UNCERTAINTY_ASSIGNED_CONTEXT ( ( #4966 ) ) GLOBAL_UNIT_ASSIGNED_CONTEXT ( ( #3265, #1617, #4412 ) ) REPRESENTATION_CONTEXT ( 'NONE', 'WORKASPACE' ) );
#3625 = ORIENTED_EDGE ( 'NONE', *, *, #3717, .F. ) ;
#3626 =( NAMED_UNIT ( * ) PLANE_ANGLE_UNIT ( ) SI_UNIT ( $, .RADIAN. ) );
#3627 =( NAMED_UNIT ( * ) PLANE_ANGLE_UNIT ( ) SI_UNIT ( $, .RADIAN. ) );
#3628 = EDGE_CURVE ( 'NONE', #4555, #4109, #2107, .T. ) ;
#3629 = ORIENTED_EDGE ( 'NONE', *, *, #1949, .F. ) ;
#3630 = FILL_AREA_STYLE_COLOUR ( '', #2969 ) ;
#3631 = CARTESIAN_POINT ( 'NONE',  ( -2.540000000000000036, 2.000000000000000000, -14.98499999999999766 ) ) ;
#3632 = FILL_AREA_STYLE_COLOUR ( '', #4157 ) ;
#3633 =( NAMED_UNIT ( * ) PLANE_ANGLE_UNIT ( ) SI_UNIT ( $, .RADIAN. ) );
#3634 = PRESENTATION_STYLE_ASSIGNMENT (( #3509 ) ) ;
#3635 = EDGE_CURVE ( 'NONE', #5113, #1896, #565, .T. ) ;
#3636 = STYLED_ITEM ( 'NONE', ( #576 ), #481 ) ;
#3637 = EDGE_CURVE ( 'NONE', #3102, #223, #3692, .T. ) ;
#3638 = DIRECTION ( 'NONE',  ( -1.215025941578742484E-16, 0.1961161351381856544, -0.9805806756909198896 ) ) ;
#3639 = DIRECTION ( 'NONE',  ( -0.000000000000000000, -1.000000000000000000, -0.000000000000000000 ) ) ;
#3640 = FACE_OUTER_BOUND ( 'NONE', #1116, .T. ) ;
#3641 = ORIENTED_EDGE ( 'NONE', *, *, #557, .F. ) ;
#3642 =( LENGTH_UNIT ( ) NAMED_UNIT ( * ) SI_UNIT ( .MILLI., .METRE. ) );
#3643 = LINE ( 'NONE', #3152, #2992 ) ;
#3644 = CARTESIAN_POINT ( 'NONE',  ( -3.042464078436862174, 11.00099999999999945, -10.15315949593975020 ) ) ;
#3645 = CARTESIAN_POINT ( 'NONE',  ( 6.873174177366998983, 11.00099999999999945, 1.183566405789941101 ) ) ;
#3646 = LINE ( 'NONE', #4007, #1653 ) ;
#3647 = CARTESIAN_POINT ( 'NONE',  ( -11.50000000000000888, 1.500000000000000000, -16.49999999999998934 ) ) ;
#3648 = EDGE_CURVE ( 'NONE', #2352, #5078, #4168, .T. ) ;
#3649 = MECHANICAL_DESIGN_GEOMETRIC_PRESENTATION_REPRESENTATION (  '', ( #1071 ), #987 ) ;
#3650 = UNCERTAINTY_MEASURE_WITH_UNIT (LENGTH_MEASURE( 1.000000000000000082E-05 ), #1871, 'distance_accuracy_value', 'NONE');
#3651 = COLOUR_RGB ( '',0.8431372549019607865, 0.8156862745098039102, 0.7529411764705882248 ) ;
#3652 = AXIS2_PLACEMENT_3D ( 'NONE', #2912, #4521, #937 ) ;
#3653 =( GEOMETRIC_REPRESENTATION_CONTEXT ( 3 ) GLOBAL_UNCERTAINTY_ASSIGNED_CONTEXT ( ( #2915 ) ) GLOBAL_UNIT_ASSIGNED_CONTEXT ( ( #4577, #221, #4962 ) ) REPRESENTATION_CONTEXT ( 'NONE', 'WORKASPACE' ) );
#3654 = ORIENTED_EDGE ( 'NONE', *, *, #2387, .T. ) ;
#3655 = LINE ( 'NONE', #4402, #4169 ) ;
#3656 =( LENGTH_UNIT ( ) NAMED_UNIT ( * ) SI_UNIT ( .MILLI., .METRE. ) );
#3657 = EDGE_LOOP ( 'NONE', ( #1887, #1497, #1377, #2626 ) ) ;
#3658 = VECTOR ( 'NONE', #2474, 1000.000000000000000 ) ;
#3659 = SURFACE_STYLE_FILL_AREA ( #4061 ) ;
#3660 = VECTOR ( 'NONE', #1534, 1000.000000000000000 ) ;
#3661 = EDGE_CURVE ( 'NONE', #131, #203, #596, .T. ) ;
#3662 = MECHANICAL_DESIGN_GEOMETRIC_PRESENTATION_REPRESENTATION (  '', ( #2907 ), #347 ) ;
#3663 =( GEOMETRIC_REPRESENTATION_CONTEXT ( 3 ) GLOBAL_UNCERTAINTY_ASSIGNED_CONTEXT ( ( #67 ) ) GLOBAL_UNIT_ASSIGNED_CONTEXT ( ( #3015, #5037, #1101 ) ) REPRESENTATION_CONTEXT ( 'NONE', 'WORKASPACE' ) );
#3664 = LINE ( 'NONE', #3260, #577 ) ;
#3665 = EDGE_CURVE ( 'NONE', #900, #5119, #1716, .T. ) ;
#3666 = STYLED_ITEM ( 'NONE', ( #288 ), #2183 ) ;
#3667 = EDGE_LOOP ( 'NONE', ( #3468, #2368, #1907, #3907, #784, #4236 ) ) ;
#3668 = FACE_OUTER_BOUND ( 'NONE', #4837, .T. ) ;
#3669 = COLOUR_RGB ( '',0.8431372549019607865, 0.8156862745098039102, 0.7529411764705882248 ) ;
#3670 = LINE ( 'NONE', #110, #3836 ) ;
#3671 = SURFACE_STYLE_FILL_AREA ( #1648 ) ;
#3672 = VECTOR ( 'NONE', #3847, 1000.000000000000000 ) ;
#3673 = ORIENTED_EDGE ( 'NONE', *, *, #3307, .T. ) ;
#3674 = FACE_BOUND ( 'NONE', #3961, .T. ) ;
#3675 = PRESENTATION_STYLE_ASSIGNMENT (( #1678 ) ) ;
#3676 = DIRECTION ( 'NONE',  ( -0.1391731009616890835, 0.000000000000000000, 0.9902680687413422111 ) ) ;
#3677 = LINE ( 'NONE', #2506, #422 ) ;
#3678 =( GEOMETRIC_REPRESENTATION_CONTEXT ( 3 ) GLOBAL_UNCERTAINTY_ASSIGNED_CONTEXT ( ( #313 ) ) GLOBAL_UNIT_ASSIGNED_CONTEXT ( ( #4869, #1297, #3309 ) ) REPRESENTATION_CONTEXT ( 'NONE', 'WORKASPACE' ) );
#3679 = CARTESIAN_POINT ( 'NONE',  ( -4.815457017597218226, 11.00099999999999945, 1.183566405789941101 ) ) ;
#3680 = ADVANCED_FACE ( 'NONE', ( #1088 ), #2222, .T. ) ;
#3681 = DIRECTION ( 'NONE',  ( 0.000000000000000000, 0.000000000000000000, -1.000000000000000000 ) ) ;
#3682 = EDGE_LOOP ( 'NONE', ( #1620, #3416, #1393, #2006 ) ) ;
#3683 = DIRECTION ( 'NONE',  ( -0.000000000000000000, -0.000000000000000000, -1.000000000000000000 ) ) ;
#3684 = ORIENTED_EDGE ( 'NONE', *, *, #3285, .T. ) ;
#3685 = MECHANICAL_DESIGN_GEOMETRIC_PRESENTATION_REPRESENTATION (  '', ( #2339 ), #550 ) ;
#3686 = VECTOR ( 'NONE', #1074, 1000.000000000000114 ) ;
#3687 = CARTESIAN_POINT ( 'NONE',  ( -4.440222960222809157, 11.00000000000000000, -1.486362644859045679 ) ) ;
#3688 = FILL_AREA_STYLE ('',( #2119 ) ) ;
#3689 =( NAMED_UNIT ( * ) SI_UNIT ( $, .STERADIAN. ) SOLID_ANGLE_UNIT ( ) );
#3690 =( GEOMETRIC_REPRESENTATION_CONTEXT ( 3 ) GLOBAL_UNCERTAINTY_ASSIGNED_CONTEXT ( ( #894 ) ) GLOBAL_UNIT_ASSIGNED_CONTEXT ( ( #4665, #730, #1094 ) ) REPRESENTATION_CONTEXT ( 'NONE', 'WORKASPACE' ) );
#3691 =( LENGTH_UNIT ( ) NAMED_UNIT ( * ) SI_UNIT ( .MILLI., .METRE. ) );
#3692 = LINE ( 'NONE', #2946, #2646 ) ;
#3693 = FILL_AREA_STYLE_COLOUR ( '', #1798 ) ;
#3694 = PLANE ( 'NONE',  #2329 ) ;
#3695 = SURFACE_STYLE_FILL_AREA ( #523 ) ;
#3696 = ORIENTED_EDGE ( 'NONE', *, *, #4350, .T. ) ;
#3697 = DIRECTION ( 'NONE',  ( 0.000000000000000000, 0.000000000000000000, -1.000000000000000000 ) ) ;
#3698 = DIRECTION ( 'NONE',  ( -0.1961161351381850715, 0.9805806756909200006, 0.000000000000000000 ) ) ;
#3699 = SURFACE_STYLE_FILL_AREA ( #4449 ) ;
#3700 = CARTESIAN_POINT ( 'NONE',  ( -11.50000000000000888, 1.500000000000000000, 16.49999999999998934 ) ) ;
#3701 = DIRECTION ( 'NONE',  ( -0.000000000000000000, -1.000000000000000000, -0.000000000000000000 ) ) ;
#3702 =( GEOMETRIC_REPRESENTATION_CONTEXT ( 3 ) GLOBAL_UNCERTAINTY_ASSIGNED_CONTEXT ( ( #1954 ) ) GLOBAL_UNIT_ASSIGNED_CONTEXT ( ( #2298, #773, #3238 ) ) REPRESENTATION_CONTEXT ( 'NONE', 'WORKASPACE' ) );
#3703 = SURFACE_STYLE_FILL_AREA ( #195 ) ;
#3704 = EDGE_CURVE ( 'NONE', #3133, #1993, #4635, .T. ) ;
#3705 = DIRECTION ( 'NONE',  ( 0.6560590289937843211, 0.000000000000000000, 0.7547095802199232928 ) ) ;
#3706 = EDGE_CURVE ( 'NONE', #4192, #4109, #1444, .T. ) ;
#3707 =( GEOMETRIC_REPRESENTATION_CONTEXT ( 3 ) GLOBAL_UNCERTAINTY_ASSIGNED_CONTEXT ( ( #2348 ) ) GLOBAL_UNIT_ASSIGNED_CONTEXT ( ( #939, #2814, #889 ) ) REPRESENTATION_CONTEXT ( 'NONE', 'WORKASPACE' ) );
#3708 = DIRECTION ( 'NONE',  ( 0.7227044467971023289, 0.000000000000000000, -0.6911572054024281986 ) ) ;
#3709 = COLOUR_RGB ( '',0.8431372549019607865, 0.8156862745098039102, 0.7529411764705882248 ) ;
#3710 = ORIENTED_EDGE ( 'NONE', *, *, #3064, .F. ) ;
#3711 = VECTOR ( 'NONE', #3481, 1000.000000000000000 ) ;
#3712 = CARTESIAN_POINT ( 'NONE',  ( 10.00000000000000533, 2.449293598294707302E-15, -17.00000000000001066 ) ) ;
#3713 =( NAMED_UNIT ( * ) SI_UNIT ( $, .STERADIAN. ) SOLID_ANGLE_UNIT ( ) );
#3714 = FACE_OUTER_BOUND ( 'NONE', #4372, .T. ) ;
#3715 = ORIENTED_EDGE ( 'NONE', *, *, #3098, .T. ) ;
#3716 =( NAMED_UNIT ( * ) PLANE_ANGLE_UNIT ( ) SI_UNIT ( $, .RADIAN. ) );
#3717 = EDGE_CURVE ( 'NONE', #5113, #810, #3529, .T. ) ;
#3718 = FACE_OUTER_BOUND ( 'NONE', #3376, .T. ) ;
#3719 =( NAMED_UNIT ( * ) SI_UNIT ( $, .STERADIAN. ) SOLID_ANGLE_UNIT ( ) );
#3720 = ORIENTED_EDGE ( 'NONE', *, *, #4420, .F. ) ;
#3721 = DIRECTION ( 'NONE',  ( 0.000000000000000000, -1.000000000000000000, 0.000000000000000000 ) ) ;
#3722 = CARTESIAN_POINT ( 'NONE',  ( 6.433742130864104958, 11.00000000000000000, -12.69826330279913229 ) ) ;
#3723 = FILL_AREA_STYLE ('',( #2133 ) ) ;
#3724 = CARTESIAN_POINT ( 'NONE',  ( 3.042464078434333530, 11.00099999999999945, 10.15315949595104250 ) ) ;
#3725 = FACE_OUTER_BOUND ( 'NONE', #3894, .T. ) ;
#3726 =( NAMED_UNIT ( * ) PLANE_ANGLE_UNIT ( ) SI_UNIT ( $, .RADIAN. ) );
#3727 = SURFACE_STYLE_FILL_AREA ( #142 ) ;
#3728 = LINE ( 'NONE', #4601, #2680 ) ;
#3729 = EDGE_LOOP ( 'NONE', ( #3179, #1160, #4267, #1059 ) ) ;
#3730 = STYLED_ITEM ( 'NONE', ( #2466 ), #1144 ) ;
#3731 = AXIS2_PLACEMENT_3D ( 'NONE', #4233, #5011, #4700 ) ;
#3732 = MECHANICAL_DESIGN_GEOMETRIC_PRESENTATION_REPRESENTATION (  '', ( #2392 ), #5 ) ;
#3733 =( LENGTH_UNIT ( ) NAMED_UNIT ( * ) SI_UNIT ( .MILLI., .METRE. ) );
#3734 = SURFACE_STYLE_USAGE ( .BOTH. , #4160 ) ;
#3735 = VECTOR ( 'NONE', #2789, 1000.000000000000000 ) ;
#3736 = CARTESIAN_POINT ( 'NONE',  ( -4.852449720038055858, 11.00099999999999945, 1.446783160686918812 ) ) ;
#3737 = PRESENTATION_LAYER_ASSIGNMENT (  '', '', ( #922 ) ) ;
#3738 = CIRCLE ( 'NONE', #4246, 0.2550000000000000044 ) ;
#3739 = MECHANICAL_DESIGN_GEOMETRIC_PRESENTATION_REPRESENTATION (  '', ( #3479 ), #1495 ) ;
#3740 = SURFACE_SIDE_STYLE ('',( #4847 ) ) ;
#3741 = DIRECTION ( 'NONE',  ( 0.000000000000000000, 0.000000000000000000, -1.000000000000000000 ) ) ;
#3742 = COLOUR_RGB ( '',0.8431372549019607865, 0.8156862745098039102, 0.7529411764705882248 ) ;
#3743 = EDGE_CURVE ( 'NONE', #3162, #3492, #2323, .T. ) ;
#3744 =( NAMED_UNIT ( * ) SI_UNIT ( $, .STERADIAN. ) SOLID_ANGLE_UNIT ( ) );
#3745 = VERTEX_POINT ( 'NONE', #1557 ) ;
#3746 =( GEOMETRIC_REPRESENTATION_CONTEXT ( 3 ) GLOBAL_UNCERTAINTY_ASSIGNED_CONTEXT ( ( #2490 ) ) GLOBAL_UNIT_ASSIGNED_CONTEXT ( ( #2905, #1696, #4069 ) ) REPRESENTATION_CONTEXT ( 'NONE', 'WORKASPACE' ) );
#3747 = PRESENTATION_LAYER_ASSIGNMENT (  '', '', ( #2907 ) ) ;
#3748 =( GEOMETRIC_REPRESENTATION_CONTEXT ( 3 ) GLOBAL_UNCERTAINTY_ASSIGNED_CONTEXT ( ( #1312 ) ) GLOBAL_UNIT_ASSIGNED_CONTEXT ( ( #4804, #765, #811 ) ) REPRESENTATION_CONTEXT ( 'NONE', 'WORKASPACE' ) );
#3749 = STYLED_ITEM ( 'NONE', ( #2920 ), #2426 ) ;
#3750 = PRESENTATION_STYLE_ASSIGNMENT (( #623 ) ) ;
#3751 = CARTESIAN_POINT ( 'NONE',  ( 4.815457017597222666, 11.00000000000000000, -1.183566405789941101 ) ) ;
#3752 = CARTESIAN_POINT ( 'NONE',  ( -2.540000000000000036, 1.500000000000000000, -15.24000000000000021 ) ) ;
#3753 = DIRECTION ( 'NONE',  ( 0.000000000000000000, -0.9805806756909198896, 0.1961161351381856544 ) ) ;
#3754 =( NAMED_UNIT ( * ) PLANE_ANGLE_UNIT ( ) SI_UNIT ( $, .RADIAN. ) );
#3755 = LINE ( 'NONE', #2957, #862 ) ;
#3756 =( GEOMETRIC_REPRESENTATION_CONTEXT ( 3 ) GLOBAL_UNCERTAINTY_ASSIGNED_CONTEXT ( ( #1941 ) ) GLOBAL_UNIT_ASSIGNED_CONTEXT ( ( #3874, #614, #2943 ) ) REPRESENTATION_CONTEXT ( 'NONE', 'WORKASPACE' ) );
#3757 = EDGE_CURVE ( 'NONE', #853, #615, #3029, .T. ) ;
#3758 = DIRECTION ( 'NONE',  ( 0.000000000000000000, 0.000000000000000000, 1.000000000000000000 ) ) ;
#3759 = ORIENTED_EDGE ( 'NONE', *, *, #117, .T. ) ;
#3760 = CARTESIAN_POINT ( 'NONE',  ( 2.540000000000000036, 1.500000000000000000, -15.24000000000000021 ) ) ;
#3761 = FACE_OUTER_BOUND ( 'NONE', #2371, .T. ) ;
#3762 = FILL_AREA_STYLE ('',( #4163 ) ) ;
#3763 = VERTEX_POINT ( 'NONE', #1057 ) ;
#3764 = CARTESIAN_POINT ( 'NONE',  ( -3.042464078436862174, 11.00099999999999945, -10.15315949593975020 ) ) ;
#3765 = STYLED_ITEM ( 'NONE', ( #4202 ), #1407 ) ;
#3766 = CARTESIAN_POINT ( 'NONE',  ( -4.440222960222809157, 11.00099999999999945, -1.486362644859045679 ) ) ;
#3767 = SURFACE_SIDE_STYLE ('',( #3004 ) ) ;
#3768 = ORIENTED_EDGE ( 'NONE', *, *, #4958, .F. ) ;
#3769 = PRESENTATION_LAYER_ASSIGNMENT (  '', '', ( #3523 ) ) ;
#3770 = FILL_AREA_STYLE ('',( #1701 ) ) ;
#3771 = FACE_OUTER_BOUND ( 'NONE', #4842, .T. ) ;
#3772 = PLANE ( 'NONE',  #397 ) ;
#3773 = SURFACE_STYLE_FILL_AREA ( #652 ) ;
#3774 = DIRECTION ( 'NONE',  ( -0.000000000000000000, -1.000000000000000000, -0.000000000000000000 ) ) ;
#3775 = ORIENTED_EDGE ( 'NONE', *, *, #3798, .F. ) ;
#3776 = FILL_AREA_STYLE_COLOUR ( '', #3925 ) ;
#3777 = FILL_AREA_STYLE_COLOUR ( '', #4387 ) ;
#3778 = EDGE_CURVE ( 'NONE', #3877, #2868, #1532, .T. ) ;
#3779 = PRESENTATION_STYLE_ASSIGNMENT (( #4956 ) ) ;
#3780 = VECTOR ( 'NONE', #3141, 1000.000000000000000 ) ;
#3781 = ORIENTED_EDGE ( 'NONE', *, *, #3778, .F. ) ;
#3782 = EDGE_LOOP ( 'NONE', ( #4714, #151, #1010, #482, #3515, #2893 ) ) ;
#3783 = STYLED_ITEM ( 'NONE', ( #4971 ), #761 ) ;
#3784 =( GEOMETRIC_REPRESENTATION_CONTEXT ( 3 ) GLOBAL_UNCERTAINTY_ASSIGNED_CONTEXT ( ( #5077 ) ) GLOBAL_UNIT_ASSIGNED_CONTEXT ( ( #5108, #1833, #3897 ) ) REPRESENTATION_CONTEXT ( 'NONE', 'WORKASPACE' ) );
#3785 = DIRECTION ( 'NONE',  ( 0.6560590289886636395, -0.000000000000000000, 0.7547095802243746210 ) ) ;
#3786 = EDGE_CURVE ( 'NONE', #615, #2654, #2196, .T. ) ;
#3787 = SURFACE_STYLE_USAGE ( .BOTH. , #4989 ) ;
#3788 = SURFACE_SIDE_STYLE ('',( #3329 ) ) ;
#3789 = DIRECTION ( 'NONE',  ( 0.000000000000000000, 0.000000000000000000, -1.000000000000000000 ) ) ;
#3790 = VERTEX_POINT ( 'NONE', #4220 ) ;
#3791 = PRESENTATION_LAYER_ASSIGNMENT (  '', '', ( #3205 ) ) ;
#3792 = CARTESIAN_POINT ( 'NONE',  ( 5.080000000000000071, 2.000000000000000000, -15.24000000000000021 ) ) ;
#3793 = ORIENTED_EDGE ( 'NONE', *, *, #2251, .T. ) ;
#3794 = VECTOR ( 'NONE', #289, 1000.000000000000000 ) ;
#3795 = CARTESIAN_POINT ( 'NONE',  ( 6.433742130864104958, 11.00000000000000000, -12.69826330279913229 ) ) ;
#3796 = ORIENTED_EDGE ( 'NONE', *, *, #1573, .F. ) ;
#3797 = CYLINDRICAL_SURFACE ( 'NONE', #1770, 0.2550000000000017808 ) ;
#3798 = EDGE_CURVE ( 'NONE', #3873, #3606, #3445, .T. ) ;
#3799 = FILL_AREA_STYLE_COLOUR ( '', #1167 ) ;
#3800 = CARTESIAN_POINT ( 'NONE',  ( 5.964953484664302863, 11.00099999999999945, 0.04366522180675999620 ) ) ;
#3801 = ORIENTED_EDGE ( 'NONE', *, *, #4750, .F. ) ;
#3802 = CIRCLE ( 'NONE', #4486, 0.2550000000000000044 ) ;
#3803 = FILL_AREA_STYLE_COLOUR ( '', #927 ) ;
#3804 = FILL_AREA_STYLE_COLOUR ( '', #2719 ) ;
#3805 = AXIS2_PLACEMENT_3D ( 'NONE', #2771, #794, #2798 ) ;
#3806 = AXIS2_PLACEMENT_3D ( 'NONE', #3549, #5158, #3435 ) ;
#3807 = PRESENTATION_STYLE_ASSIGNMENT (( #2212 ) ) ;
#3808 = EDGE_LOOP ( 'NONE', ( #735, #4376, #4234, #3715 ) ) ;
#3809 = CARTESIAN_POINT ( 'NONE',  ( 7.422365595631833735, 11.00099999999999945, 10.31107004366151259 ) ) ;
#3810 = ORIENTED_EDGE ( 'NONE', *, *, #789, .F. ) ;
#3811 = CARTESIAN_POINT ( 'NONE',  ( -5.995713717026618816, 11.00099999999999945, 0.1316083774495941938 ) ) ;
#3812 = FILL_AREA_STYLE_COLOUR ( '', #1914 ) ;
#3813 =( NAMED_UNIT ( * ) PLANE_ANGLE_UNIT ( ) SI_UNIT ( $, .RADIAN. ) );
#3814 = ORIENTED_EDGE ( 'NONE', *, *, #1285, .T. ) ;
#3815 =( GEOMETRIC_REPRESENTATION_CONTEXT ( 3 ) GLOBAL_UNCERTAINTY_ASSIGNED_CONTEXT ( ( #4400 ) ) GLOBAL_UNIT_ASSIGNED_CONTEXT ( ( #2461, #3325, #4883 ) ) REPRESENTATION_CONTEXT ( 'NONE', 'WORKASPACE' ) );
#3816 = ADVANCED_FACE ( 'NONE', ( #3447 ), #2252, .F. ) ;
#3817 = CARTESIAN_POINT ( 'NONE',  ( 7.422365595631833735, 11.00000000000000000, 11.51469689700721410 ) ) ;
#3818 = AXIS2_PLACEMENT_3D ( 'NONE', #1925, #1577, #4684 ) ;
#3819 = COLOUR_RGB ( '',0.8431372549019607865, 0.8156862745098039102, 0.7529411764705882248 ) ;
#3820 =( NAMED_UNIT ( * ) SI_UNIT ( $, .STERADIAN. ) SOLID_ANGLE_UNIT ( ) );
#3821 = PRESENTATION_LAYER_ASSIGNMENT (  '', '', ( #4987 ) ) ;
#3822 = ORIENTED_EDGE ( 'NONE', *, *, #1065, .F. ) ;
#3823 = EDGE_CURVE ( 'NONE', #1590, #978, #415, .T. ) ;
#3824 = SURFACE_STYLE_FILL_AREA ( #2578 ) ;
#3825 = MECHANICAL_DESIGN_GEOMETRIC_PRESENTATION_REPRESENTATION (  '', ( #4164 ), #4746 ) ;
#3826 = VECTOR ( 'NONE', #644, 1000.000000000000000 ) ;
#3827 =( GEOMETRIC_REPRESENTATION_CONTEXT ( 3 ) GLOBAL_UNCERTAINTY_ASSIGNED_CONTEXT ( ( #4905 ) ) GLOBAL_UNIT_ASSIGNED_CONTEXT ( ( #2750, #4328, #373 ) ) REPRESENTATION_CONTEXT ( 'NONE', 'WORKASPACE' ) );
#3828 = SURFACE_STYLE_FILL_AREA ( #3365 ) ;
#3829 =( NAMED_UNIT ( * ) PLANE_ANGLE_UNIT ( ) SI_UNIT ( $, .RADIAN. ) );
#3830 = CARTESIAN_POINT ( 'NONE',  ( -6.101063309671211243, 11.00099999999999945, 10.33113049121951121 ) ) ;
#3831 = ORIENTED_EDGE ( 'NONE', *, *, #2533, .F. ) ;
#3832 = FILL_AREA_STYLE_COLOUR ( '', #349 ) ;
#3833 = MECHANICAL_DESIGN_GEOMETRIC_PRESENTATION_REPRESENTATION (  '', ( #1831 ), #2563 ) ;
#3834 = DIRECTION ( 'NONE',  ( 1.000000000000000000, 0.000000000000000000, 0.000000000000000000 ) ) ;
#3835 = CARTESIAN_POINT ( 'NONE',  ( -5.844315597492135694, 11.00099999999999945, 0.000000000000000000 ) ) ;
#3836 = VECTOR ( 'NONE', #542, 1000.000000000000000 ) ;
#3837 = FILL_AREA_STYLE ('',( #657 ) ) ;
#3838 = ORIENTED_EDGE ( 'NONE', *, *, #4811, .T. ) ;
#3839 = PRESENTATION_STYLE_ASSIGNMENT (( #4680 ) ) ;
#3840 = EDGE_CURVE ( 'NONE', #5016, #2307, #3558, .T. ) ;
#3841 = DIRECTION ( 'NONE',  ( 0.000000000000000000, 1.000000000000000000, 0.000000000000000000 ) ) ;
#3842 = EDGE_LOOP ( 'NONE', ( #2572, #857, #4813, #4554 ) ) ;
#3843 =( NAMED_UNIT ( * ) SI_UNIT ( $, .STERADIAN. ) SOLID_ANGLE_UNIT ( ) );
#3844 = ORIENTED_EDGE ( 'NONE', *, *, #634, .F. ) ;
#3845 = SURFACE_STYLE_FILL_AREA ( #2250 ) ;
#3846 = SURFACE_SIDE_STYLE ('',( #2659 ) ) ;
#3847 = DIRECTION ( 'NONE',  ( 0.000000000000000000, -1.000000000000000000, 0.000000000000000000 ) ) ;
#3848 = CARTESIAN_POINT ( 'NONE',  ( -5.080000000000000071, -2.000000000000000000, 15.49499999999999922 ) ) ;
#3849 = EDGE_LOOP ( 'NONE', ( #1177, #3031, #382, #1139 ) ) ;
#3850 = CARTESIAN_POINT ( 'NONE',  ( -11.00000000000000888, 1.500000000000000000, -15.99999999999998934 ) ) ;
#3851 = DIRECTION ( 'NONE',  ( 0.000000000000000000, 0.000000000000000000, -1.000000000000000000 ) ) ;
#3852 = AXIS2_PLACEMENT_3D ( 'NONE', #4944, #1327, #3697 ) ;
#3853 = DIRECTION ( 'NONE',  ( 0.000000000000000000, 1.000000000000000000, 0.000000000000000000 ) ) ;
#3854 = UNCERTAINTY_MEASURE_WITH_UNIT (LENGTH_MEASURE( 1.000000000000000082E-05 ), #1360, 'distance_accuracy_value', 'NONE');
#3855 = LINE ( 'NONE', #1482, #4478 ) ;
#3856 =( NAMED_UNIT ( * ) SI_UNIT ( $, .STERADIAN. ) SOLID_ANGLE_UNIT ( ) );
#3857 = DIRECTION ( 'NONE',  ( 0.000000000000000000, 0.000000000000000000, -1.000000000000000000 ) ) ;
#3858 = ORIENTED_EDGE ( 'NONE', *, *, #3563, .T. ) ;
#3859 = PRESENTATION_STYLE_ASSIGNMENT (( #1852 ) ) ;
#3860 = CARTESIAN_POINT ( 'NONE',  ( 3.234164606790940422, 11.00099999999999945, 10.06791373632251130 ) ) ;
#3861 =( NAMED_UNIT ( * ) SI_UNIT ( $, .STERADIAN. ) SOLID_ANGLE_UNIT ( ) );
#3862 = STYLED_ITEM ( 'NONE', ( #362 ), #181 ) ;
#3863 = DIRECTION ( 'NONE',  ( 0.1391731009616890558, 0.000000000000000000, -0.9902680687413422111 ) ) ;
#3864 = EDGE_CURVE ( 'NONE', #5095, #131, #1691, .T. ) ;
#3865 = ORIENTED_EDGE ( 'NONE', *, *, #1963, .F. ) ;
#3866 = CARTESIAN_POINT ( 'NONE',  ( 7.422365595631833735, 11.00099999999999945, 11.51469689700721410 ) ) ;
#3867 = ADVANCED_FACE ( 'NONE', ( #1 ), #4762, .F. ) ;
#3868 = EDGE_CURVE ( 'NONE', #1461, #4295, #2443, .T. ) ;
#3869 = DIRECTION ( 'NONE',  ( -0.000000000000000000, -1.000000000000000000, -0.000000000000000000 ) ) ;
#3870 = VERTEX_POINT ( 'NONE', #2776 ) ;
#3871 = DIRECTION ( 'NONE',  ( -0.7547095802230610051, 0.000000000000000000, 0.6560590289901748751 ) ) ;
#3872 = CARTESIAN_POINT ( 'NONE',  ( 5.080000000000000071, -2.000000000000000000, 14.98499999999999943 ) ) ;
#3873 = VERTEX_POINT ( 'NONE', #2003 ) ;
#3874 =( LENGTH_UNIT ( ) NAMED_UNIT ( * ) SI_UNIT ( .MILLI., .METRE. ) );
#3875 = COLOUR_RGB ( '',0.8431372549019607865, 0.8156862745098039102, 0.7529411764705882248 ) ;
#3876 = UNCERTAINTY_MEASURE_WITH_UNIT (LENGTH_MEASURE( 1.000000000000000082E-05 ), #2143, 'distance_accuracy_value', 'NONE');
#3877 = VERTEX_POINT ( 'NONE', #2802 ) ;
#3878 = DIRECTION ( 'NONE',  ( 0.000000000000000000, 0.000000000000000000, -1.000000000000000000 ) ) ;
#3879 = VECTOR ( 'NONE', #269, 1000.000000000000000 ) ;
#3880 = FILL_AREA_STYLE ('',( #3560 ) ) ;
#3881 = VERTEX_POINT ( 'NONE', #4379 ) ;
#3882 = MECHANICAL_DESIGN_GEOMETRIC_PRESENTATION_REPRESENTATION (  '', ( #3356 ), #3784 ) ;
#3883 = PRESENTATION_STYLE_ASSIGNMENT (( #2276 ) ) ;
#3884 = EDGE_CURVE ( 'NONE', #131, #2649, #3584, .T. ) ;
#3885 = CARTESIAN_POINT ( 'NONE',  ( 6.279034304941422562, 11.00000000000000000, -10.48583831713368753 ) ) ;
#3886 = FILL_AREA_STYLE_COLOUR ( '', #174 ) ;
#3887 = FACE_OUTER_BOUND ( 'NONE', #368, .T. ) ;
#3888 = VERTEX_POINT ( 'NONE', #485 ) ;
#3889 = CARTESIAN_POINT ( 'NONE',  ( 2.540000000000000036, -2.000000000000000000, -15.24000000000000021 ) ) ;
#3890 = DIRECTION ( 'NONE',  ( 0.000000000000000000, 1.000000000000000000, 0.000000000000000000 ) ) ;
#3891 = CARTESIAN_POINT ( 'NONE',  ( 5.080000000000000071, -2.000000000000000000, 15.49499999999999922 ) ) ;
#3892 = PLANE ( 'NONE',  #496 ) ;
#3893 = SURFACE_STYLE_FILL_AREA ( #5104 ) ;
#3894 = EDGE_LOOP ( 'NONE', ( #1510, #2574, #2213, #3045 ) ) ;
#3895 = CARTESIAN_POINT ( 'NONE',  ( 4.716279741469901587, 11.00099999999999945, 12.07866415420832595 ) ) ;
#3896 = VECTOR ( 'NONE', #925, 1000.000000000000000 ) ;
#3897 =( NAMED_UNIT ( * ) SI_UNIT ( $, .STERADIAN. ) SOLID_ANGLE_UNIT ( ) );
#3898 = EDGE_LOOP ( 'NONE', ( #218, #2780, #1796, #4033 ) ) ;
#3899 = CARTESIAN_POINT ( 'NONE',  ( 2.155378366499345500E-16, -2.000000000000000000, 15.24000000000000021 ) ) ;
#3900 = FILL_AREA_STYLE_COLOUR ( '', #334 ) ;
#3901 =( NAMED_UNIT ( * ) SI_UNIT ( $, .STERADIAN. ) SOLID_ANGLE_UNIT ( ) );
#3902 = ORIENTED_EDGE ( 'NONE', *, *, #3324, .T. ) ;
#3903 = DIRECTION ( 'NONE',  ( 0.000000000000000000, -0.000000000000000000, -1.000000000000000000 ) ) ;
#3904 = CARTESIAN_POINT ( 'NONE',  ( -12.00000000000000533, 0.9999999999999940048, 14.79999999999999183 ) ) ;
#3905 = CARTESIAN_POINT ( 'NONE',  ( -7.205852998560368761, 11.00099999999999945, 1.183566405792149556 ) ) ;
#3906 = ORIENTED_EDGE ( 'NONE', *, *, #3786, .F. ) ;
#3907 = ORIENTED_EDGE ( 'NONE', *, *, #4569, .F. ) ;
#3908 = FILL_AREA_STYLE ('',( #2303 ) ) ;
#3909 = AXIS2_PLACEMENT_3D ( 'NONE', #2894, #4438, #848 ) ;
#3910 = VECTOR ( 'NONE', #3408, 1000.000000000000000 ) ;
#3911 = STYLED_ITEM ( 'NONE', ( #4323 ), #5034 ) ;
#3912 = DIRECTION ( 'NONE',  ( 1.000000000000000000, -0.000000000000000000, -0.000000000000000000 ) ) ;
#3913 = EDGE_CURVE ( 'NONE', #3379, #4932, #2067, .T. ) ;
#3914 = AXIS2_PLACEMENT_3D ( 'NONE', #103, #4041, #4487 ) ;
#3915 = UNCERTAINTY_MEASURE_WITH_UNIT (LENGTH_MEASURE( 1.000000000000000082E-05 ), #4843, 'distance_accuracy_value', 'NONE');
#3916 = LINE ( 'NONE', #700, #4394 ) ;
#3917 = DIRECTION ( 'NONE',  ( -1.000000000000000000, -1.216961622177606661E-16, 0.000000000000000000 ) ) ;
#3918 = ORIENTED_EDGE ( 'NONE', *, *, #4346, .T. ) ;
#3919 = FACE_BOUND ( 'NONE', #3087, .T. ) ;
#3920 = VECTOR ( 'NONE', #4147, 1000.000000000000000 ) ;
#3921 = AXIS2_PLACEMENT_3D ( 'NONE', #1450, #3121, #2634 ) ;
#3922 = VECTOR ( 'NONE', #1201, 1000.000000000000000 ) ;
#3923 = DIRECTION ( 'NONE',  ( 0.7821057178568930901, 0.000000000000000000, -0.6231457663304419414 ) ) ;
#3924 = SURFACE_STYLE_FILL_AREA ( #741 ) ;
#3925 = COLOUR_RGB ( '',0.7803921568627451011, 0.7607843137254901578, 0.7411764705882353255 ) ;
#3926 = DIRECTION ( 'NONE',  ( -1.020425574104004122E-16, -0.000000000000000000, -1.000000000000000000 ) ) ;
#3927 = AXIS2_PLACEMENT_3D ( 'NONE', #10, #57, #3178 ) ;
#3928 = FILL_AREA_STYLE ('',( #3495 ) ) ;
#3929 = VECTOR ( 'NONE', #686, 1000.000000000000000 ) ;
#3930 = UNCERTAINTY_MEASURE_WITH_UNIT (LENGTH_MEASURE( 1.000000000000000082E-05 ), #1946, 'distance_accuracy_value', 'NONE');
#3931 = COLOUR_RGB ( '',0.8431372549019607865, 0.8156862745098039102, 0.7529411764705882248 ) ;
#3932 = VECTOR ( 'NONE', #1475, 1000.000000000000000 ) ;
#3933 = ORIENTED_EDGE ( 'NONE', *, *, #3840, .T. ) ;
#3934 = CARTESIAN_POINT ( 'NONE',  ( -12.00000000000000533, 0.000000000000000000, 14.99999999999999289 ) ) ;
#3935 =( NAMED_UNIT ( * ) SI_UNIT ( $, .STERADIAN. ) SOLID_ANGLE_UNIT ( ) );
#3936 = SURFACE_STYLE_FILL_AREA ( #2370 ) ;
#3937 = ORIENTED_EDGE ( 'NONE', *, *, #4633, .T. ) ;
#3938 = DIRECTION ( 'NONE',  ( 0.000000000000000000, -1.000000000000000000, 0.000000000000000000 ) ) ;
#3939 = CARTESIAN_POINT ( 'NONE',  ( 4.716279741469901587, 11.00099999999999945, 12.07866415420832595 ) ) ;
#3940 = MECHANICAL_DESIGN_GEOMETRIC_PRESENTATION_REPRESENTATION (  '', ( #3505 ), #3678 ) ;
#3941 = FILL_AREA_STYLE_COLOUR ( '', #1501 ) ;
#3942 = ORIENTED_EDGE ( 'NONE', *, *, #62, .F. ) ;
#3943 = VERTEX_POINT ( 'NONE', #799 ) ;
#3944 = LINE ( 'NONE', #3534, #631 ) ;
#3945 = EDGE_CURVE ( 'NONE', #440, #1204, #74, .T. ) ;
#3946 = CARTESIAN_POINT ( 'NONE',  ( -12.00000000000000533, 0.000000000000000000, 14.99999999999999289 ) ) ;
#3947 = PRESENTATION_STYLE_ASSIGNMENT (( #4719 ) ) ;
#3948 = EDGE_LOOP ( 'NONE', ( #3507, #5128, #2264, #3326 ) ) ;
#3949 = LINE ( 'NONE', #2432, #516 ) ;
#3950 = CARTESIAN_POINT ( 'NONE',  ( 3.234164606790940422, 11.00099999999999945, 10.06791373632251130 ) ) ;
#3951 = DIRECTION ( 'NONE',  ( 0.9902680687413817351, -0.000000000000000000, 0.1391731009614071979 ) ) ;
#3952 = MECHANICAL_DESIGN_GEOMETRIC_PRESENTATION_REPRESENTATION (  '', ( #3765 ), #4454 ) ;
#3953 = CARTESIAN_POINT ( 'NONE',  ( -12.00000000000000178, 0.000000000000000000, 16.99999999999998934 ) ) ;
#3954 = DIRECTION ( 'NONE',  ( 0.000000000000000000, 1.000000000000000000, 0.000000000000000000 ) ) ;
#3955 = PRODUCT ( 'LED-SEG7-1.0-1DIG', 'LED-SEG7-1.0-1DIG', '', ( #3281 ) ) ;
#3956 = EDGE_CURVE ( 'NONE', #2345, #131, #3212, .T. ) ;
#3957 = EDGE_LOOP ( 'NONE', ( #1761, #3906 ) ) ;
#3958 = ADVANCED_FACE ( 'NONE', ( #949 ), #4552, .F. ) ;
#3959 = CARTESIAN_POINT ( 'NONE',  ( 8.077597235832874034, 11.00099999999999945, -11.78350168343908777 ) ) ;
#3960 = CARTESIAN_POINT ( 'NONE',  ( 2.540000000000000036, -2.000000000000000000, 15.49500000000000099 ) ) ;
#3961 = EDGE_LOOP ( 'NONE', ( #4223, #4213 ) ) ;
#3962 = SURFACE_STYLE_USAGE ( .BOTH. , #2774 ) ;
#3963 = DIRECTION ( 'NONE',  ( 0.000000000000000000, -1.000000000000000000, 0.000000000000000000 ) ) ;
#3964 = ORIENTED_EDGE ( 'NONE', *, *, #1983, .F. ) ;
#3965 = ORIENTED_EDGE ( 'NONE', *, *, #3433, .F. ) ;
#3966 = AXIS2_PLACEMENT_3D ( 'NONE', #904, #4576, #2896 ) ;
#3967 = DIRECTION ( 'NONE',  ( 1.172110456741086568E-16, -1.245367360287404355E-16, 1.000000000000000000 ) ) ;
#3968 = CARTESIAN_POINT ( 'NONE',  ( -12.00000000000000533, 0.000000000000000000, 14.99999999999999289 ) ) ;
#3969 = UNCERTAINTY_MEASURE_WITH_UNIT (LENGTH_MEASURE( 1.000000000000000082E-05 ), #3580, 'distance_accuracy_value', 'NONE');
#3970 = COLOUR_RGB ( '',0.7803921568627451011, 0.7607843137254901578, 0.7411764705882353255 ) ;
#3971 = SURFACE_STYLE_USAGE ( .BOTH. , #4278 ) ;
#3972 = DIRECTION ( 'NONE',  ( 1.000000000000000000, -0.000000000000000000, -1.239088197126291063E-16 ) ) ;
#3973 = SURFACE_STYLE_USAGE ( .BOTH. , #2358 ) ;
#3974 = ORIENTED_EDGE ( 'NONE', *, *, #4501, .T. ) ;
#3975 = EDGE_CURVE ( 'NONE', #4242, #3102, #4953, .T. ) ;
#3976 = VECTOR ( 'NONE', #3774, 1000.000000000000000 ) ;
#3977 = CARTESIAN_POINT ( 'NONE',  ( -4.877500083679415788, 11.00099999999999945, -11.92569156118384299 ) ) ;
#3978 = CARTESIAN_POINT ( 'NONE',  ( -8.077597235833382072, 11.00099999999999945, 11.78350168344155513 ) ) ;
#3979 = DIRECTION ( 'NONE',  ( 0.000000000000000000, 0.000000000000000000, -1.000000000000000000 ) ) ;
#3980 = PLANE ( 'NONE',  #1153 ) ;
#3981 = UNCERTAINTY_MEASURE_WITH_UNIT (LENGTH_MEASURE( 1.000000000000000082E-05 ), #1317, 'distance_accuracy_value', 'NONE');
#3982 = ORIENTED_EDGE ( 'NONE', *, *, #3047, .F. ) ;
#3983 = FACE_OUTER_BOUND ( 'NONE', #2772, .T. ) ;
#3984 = LINE ( 'NONE', #411, #2215 ) ;
#3985 = ORIENTED_EDGE ( 'NONE', *, *, #554, .T. ) ;
#3986 = DIRECTION ( 'NONE',  ( 0.000000000000000000, 0.9805806756909198896, -0.1961161351381856544 ) ) ;
#3987 = DIRECTION ( 'NONE',  ( -0.1391731009607019842, 0.000000000000000000, 0.9902680687414808780 ) ) ;
#3988 =( NAMED_UNIT ( * ) SI_UNIT ( $, .STERADIAN. ) SOLID_ANGLE_UNIT ( ) );
#3989 = ORIENTED_EDGE ( 'NONE', *, *, #3975, .F. ) ;
#3990 = ORIENTED_EDGE ( 'NONE', *, *, #179, .T. ) ;
#3991 = DIRECTION ( 'NONE',  ( -0.1961161351381850437, 0.9805806756909200006, -0.000000000000000000 ) ) ;
#3992 = ORIENTED_EDGE ( 'NONE', *, *, #2035, .F. ) ;
#3993 = FILL_AREA_STYLE_COLOUR ( '', #3742 ) ;
#3994 = EDGE_CURVE ( 'NONE', #4824, #1347, #2118, .T. ) ;
#3995 = FILL_AREA_STYLE_COLOUR ( '', #1001 ) ;
#3996 =( NAMED_UNIT ( * ) PLANE_ANGLE_UNIT ( ) SI_UNIT ( $, .RADIAN. ) );
#3997 = ORIENTED_EDGE ( 'NONE', *, *, #1366, .T. ) ;
#3998 = PRESENTATION_LAYER_ASSIGNMENT (  '', '', ( #3730 ) ) ;
#3999 = AXIS2_PLACEMENT_3D ( 'NONE', #1335, #2531, #4568 ) ;
#4000 = PRODUCT_DEFINITION_SHAPE ( 'NONE', 'NONE',  #2993 ) ;
#4001 =( LENGTH_UNIT ( ) NAMED_UNIT ( * ) SI_UNIT ( .MILLI., .METRE. ) );
#4002 = LINE ( 'NONE', #63, #2900 ) ;
#4003 = CARTESIAN_POINT ( 'NONE',  ( -4.815457017597218226, 11.00000000000000000, 1.183566405789941101 ) ) ;
#4004 =( NAMED_UNIT ( * ) PLANE_ANGLE_UNIT ( ) SI_UNIT ( $, .RADIAN. ) );
#4005 = COLOUR_RGB ( '',0.7803921568627451011, 0.7607843137254901578, 0.7411764705882353255 ) ;
#4006 = STYLED_ITEM ( 'NONE', ( #1259 ), #3163 ) ;
#4007 = CARTESIAN_POINT ( 'NONE',  ( 5.964953484664302863, 11.00099999999999945, 0.04366522180675999620 ) ) ;
#4008 = CARTESIAN_POINT ( 'NONE',  ( 2.540000000000000036, -2.000000000000000000, 15.24000000000000021 ) ) ;
#4009 = VECTOR ( 'NONE', #2412, 1000.000000000000000 ) ;
#4010 = VECTOR ( 'NONE', #2807, 1000.000000000000000 ) ;
#4011 = LINE ( 'NONE', #437, #1563 ) ;
#4012 = SURFACE_STYLE_USAGE ( .BOTH. , #2797 ) ;
#4013 = CARTESIAN_POINT ( 'NONE',  ( 11.99999999999999822, 0.000000000000000000, 16.99999999999998934 ) ) ;
#4014 = CARTESIAN_POINT ( 'NONE',  ( 2.155378366499345500E-16, 2.000000000000000000, 14.98499999999999766 ) ) ;
#4015 = EDGE_CURVE ( 'NONE', #1923, #1837, #585, .T. ) ;
#4016 = PRESENTATION_LAYER_ASSIGNMENT (  '', '', ( #1087 ) ) ;
#4017 = COLOUR_RGB ( '',0.8431372549019607865, 0.8156862745098039102, 0.7529411764705882248 ) ;
#4018 = ORIENTED_EDGE ( 'NONE', *, *, #3717, .T. ) ;
#4019 = LINE ( 'NONE', #3466, #3224 ) ;
#4020 = AXIS2_PLACEMENT_3D ( 'NONE', #3835, #270, #1854 ) ;
#4021 = MECHANICAL_DESIGN_GEOMETRIC_PRESENTATION_REPRESENTATION (  '', ( #261 ), #1752 ) ;
#4022 = SURFACE_SIDE_STYLE ('',( #820 ) ) ;
#4023 = PRESENTATION_STYLE_ASSIGNMENT (( #2330 ) ) ;
#4024 = PRESENTATION_STYLE_ASSIGNMENT (( #492 ) ) ;
#4025 = ORIENTED_EDGE ( 'NONE', *, *, #2846, .T. ) ;
#4026 = SURFACE_STYLE_FILL_AREA ( #2786 ) ;
#4027 = CARTESIAN_POINT ( 'NONE',  ( 4.716279741469901587, 11.00099999999999945, 12.07866415420832595 ) ) ;
#4028 = SURFACE_STYLE_FILL_AREA ( #3129 ) ;
#4029 = DIRECTION ( 'NONE',  ( 0.7547095802230705530, 0.000000000000000000, -0.6560590289901637728 ) ) ;
#4030 = FACE_OUTER_BOUND ( 'NONE', #1448, .T. ) ;
#4031 = UNCERTAINTY_MEASURE_WITH_UNIT (LENGTH_MEASURE( 1.000000000000000082E-05 ), #3459, 'distance_accuracy_value', 'NONE');
#4032 =( GEOMETRIC_REPRESENTATION_CONTEXT ( 3 ) GLOBAL_UNCERTAINTY_ASSIGNED_CONTEXT ( ( #327 ) ) GLOBAL_UNIT_ASSIGNED_CONTEXT ( ( #4471, #2483, #3089 ) ) REPRESENTATION_CONTEXT ( 'NONE', 'WORKASPACE' ) );
#4033 = ORIENTED_EDGE ( 'NONE', *, *, #554, .F. ) ;
#4034 = ADVANCED_FACE ( 'NONE', ( #4158 ), #2938, .F. ) ;
#4035 = CARTESIAN_POINT ( 'NONE',  ( 4.815457017597222666, 11.00099999999999945, -1.183566405789941101 ) ) ;
#4036 = EDGE_LOOP ( 'NONE', ( #1506, #2173 ) ) ;
#4037 = MECHANICAL_DESIGN_GEOMETRIC_PRESENTATION_REPRESENTATION (  '', ( #1355 ), #4370 ) ;
#4038 = EDGE_CURVE ( 'NONE', #5050, #156, #4623, .T. ) ;
#4039 = EDGE_CURVE ( 'NONE', #2785, #3943, #1776, .T. ) ;
#4040 = EDGE_CURVE ( 'NONE', #396, #3586, #2367, .T. ) ;
#4041 = DIRECTION ( 'NONE',  ( 0.7547095802260416209, 0.000000000000000000, -0.6560590289867459513 ) ) ;
#4042 = SURFACE_STYLE_FILL_AREA ( #1318 ) ;
#4043 = CARTESIAN_POINT ( 'NONE',  ( 7.952849967984582769, 11.00000000000000000, -11.94086407455169763 ) ) ;
#4044 = ORIENTED_EDGE ( 'NONE', *, *, #4378, .F. ) ;
#4045 =( NAMED_UNIT ( * ) SI_UNIT ( $, .STERADIAN. ) SOLID_ANGLE_UNIT ( ) );
#4046 = FACE_OUTER_BOUND ( 'NONE', #3808, .T. ) ;
#4047 = FILL_AREA_STYLE_COLOUR ( '', #2164 ) ;
#4048 = CARTESIAN_POINT ( 'NONE',  ( 7.952849967984582769, 11.00099999999999945, -11.94086407455169763 ) ) ;
#4049 = EDGE_LOOP ( 'NONE', ( #1255, #3937, #249, #1787, #4455, #1454 ) ) ;
#4050 = VECTOR ( 'NONE', #3987, 1000.000000000000114 ) ;
#4051 = EDGE_CURVE ( 'NONE', #2451, #26, #4235, .T. ) ;
#4052 = STYLED_ITEM ( 'NONE', ( #3397 ), #4259 ) ;
#4053 = DIRECTION ( 'NONE',  ( 0.000000000000000000, -1.000000000000000000, 0.000000000000000000 ) ) ;
#4054 = CARTESIAN_POINT ( 'NONE',  ( -4.877500083679415788, 11.00000000000000000, -11.92569156118384299 ) ) ;
#4055 =( NAMED_UNIT ( * ) PLANE_ANGLE_UNIT ( ) SI_UNIT ( $, .RADIAN. ) );
#4056 =( GEOMETRIC_REPRESENTATION_CONTEXT ( 3 ) GLOBAL_UNCERTAINTY_ASSIGNED_CONTEXT ( ( #2967 ) ) GLOBAL_UNIT_ASSIGNED_CONTEXT ( ( #4390, #910, #4871 ) ) REPRESENTATION_CONTEXT ( 'NONE', 'WORKASPACE' ) );
#4057 = ORIENTED_EDGE ( 'NONE', *, *, #2889, .T. ) ;
#4058 = EDGE_CURVE ( 'NONE', #230, #245, #4289, .T. ) ;
#4059 = SURFACE_STYLE_USAGE ( .BOTH. , #1240 ) ;
#4060 = ORIENTED_EDGE ( 'NONE', *, *, #1573, .T. ) ;
#4061 = FILL_AREA_STYLE ('',( #4527 ) ) ;
#4062 = DIRECTION ( 'NONE',  ( 0.000000000000000000, -0.000000000000000000, 1.000000000000000000 ) ) ;
#4063 = DIRECTION ( 'NONE',  ( 0.000000000000000000, -0.000000000000000000, 1.000000000000000000 ) ) ;
#4064 = MECHANICAL_DESIGN_GEOMETRIC_PRESENTATION_REPRESENTATION (  '', ( #5159 ), #4316 ) ;
#4065 = ORIENTED_EDGE ( 'NONE', *, *, #2209, .T. ) ;
#4066 = VECTOR ( 'NONE', #2956, 1000.000000000000000 ) ;
#4067 = CIRCLE ( 'NONE', #1570, 0.2550000000000017808 ) ;
#4068 = CARTESIAN_POINT ( 'NONE',  ( 4.437710207380106020, 11.00000000000000000, 1.504241810421581782 ) ) ;
#4069 =( NAMED_UNIT ( * ) SI_UNIT ( $, .STERADIAN. ) SOLID_ANGLE_UNIT ( ) );
#4070 = DIRECTION ( 'NONE',  ( 0.000000000000000000, -0.000000000000000000, -1.000000000000000000 ) ) ;
#4071 = ORIENTED_EDGE ( 'NONE', *, *, #1020, .F. ) ;
#4072 = CARTESIAN_POINT ( 'NONE',  ( 5.080000000000000071, 2.000000000000000000, -15.24000000000000021 ) ) ;
#4073 = CARTESIAN_POINT ( 'NONE',  ( 6.279034304941422562, 11.00099999999999945, -10.48583831713368753 ) ) ;
#4074 = ADVANCED_FACE ( 'NONE', ( #1110 ), #1078, .T. ) ;
#4075 = CARTESIAN_POINT ( 'NONE',  ( -2.540000000000000036, 1.500000000000000000, -15.24000000000000021 ) ) ;
#4076 = DIRECTION ( 'NONE',  ( 0.000000000000000000, -0.000000000000000000, 1.000000000000000000 ) ) ;
#4077 = DIRECTION ( 'NONE',  ( -0.7227044468028970270, 0.000000000000000000, 0.6911572053963690454 ) ) ;
#4078 = DIRECTION ( 'NONE',  ( 0.6073781906613752168, 0.000000000000000000, 0.7944128231020155528 ) ) ;
#4079 = PRESENTATION_LAYER_ASSIGNMENT (  '', '', ( #4901 ) ) ;
#4080 = STYLED_ITEM ( 'NONE', ( #812 ), #1947 ) ;
#4081 = PRESENTATION_LAYER_ASSIGNMENT (  '', '', ( #662 ) ) ;
#4082 = SURFACE_STYLE_USAGE ( .BOTH. , #4506 ) ;
#4083 = STYLED_ITEM ( 'NONE', ( #3553 ), #2891 ) ;
#4084 = EDGE_LOOP ( 'NONE', ( #583, #2431, #187, #2524 ) ) ;
#4085 = ORIENTED_EDGE ( 'NONE', *, *, #4058, .F. ) ;
#4086 = AXIS2_PLACEMENT_3D ( 'NONE', #2669, #1518, #2480 ) ;
#4087 =( GEOMETRIC_REPRESENTATION_CONTEXT ( 3 ) GLOBAL_UNCERTAINTY_ASSIGNED_CONTEXT ( ( #938 ) ) GLOBAL_UNIT_ASSIGNED_CONTEXT ( ( #4767, #54, #4045 ) ) REPRESENTATION_CONTEXT ( 'NONE', 'WORKASPACE' ) );
#4088 = SURFACE_STYLE_FILL_AREA ( #3210 ) ;
#4089 = UNCERTAINTY_MEASURE_WITH_UNIT (LENGTH_MEASURE( 1.000000000000000082E-05 ), #3115, 'distance_accuracy_value', 'NONE');
#4090 =( NAMED_UNIT ( * ) SI_UNIT ( $, .STERADIAN. ) SOLID_ANGLE_UNIT ( ) );
#4091 = COLOUR_RGB ( '',0.8431372549019607865, 0.8156862745098039102, 0.7529411764705882248 ) ;
#4092 = COLOUR_RGB ( '',0.8431372549019607865, 0.8156862745098039102, 0.7529411764705882248 ) ;
#4093 = SURFACE_STYLE_FILL_AREA ( #3688 ) ;
#4094 = FILL_AREA_STYLE_COLOUR ( '', #271 ) ;
#4095 = AXIS2_PLACEMENT_3D ( 'NONE', #3724, #1309, #2527 ) ;
#4096 = CYLINDRICAL_SURFACE ( 'NONE', #1406, 0.2550000000000017808 ) ;
#4097 = PRODUCT_RELATED_PRODUCT_CATEGORY ( 'part', '', ( #3955 ) ) ;
#4098 = DIRECTION ( 'NONE',  ( -0.000000000000000000, -0.000000000000000000, 1.000000000000000000 ) ) ;
#4099 = FILL_AREA_STYLE_COLOUR ( '', #171 ) ;
#4100 = EDGE_LOOP ( 'NONE', ( #3684, #1869, #1216, #4781 ) ) ;
#4101 = EDGE_CURVE ( 'NONE', #59, #3063, #4602, .T. ) ;
#4102 = LINE ( 'NONE', #83, #707 ) ;
#4103 = FILL_AREA_STYLE ('',( #4474 ) ) ;
#4104 = DIRECTION ( 'NONE',  ( -0.000000000000000000, -1.000000000000000000, -0.000000000000000000 ) ) ;
#4105 = PRESENTATION_LAYER_ASSIGNMENT (  '', '', ( #5046 ) ) ;
#4106 = CARTESIAN_POINT ( 'NONE',  ( -11.50000000000000888, 0.000000000000000000, -16.49999999999998934 ) ) ;
#4107 =( NAMED_UNIT ( * ) SI_UNIT ( $, .STERADIAN. ) SOLID_ANGLE_UNIT ( ) );
#4108 = DIRECTION ( 'NONE',  ( 0.000000000000000000, 0.000000000000000000, -1.000000000000000000 ) ) ;
#4109 = VERTEX_POINT ( 'NONE', #4003 ) ;
#4110 = CARTESIAN_POINT ( 'NONE',  ( 11.50000000000001066, 0.000000000000000000, -16.49999999999998934 ) ) ;
#4111 = AXIS2_PLACEMENT_3D ( 'NONE', #4934, #2169, #367 ) ;
#4112 = STYLED_ITEM ( 'NONE', ( #363 ), #1490 ) ;
#4113 = EDGE_CURVE ( 'NONE', #810, #4325, #2214, .T. ) ;
#4114 = EDGE_CURVE ( 'NONE', #2649, #535, #3438, .T. ) ;
#4115 = DIRECTION ( 'NONE',  ( 0.000000000000000000, -1.000000000000000000, 0.000000000000000000 ) ) ;
#4116 =( NAMED_UNIT ( * ) SI_UNIT ( $, .STERADIAN. ) SOLID_ANGLE_UNIT ( ) );
#4117 =( GEOMETRIC_REPRESENTATION_CONTEXT ( 3 ) GLOBAL_UNCERTAINTY_ASSIGNED_CONTEXT ( ( #3496 ) ) GLOBAL_UNIT_ASSIGNED_CONTEXT ( ( #966, #3726, #4107 ) ) REPRESENTATION_CONTEXT ( 'NONE', 'WORKASPACE' ) );
#4118 = CARTESIAN_POINT ( 'NONE',  ( -5.587567885296989445, 11.00000000000000000, -10.33113049122024130 ) ) ;
#4119 = PRESENTATION_STYLE_ASSIGNMENT (( #4467 ) ) ;
#4120 = VERTEX_POINT ( 'NONE', #1031 ) ;
#4121 =( LENGTH_UNIT ( ) NAMED_UNIT ( * ) SI_UNIT ( .MILLI., .METRE. ) );
#4122 = PRESENTATION_STYLE_ASSIGNMENT (( #3317 ) ) ;
#4123 =( NAMED_UNIT ( * ) SI_UNIT ( $, .STERADIAN. ) SOLID_ANGLE_UNIT ( ) );
#4124 = CARTESIAN_POINT ( 'NONE',  ( 7.205852998560215994, 11.00099999999999945, -1.183566405789941101 ) ) ;
#4125 = FACE_OUTER_BOUND ( 'NONE', #4084, .T. ) ;
#4126 = CARTESIAN_POINT ( 'NONE',  ( 5.080000000000000071, -2.000000000000000000, 15.24000000000000021 ) ) ;
#4127 = VECTOR ( 'NONE', #1343, 1000.000000000000114 ) ;
#4128 = FILL_AREA_STYLE_COLOUR ( '', #3432 ) ;
#4129 = CIRCLE ( 'NONE', #1879, 2.551318690962586011 ) ;
#4130 = CARTESIAN_POINT ( 'NONE',  ( -4.852449720038055858, 11.00099999999999945, 1.446783160686918812 ) ) ;
#4131 = CYLINDRICAL_SURFACE ( 'NONE', #4285, 2.551318690950562740 ) ;
#4132 = AXIS2_PLACEMENT_3D ( 'NONE', #1205, #777, #1591 ) ;
#4133 = ORIENTED_EDGE ( 'NONE', *, *, #2923, .T. ) ;
#4134 = FILL_AREA_STYLE_COLOUR ( '', #1821 ) ;
#4135 = PRESENTATION_LAYER_ASSIGNMENT (  '', '', ( #5143 ) ) ;
#4136 = FILL_AREA_STYLE ('',( #4512 ) ) ;
#4137 = CARTESIAN_POINT ( 'NONE',  ( 5.720367413259347167, 11.00099999999999945, 0.000000000000000000 ) ) ;
#4138 = SURFACE_STYLE_FILL_AREA ( #3762 ) ;
#4139 = VERTEX_POINT ( 'NONE', #3809 ) ;
#4140 = DIRECTION ( 'NONE',  ( -0.000000000000000000, -1.000000000000000000, -0.000000000000000000 ) ) ;
#4141 = CARTESIAN_POINT ( 'NONE',  ( 5.587567885294018488, 11.00099999999999945, 10.33113049121800486 ) ) ;
#4142 = VERTEX_POINT ( 'NONE', #4263 ) ;
#4143 = DIRECTION ( 'NONE',  ( 0.000000000000000000, -1.000000000000000000, 0.000000000000000000 ) ) ;
#4144 =( NAMED_UNIT ( * ) SI_UNIT ( $, .STERADIAN. ) SOLID_ANGLE_UNIT ( ) );
#4145 = EDGE_CURVE ( 'NONE', #3063, #5105, #4703, .T. ) ;
#4146 = MECHANICAL_DESIGN_GEOMETRIC_PRESENTATION_REPRESENTATION (  '', ( #2962 ), #736 ) ;
#4147 = DIRECTION ( 'NONE',  ( -0.000000000000000000, -1.000000000000000000, -0.000000000000000000 ) ) ;
#4148 = UNCERTAINTY_MEASURE_WITH_UNIT (LENGTH_MEASURE( 1.000000000000000082E-05 ), #4461, 'distance_accuracy_value', 'NONE');
#4149 = FILL_AREA_STYLE ('',( #3804 ) ) ;
#4150 = FACE_OUTER_BOUND ( 'NONE', #803, .T. ) ;
#4151 =( NAMED_UNIT ( * ) PLANE_ANGLE_UNIT ( ) SI_UNIT ( $, .RADIAN. ) );
#4152 = ORIENTED_EDGE ( 'NONE', *, *, #2349, .T. ) ;
#4153 = PRESENTATION_LAYER_ASSIGNMENT (  '', '', ( #4984 ) ) ;
#4154 = PRESENTATION_LAYER_ASSIGNMENT (  '', '', ( #4416 ) ) ;
#4155 = STYLED_ITEM ( 'NONE', ( #2940 ), #5014 ) ;
#4156 =( GEOMETRIC_REPRESENTATION_CONTEXT ( 3 ) GLOBAL_UNCERTAINTY_ASSIGNED_CONTEXT ( ( #2433 ) ) GLOBAL_UNIT_ASSIGNED_CONTEXT ( ( #2113, #4448, #4473 ) ) REPRESENTATION_CONTEXT ( 'NONE', 'WORKASPACE' ) );
#4157 = COLOUR_RGB ( '',0.8431372549019607865, 0.8156862745098039102, 0.7529411764705882248 ) ;
#4158 = FACE_OUTER_BOUND ( 'NONE', #4917, .T. ) ;
#4159 = EDGE_CURVE ( 'NONE', #543, #1890, #2265, .T. ) ;
#4160 = SURFACE_SIDE_STYLE ('',( #2139 ) ) ;
#4161 = SURFACE_SIDE_STYLE ('',( #1004 ) ) ;
#4162 = MECHANICAL_DESIGN_GEOMETRIC_PRESENTATION_REPRESENTATION (  '', ( #3486 ), #4244 ) ;
#4163 = FILL_AREA_STYLE_COLOUR ( '', #1200 ) ;
#4164 = STYLED_ITEM ( 'NONE', ( #4024 ), #4768 ) ;
#4165 = VECTOR ( 'NONE', #3264, 1000.000000000000000 ) ;
#4166 = ORIENTED_EDGE ( 'NONE', *, *, #257, .F. ) ;
#4167 =( GEOMETRIC_REPRESENTATION_CONTEXT ( 3 ) GLOBAL_UNCERTAINTY_ASSIGNED_CONTEXT ( ( #4551 ) ) GLOBAL_UNIT_ASSIGNED_CONTEXT ( ( #4890, #3633, #2070 ) ) REPRESENTATION_CONTEXT ( 'NONE', 'WORKASPACE' ) );
#4168 = LINE ( 'NONE', #2968, #2978 ) ;
#4169 = VECTOR ( 'NONE', #3322, 1000.000000000000000 ) ;
#4170 = DIRECTION ( 'NONE',  ( -0.000000000000000000, -1.000000000000000000, -0.000000000000000000 ) ) ;
#4171 = FILL_AREA_STYLE_COLOUR ( '', #1748 ) ;
#4172 = EDGE_LOOP ( 'NONE', ( #226, #1632, #3355, #1767, #3357, #3720 ) ) ;
#4173 =( GEOMETRIC_REPRESENTATION_CONTEXT ( 3 ) GLOBAL_UNCERTAINTY_ASSIGNED_CONTEXT ( ( #3132 ) ) GLOBAL_UNIT_ASSIGNED_CONTEXT ( ( #1452, #2204, #3038 ) ) REPRESENTATION_CONTEXT ( 'NONE', 'WORKASPACE' ) );
#4174 = AXIS2_PLACEMENT_3D ( 'NONE', #5155, #1571, #3573 ) ;
#4175 =( LENGTH_UNIT ( ) NAMED_UNIT ( * ) SI_UNIT ( .MILLI., .METRE. ) );
#4176 = PRESENTATION_STYLE_ASSIGNMENT (( #4876 ) ) ;
#4177 = VECTOR ( 'NONE', #2415, 999.9999999999998863 ) ;
#4178 = DIRECTION ( 'NONE',  ( 1.000000000000000000, 0.000000000000000000, -1.020425574104004122E-16 ) ) ;
#4179 = EDGE_CURVE ( 'NONE', #3943, #396, #299, .T. ) ;
#4180 = PRESENTATION_LAYER_ASSIGNMENT (  '', '', ( #3077 ) ) ;
#4181 = DIRECTION ( 'NONE',  ( 0.000000000000000000, 0.000000000000000000, 1.000000000000000000 ) ) ;
#4182 = DIRECTION ( 'NONE',  ( -0.000000000000000000, -0.000000000000000000, 1.000000000000000000 ) ) ;
#4183 = EDGE_LOOP ( 'NONE', ( #192, #1935, #4909, #278 ) ) ;
#4184 = DIRECTION ( 'NONE',  ( 0.000000000000000000, 1.000000000000000000, 0.000000000000000000 ) ) ;
#4185 = SURFACE_STYLE_USAGE ( .BOTH. , #2559 ) ;
#4186 = FILL_AREA_STYLE ('',( #4903 ) ) ;
#4187 = EDGE_CURVE ( 'NONE', #2451, #5021, #959, .T. ) ;
#4188 = CIRCLE ( 'NONE', #2761, 0.2550000000000017808 ) ;
#4189 = DIRECTION ( 'NONE',  ( -0.7547095802199232928, 0.000000000000000000, 0.6560590289937843211 ) ) ;
#4190 =( NAMED_UNIT ( * ) SI_UNIT ( $, .STERADIAN. ) SOLID_ANGLE_UNIT ( ) );
#4191 = CARTESIAN_POINT ( 'NONE',  ( 11.50000000000001066, 1.500000000000000000, -16.49999999999998934 ) ) ;
#4192 = VERTEX_POINT ( 'NONE', #1138 ) ;
#4193 =( NAMED_UNIT ( * ) PLANE_ANGLE_UNIT ( ) SI_UNIT ( $, .RADIAN. ) );
#4194 = FACE_OUTER_BOUND ( 'NONE', #300, .T. ) ;
#4195 = ADVANCED_FACE ( 'NONE', ( #2711 ), #4320, .T. ) ;
#4196 = ORIENTED_EDGE ( 'NONE', *, *, #1904, .T. ) ;
#4197 = UNCERTAINTY_MEASURE_WITH_UNIT (LENGTH_MEASURE( 1.000000000000000082E-05 ), #4227, 'distance_accuracy_value', 'NONE');
#4198 = ORIENTED_EDGE ( 'NONE', *, *, #1601, .F. ) ;
#4199 =( GEOMETRIC_REPRESENTATION_CONTEXT ( 3 ) GLOBAL_UNCERTAINTY_ASSIGNED_CONTEXT ( ( #3185 ) ) GLOBAL_UNIT_ASSIGNED_CONTEXT ( ( #2650, #4725, #660 ) ) REPRESENTATION_CONTEXT ( 'NONE', 'WORKASPACE' ) );
#4200 = CARTESIAN_POINT ( 'NONE',  ( -3.042464078436862174, 11.00000000000000000, -10.15315949593975020 ) ) ;
#4201 = ORIENTED_EDGE ( 'NONE', *, *, #2843, .T. ) ;
#4202 = PRESENTATION_STYLE_ASSIGNMENT (( #2607 ) ) ;
#4203 = DIRECTION ( 'NONE',  ( 0.000000000000000000, -1.000000000000000000, 0.000000000000000000 ) ) ;
#4204 = DIRECTION ( 'NONE',  ( 0.000000000000000000, 0.000000000000000000, 1.000000000000000000 ) ) ;
#4205 = CARTESIAN_POINT ( 'NONE',  ( 8.491459290613962096, 11.00099999999999945, -10.33113049121727833 ) ) ;
#4206 = CARTESIAN_POINT ( 'NONE',  ( -3.197171904350398108, 11.00099999999999945, -10.33113049121924476 ) ) ;
#4207 = ORIENTED_EDGE ( 'NONE', *, *, #3467, .T. ) ;
#4208 = FACE_BOUND ( 'NONE', #1361, .T. ) ;
#4209 = LINE ( 'NONE', #1132, #3571 ) ;
#4210 = SURFACE_SIDE_STYLE ('',( #969 ) ) ;
#4211 = STYLED_ITEM ( 'NONE', ( #2167 ), #4034 ) ;
#4212 = ADVANCED_FACE ( 'NONE', ( #1262 ), #2485, .F. ) ;
#4213 = ORIENTED_EDGE ( 'NONE', *, *, #3139, .F. ) ;
#4214 = ADVANCED_FACE ( 'NONE', ( #1330 ), #449, .T. ) ;
#4215 = CIRCLE ( 'NONE', #4801, 1.203626853345702408 ) ;
#4216 = PLANE ( 'NONE',  #2640 ) ;
#4217 = DIRECTION ( 'NONE',  ( 0.000000000000000000, 0.000000000000000000, 1.000000000000000000 ) ) ;
#4218 = ORIENTED_EDGE ( 'NONE', *, *, #3471, .T. ) ;
#4219 = COLOUR_RGB ( '',0.8431372549019607865, 0.8156862745098039102, 0.7529411764705882248 ) ;
#4220 = CARTESIAN_POINT ( 'NONE',  ( 10.00000000000000533, 2.449293598294707302E-15, -17.00000000000001066 ) ) ;
#4221 = PRESENTATION_STYLE_ASSIGNMENT (( #4636 ) ) ;
#4222 = FACE_OUTER_BOUND ( 'NONE', #5085, .T. ) ;
#4223 = ORIENTED_EDGE ( 'NONE', *, *, #4499, .F. ) ;
#4224 = DIRECTION ( 'NONE',  ( -0.6630414564482944861, 0.000000000000000000, -0.7485826788210667715 ) ) ;
#4225 = DIRECTION ( 'NONE',  ( 0.000000000000000000, -1.000000000000000000, 0.000000000000000000 ) ) ;
#4226 = CARTESIAN_POINT ( 'NONE',  ( 2.467663300281920986E-16, -2.000000000000000000, 15.49500000000000099 ) ) ;
#4227 =( LENGTH_UNIT ( ) NAMED_UNIT ( * ) SI_UNIT ( .MILLI., .METRE. ) );
#4228 = ORIENTED_EDGE ( 'NONE', *, *, #213, .T. ) ;
#4229 = VECTOR ( 'NONE', #2439, 1000.000000000000000 ) ;
#4230 =( NAMED_UNIT ( * ) PLANE_ANGLE_UNIT ( ) SI_UNIT ( $, .RADIAN. ) );
#4231 = LINE ( 'NONE', #2233, #3879 ) ;
#4232 = EDGE_CURVE ( 'NONE', #1711, #3001, #2088, .T. ) ;
#4233 = CARTESIAN_POINT ( 'NONE',  ( 2.540000000000000036, -2.000000000000000000, -15.24000000000000021 ) ) ;
#4234 = ORIENTED_EDGE ( 'NONE', *, *, #3123, .F. ) ;
#4235 = LINE ( 'NONE', #2620, #2516 ) ;
#4236 = ORIENTED_EDGE ( 'NONE', *, *, #2388, .F. ) ;
#4237 = DIRECTION ( 'NONE',  ( -0.000000000000000000, -1.000000000000000000, -0.000000000000000000 ) ) ;
#4238 = CARTESIAN_POINT ( 'NONE',  ( -12.00000000000000178, 11.00000000000000000, 16.99999999999998934 ) ) ;
#4239 = FILL_AREA_STYLE ('',( #1363 ) ) ;
#4240 = ORIENTED_EDGE ( 'NONE', *, *, #2460, .T. ) ;
#4241 = COLOUR_RGB ( '',0.8431372549019607865, 0.8156862745098039102, 0.7529411764705882248 ) ;
#4242 = VERTEX_POINT ( 'NONE', #920 ) ;
#4243 = DIRECTION ( 'NONE',  ( 0.000000000000000000, -1.000000000000000000, 0.000000000000000000 ) ) ;
#4244 =( GEOMETRIC_REPRESENTATION_CONTEXT ( 3 ) GLOBAL_UNCERTAINTY_ASSIGNED_CONTEXT ( ( #2095 ) ) GLOBAL_UNIT_ASSIGNED_CONTEXT ( ( #4830, #2815, #2416 ) ) REPRESENTATION_CONTEXT ( 'NONE', 'WORKASPACE' ) );
#4245 = AXIS2_PLACEMENT_3D ( 'NONE', #3231, #457, #511 ) ;
#4246 = AXIS2_PLACEMENT_3D ( 'NONE', #1702, #4225, #1373 ) ;
#4247 = DIRECTION ( 'NONE',  ( 0.000000000000000000, 0.000000000000000000, 1.000000000000000000 ) ) ;
#4248 = CARTESIAN_POINT ( 'NONE',  ( -6.279034304946791600, 11.00099999999999945, 10.48583831713804670 ) ) ;
#4249 = AXIS2_PLACEMENT_3D ( 'NONE', #4460, #2049, #2105 ) ;
#4250 = ORIENTED_EDGE ( 'NONE', *, *, #2856, .F. ) ;
#4251 =( NAMED_UNIT ( * ) SI_UNIT ( $, .STERADIAN. ) SOLID_ANGLE_UNIT ( ) );
#4252 = CARTESIAN_POINT ( 'NONE',  ( -2.540000000000000036, 1.500000000000000000, -14.98499999999999766 ) ) ;
#4253 = DIRECTION ( 'NONE',  ( 0.000000000000000000, 0.000000000000000000, 1.000000000000000000 ) ) ;
#4254 = CARTESIAN_POINT ( 'NONE',  ( -5.080000000000000071, 1.500000000000000000, 15.23999999999999844 ) ) ;
#4255 = ADVANCED_FACE ( 'NONE', ( #4948 ), #1352, .F. ) ;
#4256 = DIRECTION ( 'NONE',  ( 0.7821057178568930901, 0.000000000000000000, -0.6231457663304419414 ) ) ;
#4257 = ORIENTED_EDGE ( 'NONE', *, *, #3382, .T. ) ;
#4258 = MECHANICAL_DESIGN_GEOMETRIC_PRESENTATION_REPRESENTATION (  '', ( #1926 ), #1337 ) ;
#4259 = ADVANCED_FACE ( 'NONE', ( #1742 ), #3772, .F. ) ;
#4260 = EDGE_CURVE ( 'NONE', #3133, #3083, #2865, .T. ) ;
#4261 = MECHANICAL_DESIGN_GEOMETRIC_PRESENTATION_REPRESENTATION (  '', ( #3583 ), #3746 ) ;
#4262 = SURFACE_STYLE_FILL_AREA ( #3928 ) ;
#4263 = CARTESIAN_POINT ( 'NONE',  ( -5.080000000000000071, -2.000000000000000000, -15.49499999999999922 ) ) ;
#4264 = ORIENTED_EDGE ( 'NONE', *, *, #4396, .T. ) ;
#4265 = PRESENTATION_STYLE_ASSIGNMENT (( #2655 ) ) ;
#4266 = CARTESIAN_POINT ( 'NONE',  ( 6.873174177366998983, 11.00099999999999945, 1.183566405789941101 ) ) ;
#4267 = ORIENTED_EDGE ( 'NONE', *, *, #885, .F. ) ;
#4268 = EDGE_CURVE ( 'NONE', #3057, #3457, #2981, .T. ) ;
#4269 = ORIENTED_EDGE ( 'NONE', *, *, #4038, .F. ) ;
#4270 = CARTESIAN_POINT ( 'NONE',  ( -11.50000000000000888, 0.9999999999999940048, 14.79999999999999183 ) ) ;
#4271 =( NAMED_UNIT ( * ) SI_UNIT ( $, .STERADIAN. ) SOLID_ANGLE_UNIT ( ) );
#4272 = CYLINDRICAL_SURFACE ( 'NONE', #3165, 0.2550000000000017808 ) ;
#4273 = ORIENTED_EDGE ( 'NONE', *, *, #2324, .F. ) ;
#4274 = FILL_AREA_STYLE ('',( #5121 ) ) ;
#4275 = STYLED_ITEM ( 'NONE', ( #4176 ), #1395 ) ;
#4276 = CARTESIAN_POINT ( 'NONE',  ( 11.50000000000001066, 1.000000000000000000, 16.49999999999998934 ) ) ;
#4277 = UNCERTAINTY_MEASURE_WITH_UNIT (LENGTH_MEASURE( 1.000000000000000082E-05 ), #1578, 'distance_accuracy_value', 'NONE');
#4278 = SURFACE_SIDE_STYLE ('',( #2667 ) ) ;
#4279 = DIRECTION ( 'NONE',  ( 0.000000000000000000, -1.000000000000000000, 0.000000000000000000 ) ) ;
#4280 = ORIENTED_EDGE ( 'NONE', *, *, #2019, .F. ) ;
#4281 = SURFACE_STYLE_FILL_AREA ( #3485 ) ;
#4282 = VECTOR ( 'NONE', #66, 1000.000000000000227 ) ;
#4283 = STYLED_ITEM ( 'NONE', ( #1218 ), #136 ) ;
#4284 = DIRECTION ( 'NONE',  ( 0.000000000000000000, 0.000000000000000000, 1.000000000000000000 ) ) ;
#4285 = AXIS2_PLACEMENT_3D ( 'NONE', #5013, #2961, #1410 ) ;
#4286 =( LENGTH_UNIT ( ) NAMED_UNIT ( * ) SI_UNIT ( .MILLI., .METRE. ) );
#4287 = ORIENTED_EDGE ( 'NONE', *, *, #3884, .F. ) ;
#4288 = UNCERTAINTY_MEASURE_WITH_UNIT (LENGTH_MEASURE( 1.000000000000000082E-05 ), #3012, 'distance_accuracy_value', 'NONE');
#4289 = LINE ( 'NONE', #3497, #1222 ) ;
#4290 = ORIENTED_EDGE ( 'NONE', *, *, #3628, .F. ) ;
#4291 =( LENGTH_UNIT ( ) NAMED_UNIT ( * ) SI_UNIT ( .MILLI., .METRE. ) );
#4292 = FACE_OUTER_BOUND ( 'NONE', #3508, .T. ) ;
#4293 = LINE ( 'NONE', #1951, #4605 ) ;
#4294 = AXIS2_PLACEMENT_3D ( 'NONE', #4072, #2551, #886 ) ;
#4295 = VERTEX_POINT ( 'NONE', #1451 ) ;
#4296 =( NAMED_UNIT ( * ) SI_UNIT ( $, .STERADIAN. ) SOLID_ANGLE_UNIT ( ) );
#4297 = EDGE_CURVE ( 'NONE', #3206, #1111, #304, .T. ) ;
#4298 = AXIS2_PLACEMENT_3D ( 'NONE', #2496, #4961, #4528 ) ;
#4299 = UNCERTAINTY_MEASURE_WITH_UNIT (LENGTH_MEASURE( 1.000000000000000082E-05 ), #5152, 'distance_accuracy_value', 'NONE');
#4300 = ORIENTED_EDGE ( 'NONE', *, *, #5032, .F. ) ;
#4301 = CARTESIAN_POINT ( 'NONE',  ( 11.50000000000001066, 1.500000000000000000, 16.49999999999998934 ) ) ;
#4302 = FACE_OUTER_BOUND ( 'NONE', #2882, .T. ) ;
#4303 = SURFACE_STYLE_FILL_AREA ( #3880 ) ;
#4304 = VERTEX_POINT ( 'NONE', #3800 ) ;
#4305 = ORIENTED_EDGE ( 'NONE', *, *, #2138, .T. ) ;
#4306 = DIRECTION ( 'NONE',  ( 0.000000000000000000, -0.000000000000000000, -1.000000000000000000 ) ) ;
#4307 = AXIS2_PLACEMENT_3D ( 'NONE', #4266, #1609, #4708 ) ;
#4308 = STYLED_ITEM ( 'NONE', ( #33 ), #4462 ) ;
#4309 = FILL_AREA_STYLE_COLOUR ( '', #3819 ) ;
#4310 =( NAMED_UNIT ( * ) SI_UNIT ( $, .STERADIAN. ) SOLID_ANGLE_UNIT ( ) );
#4311 = FILL_AREA_STYLE ('',( #1960 ) ) ;
#4312 = FACE_OUTER_BOUND ( 'NONE', #1422, .T. ) ;
#4313 = ORIENTED_EDGE ( 'NONE', *, *, #4187, .T. ) ;
#4314 =( NAMED_UNIT ( * ) SI_UNIT ( $, .STERADIAN. ) SOLID_ANGLE_UNIT ( ) );
#4315 = SURFACE_STYLE_USAGE ( .BOTH. , #1155 ) ;
#4316 =( GEOMETRIC_REPRESENTATION_CONTEXT ( 3 ) GLOBAL_UNCERTAINTY_ASSIGNED_CONTEXT ( ( #706 ) ) GLOBAL_UNIT_ASSIGNED_CONTEXT ( ( #582, #217, #4190 ) ) REPRESENTATION_CONTEXT ( 'NONE', 'WORKASPACE' ) );
#4317 = CARTESIAN_POINT ( 'NONE',  ( -12.00000000000000888, 0.9999999999999976685, -14.79999999999999183 ) ) ;
#4318 = CIRCLE ( 'NONE', #1385, 0.2550000000000017808 ) ;
#4319 = VECTOR ( 'NONE', #4701, 1000.000000000000000 ) ;
#4320 = CYLINDRICAL_SURFACE ( 'NONE', #55, 0.2550000000000000044 ) ;
#4321 = ORIENTED_EDGE ( 'NONE', *, *, #1802, .T. ) ;
#4322 = SURFACE_STYLE_FILL_AREA ( #1112 ) ;
#4323 = PRESENTATION_STYLE_ASSIGNMENT (( #2293 ) ) ;
#4324 = SURFACE_STYLE_FILL_AREA ( #692 ) ;
#4325 = VERTEX_POINT ( 'NONE', #1817 ) ;
#4326 =( NAMED_UNIT ( * ) PLANE_ANGLE_UNIT ( ) SI_UNIT ( $, .RADIAN. ) );
#4327 = CARTESIAN_POINT ( 'NONE',  ( 5.080000000000000071, 2.000000000000000000, 15.24000000000000021 ) ) ;
#4328 =( NAMED_UNIT ( * ) PLANE_ANGLE_UNIT ( ) SI_UNIT ( $, .RADIAN. ) );
#4329 = DIRECTION ( 'NONE',  ( 0.000000000000000000, 0.000000000000000000, -1.000000000000000000 ) ) ;
#4330 = ORIENTED_EDGE ( 'NONE', *, *, #236, .F. ) ;
#4331 =( LENGTH_UNIT ( ) NAMED_UNIT ( * ) SI_UNIT ( .MILLI., .METRE. ) );
#4332 = DIRECTION ( 'NONE',  ( 0.000000000000000000, -1.000000000000000000, 0.000000000000000000 ) ) ;
#4333 =( GEOMETRIC_REPRESENTATION_CONTEXT ( 3 ) GLOBAL_UNCERTAINTY_ASSIGNED_CONTEXT ( ( #732 ) ) GLOBAL_UNIT_ASSIGNED_CONTEXT ( ( #2687, #2372, #4296 ) ) REPRESENTATION_CONTEXT ( 'NONE', 'WORKASPACE' ) );
#4334 = MECHANICAL_DESIGN_GEOMETRIC_PRESENTATION_REPRESENTATION (  '', ( #2970 ), #2633 ) ;
#4335 = SURFACE_SIDE_STYLE ('',( #1539 ) ) ;
#4336 = CIRCLE ( 'NONE', #2972, 0.2550000000000000044 ) ;
#4337 = COLOUR_RGB ( '',0.8431372549019607865, 0.8156862745098039102, 0.7529411764705882248 ) ;
#4338 = UNCERTAINTY_MEASURE_WITH_UNIT (LENGTH_MEASURE( 1.000000000000000082E-05 ), #2137, 'distance_accuracy_value', 'NONE');
#4339 = PLANE ( 'NONE',  #928 ) ;
#4340 = FILL_AREA_STYLE ('',( #3483 ) ) ;
#4341 = ORIENTED_EDGE ( 'NONE', *, *, #2365, .T. ) ;
#4342 = SURFACE_SIDE_STYLE ('',( #1543 ) ) ;
#4343 = AXIS2_PLACEMENT_3D ( 'NONE', #381, #35, #3539 ) ;
#4344 = CARTESIAN_POINT ( 'NONE',  ( 5.877292712060164348, 11.00000000000000000, -0.1250308409102711682 ) ) ;
#4345 = ADVANCED_FACE ( 'NONE', ( #548 ), #5033, .T. ) ;
#4346 = EDGE_CURVE ( 'NONE', #5021, #1862, #9, .T. ) ;
#4347 = MECHANICAL_DESIGN_GEOMETRIC_PRESENTATION_REPRESENTATION (  '', ( #2009 ), #2409 ) ;
#4348 = CARTESIAN_POINT ( 'NONE',  ( -9.800000000000000711, 0.9999999999999974465, -17.00000000000001066 ) ) ;
#4349 = COLOUR_RGB ( '',0.8431372549019607865, 0.8156862745098039102, 0.7529411764705882248 ) ;
#4350 = EDGE_CURVE ( 'NONE', #1086, #455, #4769, .T. ) ;
#4351 = COLOUR_RGB ( '',0.8431372549019607865, 0.8156862745098039102, 0.7529411764705882248 ) ;
#4352 = ORIENTED_EDGE ( 'NONE', *, *, #2023, .T. ) ;
#4353 = ORIENTED_EDGE ( 'NONE', *, *, #2498, .F. ) ;
#4354 = DIRECTION ( 'NONE',  ( -0.000000000000000000, -1.000000000000000000, -0.000000000000000000 ) ) ;
#4355 = UNCERTAINTY_MEASURE_WITH_UNIT (LENGTH_MEASURE( 1.000000000000000082E-05 ), #4856, 'distance_accuracy_value', 'NONE');
#4356 = CARTESIAN_POINT ( 'NONE',  ( 5.080000000000000071, 2.000000000000000000, -15.49499999999999922 ) ) ;
#4357 = COLOUR_RGB ( '',0.8431372549019607865, 0.8156862745098039102, 0.7529411764705882248 ) ;
#4358 = EDGE_CURVE ( 'NONE', #1800, #447, #733, .T. ) ;
#4359 = SURFACE_SIDE_STYLE ('',( #1535 ) ) ;
#4360 = ORIENTED_EDGE ( 'NONE', *, *, #4726, .F. ) ;
#4361 = EDGE_LOOP ( 'NONE', ( #4, #2022, #1877, #3336 ) ) ;
#4362 = ORIENTED_EDGE ( 'NONE', *, *, #1474, .F. ) ;
#4363 =( LENGTH_UNIT ( ) NAMED_UNIT ( * ) SI_UNIT ( .MILLI., .METRE. ) );
#4364 = FACE_OUTER_BOUND ( 'NONE', #1193, .T. ) ;
#4365 = DIRECTION ( 'NONE',  ( 0.000000000000000000, 0.000000000000000000, -1.000000000000000000 ) ) ;
#4366 = ORIENTED_EDGE ( 'NONE', *, *, #2104, .T. ) ;
#4367 = MECHANICAL_DESIGN_GEOMETRIC_PRESENTATION_REPRESENTATION (  '', ( #3422 ), #116 ) ;
#4368 = AXIS2_PLACEMENT_3D ( 'NONE', #3395, #3006, #4306 ) ;
#4369 = CARTESIAN_POINT ( 'NONE',  ( 6.101063309670884394, 11.00099999999999945, -10.33113049121924476 ) ) ;
#4370 =( GEOMETRIC_REPRESENTATION_CONTEXT ( 3 ) GLOBAL_UNCERTAINTY_ASSIGNED_CONTEXT ( ( #3226 ) ) GLOBAL_UNIT_ASSIGNED_CONTEXT ( ( #1626, #3254, #4429 ) ) REPRESENTATION_CONTEXT ( 'NONE', 'WORKASPACE' ) );
#4371 = FILL_AREA_STYLE_COLOUR ( '', #3434 ) ;
#4372 = EDGE_LOOP ( 'NONE', ( #1579, #4280, #1737, #824 ) ) ;
#4373 = EDGE_CURVE ( 'NONE', #1560, #4922, #5149, .T. ) ;
#4374 = CARTESIAN_POINT ( 'NONE',  ( -12.00000000000000888, 0.9999999999999976685, -14.79999999999999183 ) ) ;
#4375 = SURFACE_STYLE_FILL_AREA ( #2045 ) ;
#4376 = ORIENTED_EDGE ( 'NONE', *, *, #532, .F. ) ;
#4377 = CARTESIAN_POINT ( 'NONE',  ( -2.540000000000000036, -2.000000000000000000, 15.24000000000000021 ) ) ;
#4378 = EDGE_CURVE ( 'NONE', #5050, #2376, #3916, .T. ) ;
#4379 = CARTESIAN_POINT ( 'NONE',  ( 2.155378366499345500E-16, 1.500000000000000000, 14.98499999999999766 ) ) ;
#4380 = DIRECTION ( 'NONE',  ( 1.000000000000000000, 0.000000000000000000, 0.000000000000000000 ) ) ;
#4381 = FACE_OUTER_BOUND ( 'NONE', #1970, .T. ) ;
#4382 = ORIENTED_EDGE ( 'NONE', *, *, #3520, .T. ) ;
#4383 = ORIENTED_EDGE ( 'NONE', *, *, #4941, .F. ) ;
#4384 =( GEOMETRIC_REPRESENTATION_CONTEXT ( 3 ) GLOBAL_UNCERTAINTY_ASSIGNED_CONTEXT ( ( #3503 ) ) GLOBAL_UNIT_ASSIGNED_CONTEXT ( ( #3169, #2848, #462 ) ) REPRESENTATION_CONTEXT ( 'NONE', 'WORKASPACE' ) );
#4385 = FILL_AREA_STYLE ('',( #3175 ) ) ;
#4386 = ORIENTED_EDGE ( 'NONE', *, *, #1052, .F. ) ;
#4387 = COLOUR_RGB ( '',0.8431372549019607865, 0.8156862745098039102, 0.7529411764705882248 ) ;
#4388 = FILL_AREA_STYLE_COLOUR ( '', #2402 ) ;
#4389 = AXIS2_PLACEMENT_3D ( 'NONE', #4866, #2467, #3284 ) ;
#4390 =( LENGTH_UNIT ( ) NAMED_UNIT ( * ) SI_UNIT ( .MILLI., .METRE. ) );
#4391 =( NAMED_UNIT ( * ) SI_UNIT ( $, .STERADIAN. ) SOLID_ANGLE_UNIT ( ) );
#4392 = ORIENTED_EDGE ( 'NONE', *, *, #2386, .F. ) ;
#4393 = VECTOR ( 'NONE', #2120, 999.9999999999998863 ) ;
#4394 = VECTOR ( 'NONE', #1208, 1000.000000000000000 ) ;
#4395 = FILL_AREA_STYLE_COLOUR ( '', #2398 ) ;
#4396 = EDGE_CURVE ( 'NONE', #5119, #2785, #3855, .T. ) ;
#4397 = CARTESIAN_POINT ( 'NONE',  ( -3.042464078436862174, 11.00000000000000000, -10.15315949593975020 ) ) ;
#4398 = ORIENTED_EDGE ( 'NONE', *, *, #1052, .T. ) ;
#4399 = CARTESIAN_POINT ( 'NONE',  ( -8.077597235833382072, 11.00099999999999945, 11.78350168344155513 ) ) ;
#4400 = UNCERTAINTY_MEASURE_WITH_UNIT (LENGTH_MEASURE( 1.000000000000000082E-05 ), #2461, 'distance_accuracy_value', 'NONE');
#4401 = ORIENTED_EDGE ( 'NONE', *, *, #241, .T. ) ;
#4402 = CARTESIAN_POINT ( 'NONE',  ( 7.422365595631833735, 11.00099999999999945, 10.31107004366151259 ) ) ;
#4403 = FILL_AREA_STYLE_COLOUR ( '', #5076 ) ;
#4404 = DIRECTION ( 'NONE',  ( -1.000000000000000000, 1.543119997218447926E-32, 0.000000000000000000 ) ) ;
#4405 = VERTEX_POINT ( 'NONE', #3537 ) ;
#4406 = LINE ( 'NONE', #442, #332 ) ;
#4407 = DIRECTION ( 'NONE',  ( 0.000000000000000000, -1.000000000000000000, 0.000000000000000000 ) ) ;
#4408 = DIRECTION ( 'NONE',  ( 0.000000000000000000, -1.000000000000000000, 0.000000000000000000 ) ) ;
#4409 = ORIENTED_EDGE ( 'NONE', *, *, #4750, .T. ) ;
#4410 = CARTESIAN_POINT ( 'NONE',  ( 11.99999999999999467, 3.673940397442057600E-15, -14.99999999999999645 ) ) ;
#4411 = DIRECTION ( 'NONE',  ( 0.000000000000000000, 0.000000000000000000, -1.000000000000000000 ) ) ;
#4412 =( NAMED_UNIT ( * ) SI_UNIT ( $, .STERADIAN. ) SOLID_ANGLE_UNIT ( ) );
#4413 = PRESENTATION_STYLE_ASSIGNMENT (( #734 ) ) ;
#4414 = VERTEX_POINT ( 'NONE', #680 ) ;
#4415 = MECHANICAL_DESIGN_GEOMETRIC_PRESENTATION_REPRESENTATION (  '', ( #4901 ), #986 ) ;
#4416 = STYLED_ITEM ( 'NONE', ( #1358 ), #1814 ) ;
#4417 =( GEOMETRIC_REPRESENTATION_CONTEXT ( 3 ) GLOBAL_UNCERTAINTY_ASSIGNED_CONTEXT ( ( #1068 ) ) GLOBAL_UNIT_ASSIGNED_CONTEXT ( ( #2343, #5073, #1499 ) ) REPRESENTATION_CONTEXT ( 'NONE', 'WORKASPACE' ) );
#4418 = FACE_OUTER_BOUND ( 'NONE', #2281, .T. ) ;
#4419 = CARTESIAN_POINT ( 'NONE',  ( 8.491459290613962096, 11.00099999999999945, -10.33113049121727833 ) ) ;
#4420 = EDGE_CURVE ( 'NONE', #3877, #2345, #2256, .T. ) ;
#4421 = DIRECTION ( 'NONE',  ( 0.1391731009584540324, 0.000000000000000000, -0.9902680687417967365 ) ) ;
#4422 = EDGE_CURVE ( 'NONE', #3, #1560, #5051, .T. ) ;
#4423 =( GEOMETRIC_REPRESENTATION_CONTEXT ( 3 ) GLOBAL_UNCERTAINTY_ASSIGNED_CONTEXT ( ( #225 ) ) GLOBAL_UNIT_ASSIGNED_CONTEXT ( ( #3591, #3996, #809 ) ) REPRESENTATION_CONTEXT ( 'NONE', 'WORKASPACE' ) );
#4424 = AXIS2_PLACEMENT_3D ( 'NONE', #3008, #4178, #571 ) ;
#4425 = ADVANCED_FACE ( 'NONE', ( #3567 ), #1594, .F. ) ;
#4426 =( GEOMETRIC_REPRESENTATION_CONTEXT ( 3 ) GLOBAL_UNCERTAINTY_ASSIGNED_CONTEXT ( ( #3981 ) ) GLOBAL_UNIT_ASSIGNED_CONTEXT ( ( #1317, #1639, #444 ) ) REPRESENTATION_CONTEXT ( 'NONE', 'WORKASPACE' ) );
#4427 = EDGE_CURVE ( 'NONE', #1590, #643, #1646, .T. ) ;
#4428 = LINE ( 'NONE', #2791, #3896 ) ;
#4429 =( NAMED_UNIT ( * ) SI_UNIT ( $, .STERADIAN. ) SOLID_ANGLE_UNIT ( ) );
#4430 = PRESENTATION_LAYER_ASSIGNMENT (  '', '', ( #2829 ) ) ;
#4431 = VECTOR ( 'NONE', #4140, 1000.000000000000000 ) ;
#4432 = VERTEX_POINT ( 'NONE', #4068 ) ;
#4433 = SURFACE_STYLE_USAGE ( .BOTH. , #1658 ) ;
#4434 = AXIS2_PLACEMENT_3D ( 'NONE', #3266, #1673, #4517 ) ;
#4435 = LINE ( 'NONE', #4014, #2883 ) ;
#4436 = AXIS2_PLACEMENT_3D ( 'NONE', #2702, #5097, #2232 ) ;
#4437 = VERTEX_POINT ( 'NONE', #1301 ) ;
#4438 = DIRECTION ( 'NONE',  ( -0.7485826788247709196, 0.000000000000000000, 0.6630414564441126091 ) ) ;
#4439 = AXIS2_PLACEMENT_3D ( 'NONE', #2628, #617, #4247 ) ;
#4440 = ADVANCED_FACE ( 'NONE', ( #2835 ), #2051, .F. ) ;
#4441 = SURFACE_STYLE_USAGE ( .BOTH. , #1664 ) ;
#4442 = DIRECTION ( 'NONE',  ( -0.7547095802225828320, 0.000000000000000000, 0.6560590289907248795 ) ) ;
#4443 = ORIENTED_EDGE ( 'NONE', *, *, #107, .T. ) ;
#4444 = DIRECTION ( 'NONE',  ( -0.000000000000000000, -1.000000000000000000, -0.000000000000000000 ) ) ;
#4445 = SURFACE_SIDE_STYLE ('',( #4466 ) ) ;
#4446 = CARTESIAN_POINT ( 'NONE',  ( -6.279034304946791600, 11.00000000000000000, 10.48583831713804670 ) ) ;
#4447 = ORIENTED_EDGE ( 'NONE', *, *, #1264, .T. ) ;
#4448 =( NAMED_UNIT ( * ) PLANE_ANGLE_UNIT ( ) SI_UNIT ( $, .RADIAN. ) );
#4449 = FILL_AREA_STYLE ('',( #1652 ) ) ;
#4450 = SURFACE_SIDE_STYLE ('',( #1156 ) ) ;
#4451 = DIRECTION ( 'NONE',  ( 0.000000000000000000, -1.000000000000000000, 0.000000000000000000 ) ) ;
#4452 = SURFACE_SIDE_STYLE ('',( #2418 ) ) ;
#4453 = UNCERTAINTY_MEASURE_WITH_UNIT (LENGTH_MEASURE( 1.000000000000000082E-05 ), #3042, 'distance_accuracy_value', 'NONE');
#4454 =( GEOMETRIC_REPRESENTATION_CONTEXT ( 3 ) GLOBAL_UNCERTAINTY_ASSIGNED_CONTEXT ( ( #3650 ) ) GLOBAL_UNIT_ASSIGNED_CONTEXT ( ( #1871, #1015, #677 ) ) REPRESENTATION_CONTEXT ( 'NONE', 'WORKASPACE' ) );
#4455 = ORIENTED_EDGE ( 'NONE', *, *, #2861, .T. ) ;
#4456 = PLANE ( 'NONE',  #1533 ) ;
#4457 = ORIENTED_EDGE ( 'NONE', *, *, #2464, .F. ) ;
#4458 = VECTOR ( 'NONE', #4507, 1000.000000000000000 ) ;
#4459 = DIRECTION ( 'NONE',  ( -0.6560590289852873402, 0.000000000000000000, -0.7547095802273096066 ) ) ;
#4460 = CARTESIAN_POINT ( 'NONE',  ( -6.433742130864334996, 11.00099999999999945, 12.69826330279933835 ) ) ;
#4461 =( LENGTH_UNIT ( ) NAMED_UNIT ( * ) SI_UNIT ( .MILLI., .METRE. ) );
#4462 = ADVANCED_FACE ( 'NONE', ( #4046 ), #2011, .F. ) ;
#4463 = DIRECTION ( 'NONE',  ( 1.000000000000000000, 0.000000000000000000, -0.000000000000000000 ) ) ;
#4464 = EDGE_LOOP ( 'NONE', ( #3209, #473, #1176, #791, #4018, #493 ) ) ;
#4465 = CARTESIAN_POINT ( 'NONE',  ( 5.877292712060164348, 11.00099999999999945, -0.1250308409102711682 ) ) ;
#4466 = SURFACE_STYLE_FILL_AREA ( #2031 ) ;
#4467 = SURFACE_STYLE_USAGE ( .BOTH. , #911 ) ;
#4468 = ORIENTED_EDGE ( 'NONE', *, *, #1104, .T. ) ;
#4469 = AXIS2_PLACEMENT_3D ( 'NONE', #2400, #2748, #4062 ) ;
#4470 = FACE_OUTER_BOUND ( 'NONE', #2448, .T. ) ;
#4471 =( LENGTH_UNIT ( ) NAMED_UNIT ( * ) SI_UNIT ( .MILLI., .METRE. ) );
#4472 = MECHANICAL_DESIGN_GEOMETRIC_PRESENTATION_REPRESENTATION (  '', ( #1548 ), #3707 ) ;
#4473 =( NAMED_UNIT ( * ) SI_UNIT ( $, .STERADIAN. ) SOLID_ANGLE_UNIT ( ) );
#4474 = FILL_AREA_STYLE_COLOUR ( '', #1045 ) ;
#4475 = AXIS2_PLACEMENT_3D ( 'NONE', #4588, #2665, #4224 ) ;
#4476 = DIRECTION ( 'NONE',  ( 0.000000000000000000, -1.000000000000000000, 0.000000000000000000 ) ) ;
#4477 = LINE ( 'NONE', #4809, #2958 ) ;
#4478 = VECTOR ( 'NONE', #5125, 1000.000000000000000 ) ;
#4479 = CARTESIAN_POINT ( 'NONE',  ( 2.540000000000000036, 2.000000000000000000, -14.98499999999999766 ) ) ;
#4480 = CIRCLE ( 'NONE', #2208, 2.217827502000080830 ) ;
#4481 = ORIENTED_EDGE ( 'NONE', *, *, #2177, .F. ) ;
#4482 =( LENGTH_UNIT ( ) NAMED_UNIT ( * ) SI_UNIT ( .MILLI., .METRE. ) );
#4483 = DIRECTION ( 'NONE',  ( 0.000000000000000000, -1.000000000000000000, 0.000000000000000000 ) ) ;
#4484 = ORIENTED_EDGE ( 'NONE', *, *, #555, .T. ) ;
#4485 = ADVANCED_FACE ( 'NONE', ( #522 ), #2108, .T. ) ;
#4486 = AXIS2_PLACEMENT_3D ( 'NONE', #3232, #2824, #2799 ) ;
#4487 = DIRECTION ( 'NONE',  ( -0.6560590289867459513, 0.000000000000000000, -0.7547095802260416209 ) ) ;
#4488 = EDGE_CURVE ( 'NONE', #3465, #459, #962, .T. ) ;
#4489 = EDGE_LOOP ( 'NONE', ( #870, #389, #4273, #412, #2148, #3965 ) ) ;
#4490 = LINE ( 'NONE', #1981, #5089 ) ;
#4491 = CIRCLE ( 'NONE', #4727, 0.2550000000000017808 ) ;
#4492 = FILL_AREA_STYLE_COLOUR ( '', #4219 ) ;
#4493 = LINE ( 'NONE', #1760, #5005 ) ;
#4494 = VERTEX_POINT ( 'NONE', #1819 ) ;
#4495 = SURFACE_SIDE_STYLE ('',( #1738 ) ) ;
#4496 = FACE_BOUND ( 'NONE', #4559, .T. ) ;
#4497 =( NAMED_UNIT ( * ) PLANE_ANGLE_UNIT ( ) SI_UNIT ( $, .RADIAN. ) );
#4498 = CARTESIAN_POINT ( 'NONE',  ( -8.077597235833382072, 11.00000000000000000, 11.78350168344155513 ) ) ;
#4499 = EDGE_CURVE ( 'NONE', #1152, #1461, #3130, .T. ) ;
#4500 = CARTESIAN_POINT ( 'NONE',  ( 7.422365595631833735, 11.00000000000000000, 11.51469689700721410 ) ) ;
#4501 = EDGE_CURVE ( 'NONE', #900, #2473, #1766, .T. ) ;
#4502 = VECTOR ( 'NONE', #4808, 1000.000000000000000 ) ;
#4503 = UNCERTAINTY_MEASURE_WITH_UNIT (LENGTH_MEASURE( 1.000000000000000082E-05 ), #3437, 'distance_accuracy_value', 'NONE');
#4504 = VECTOR ( 'NONE', #3554, 1000.000000000000000 ) ;
#4505 = CIRCLE ( 'NONE', #753, 0.2550000000000000044 ) ;
#4506 = SURFACE_SIDE_STYLE ('',( #3727 ) ) ;
#4507 = DIRECTION ( 'NONE',  ( 0.000000000000000000, -0.000000000000000000, -1.000000000000000000 ) ) ;
#4508 = ORIENTED_EDGE ( 'NONE', *, *, #3945, .T. ) ;
#4509 = VECTOR ( 'NONE', #1541, 1000.000000000000000 ) ;
#4510 = MECHANICAL_DESIGN_GEOMETRIC_PRESENTATION_REPRESENTATION (  '', ( #2903 ), #5133 ) ;
#4511 = CIRCLE ( 'NONE', #2240, 0.2550000000000000044 ) ;
#4512 = FILL_AREA_STYLE_COLOUR ( '', #1292 ) ;
#4513 = PRESENTATION_LAYER_ASSIGNMENT (  '', '', ( #4834 ) ) ;
#4514 = SURFACE_STYLE_USAGE ( .BOTH. , #2804 ) ;
#4515 = STYLED_ITEM ( 'NONE', ( #4413 ), #2312 ) ;
#4516 = VECTOR ( 'NONE', #1987, 1000.000000000000000 ) ;
#4517 = DIRECTION ( 'NONE',  ( 0.000000000000000000, -0.000000000000000000, -1.000000000000000000 ) ) ;
#4518 = EDGE_LOOP ( 'NONE', ( #3838, #1929, #1063, #4652 ) ) ;
#4519 = PRESENTATION_STYLE_ASSIGNMENT (( #1762 ) ) ;
#4520 = FACE_BOUND ( 'NONE', #2043, .T. ) ;
#4521 = DIRECTION ( 'NONE',  ( 0.000000000000000000, 1.000000000000000000, 0.000000000000000000 ) ) ;
#4522 = DIRECTION ( 'NONE',  ( 0.000000000000000000, -1.000000000000000000, 0.000000000000000000 ) ) ;
#4523 = LINE ( 'NONE', #2134, #353 ) ;
#4524 = SURFACE_SIDE_STYLE ('',( #2914 ) ) ;
#4525 = CARTESIAN_POINT ( 'NONE',  ( 6.873174177366998983, 11.00099999999999945, 1.183566405789941101 ) ) ;
#4526 = ORIENTED_EDGE ( 'NONE', *, *, #2784, .T. ) ;
#4527 = FILL_AREA_STYLE_COLOUR ( '', #1069 ) ;
#4528 = DIRECTION ( 'NONE',  ( 0.000000000000000000, 0.000000000000000000, 1.000000000000000000 ) ) ;
#4529 =( LENGTH_UNIT ( ) NAMED_UNIT ( * ) SI_UNIT ( .MILLI., .METRE. ) );
#4530 = MECHANICAL_DESIGN_GEOMETRIC_PRESENTATION_REPRESENTATION (  '', ( #2773 ), #3104 ) ;
#4531 = SURFACE_STYLE_FILL_AREA ( #1693 ) ;
#4532 = EDGE_CURVE ( 'NONE', #1980, #338, #4480, .T. ) ;
#4533 = ORIENTED_EDGE ( 'NONE', *, *, #1025, .F. ) ;
#4534 = CARTESIAN_POINT ( 'NONE',  ( -6.058508073491418067, 11.00099999999999945, 10.02833425215082386 ) ) ;
#4535 = CARTESIAN_POINT ( 'NONE',  ( -4.482778196424058947, 11.00000000000000000, -1.183566405789941101 ) ) ;
#4536 = EDGE_LOOP ( 'NONE', ( #3072, #2321, #402, #2493 ) ) ;
#4537 = DIRECTION ( 'NONE',  ( -0.000000000000000000, -1.000000000000000000, -0.000000000000000000 ) ) ;
#4538 = DIRECTION ( 'NONE',  ( -0.000000000000000000, 1.000000000000000000, 0.000000000000000000 ) ) ;
#4539 = CARTESIAN_POINT ( 'NONE',  ( -12.00000000000000888, 0.9999999999999976685, -14.79999999999999183 ) ) ;
#4540 = DIRECTION ( 'NONE',  ( 0.000000000000000000, 1.000000000000000000, 0.000000000000000000 ) ) ;
#4541 = LINE ( 'NONE', #2159, #671 ) ;
#4542 = CARTESIAN_POINT ( 'NONE',  ( -6.873174177369323345, 11.00099999999999945, -1.183566405792056742 ) ) ;
#4543 = VECTOR ( 'NONE', #1662, 999.9999999999998863 ) ;
#4544 = FACE_OUTER_BOUND ( 'NONE', #2441, .T. ) ;
#4545 = AXIS2_PLACEMENT_3D ( 'NONE', #655, #3834, #1853 ) ;
#4546 = MECHANICAL_DESIGN_GEOMETRIC_PRESENTATION_REPRESENTATION (  '', ( #4052 ), #2125 ) ;
#4547 = SURFACE_STYLE_USAGE ( .BOTH. , #2163 ) ;
#4548 = FACE_OUTER_BOUND ( 'NONE', #1894, .T. ) ;
#4549 = ORIENTED_EDGE ( 'NONE', *, *, #4038, .T. ) ;
#4550 = AXIS2_PLACEMENT_3D ( 'NONE', #2808, #3638, #2378 ) ;
#4551 = UNCERTAINTY_MEASURE_WITH_UNIT (LENGTH_MEASURE( 1.000000000000000082E-05 ), #4890, 'distance_accuracy_value', 'NONE');
#4552 = PLANE ( 'NONE',  #4704 ) ;
#4553 = LINE ( 'NONE', #4649, #4662 ) ;
#4554 = ORIENTED_EDGE ( 'NONE', *, *, #3427, .T. ) ;
#4555 = VERTEX_POINT ( 'NONE', #1021 ) ;
#4556 = UNCERTAINTY_MEASURE_WITH_UNIT (LENGTH_MEASURE( 1.000000000000000082E-05 ), #3733, 'distance_accuracy_value', 'NONE');
#4557 =( NAMED_UNIT ( * ) PLANE_ANGLE_UNIT ( ) SI_UNIT ( $, .RADIAN. ) );
#4558 = CYLINDRICAL_SURFACE ( 'NONE', #1683, 0.5000000000000004441 ) ;
#4559 = EDGE_LOOP ( 'NONE', ( #4360, #691 ) ) ;
#4560 = ADVANCED_FACE ( 'NONE', ( #2611 ), #1850, .F. ) ;
#4561 = AXIS2_PLACEMENT_3D ( 'NONE', #1705, #4880, #1310 ) ;
#4562 = FACE_BOUND ( 'NONE', #2955, .T. ) ;
#4563 = SURFACE_STYLE_USAGE ( .BOTH. , #1060 ) ;
#4564 = DIRECTION ( 'NONE',  ( -1.000000000000000000, 0.000000000000000000, 0.000000000000000000 ) ) ;
#4565 =( NAMED_UNIT ( * ) SI_UNIT ( $, .STERADIAN. ) SOLID_ANGLE_UNIT ( ) );
#4566 = ORIENTED_EDGE ( 'NONE', *, *, #3025, .F. ) ;
#4567 = FILL_AREA_STYLE ('',( #3777 ) ) ;
#4568 = DIRECTION ( 'NONE',  ( 0.000000000000000000, 0.000000000000000000, -1.000000000000000000 ) ) ;
#4569 = EDGE_CURVE ( 'NONE', #843, #3492, #993, .T. ) ;
#4570 = EDGE_CURVE ( 'NONE', #230, #2963, #2584, .T. ) ;
#4571 = FILL_AREA_STYLE_COLOUR ( '', #3386 ) ;
#4572 = SURFACE_STYLE_FILL_AREA ( #1828 ) ;
#4573 = EDGE_LOOP ( 'NONE', ( #5134, #4025 ) ) ;
#4574 = MECHANICAL_DESIGN_GEOMETRIC_PRESENTATION_REPRESENTATION (  '', ( #3730 ), #749 ) ;
#4575 = PRESENTATION_LAYER_ASSIGNMENT (  '', '', ( #3479 ) ) ;
#4576 = DIRECTION ( 'NONE',  ( -0.000000000000000000, 1.000000000000000000, 0.000000000000000000 ) ) ;
#4577 =( LENGTH_UNIT ( ) NAMED_UNIT ( * ) SI_UNIT ( .MILLI., .METRE. ) );
#4578 = VECTOR ( 'NONE', #4256, 1000.000000000000114 ) ;
#4579 = AXIS2_PLACEMENT_3D ( 'NONE', #4534, #185, #521 ) ;
#4580 = ORIENTED_EDGE ( 'NONE', *, *, #5115, .T. ) ;
#4581 = MECHANICAL_DESIGN_GEOMETRIC_PRESENTATION_REPRESENTATION (  '', ( #2740 ), #1921 ) ;
#4582 = SURFACE_STYLE_USAGE ( .BOTH. , #2543 ) ;
#4583 = EDGE_CURVE ( 'NONE', #203, #4120, #5007, .T. ) ;
#4584 = VECTOR ( 'NONE', #4999, 1000.000000000000114 ) ;
#4585 = DIRECTION ( 'NONE',  ( 0.000000000000000000, -1.000000000000000000, 0.000000000000000000 ) ) ;
#4586 = VERTEX_POINT ( 'NONE', #209 ) ;
#4587 = CIRCLE ( 'NONE', #1932, 0.2550000000000017808 ) ;
#4588 = CARTESIAN_POINT ( 'NONE',  ( -4.732453708476182186, 11.00099999999999945, -12.06448419708566533 ) ) ;
#4589 = PLANE ( 'NONE',  #3519 ) ;
#4590 = VECTOR ( 'NONE', #4854, 1000.000000000000000 ) ;
#4591 = CARTESIAN_POINT ( 'NONE',  ( -6.101063309671211243, 11.00000000000000000, 10.33113049121951121 ) ) ;
#4592 = CIRCLE ( 'NONE', #1420, 0.2550000000000000044 ) ;
#4593 = EDGE_CURVE ( 'NONE', #3117, #3586, #1795, .T. ) ;
#4594 = DIRECTION ( 'NONE',  ( 1.172110456741086568E-16, -1.245367360287404355E-16, 1.000000000000000000 ) ) ;
#4595 = LINE ( 'NONE', #2637, #2313 ) ;
#4596 = ORIENTED_EDGE ( 'NONE', *, *, #1097, .T. ) ;
#4597 = FACE_BOUND ( 'NONE', #1810, .T. ) ;
#4598 = EDGE_CURVE ( 'NONE', #1820, #5113, #2230, .T. ) ;
#4599 = MECHANICAL_DESIGN_GEOMETRIC_PRESENTATION_REPRESENTATION (  '', ( #441 ), #3756 ) ;
#4600 = CARTESIAN_POINT ( 'NONE',  ( -2.540000000000000036, 2.000000000000000000, 15.49500000000000099 ) ) ;
#4601 = CARTESIAN_POINT ( 'NONE',  ( 6.873174177366998983, 11.00000000000000000, 1.183566405789941101 ) ) ;
#4602 = LINE ( 'NONE', #3412, #3122 ) ;
#4603 = DIRECTION ( 'NONE',  ( 0.000000000000000000, -1.000000000000000000, 0.000000000000000000 ) ) ;
#4604 =( NAMED_UNIT ( * ) PLANE_ANGLE_UNIT ( ) SI_UNIT ( $, .RADIAN. ) );
#4605 = VECTOR ( 'NONE', #3526, 1000.000000000000000 ) ;
#4606 = ORIENTED_EDGE ( 'NONE', *, *, #4791, .T. ) ;
#4607 = CYLINDRICAL_SURFACE ( 'NONE', #364, 2.551318690961786206 ) ;
#4608 = COLOUR_RGB ( '',0.8431372549019607865, 0.8156862745098039102, 0.7529411764705882248 ) ;
#4609 = EDGE_CURVE ( 'NONE', #3586, #5162, #4976, .T. ) ;
#4610 = DIRECTION ( 'NONE',  ( 0.000000000000000000, -0.000000000000000000, 1.000000000000000000 ) ) ;
#4611 = PLANE ( 'NONE',  #431 ) ;
#4612 = EDGE_LOOP ( 'NONE', ( #4992, #4766, #2805, #2944 ) ) ;
#4613 = SURFACE_SIDE_STYLE ('',( #263 ) ) ;
#4614 = CARTESIAN_POINT ( 'NONE',  ( 11.00000000000001066, 1.500000000000000000, 15.99999999999998934 ) ) ;
#4615 = CARTESIAN_POINT ( 'NONE',  ( 2.540000000000000036, 1.500000000000000000, 15.24000000000000021 ) ) ;
#4616 = CARTESIAN_POINT ( 'NONE',  ( 6.279034304941422562, 11.00000000000000000, -10.48583831713368753 ) ) ;
#4617 = ORIENTED_EDGE ( 'NONE', *, *, #2532, .F. ) ;
#4618 = FACE_BOUND ( 'NONE', #3957, .T. ) ;
#4619 = PRESENTATION_STYLE_ASSIGNMENT (( #4185 ) ) ;
#4620 = DIRECTION ( 'NONE',  ( 0.000000000000000000, -0.000000000000000000, 1.000000000000000000 ) ) ;
#4621 = FILL_AREA_STYLE_COLOUR ( '', #4241 ) ;
#4622 =( NAMED_UNIT ( * ) PLANE_ANGLE_UNIT ( ) SI_UNIT ( $, .RADIAN. ) );
#4623 = CIRCLE ( 'NONE', #2787, 0.2550000000000017808 ) ;
#4624 = ORIENTED_EDGE ( 'NONE', *, *, #2365, .F. ) ;
#4625 = FACE_OUTER_BOUND ( 'NONE', #2685, .T. ) ;
#4626 = STYLED_ITEM ( 'NONE', ( #2997 ), #4195 ) ;
#4627 = ORIENTED_EDGE ( 'NONE', *, *, #2035, .T. ) ;
#4628 =( GEOMETRIC_REPRESENTATION_CONTEXT ( 3 ) GLOBAL_UNCERTAINTY_ASSIGNED_CONTEXT ( ( #3061 ) ) GLOBAL_UNIT_ASSIGNED_CONTEXT ( ( #3691, #2447, #76 ) ) REPRESENTATION_CONTEXT ( 'NONE', 'WORKASPACE' ) );
#4629 = FILL_AREA_STYLE ('',( #3900 ) ) ;
#4630 = FACE_OUTER_BOUND ( 'NONE', #1783, .T. ) ;
#4631 = ORIENTED_EDGE ( 'NONE', *, *, #4358, .F. ) ;
#4632 = PRESENTATION_LAYER_ASSIGNMENT (  '', '', ( #3358 ) ) ;
#4633 = EDGE_CURVE ( 'NONE', #1039, #2800, #2983, .T. ) ;
#4634 = ORIENTED_EDGE ( 'NONE', *, *, #1983, .T. ) ;
#4635 = LINE ( 'NONE', #4301, #3780 ) ;
#4636 = SURFACE_STYLE_USAGE ( .BOTH. , #672 ) ;
#4637 = EDGE_CURVE ( 'NONE', #170, #654, #4595, .T. ) ;
#4638 = ORIENTED_EDGE ( 'NONE', *, *, #3237, .T. ) ;
#4639 = FILL_AREA_STYLE ('',( #2226 ) ) ;
#4640 = UNCERTAINTY_MEASURE_WITH_UNIT (LENGTH_MEASURE( 1.000000000000000082E-05 ), #310, 'distance_accuracy_value', 'NONE');
#4641 =( NAMED_UNIT ( * ) PLANE_ANGLE_UNIT ( ) SI_UNIT ( $, .RADIAN. ) );
#4642 = SURFACE_STYLE_USAGE ( .BOTH. , #2668 ) ;
#4643 = ORIENTED_EDGE ( 'NONE', *, *, #1949, .T. ) ;
#4644 =( LENGTH_UNIT ( ) NAMED_UNIT ( * ) SI_UNIT ( .MILLI., .METRE. ) );
#4645 = SURFACE_SIDE_STYLE ('',( #1459 ) ) ;
#4646 = EDGE_CURVE ( 'NONE', #156, #5050, #2827, .T. ) ;
#4647 = ORIENTED_EDGE ( 'NONE', *, *, #4145, .F. ) ;
#4648 = EDGE_LOOP ( 'NONE', ( #2550, #3556, #111, #3629, #305, #2538 ) ) ;
#4649 = CARTESIAN_POINT ( 'NONE',  ( 11.99999999999999467, 0.000000000000000000, -17.00000000000001066 ) ) ;
#4650 =( NAMED_UNIT ( * ) SI_UNIT ( $, .STERADIAN. ) SOLID_ANGLE_UNIT ( ) );
#4651 = CARTESIAN_POINT ( 'NONE',  ( -2.540000000000000036, -2.000000000000000000, 15.24000000000000021 ) ) ;
#4652 = ORIENTED_EDGE ( 'NONE', *, *, #674, .T. ) ;
#4653 = PRESENTATION_LAYER_ASSIGNMENT (  '', '', ( #4902 ) ) ;
#4654 = DIRECTION ( 'NONE',  ( 0.000000000000000000, -1.245367360287404601E-16, 1.000000000000000000 ) ) ;
#4655 = ORIENTED_EDGE ( 'NONE', *, *, #3868, .F. ) ;
#4656 = SURFACE_STYLE_USAGE ( .BOTH. , #1118 ) ;
#4657 = AXIS2_PLACEMENT_3D ( 'NONE', #572, #1743, #1704 ) ;
#4658 = PRESENTATION_LAYER_ASSIGNMENT (  '', '', ( #4738 ) ) ;
#4659 = AXIS2_PLACEMENT_3D ( 'NONE', #3644, #86, #3251 ) ;
#4660 = FILL_AREA_STYLE ('',( #308 ) ) ;
#4661 = FILL_AREA_STYLE ('',( #3086 ) ) ;
#4662 = VECTOR ( 'NONE', #2622, 1000.000000000000000 ) ;
#4663 = VERTEX_POINT ( 'NONE', #4744 ) ;
#4664 = AXIS2_PLACEMENT_3D ( 'NONE', #1183, #1942, #1961 ) ;
#4665 =( LENGTH_UNIT ( ) NAMED_UNIT ( * ) SI_UNIT ( .MILLI., .METRE. ) );
#4666 = PRESENTATION_LAYER_ASSIGNMENT (  '', '', ( #1745 ) ) ;
#4667 = CARTESIAN_POINT ( 'NONE',  ( 2.467663300281921972E-16, 2.000000000000000000, 15.49500000000000099 ) ) ;
#4668 = DIRECTION ( 'NONE',  ( 0.6630414564482943751, 0.000000000000000000, 0.7485826788210668825 ) ) ;
#4669 = CYLINDRICAL_SURFACE ( 'NONE', #4086, 2.217827502000080830 ) ;
#4670 =( GEOMETRIC_REPRESENTATION_CONTEXT ( 3 ) GLOBAL_UNCERTAINTY_ASSIGNED_CONTEXT ( ( #4288 ) ) GLOBAL_UNIT_ASSIGNED_CONTEXT ( ( #3012, #3829, #3856 ) ) REPRESENTATION_CONTEXT ( 'NONE', 'WORKASPACE' ) );
#4671 = ORIENTED_EDGE ( 'NONE', *, *, #3269, .T. ) ;
#4672 = CIRCLE ( 'NONE', #2985, 0.2550000000000017808 ) ;
#4673 = AXIS2_PLACEMENT_3D ( 'NONE', #3368, #4184, #2044 ) ;
#4674 = SURFACE_STYLE_FILL_AREA ( #2643 ) ;
#4675 = VECTOR ( 'NONE', #5054, 1000.000000000000000 ) ;
#4676 = DIRECTION ( 'NONE',  ( 0.000000000000000000, 1.000000000000000000, 0.000000000000000000 ) ) ;
#4677 =( NAMED_UNIT ( * ) PLANE_ANGLE_UNIT ( ) SI_UNIT ( $, .RADIAN. ) );
#4678 = EDGE_CURVE ( 'NONE', #2376, #2206, #5081, .T. ) ;
#4679 = ORIENTED_EDGE ( 'NONE', *, *, #1473, .T. ) ;
#4680 = SURFACE_STYLE_USAGE ( .BOTH. , #326 ) ;
#4681 = AXIS2_PLACEMENT_3D ( 'NONE', #5023, #3444, #4654 ) ;
#4682 = DIRECTION ( 'NONE',  ( -0.6630414564441124980, 0.000000000000000000, -0.7485826788247708086 ) ) ;
#4683 = ORIENTED_EDGE ( 'NONE', *, *, #1707, .T. ) ;
#4684 = DIRECTION ( 'NONE',  ( -0.7227044467971023289, 0.000000000000000000, 0.6911572054024281986 ) ) ;
#4685 = DIRECTION ( 'NONE',  ( 0.6911572053963690454, -0.000000000000000000, 0.7227044468028970270 ) ) ;
#4686 = ORIENTED_EDGE ( 'NONE', *, *, #2001, .F. ) ;
#4687 = PLANE ( 'NONE',  #3161 ) ;
#4688 = CARTESIAN_POINT ( 'NONE',  ( -5.844315597492135694, 11.00099999999999945, 0.000000000000000000 ) ) ;
#4689 = EDGE_LOOP ( 'NONE', ( #1973, #3858, #981, #2269 ) ) ;
#4690 = ADVANCED_FACE ( 'NONE', ( #4312 ), #3149, .T. ) ;
#4691 = CARTESIAN_POINT ( 'NONE',  ( -3.233869851431873332, 11.00099999999999945, -10.07001102975548079 ) ) ;
#4692 = CARTESIAN_POINT ( 'NONE',  ( -12.00000000000000533, 11.00000000000000000, -17.00000000000001066 ) ) ;
#4693 = UNCERTAINTY_MEASURE_WITH_UNIT (LENGTH_MEASURE( 1.000000000000000082E-05 ), #1797, 'distance_accuracy_value', 'NONE');
#4694 = SURFACE_STYLE_USAGE ( .BOTH. , #3455 ) ;
#4695 = SURFACE_STYLE_FILL_AREA ( #3125 ) ;
#4696 = ORIENTED_EDGE ( 'NONE', *, *, #4145, .T. ) ;
#4697 = FACE_BOUND ( 'NONE', #3462, .T. ) ;
#4698 = VECTOR ( 'NONE', #1659, 1000.000000000000000 ) ;
#4699 = PRESENTATION_STYLE_ASSIGNMENT (( #4315 ) ) ;
#4700 = DIRECTION ( 'NONE',  ( 0.000000000000000000, 0.000000000000000000, 1.000000000000000000 ) ) ;
#4701 = DIRECTION ( 'NONE',  ( 1.000000000000000000, 0.000000000000000000, 0.000000000000000000 ) ) ;
#4702 = UNCERTAINTY_MEASURE_WITH_UNIT (LENGTH_MEASURE( 1.000000000000000082E-05 ), #4001, 'distance_accuracy_value', 'NONE');
#4703 = LINE ( 'NONE', #2681, #798 ) ;
#4704 = AXIS2_PLACEMENT_3D ( 'NONE', #2512, #3785, #1000 ) ;
#4705 = ORIENTED_EDGE ( 'NONE', *, *, #2026, .F. ) ;
#4706 =( NAMED_UNIT ( * ) SI_UNIT ( $, .STERADIAN. ) SOLID_ANGLE_UNIT ( ) );
#4707 = CARTESIAN_POINT ( 'NONE',  ( -4.440222960222809157, 11.00099999999999945, -1.486362644859045679 ) ) ;
#4708 = DIRECTION ( 'NONE',  ( 0.6231457663328832108, 0.000000000000000000, 0.7821057178549482014 ) ) ;
#4709 = COLOUR_RGB ( '',0.8431372549019607865, 0.8156862745098039102, 0.7529411764705882248 ) ;
#4710 = ORIENTED_EDGE ( 'NONE', *, *, #2170, .T. ) ;
#4711 = FACE_OUTER_BOUND ( 'NONE', #758, .T. ) ;
#4712 =( NAMED_UNIT ( * ) PLANE_ANGLE_UNIT ( ) SI_UNIT ( $, .RADIAN. ) );
#4713 = DIRECTION ( 'NONE',  ( 0.000000000000000000, -0.000000000000000000, 1.000000000000000000 ) ) ;
#4714 = ORIENTED_EDGE ( 'NONE', *, *, #28, .F. ) ;
#4715 =( GEOMETRIC_REPRESENTATION_CONTEXT ( 3 ) GLOBAL_UNCERTAINTY_ASSIGNED_CONTEXT ( ( #1840 ) ) GLOBAL_UNIT_ASSIGNED_CONTEXT ( ( #4743, #2280, #4310 ) ) REPRESENTATION_CONTEXT ( 'NONE', 'WORKASPACE' ) );
#4716 = EDGE_CURVE ( 'NONE', #281, #230, #4771, .T. ) ;
#4717 = DIRECTION ( 'NONE',  ( 0.000000000000000000, 0.000000000000000000, -1.000000000000000000 ) ) ;
#4718 =( NAMED_UNIT ( * ) PLANE_ANGLE_UNIT ( ) SI_UNIT ( $, .RADIAN. ) );
#4719 = SURFACE_STYLE_USAGE ( .BOTH. , #3094 ) ;
#4720 = EDGE_LOOP ( 'NONE', ( #205, #296, #4895, #866 ) ) ;
#4721 = EDGE_CURVE ( 'NONE', #2421, #3111, #1596, .T. ) ;
#4722 = FILL_AREA_STYLE ('',( #3803 ) ) ;
#4723 = CARTESIAN_POINT ( 'NONE',  ( 11.99999999999999467, 0.000000000000000000, -17.00000000000001066 ) ) ;
#4724 = CARTESIAN_POINT ( 'NONE',  ( 5.877292712060164348, 11.00099999999999945, -0.1250308409102711682 ) ) ;
#4725 =( NAMED_UNIT ( * ) PLANE_ANGLE_UNIT ( ) SI_UNIT ( $, .RADIAN. ) );
#4726 = EDGE_CURVE ( 'NONE', #5016, #1689, #2645, .T. ) ;
#4727 = AXIS2_PLACEMENT_3D ( 'NONE', #3576, #4451, #864 ) ;
#4728 = ORIENTED_EDGE ( 'NONE', *, *, #4678, .F. ) ;
#4729 = LINE ( 'NONE', #2742, #2820 ) ;
#4730 = ORIENTED_EDGE ( 'NONE', *, *, #1955, .T. ) ;
#4731 = CARTESIAN_POINT ( 'NONE',  ( -11.50000000000000888, 0.9999999999999976685, -14.79999999999999183 ) ) ;
#4732 = CARTESIAN_POINT ( 'NONE',  ( 7.422365595631833735, 11.00099999999999945, 12.71832375035291740 ) ) ;
#4733 =( NAMED_UNIT ( * ) SI_UNIT ( $, .STERADIAN. ) SOLID_ANGLE_UNIT ( ) );
#4734 = ORIENTED_EDGE ( 'NONE', *, *, #5129, .F. ) ;
#4735 = CARTESIAN_POINT ( 'NONE',  ( -12.00000000000000888, 0.9999999999999976685, -14.79999999999999183 ) ) ;
#4736 = COLOUR_RGB ( '',0.7803921568627451011, 0.7607843137254901578, 0.7411764705882353255 ) ;
#4737 = MECHANICAL_DESIGN_GEOMETRIC_PRESENTATION_REPRESENTATION (  '', ( #4902 ), #3815 ) ;
#4738 = STYLED_ITEM ( 'NONE', ( #251 ), #5015 ) ;
#4739 = DIRECTION ( 'NONE',  ( 0.000000000000000000, -1.000000000000000000, 0.000000000000000000 ) ) ;
#4740 = AXIS2_PLACEMENT_3D ( 'NONE', #113, #1651, #2057 ) ;
#4741 = VECTOR ( 'NONE', #1194, 1000.000000000000000 ) ;
#4742 = UNCERTAINTY_MEASURE_WITH_UNIT (LENGTH_MEASURE( 1.000000000000000082E-05 ), #1435, 'distance_accuracy_value', 'NONE');
#4743 =( LENGTH_UNIT ( ) NAMED_UNIT ( * ) SI_UNIT ( .MILLI., .METRE. ) );
#4744 = CARTESIAN_POINT ( 'NONE',  ( 11.50000000000001066, 0.000000000000000000, 14.99999999999998934 ) ) ;
#4745 = VERTEX_POINT ( 'NONE', #1099 ) ;
#4746 =( GEOMETRIC_REPRESENTATION_CONTEXT ( 3 ) GLOBAL_UNCERTAINTY_ASSIGNED_CONTEXT ( ( #1421 ) ) GLOBAL_UNIT_ASSIGNED_CONTEXT ( ( #2837, #4894, #2033 ) ) REPRESENTATION_CONTEXT ( 'NONE', 'WORKASPACE' ) );
#4747 = PRESENTATION_LAYER_ASSIGNMENT (  '', '', ( #3311 ) ) ;
#4748 = STYLED_ITEM ( 'NONE', ( #3170 ), #2602 ) ;
#4749 = DIRECTION ( 'NONE',  ( 0.1961161351381850437, -0.9805806756909200006, -0.000000000000000000 ) ) ;
#4750 = EDGE_CURVE ( 'NONE', #654, #1341, #5093, .T. ) ;
#4751 = MECHANICAL_DESIGN_GEOMETRIC_PRESENTATION_REPRESENTATION (  '', ( #2829 ), #4167 ) ;
#4752 = PRESENTATION_LAYER_ASSIGNMENT (  '', '', ( #1831 ) ) ;
#4753 = LINE ( 'NONE', #1602, #3735 ) ;
#4754 = CARTESIAN_POINT ( 'NONE',  ( 6.058508073491268853, 11.00099999999999945, -10.02833425214861762 ) ) ;
#4755 = ADVANCED_FACE ( 'NONE', ( #3887 ), #4669, .T. ) ;
#4756 = SURFACE_STYLE_FILL_AREA ( #1287 ) ;
#4757 = CIRCLE ( 'NONE', #1599, 0.2550000000000000044 ) ;
#4758 = EDGE_LOOP ( 'NONE', ( #2916, #1958, #2941, #3992 ) ) ;
#4759 = SURFACE_STYLE_USAGE ( .BOTH. , #3108 ) ;
#4760 =( NAMED_UNIT ( * ) PLANE_ANGLE_UNIT ( ) SI_UNIT ( $, .RADIAN. ) );
#4761 = ORIENTED_EDGE ( 'NONE', *, *, #257, .T. ) ;
#4762 = PLANE ( 'NONE',  #466 ) ;
#4763 = PRESENTATION_LAYER_ASSIGNMENT (  '', '', ( #1521 ) ) ;
#4764 = PLANE ( 'NONE',  #924 ) ;
#4765 = PRESENTATION_STYLE_ASSIGNMENT (( #374 ) ) ;
#4766 = ORIENTED_EDGE ( 'NONE', *, *, #3635, .F. ) ;
#4767 =( LENGTH_UNIT ( ) NAMED_UNIT ( * ) SI_UNIT ( .MILLI., .METRE. ) );
#4768 = ADVANCED_FACE ( 'NONE', ( #1697 ), #3267, .T. ) ;
#4769 = LINE ( 'NONE', #379, #4960 ) ;
#4770 = CARTESIAN_POINT ( 'NONE',  ( -11.29289321881346098, 1.500000000000000000, 16.29289321881344321 ) ) ;
#4771 = LINE ( 'NONE', #316, #1405 ) ;
#4772 = ORIENTED_EDGE ( 'NONE', *, *, #256, .F. ) ;
#4773 = APPLICATION_CONTEXT ( 'automotive_design' ) ;
#4774 = COLOUR_RGB ( '',0.8431372549019607865, 0.8156862745098039102, 0.7529411764705882248 ) ;
#4775 = SURFACE_STYLE_FILL_AREA ( #2885 ) ;
#4776 = DIRECTION ( 'NONE',  ( -1.000000000000000000, -0.000000000000000000, -0.000000000000000000 ) ) ;
#4777 = AXIS2_PLACEMENT_3D ( 'NONE', #4008, #435, #2017 ) ;
#4778 = CARTESIAN_POINT ( 'NONE',  ( 8.077597235832874034, 11.00000000000000000, -11.78350168343908777 ) ) ;
#4779 = FILL_AREA_STYLE ('',( #274 ) ) ;
#4780 = STYLED_ITEM ( 'NONE', ( #3807 ), #173 ) ;
#4781 = ORIENTED_EDGE ( 'NONE', *, *, #2873, .F. ) ;
#4782 =( LENGTH_UNIT ( ) NAMED_UNIT ( * ) SI_UNIT ( .MILLI., .METRE. ) );
#4783 = FILL_AREA_STYLE_COLOUR ( '', #2947 ) ;
#4784 = ORIENTED_EDGE ( 'NONE', *, *, #1777, .T. ) ;
#4785 = PRESENTATION_STYLE_ASSIGNMENT (( #3962 ) ) ;
#4786 = DIRECTION ( 'NONE',  ( -0.000000000000000000, -0.000000000000000000, 1.000000000000000000 ) ) ;
#4787 = SURFACE_STYLE_USAGE ( .BOTH. , #4022 ) ;
#4788 = ORIENTED_EDGE ( 'NONE', *, *, #3956, .T. ) ;
#4789 = VECTOR ( 'NONE', #1171, 1000.000000000000000 ) ;
#4790 = FILL_AREA_STYLE_COLOUR ( '', #800 ) ;
#4791 = EDGE_CURVE ( 'NONE', #1568, #878, #1720, .T. ) ;
#4792 = VECTOR ( 'NONE', #2932, 1000.000000000000000 ) ;
#4793 = EDGE_CURVE ( 'NONE', #3465, #2451, #472, .T. ) ;
#4794 =( LENGTH_UNIT ( ) NAMED_UNIT ( * ) SI_UNIT ( .MILLI., .METRE. ) );
#4795 = ADVANCED_FACE ( 'NONE', ( #3640 ), #883, .F. ) ;
#4796 = ADVANCED_FACE ( 'NONE', ( #2079 ), #1619, .T. ) ;
#4797 = DIRECTION ( 'NONE',  ( 0.7547095802236037931, 0.000000000000000000, -0.6560590289895504856 ) ) ;
#4798 = PRESENTATION_STYLE_ASSIGNMENT (( #3195 ) ) ;
#4799 =( LENGTH_UNIT ( ) NAMED_UNIT ( * ) SI_UNIT ( .MILLI., .METRE. ) );
#4800 = ORIENTED_EDGE ( 'NONE', *, *, #4887, .F. ) ;
#4801 = AXIS2_PLACEMENT_3D ( 'NONE', #3058, #3088, #232 ) ;
#4802 = PRESENTATION_LAYER_ASSIGNMENT (  '', '', ( #2124 ) ) ;
#4803 = MECHANICAL_DESIGN_GEOMETRIC_PRESENTATION_REPRESENTATION (  '', ( #4308 ), #4056 ) ;
#4804 =( LENGTH_UNIT ( ) NAMED_UNIT ( * ) SI_UNIT ( .MILLI., .METRE. ) );
#4805 = CARTESIAN_POINT ( 'NONE',  ( 9.800000000000004263, 0.9999999999999997780, -17.00000000000001066 ) ) ;
#4806 = UNCERTAINTY_MEASURE_WITH_UNIT (LENGTH_MEASURE( 1.000000000000000082E-05 ), #2954, 'distance_accuracy_value', 'NONE');
#4807 =( NAMED_UNIT ( * ) SI_UNIT ( $, .STERADIAN. ) SOLID_ANGLE_UNIT ( ) );
#4808 = DIRECTION ( 'NONE',  ( 1.020425574104004122E-16, 0.000000000000000000, 1.000000000000000000 ) ) ;
#4809 = CARTESIAN_POINT ( 'NONE',  ( 4.437710207380106020, 11.00000000000000000, 1.504241810421581782 ) ) ;
#4810 = PRESENTATION_STYLE_ASSIGNMENT (( #44 ) ) ;
#4811 = EDGE_CURVE ( 'NONE', #2295, #201, #2523, .T. ) ;
#4812 = UNCERTAINTY_MEASURE_WITH_UNIT (LENGTH_MEASURE( 1.000000000000000082E-05 ), #4980, 'distance_accuracy_value', 'NONE');
#4813 = ORIENTED_EDGE ( 'NONE', *, *, #406, .F. ) ;
#4814 = SURFACE_STYLE_FILL_AREA ( #161 ) ;
#4815 = FILL_AREA_STYLE ('',( #2869 ) ) ;
#4816 = SURFACE_STYLE_USAGE ( .BOTH. , #3298 ) ;
#4817 = ORIENTED_EDGE ( 'NONE', *, *, #2172, .F. ) ;
#4818 = CARTESIAN_POINT ( 'NONE',  ( 9.800000000000004263, 0.9999999999999978906, -16.49999999999998934 ) ) ;
#4819 =( NAMED_UNIT ( * ) PLANE_ANGLE_UNIT ( ) SI_UNIT ( $, .RADIAN. ) );
#4820 = ORIENTED_EDGE ( 'NONE', *, *, #1105, .T. ) ;
#4821 = DIRECTION ( 'NONE',  ( -0.000000000000000000, 0.9805806756909198896, 0.1961161351381856544 ) ) ;
#4822 = LINE ( 'NONE', #4920, #100 ) ;
#4823 = SURFACE_SIDE_STYLE ('',( #3288 ) ) ;
#4824 = VERTEX_POINT ( 'NONE', #2549 ) ;
#4825 = COLOUR_RGB ( '',0.8431372549019607865, 0.8156862745098039102, 0.7529411764705882248 ) ;
#4826 = MECHANICAL_DESIGN_GEOMETRIC_PRESENTATION_REPRESENTATION (  '', ( #1999 ), #3227 ) ;
#4827 = SURFACE_SIDE_STYLE ('',( #859 ) ) ;
#4828 = MECHANICAL_DESIGN_GEOMETRIC_PRESENTATION_REPRESENTATION (  '', ( #2235 ), #1671 ) ;
#4829 = CARTESIAN_POINT ( 'NONE',  ( 11.50000000000001066, 1.000000000000000000, 16.49999999999998934 ) ) ;
#4830 =( LENGTH_UNIT ( ) NAMED_UNIT ( * ) SI_UNIT ( .MILLI., .METRE. ) );
#4831 = AXIS2_PLACEMENT_3D ( 'NONE', #767, #3951, #385 ) ;
#4832 = COLOUR_RGB ( '',0.7803921568627451011, 0.7607843137254901578, 0.7411764705882353255 ) ;
#4833 = CARTESIAN_POINT ( 'NONE',  ( -12.00000000000000533, 0.000000000000000000, -17.00000000000001066 ) ) ;
#4834 = STYLED_ITEM ( 'NONE', ( #821 ), #4946 ) ;
#4835 = AXIS2_PLACEMENT_3D ( 'NONE', #16, #2284, #3068 ) ;
#4836 = ADVANCED_FACE ( 'NONE', ( #4222 ), #4611, .F. ) ;
#4837 = EDGE_LOOP ( 'NONE', ( #5056, #36, #3814, #1780 ) ) ;
#4838 = SURFACE_STYLE_FILL_AREA ( #2184 ) ;
#4839 = AXIS2_PLACEMENT_3D ( 'NONE', #2982, #681, #1483 ) ;
#4840 = CARTESIAN_POINT ( 'NONE',  ( 11.99999999999999467, 11.00000000000000000, -17.00000000000001066 ) ) ;
#4841 = MECHANICAL_DESIGN_GEOMETRIC_PRESENTATION_REPRESENTATION (  '', ( #1930 ), #752 ) ;
#4842 = EDGE_LOOP ( 'NONE', ( #398, #2670, #3710, #2700, #4624, #2224 ) ) ;
#4843 =( LENGTH_UNIT ( ) NAMED_UNIT ( * ) SI_UNIT ( .MILLI., .METRE. ) );
#4844 = MECHANICAL_DESIGN_GEOMETRIC_PRESENTATION_REPRESENTATION (  '', ( #3077 ), #3410 ) ;
#4845 = FILL_AREA_STYLE_COLOUR ( '', #3350 ) ;
#4846 = FILL_AREA_STYLE ('',( #3632 ) ) ;
#4847 = SURFACE_STYLE_FILL_AREA ( #1278 ) ;
#4848 = DIRECTION ( 'NONE',  ( 0.000000000000000000, 0.9805806756909198896, 0.1961161351381856544 ) ) ;
#4849 = PRESENTATION_LAYER_ASSIGNMENT (  '', '', ( #441 ) ) ;
#4850 = DIRECTION ( 'NONE',  ( -0.000000000000000000, -1.000000000000000000, -0.000000000000000000 ) ) ;
#4851 = FILL_AREA_STYLE ('',( #1322 ) ) ;
#4852 =( LENGTH_UNIT ( ) NAMED_UNIT ( * ) SI_UNIT ( .MILLI., .METRE. ) );
#4853 = ORIENTED_EDGE ( 'NONE', *, *, #674, .F. ) ;
#4854 = DIRECTION ( 'NONE',  ( -0.000000000000000000, -1.000000000000000000, -0.000000000000000000 ) ) ;
#4855 = PLANE ( 'NONE',  #6 ) ;
#4856 =( LENGTH_UNIT ( ) NAMED_UNIT ( * ) SI_UNIT ( .MILLI., .METRE. ) );
#4857 = DIRECTION ( 'NONE',  ( -0.000000000000000000, 0.000000000000000000, 1.000000000000000000 ) ) ;
#4858 = DIRECTION ( 'NONE',  ( 0.000000000000000000, -1.000000000000000000, 0.000000000000000000 ) ) ;
#4859 = CARTESIAN_POINT ( 'NONE',  ( -12.00000000000000533, 0.9999999999999940048, 14.79999999999999183 ) ) ;
#4860 = EDGE_CURVE ( 'NONE', #4325, #4192, #4921, .T. ) ;
#4861 = ORIENTED_EDGE ( 'NONE', *, *, #1604, .T. ) ;
#4862 = LINE ( 'NONE', #47, #2145 ) ;
#4863 = DIRECTION ( 'NONE',  ( 0.000000000000000000, -1.000000000000000000, 0.000000000000000000 ) ) ;
#4864 = EDGE_LOOP ( 'NONE', ( #1775, #4508, #930, #3673, #68, #4784 ) ) ;
#4865 = SURFACE_STYLE_USAGE ( .BOTH. , #97 ) ;
#4866 = CARTESIAN_POINT ( 'NONE',  ( -3.042464078436862174, 11.00000000000000000, -10.15315949593975020 ) ) ;
#4867 = PRESENTATION_STYLE_ASSIGNMENT (( #4441 ) ) ;
#4868 = FILL_AREA_STYLE_COLOUR ( '', #587 ) ;
#4869 =( LENGTH_UNIT ( ) NAMED_UNIT ( * ) SI_UNIT ( .MILLI., .METRE. ) );
#4870 = LINE ( 'NONE', #77, #667 ) ;
#4871 =( NAMED_UNIT ( * ) SI_UNIT ( $, .STERADIAN. ) SOLID_ANGLE_UNIT ( ) );
#4872 = ADVANCED_FACE ( 'NONE', ( #2601 ), #2200, .T. ) ;
#4873 = EDGE_LOOP ( 'NONE', ( #3781, #2128, #365, #1229 ) ) ;
#4874 = EDGE_CURVE ( 'NONE', #3745, #1471, #2351, .T. ) ;
#4875 = CARTESIAN_POINT ( 'NONE',  ( -2.540000000000000036, -2.000000000000000000, 14.98499999999999766 ) ) ;
#4876 = SURFACE_STYLE_USAGE ( .BOTH. , #3271 ) ;
#4877 = DIRECTION ( 'NONE',  ( 0.000000000000000000, 0.000000000000000000, -1.000000000000000000 ) ) ;
#4878 = PRESENTATION_LAYER_ASSIGNMENT (  '', '', ( #1550 ) ) ;
#4879 = DIRECTION ( 'NONE',  ( -0.000000000000000000, -1.000000000000000000, -0.000000000000000000 ) ) ;
#4880 = DIRECTION ( 'NONE',  ( 0.000000000000000000, 0.000000000000000000, -1.000000000000000000 ) ) ;
#4881 = MECHANICAL_DESIGN_GEOMETRIC_PRESENTATION_REPRESENTATION (  '', ( #3358 ), #4715 ) ;
#4882 = CARTESIAN_POINT ( 'NONE',  ( 6.101063309670884394, 11.00000000000000000, -10.33113049121924476 ) ) ;
#4883 =( NAMED_UNIT ( * ) SI_UNIT ( $, .STERADIAN. ) SOLID_ANGLE_UNIT ( ) );
#4884 =( LENGTH_UNIT ( ) NAMED_UNIT ( * ) SI_UNIT ( .MILLI., .METRE. ) );
#4885 = ORIENTED_EDGE ( 'NONE', *, *, #1105, .F. ) ;
#4886 = DIRECTION ( 'NONE',  ( -0.7547095802273096066, 0.000000000000000000, 0.6560590289852873402 ) ) ;
#4887 = EDGE_CURVE ( 'NONE', #2760, #5078, #4672, .T. ) ;
#4888 = SURFACE_STYLE_USAGE ( .BOTH. , #1803 ) ;
#4889 = DIRECTION ( 'NONE',  ( -0.1961161351381850437, 0.9805806756909200006, -0.000000000000000000 ) ) ;
#4890 =( LENGTH_UNIT ( ) NAMED_UNIT ( * ) SI_UNIT ( .MILLI., .METRE. ) );
#4891 = SURFACE_STYLE_FILL_AREA ( #1811 ) ;
#4892 = PRESENTATION_STYLE_ASSIGNMENT (( #3287 ) ) ;
#4893 = CARTESIAN_POINT ( 'NONE',  ( -6.433742130864334996, 11.00000000000000000, 12.69826330279933835 ) ) ;
#4894 =( NAMED_UNIT ( * ) PLANE_ANGLE_UNIT ( ) SI_UNIT ( $, .RADIAN. ) );
#4895 = ORIENTED_EDGE ( 'NONE', *, *, #3884, .T. ) ;
#4896 = CARTESIAN_POINT ( 'NONE',  ( -4.877500083679415788, 11.00099999999999945, -11.92569156118384299 ) ) ;
#4897 = PLANE ( 'NONE',  #4368 ) ;
#4898 = DIRECTION ( 'NONE',  ( 0.000000000000000000, 1.000000000000000000, 0.000000000000000000 ) ) ;
#4899 = UNCERTAINTY_MEASURE_WITH_UNIT (LENGTH_MEASURE( 1.000000000000000082E-05 ), #4794, 'distance_accuracy_value', 'NONE');
#4900 = CARTESIAN_POINT ( 'NONE',  ( -5.844315597492135694, 11.00099999999999945, 0.000000000000000000 ) ) ;
#4901 = STYLED_ITEM ( 'NONE', ( #1291 ), #1102 ) ;
#4902 = STYLED_ITEM ( 'NONE', ( #4930 ), #1809 ) ;
#4903 = FILL_AREA_STYLE_COLOUR ( '', #4825 ) ;
#4904 = VECTOR ( 'NONE', #4053, 1000.000000000000000 ) ;
#4905 = UNCERTAINTY_MEASURE_WITH_UNIT (LENGTH_MEASURE( 1.000000000000000082E-05 ), #2750, 'distance_accuracy_value', 'NONE');
#4906 =( GEOMETRIC_REPRESENTATION_CONTEXT ( 3 ) GLOBAL_UNCERTAINTY_ASSIGNED_CONTEXT ( ( #64 ) ) GLOBAL_UNIT_ASSIGNED_CONTEXT ( ( #2203, #4947, #4123 ) ) REPRESENTATION_CONTEXT ( 'NONE', 'WORKASPACE' ) );
#4907 = ADVANCED_FACE ( 'NONE', ( #4381 ), #756, .T. ) ;
#4908 = DIRECTION ( 'NONE',  ( 1.000000000000000000, 0.000000000000000000, 0.000000000000000000 ) ) ;
#4909 = ORIENTED_EDGE ( 'NONE', *, *, #1857, .F. ) ;
#4910 = MECHANICAL_DESIGN_GEOMETRIC_PRESENTATION_REPRESENTATION (  '', ( #922 ), #340 ) ;
#4911 =( GEOMETRIC_REPRESENTATION_CONTEXT ( 3 ) GLOBAL_UNCERTAINTY_ASSIGNED_CONTEXT ( ( #2596 ) ) GLOBAL_UNIT_ASSIGNED_CONTEXT ( ( #541, #4557, #227 ) ) REPRESENTATION_CONTEXT ( 'NONE', 'WORKASPACE' ) );
#4912 = UNCERTAINTY_MEASURE_WITH_UNIT (LENGTH_MEASURE( 1.000000000000000082E-05 ), #1121, 'distance_accuracy_value', 'NONE');
#4913 = MECHANICAL_DESIGN_GEOMETRIC_PRESENTATION_REPRESENTATION (  '', ( #2830 ), #432 ) ;
#4914 = SURFACE_STYLE_FILL_AREA ( #2849 ) ;
#4915 =( LENGTH_UNIT ( ) NAMED_UNIT ( * ) SI_UNIT ( .MILLI., .METRE. ) );
#4916 = VECTOR ( 'NONE', #4104, 1000.000000000000000 ) ;
#4917 = EDGE_LOOP ( 'NONE', ( #2878, #1660 ) ) ;
#4918 = ORIENTED_EDGE ( 'NONE', *, *, #1445, .T. ) ;
#4919 = DIRECTION ( 'NONE',  ( 0.000000000000000000, -1.000000000000000000, 0.000000000000000000 ) ) ;
#4920 = CARTESIAN_POINT ( 'NONE',  ( -10.00000000000000178, 0.000000000000000000, -17.00000000000001066 ) ) ;
#4921 = LINE ( 'NONE', #4535, #3491 ) ;
#4922 = VERTEX_POINT ( 'NONE', #3848 ) ;
#4923 =( NAMED_UNIT ( * ) PLANE_ANGLE_UNIT ( ) SI_UNIT ( $, .RADIAN. ) );
#4924 = PRESENTATION_LAYER_ASSIGNMENT (  '', '', ( #3505 ) ) ;
#4925 =( NAMED_UNIT ( * ) SI_UNIT ( $, .STERADIAN. ) SOLID_ANGLE_UNIT ( ) );
#4926 = DIRECTION ( 'NONE',  ( 0.000000000000000000, 0.000000000000000000, -1.000000000000000000 ) ) ;
#4927 = PRESENTATION_STYLE_ASSIGNMENT (( #4012 ) ) ;
#4928 = DIRECTION ( 'NONE',  ( 1.000000000000000000, 0.000000000000000000, 0.000000000000000000 ) ) ;
#4929 = SURFACE_STYLE_USAGE ( .BOTH. , #141 ) ;
#4930 = PRESENTATION_STYLE_ASSIGNMENT (( #3279 ) ) ;
#4931 =( NAMED_UNIT ( * ) SI_UNIT ( $, .STERADIAN. ) SOLID_ANGLE_UNIT ( ) );
#4932 = VERTEX_POINT ( 'NONE', #3905 ) ;
#4933 = COLOUR_RGB ( '',0.8431372549019607865, 0.8156862745098039102, 0.7529411764705882248 ) ;
#4934 = CARTESIAN_POINT ( 'NONE',  ( -7.205852998560368761, 11.00099999999999945, 1.183566405792149556 ) ) ;
#4935 = VECTOR ( 'NONE', #865, 1000.000000000000000 ) ;
#4936 = AXIS2_PLACEMENT_3D ( 'NONE', #4191, #1028, #2509 ) ;
#4937 = DIRECTION ( 'NONE',  ( -0.000000000000000000, -1.000000000000000000, -0.000000000000000000 ) ) ;
#4938 = STYLED_ITEM ( 'NONE', ( #3779 ), #180 ) ;
#4939 = CARTESIAN_POINT ( 'NONE',  ( 3.197171904350071703, 11.00099999999999945, 10.33113049121951121 ) ) ;
#4940 = ORIENTED_EDGE ( 'NONE', *, *, #1792, .F. ) ;
#4941 = EDGE_CURVE ( 'NONE', #2062, #4192, #1976, .T. ) ;
#4942 = DIRECTION ( 'NONE',  ( 0.000000000000000000, 0.000000000000000000, -1.000000000000000000 ) ) ;
#4943 = ADVANCED_FACE ( 'NONE', ( #3171 ), #3450, .F. ) ;
#4944 = CARTESIAN_POINT ( 'NONE',  ( -2.540000000000000036, 2.000000000000000000, -15.24000000000000021 ) ) ;
#4945 = ADVANCED_FACE ( 'NONE', ( #2662 ), #4272, .T. ) ;
#4946 = ADVANCED_FACE ( 'NONE', ( #1665 ), #2897, .F. ) ;
#4947 =( NAMED_UNIT ( * ) PLANE_ANGLE_UNIT ( ) SI_UNIT ( $, .RADIAN. ) );
#4948 = FACE_OUTER_BOUND ( 'NONE', #750, .T. ) ;
#4949 = FILL_AREA_STYLE_COLOUR ( '', #915 ) ;
#4950 = VERTEX_POINT ( 'NONE', #487 ) ;
#4951 = AXIS2_PLACEMENT_3D ( 'NONE', #2110, #4143, #4942 ) ;
#4952 = CYLINDRICAL_SURFACE ( 'NONE', #3448, 0.2550000000000000044 ) ;
#4953 = CIRCLE ( 'NONE', #4298, 2.217827501995029316 ) ;
#4954 =( NAMED_UNIT ( * ) SI_UNIT ( $, .STERADIAN. ) SOLID_ANGLE_UNIT ( ) );
#4955 = DIRECTION ( 'NONE',  ( 1.000000000000000000, 0.000000000000000000, 0.000000000000000000 ) ) ;
#4956 = SURFACE_STYLE_USAGE ( .BOTH. , #997 ) ;
#4957 = ORIENTED_EDGE ( 'NONE', *, *, #1190, .F. ) ;
#4958 = EDGE_CURVE ( 'NONE', #810, #2062, #2850, .T. ) ;
#4959 = COLOUR_RGB ( '',0.7803921568627451011, 0.7607843137254901578, 0.7411764705882353255 ) ;
#4960 = VECTOR ( 'NONE', #4668, 1000.000000000000000 ) ;
#4961 = DIRECTION ( 'NONE',  ( 0.000000000000000000, 1.000000000000000000, 0.000000000000000000 ) ) ;
#4962 =( NAMED_UNIT ( * ) SI_UNIT ( $, .STERADIAN. ) SOLID_ANGLE_UNIT ( ) );
#4963 = FILL_AREA_STYLE ('',( #3812 ) ) ;
#4964 = CARTESIAN_POINT ( 'NONE',  ( 5.964953484664302863, 11.00000000000000000, 0.04366522180675999620 ) ) ;
#4965 = EDGE_LOOP ( 'NONE', ( #3215, #2741, #1219, #4366 ) ) ;
#4966 = UNCERTAINTY_MEASURE_WITH_UNIT (LENGTH_MEASURE( 1.000000000000000082E-05 ), #3265, 'distance_accuracy_value', 'NONE');
#4967 =( NAMED_UNIT ( * ) PLANE_ANGLE_UNIT ( ) SI_UNIT ( $, .RADIAN. ) );
#4968 = DIRECTION ( 'NONE',  ( 1.000000000000000000, 0.000000000000000000, -0.000000000000000000 ) ) ;
#4969 = VERTEX_POINT ( 'NONE', #4818 ) ;
#4970 = MECHANICAL_DESIGN_GEOMETRIC_PRESENTATION_REPRESENTATION (  '', ( #3142 ), #973 ) ;
#4971 = PRESENTATION_STYLE_ASSIGNMENT (( #1790 ) ) ;
#4972 = FILL_AREA_STYLE ('',( #2504 ) ) ;
#4973 = STYLED_ITEM ( 'NONE', ( #2765 ), #193 ) ;
#4974 = MANIFOLD_SOLID_BREP ( 'Boss-Extrude4', #642 ) ;
#4975 = PRESENTATION_STYLE_ASSIGNMENT (( #206 ) ) ;
#4976 = LINE ( 'NONE', #3039, #3310 ) ;
#4977 = ORIENTED_EDGE ( 'NONE', *, *, #2283, .F. ) ;
#4978 = CARTESIAN_POINT ( 'NONE',  ( 11.99999999999999467, 0.000000000000000000, -17.00000000000001066 ) ) ;
#4979 = CARTESIAN_POINT ( 'NONE',  ( 4.482778196424064276, 11.00099999999999945, 1.183566405789941101 ) ) ;
#4980 =( LENGTH_UNIT ( ) NAMED_UNIT ( * ) SI_UNIT ( .MILLI., .METRE. ) );
#4981 = FILL_AREA_STYLE_COLOUR ( '', #3338 ) ;
#4982 = ORIENTED_EDGE ( 'NONE', *, *, #4793, .T. ) ;
#4983 = ORIENTED_EDGE ( 'NONE', *, *, #4532, .T. ) ;
#4984 = STYLED_ITEM ( 'NONE', ( #1046 ), #1161 ) ;
#4985 = PRESENTATION_LAYER_ASSIGNMENT (  '', '', ( #4006 ) ) ;
#4986 = EDGE_CURVE ( 'NONE', #2800, #3592, #2425, .T. ) ;
#4987 = STYLED_ITEM ( 'NONE', ( #1755 ), #2819 ) ;
#4988 = SURFACE_STYLE_USAGE ( .BOTH. , #3377 ) ;
#4989 = SURFACE_SIDE_STYLE ('',( #974 ) ) ;
#4990 = SURFACE_STYLE_FILL_AREA ( #4239 ) ;
#4991 =( GEOMETRIC_REPRESENTATION_CONTEXT ( 3 ) GLOBAL_UNCERTAINTY_ASSIGNED_CONTEXT ( ( #4899 ) ) GLOBAL_UNIT_ASSIGNED_CONTEXT ( ( #4794, #2075, #3589 ) ) REPRESENTATION_CONTEXT ( 'NONE', 'WORKASPACE' ) );
#4992 = ORIENTED_EDGE ( 'NONE', *, *, #1546, .T. ) ;
#4993 = AXIS2_PLACEMENT_3D ( 'NONE', #1227, #2403, #1898 ) ;
#4994 = SURFACE_STYLE_USAGE ( .BOTH. , #1056 ) ;
#4995 = ORIENTED_EDGE ( 'NONE', *, *, #778, .F. ) ;
#4996 =( GEOMETRIC_REPRESENTATION_CONTEXT ( 3 ) GLOBAL_UNCERTAINTY_ASSIGNED_CONTEXT ( ( #1690 ) ) GLOBAL_UNIT_ASSIGNED_CONTEXT ( ( #4799, #229, #2253 ) ) REPRESENTATION_CONTEXT ( 'NONE', 'WORKASPACE' ) );
#4997 = SURFACE_SIDE_STYLE ('',( #4891 ) ) ;
#4998 = CARTESIAN_POINT ( 'NONE',  ( -4.732453708476182186, 11.00099999999999945, -12.06448419708566533 ) ) ;
#4999 = DIRECTION ( 'NONE',  ( -0.1391731009594468493, 0.000000000000000000, 0.9902680687416571814 ) ) ;
#5000 = ORIENTED_EDGE ( 'NONE', *, *, #4887, .T. ) ;
#5001 = VECTOR ( 'NONE', #603, 1000.000000000000000 ) ;
#5002 = CARTESIAN_POINT ( 'NONE',  ( -5.844315597492135694, 11.00099999999999945, 0.000000000000000000 ) ) ;
#5003 = PRESENTATION_LAYER_ASSIGNMENT (  '', '', ( #2000 ) ) ;
#5004 = PRESENTATION_LAYER_ASSIGNMENT (  '', '', ( #5099 ) ) ;
#5005 = VECTOR ( 'NONE', #3639, 1000.000000000000000 ) ;
#5006 = CARTESIAN_POINT ( 'NONE',  ( 11.50000000000001066, 1.500000000000000000, -16.49999999999998934 ) ) ;
#5007 = LINE ( 'NONE', #5035, #1494 ) ;
#5008 = ORIENTED_EDGE ( 'NONE', *, *, #2928, .T. ) ;
#5009 = LINE ( 'NONE', #4978, #2987 ) ;
#5010 = SURFACE_STYLE_FILL_AREA ( #5063 ) ;
#5011 = DIRECTION ( 'NONE',  ( 0.000000000000000000, -1.000000000000000000, 0.000000000000000000 ) ) ;
#5012 = ADVANCED_FACE ( 'NONE', ( #4194 ), #2140, .T. ) ;
#5013 = CARTESIAN_POINT ( 'NONE',  ( 3.042464078434333530, 11.00099999999999945, 10.15315949595104250 ) ) ;
#5014 = ADVANCED_FACE ( 'NONE', ( #3761 ), #4216, .F. ) ;
#5015 = ADVANCED_FACE ( 'NONE', ( #975 ), #3353, .F. ) ;
#5016 = VERTEX_POINT ( 'NONE', #3135 ) ;
#5017 = CARTESIAN_POINT ( 'NONE',  ( -12.00000000000000888, 0.9999999999999976685, -14.79999999999999183 ) ) ;
#5018 = SURFACE_STYLE_USAGE ( .BOTH. , #3788 ) ;
#5019 = SURFACE_SIDE_STYLE ('',( #4990 ) ) ;
#5020 = MECHANICAL_DESIGN_GEOMETRIC_PRESENTATION_REPRESENTATION (  '', ( #2499 ), #372 ) ;
#5021 = VERTEX_POINT ( 'NONE', #2683 ) ;
#5022 = MECHANICAL_DESIGN_GEOMETRIC_PRESENTATION_REPRESENTATION (  '', ( #2588 ), #1856 ) ;
#5023 = CARTESIAN_POINT ( 'NONE',  ( -12.00000000000000888, 0.9999999999999976685, -14.79999999999999183 ) ) ;
#5024 = UNCERTAINTY_MEASURE_WITH_UNIT (LENGTH_MEASURE( 1.000000000000000082E-05 ), #4852, 'distance_accuracy_value', 'NONE');
#5025 = ORIENTED_EDGE ( 'NONE', *, *, #4113, .F. ) ;
#5026 = VECTOR ( 'NONE', #4858, 1000.000000000000000 ) ;
#5027 = LINE ( 'NONE', #2949, #3672 ) ;
#5028 = EDGE_LOOP ( 'NONE', ( #3367, #3028, #4696, #4057 ) ) ;
#5029 = CARTESIAN_POINT ( 'NONE',  ( -12.00000000000000533, 0.9999999999999940048, 14.79999999999999183 ) ) ;
#5030 = SURFACE_STYLE_FILL_AREA ( #4639 ) ;
#5031 = PLANE ( 'NONE',  #3921 ) ;
#5032 = EDGE_CURVE ( 'NONE', #3383, #1043, #301, .T. ) ;
#5033 = CYLINDRICAL_SURFACE ( 'NONE', #723, 0.2550000000000017808 ) ;
#5034 = ADVANCED_FACE ( 'NONE', ( #4292 ), #1080, .F. ) ;
#5035 = CARTESIAN_POINT ( 'NONE',  ( 9.800000000000004263, 0.9999999999999997780, -17.00000000000001066 ) ) ;
#5036 = ORIENTED_EDGE ( 'NONE', *, *, #3473, .F. ) ;
#5037 =( NAMED_UNIT ( * ) PLANE_ANGLE_UNIT ( ) SI_UNIT ( $, .RADIAN. ) );
#5038 = SURFACE_SIDE_STYLE ('',( #4674 ) ) ;
#5039 = PRESENTATION_STYLE_ASSIGNMENT (( #1884 ) ) ;
#5040 =( GEOMETRIC_REPRESENTATION_CONTEXT ( 3 ) GLOBAL_UNCERTAINTY_ASSIGNED_CONTEXT ( ( #4556 ) ) GLOBAL_UNIT_ASSIGNED_CONTEXT ( ( #3733, #3328, #4090 ) ) REPRESENTATION_CONTEXT ( 'NONE', 'WORKASPACE' ) );
#5041 = ORIENTED_EDGE ( 'NONE', *, *, #1601, .T. ) ;
#5042 =( NAMED_UNIT ( * ) SI_UNIT ( $, .STERADIAN. ) SOLID_ANGLE_UNIT ( ) );
#5043 = COLOUR_RGB ( '',0.8431372549019607865, 0.8156862745098039102, 0.7529411764705882248 ) ;
#5044 = DIRECTION ( 'NONE',  ( -0.1961161351381850437, -0.9805806756909200006, 0.000000000000000000 ) ) ;
#5045 = ORIENTED_EDGE ( 'NONE', *, *, #2103, .T. ) ;
#5046 = STYLED_ITEM ( 'NONE', ( #2106 ), #893 ) ;
#5047 =( NAMED_UNIT ( * ) PLANE_ANGLE_UNIT ( ) SI_UNIT ( $, .RADIAN. ) );
#5048 = PLANE ( 'NONE',  #2899 ) ;
#5049 = SURFACE_STYLE_USAGE ( .BOTH. , #5019 ) ;
#5050 = VERTEX_POINT ( 'NONE', #2714 ) ;
#5051 = CIRCLE ( 'NONE', #3542, 0.2550000000000000044 ) ;
#5052 = SURFACE_STYLE_USAGE ( .BOTH. , #2573 ) ;
#5053 = FILL_AREA_STYLE_COLOUR ( '', #3875 ) ;
#5054 = DIRECTION ( 'NONE',  ( 0.6630414564482943751, 0.000000000000000000, 0.7485826788210668825 ) ) ;
#5055 = PRESENTATION_STYLE_ASSIGNMENT (( #3531 ) ) ;
#5056 = ORIENTED_EDGE ( 'NONE', *, *, #489, .F. ) ;
#5057 = FACE_OUTER_BOUND ( 'NONE', #613, .T. ) ;
#5058 = CARTESIAN_POINT ( 'NONE',  ( 2.540000000000000036, 2.000000000000000000, 14.98499999999999766 ) ) ;
#5059 = UNCERTAINTY_MEASURE_WITH_UNIT (LENGTH_MEASURE( 1.000000000000000082E-05 ), #376, 'distance_accuracy_value', 'NONE');
#5060 = CARTESIAN_POINT ( 'NONE',  ( 5.587567885294018488, 11.00000000000000000, 10.33113049121800486 ) ) ;
#5061 = DIRECTION ( 'NONE',  ( 0.000000000000000000, 0.000000000000000000, -1.000000000000000000 ) ) ;
#5062 = ORIENTED_EDGE ( 'NONE', *, *, #361, .F. ) ;
#5063 = FILL_AREA_STYLE ('',( #1881 ) ) ;
#5064 = LINE ( 'NONE', #4369, #3403 ) ;
#5065 = SURFACE_STYLE_FILL_AREA ( #2705 ) ;
#5066 = ORIENTED_EDGE ( 'NONE', *, *, #1428, .T. ) ;
#5067 = LINE ( 'NONE', #1549, #2500 ) ;
#5068 = UNCERTAINTY_MEASURE_WITH_UNIT (LENGTH_MEASURE( 1.000000000000000082E-05 ), #3143, 'distance_accuracy_value', 'NONE');
#5069 = DIRECTION ( 'NONE',  ( 0.000000000000000000, 1.000000000000000000, 0.000000000000000000 ) ) ;
#5070 = ADVANCED_FACE ( 'NONE', ( #2743 ), #3525, .F. ) ;
#5071 = EDGE_LOOP ( 'NONE', ( #4655, #5138, #764, #3348 ) ) ;
#5072 = CARTESIAN_POINT ( 'NONE',  ( -5.080000000000000071, 1.500000000000000000, -15.49499999999999922 ) ) ;
#5073 =( NAMED_UNIT ( * ) PLANE_ANGLE_UNIT ( ) SI_UNIT ( $, .RADIAN. ) );
#5074 = DIRECTION ( 'NONE',  ( -0.6560590289937844322, 0.000000000000000000, -0.7547095802199232928 ) ) ;
#5075 = ORIENTED_EDGE ( 'NONE', *, *, #2664, .T. ) ;
#5076 = COLOUR_RGB ( '',0.8431372549019607865, 0.8156862745098039102, 0.7529411764705882248 ) ;
#5077 = UNCERTAINTY_MEASURE_WITH_UNIT (LENGTH_MEASURE( 1.000000000000000082E-05 ), #5108, 'distance_accuracy_value', 'NONE');
#5078 = VERTEX_POINT ( 'NONE', #3960 ) ;
#5079 = DIRECTION ( 'NONE',  ( 0.000000000000000000, -1.000000000000000000, 0.000000000000000000 ) ) ;
#5080 =( GEOMETRIC_REPRESENTATION_CONTEXT ( 3 ) GLOBAL_UNCERTAINTY_ASSIGNED_CONTEXT ( ( #3930 ) ) GLOBAL_UNIT_ASSIGNED_CONTEXT ( ( #1946, #4004, #3222 ) ) REPRESENTATION_CONTEXT ( 'NONE', 'WORKASPACE' ) );
#5081 = CIRCLE ( 'NONE', #2738, 0.2550000000000017808 ) ;
#5082 = DIRECTION ( 'NONE',  ( 0.000000000000000000, -0.000000000000000000, -1.000000000000000000 ) ) ;
#5083 = CARTESIAN_POINT ( 'NONE',  ( 2.540000000000000036, -2.000000000000000000, 15.24000000000000021 ) ) ;
#5084 = VECTOR ( 'NONE', #4237, 1000.000000000000000 ) ;
#5085 = EDGE_LOOP ( 'NONE', ( #1122, #1108, #1754, #665 ) ) ;
#5086 = PLANE ( 'NONE',  #4475 ) ;
#5087 =( GEOMETRIC_REPRESENTATION_CONTEXT ( 3 ) GLOBAL_UNCERTAINTY_ASSIGNED_CONTEXT ( ( #4912 ) ) GLOBAL_UNIT_ASSIGNED_CONTEXT ( ( #1121, #1934, #4733 ) ) REPRESENTATION_CONTEXT ( 'NONE', 'WORKASPACE' ) );
#5088 = CARTESIAN_POINT ( 'NONE',  ( 2.155378366499345500E-16, -2.000000000000000000, -15.49500000000000099 ) ) ;
#5089 = VECTOR ( 'NONE', #1207, 1000.000000000000000 ) ;
#5090 = PLANE ( 'NONE',  #1083 ) ;
#5091 =( NAMED_UNIT ( * ) SI_UNIT ( $, .STERADIAN. ) SOLID_ANGLE_UNIT ( ) );
#5092 = SURFACE_STYLE_FILL_AREA ( #1818 ) ;
#5093 = LINE ( 'NONE', #1210, #1744 ) ;
#5094 = PRESENTATION_LAYER_ASSIGNMENT (  '', '', ( #1092 ) ) ;
#5095 = VERTEX_POINT ( 'NONE', #2623 ) ;
#5096 = VECTOR ( 'NONE', #4442, 1000.000000000000114 ) ;
#5097 = DIRECTION ( 'NONE',  ( -0.000000000000000000, 0.000000000000000000, 1.000000000000000000 ) ) ;
#5098 = MECHANICAL_DESIGN_GEOMETRIC_PRESENTATION_REPRESENTATION (  '', ( #1257 ), #3663 ) ;
#5099 = STYLED_ITEM ( 'NONE', ( #3198 ), #1319 ) ;
#5100 = FILL_AREA_STYLE_COLOUR ( '', #3931 ) ;
#5101 = AXIS2_PLACEMENT_3D ( 'NONE', #4200, #1446, #1012 ) ;
#5102 = CARTESIAN_POINT ( 'NONE',  ( -9.999999999999994671, 0.000000000000000000, -16.49999999999998934 ) ) ;
#5103 =( LENGTH_UNIT ( ) NAMED_UNIT ( * ) SI_UNIT ( .MILLI., .METRE. ) );
#5104 = FILL_AREA_STYLE ('',( #1107 ) ) ;
#5105 = VERTEX_POINT ( 'NONE', #4238 ) ;
#5106 = DIRECTION ( 'NONE',  ( 0.000000000000000000, -0.000000000000000000, 1.000000000000000000 ) ) ;
#5107 = VECTOR ( 'NONE', #2717, 999.9999999999998863 ) ;
#5108 =( LENGTH_UNIT ( ) NAMED_UNIT ( * ) SI_UNIT ( .MILLI., .METRE. ) );
#5109 = ADVANCED_FACE ( 'NONE', ( #666 ), #5048, .F. ) ;
#5110 = ORIENTED_EDGE ( 'NONE', *, *, #386, .F. ) ;
#5111 = CARTESIAN_POINT ( 'NONE',  ( -12.00000000000000178, 11.00000000000000000, 16.99999999999998934 ) ) ;
#5112 = SURFACE_STYLE_USAGE ( .BOTH. , #5137 ) ;
#5113 = VERTEX_POINT ( 'NONE', #4035 ) ;
#5114 = CARTESIAN_POINT ( 'NONE',  ( -8.491459290614118416, 11.00099999999999945, 10.33113049121948990 ) ) ;
#5115 = EDGE_CURVE ( 'NONE', #3881, #2246, #661, .T. ) ;
#5116 = ORIENTED_EDGE ( 'NONE', *, *, #3092, .T. ) ;
#5117 = CARTESIAN_POINT ( 'NONE',  ( -6.433742130864334996, 11.00099999999999945, 12.69826330279933835 ) ) ;
#5118 = CARTESIAN_POINT ( 'NONE',  ( 5.080000000000000071, 2.000000000000000000, 15.24000000000000021 ) ) ;
#5119 = VERTEX_POINT ( 'NONE', #2845 ) ;
#5120 = ORIENTED_EDGE ( 'NONE', *, *, #325, .F. ) ;
#5121 = FILL_AREA_STYLE_COLOUR ( '', #858 ) ;
#5122 = AXIS2_PLACEMENT_3D ( 'NONE', #3119, #1538, #4717 ) ;
#5123 = LINE ( 'NONE', #287, #3235 ) ;
#5124 = UNCERTAINTY_MEASURE_WITH_UNIT (LENGTH_MEASURE( 1.000000000000000082E-05 ), #124, 'distance_accuracy_value', 'NONE');
#5125 = DIRECTION ( 'NONE',  ( 0.7547095802273096066, 0.000000000000000000, -0.6560590289852873402 ) ) ;
#5126 = SURFACE_SIDE_STYLE ('',( #1618 ) ) ;
#5127 = FILL_AREA_STYLE_COLOUR ( '', #1082 ) ;
#5128 = ORIENTED_EDGE ( 'NONE', *, *, #4593, .F. ) ;
#5129 = EDGE_CURVE ( 'NONE', #59, #1202, #4862, .T. ) ;
#5130 = DIRECTION ( 'NONE',  ( -0.6231457663304421635, 0.000000000000000000, -0.7821057178568932011 ) ) ;
#5131 = DIRECTION ( 'NONE',  ( 0.000000000000000000, -1.245367360287404601E-16, 1.000000000000000000 ) ) ;
#5132 = UNCERTAINTY_MEASURE_WITH_UNIT (LENGTH_MEASURE( 1.000000000000000082E-05 ), #1654, 'distance_accuracy_value', 'NONE');
#5133 =( GEOMETRIC_REPRESENTATION_CONTEXT ( 3 ) GLOBAL_UNCERTAINTY_ASSIGNED_CONTEXT ( ( #1895 ) ) GLOBAL_UNIT_ASSIGNED_CONTEXT ( ( #1897, #2272, #3054 ) ) REPRESENTATION_CONTEXT ( 'NONE', 'WORKASPACE' ) );
#5134 = ORIENTED_EDGE ( 'NONE', *, *, #1470, .T. ) ;
#5135 =( NAMED_UNIT ( * ) PLANE_ANGLE_UNIT ( ) SI_UNIT ( $, .RADIAN. ) );
#5136 = CARTESIAN_POINT ( 'NONE',  ( 6.101063309670884394, 11.00099999999999945, -10.33113049121924476 ) ) ;
#5137 = SURFACE_SIDE_STYLE ('',( #3936 ) ) ;
#5138 = ORIENTED_EDGE ( 'NONE', *, *, #3139, .T. ) ;
#5139 = FILL_AREA_STYLE ('',( #1504 ) ) ;
#5140 = DIRECTION ( 'NONE',  ( -0.000000000000000000, -1.000000000000000000, -0.000000000000000000 ) ) ;
#5141 = FILL_AREA_STYLE ('',( #1975 ) ) ;
#5142 = VERTEX_POINT ( 'NONE', #4013 ) ;
#5143 = STYLED_ITEM ( 'NONE', ( #4892 ), #4485 ) ;
#5144 = ORIENTED_EDGE ( 'NONE', *, *, #4646, .T. ) ;
#5145 = FACE_OUTER_BOUND ( 'NONE', #1943, .T. ) ;
#5146 = EDGE_CURVE ( 'NONE', #2421, #1800, #1630, .T. ) ;
#5147 = COLOUR_RGB ( '',0.8431372549019607865, 0.8156862745098039102, 0.7529411764705882248 ) ;
#5148 = LINE ( 'NONE', #1150, #1826 ) ;
#5149 = LINE ( 'NONE', #3177, #1640 ) ;
#5150 = ADVANCED_FACE ( 'NONE', ( #438 ), #2020, .F. ) ;
#5151 = CARTESIAN_POINT ( 'NONE',  ( 6.058508073491268853, 11.00099999999999945, -10.02833425214861762 ) ) ;
#5152 =( LENGTH_UNIT ( ) NAMED_UNIT ( * ) SI_UNIT ( .MILLI., .METRE. ) );
#5153 = ORIENTED_EDGE ( 'NONE', *, *, #4015, .T. ) ;
#5154 = CARTESIAN_POINT ( 'NONE',  ( 0.000000000000000000, 1.500000000000000000, 15.99999999999998934 ) ) ;
#5155 = CARTESIAN_POINT ( 'NONE',  ( -5.080000000000000071, -2.000000000000000000, 15.23999999999999844 ) ) ;
#5156 = VECTOR ( 'NONE', #4404, 1000.000000000000000 ) ;
#5157 = CARTESIAN_POINT ( 'NONE',  ( -12.00000000000000533, 0.000000000000000000, -17.00000000000001066 ) ) ;
#5158 = DIRECTION ( 'NONE',  ( 0.000000000000000000, -1.000000000000000000, 0.000000000000000000 ) ) ;
#5159 = STYLED_ITEM ( 'NONE', ( #2508 ), #2381 ) ;
#5160 = AXIS2_PLACEMENT_3D ( 'NONE', #4754, #1886, #3863 ) ;
#5161 = ORIENTED_EDGE ( 'NONE', *, *, #5146, .F. ) ;
#5162 = VERTEX_POINT ( 'NONE', #3579 ) ;
#5163 = LINE ( 'NONE', #1928, #2841 ) ;
#5164 = EDGE_CURVE ( 'NONE', #3790, #2585, #3984, .T. ) ;
ENDSEC;
END-ISO-10303-21;
