ISO-10303-21;
HEADER;
FILE_DESCRIPTION (( 'STEP AP214' ),
    '1' );
FILE_NAME ('CAP_ALU_THT_2P5_6D3_7H.STEP',
    '2026-07-21T03:45:48',
    ( '' ),
    ( '' ),
    'SwSTEP 2.0',
    'SolidWorks 2021',
    '' );
FILE_SCHEMA (( 'AUTOMOTIVE_DESIGN' ));
ENDSEC;

DATA;
#1 = ORIENTED_EDGE ( 'NONE', *, *, #1924, .T. ) ;
#2 = PRESENTATION_STYLE_ASSIGNMENT (( #2981 ) ) ;
#3 = COLOUR_RGB ( '',0.7803921568627451011, 0.7607843137254901578, 0.7411764705882353255 ) ;
#4 = FILL_AREA_STYLE ('',( #1184 ) ) ;
#5 = ORIENTED_EDGE ( 'NONE', *, *, #2005, .T. ) ;
#6 = CARTESIAN_POINT ( 'NONE',  ( -1.300000000002538014, 1.698619543633039797E-11, 1.519868415380635662 ) ) ;
#7 = COLOUR_RGB ( '',0.9411764705882352811, 0.9411764705882352811, 0.7843137254901960675 ) ;
#8 =( GEOMETRIC_REPRESENTATION_CONTEXT ( 3 ) GLOBAL_UNCERTAINTY_ASSIGNED_CONTEXT ( ( #1351 ) ) GLOBAL_UNIT_ASSIGNED_CONTEXT ( ( #1453, #1002, #820 ) ) REPRESENTATION_CONTEXT ( 'NONE', 'WORKASPACE' ) );
#9 = STYLED_ITEM ( 'NONE', ( #1315 ), #2859 ) ;
#10 = DIRECTION ( 'NONE',  ( -1.000000000000000000, -1.588574611672152064E-16, 0.000000000000000000 ) ) ;
#11 = CARTESIAN_POINT ( 'NONE',  ( -3.229999999999888516, 2.699137674597358760, 0.000000000000000000 ) ) ;
#12 = CARTESIAN_POINT ( 'NONE',  ( 3.229999999999887628, 3.000000000000000000, 3.955609161245813664E-16 ) ) ;
#13 = FILL_AREA_STYLE_COLOUR ( '', #2940 ) ;
#14 = CARTESIAN_POINT ( 'NONE',  ( 1.249999999988084864, 0.5000000000169866343, 8.948484741729069290E-12 ) ) ;
#15 = ADVANCED_FACE ( 'NONE', ( #1839 ), #1369, .T. ) ;
#16 = EDGE_CURVE ( 'NONE', #2492, #1375, #2835, .T. ) ;
#17 =( NAMED_UNIT ( * ) SI_UNIT ( $, .STERADIAN. ) SOLID_ANGLE_UNIT ( ) );
#18 = VERTEX_POINT ( 'NONE', #2741 ) ;
#19 = CARTESIAN_POINT ( 'NONE',  ( 0.6449999999880847712, 0.5000000000169865233, 8.948558832860419195E-12 ) ) ;
#20 = PRESENTATION_LAYER_ASSIGNMENT (  '', '', ( #2550 ) ) ;
#21 = CARTESIAN_POINT ( 'NONE',  ( 2.634156549370319400, 7.020000000000001350, -1.000986470549987351 ) ) ;
#22 = DIRECTION ( 'NONE',  ( 1.000000000000000000, 1.532441233204257924E-16, -0.000000000000000000 ) ) ;
#23 = DIRECTION ( 'NONE',  ( -1.224646799147353207E-16, -1.876699251125017208E-32, 1.000000000000000000 ) ) ;
#24 = CARTESIAN_POINT ( 'NONE',  ( -1.854999999999999982, 0.5000000000169860792, 7.409113134841484056E-17 ) ) ;
#25 = CARTESIAN_POINT ( 'NONE',  ( 2.662901488215213330, 2.045782207793644503, 1.005620676432110727 ) ) ;
#26 = VECTOR ( 'NONE', #2787, 1000.000000000000000 ) ;
#27 = EDGE_CURVE ( 'NONE', #1247, #2881, #2292, .T. ) ;
#28 = PRESENTATION_LAYER_ASSIGNMENT (  '', '', ( #2893 ) ) ;
#29 = PRODUCT_DEFINITION ( 'UNKNOWN', '', #549, #2027 ) ;
#30 = AXIS2_PLACEMENT_3D ( 'NONE', #320, #527, #740 ) ;
#31 = ORIENTED_EDGE ( 'NONE', *, *, #1865, .T. ) ;
#32 = SURFACE_STYLE_FILL_AREA ( #1674 ) ;
#33 = AXIS2_PLACEMENT_3D ( 'NONE', #2867, #89, #296 ) ;
#34 = ORIENTED_EDGE ( 'NONE', *, *, #1005, .T. ) ;
#35 = PRESENTATION_LAYER_ASSIGNMENT (  '', '', ( #1163 ) ) ;
#36 = FILL_AREA_STYLE_COLOUR ( '', #1965 ) ;
#37 = SURFACE_SIDE_STYLE ('',( #2821 ) ) ;
#38 = DIRECTION ( 'NONE',  ( 1.532441233204257924E-16, -1.000000000000000000, -0.000000000000000000 ) ) ;
#39 = CYLINDRICAL_SURFACE ( 'NONE', #597, 2.209999999999999964 ) ;
#40 = EDGE_CURVE ( 'NONE', #131, #466, #891, .T. ) ;
#41 =( NAMED_UNIT ( * ) PLANE_ANGLE_UNIT ( ) SI_UNIT ( $, .RADIAN. ) );
#42 = CYLINDRICAL_SURFACE ( 'NONE', #2415, 0.2999999999999994893 ) ;
#43 = CARTESIAN_POINT ( 'NONE',  ( 3.250000000048111737, 1.750000000007507328, 3.980102097287818252E-16 ) ) ;
#44 = ORIENTED_EDGE ( 'NONE', *, *, #702, .F. ) ;
#45 = SURFACE_STYLE_USAGE ( .BOTH. , #2112 ) ;
#46 = AXIS2_PLACEMENT_3D ( 'NONE', #372, #591, #120 ) ;
#47 = MECHANICAL_DESIGN_GEOMETRIC_PRESENTATION_REPRESENTATION (  '', ( #280 ), #2767 ) ;
#48 = AXIS2_PLACEMENT_3D ( 'NONE', #391, #637, #2083 ) ;
#49 = CARTESIAN_POINT ( 'NONE',  ( 3.062502682191477366, 2.487196443263145706, 1.005969514123681297 ) ) ;
#50 = CARTESIAN_POINT ( 'NONE',  ( 1.249999999988084864, 0.3000000000000002109, 8.948484741729069290E-12 ) ) ;
#51 = LINE ( 'NONE', #298, #169 ) ;
#52 = EDGE_CURVE ( 'NONE', #2562, #683, #2086, .T. ) ;
#53 = DIRECTION ( 'NONE',  ( -1.532441233204257924E-16, 1.000000000000000000, -0.000000000000000000 ) ) ;
#54 = CARTESIAN_POINT ( 'NONE',  ( -1.405000000002576188, 1.698614946309340270E-11, 1.291888153077042745 ) ) ;
#55 = VECTOR ( 'NONE', #2365, 1000.000000000000000 ) ;
#56 = CYLINDRICAL_SURFACE ( 'NONE', #2722, 0.2500000000000011102 ) ;
#57 = DIRECTION ( 'NONE',  ( 1.532441233204257924E-16, -1.000000000000000000, 0.000000000000000000 ) ) ;
#58 = UNCERTAINTY_MEASURE_WITH_UNIT (LENGTH_MEASURE( 1.000000000000000082E-05 ), #235, 'distance_accuracy_value', 'NONE');
#59 = DIRECTION ( 'NONE',  ( 1.000000000000000000, 1.626303258706339630E-16, 0.000000000000000000 ) ) ;
#60 = ORIENTED_EDGE ( 'NONE', *, *, #2704, .F. ) ;
#61 = FILL_AREA_STYLE ('',( #951 ) ) ;
#62 = FILL_AREA_STYLE ('',( #36 ) ) ;
#63 = CARTESIAN_POINT ( 'NONE',  ( 2.953985764720142182, 6.857586091571330478, -1.004770128066479140 ) ) ;
#64 = EDGE_CURVE ( 'NONE', #1375, #308, #1667, .T. ) ;
#65 = DIRECTION ( 'NONE',  ( 1.000000000000000000, 1.532441233204257924E-16, 0.000000000000000000 ) ) ;
#66 = STYLED_ITEM ( 'NONE', ( #1766 ), #2113 ) ;
#67 = SURFACE_STYLE_USAGE ( .BOTH. , #1951 ) ;
#68 = AXIS2_PLACEMENT_3D ( 'NONE', #2554, #23, #491 ) ;
#69 = CIRCLE ( 'NONE', #649, 0.2500000000000011102 ) ;
#70 = CARTESIAN_POINT ( 'NONE',  ( 1.104999999961677082, 0.5000000000169866343, 1.291888153105984038 ) ) ;
#71 = CARTESIAN_POINT ( 'NONE',  ( 1.249999999988084864, 0.5000000000169866343, 8.948484741729069290E-12 ) ) ;
#72 = ORIENTED_EDGE ( 'NONE', *, *, #1345, .F. ) ;
#73 = AXIS2_PLACEMENT_3D ( 'NONE', #3012, #701, #1227 ) ;
#74 = EDGE_CURVE ( 'NONE', #131, #415, #2345, .T. ) ;
#75 = FILL_AREA_STYLE_COLOUR ( '', #1505 ) ;
#76 = COLOUR_RGB ( '',0.2509803921568627416, 0.2509803921568627416, 0.2509803921568627416 ) ;
#77 = PRESENTATION_LAYER_ASSIGNMENT (  '', '', ( #1921 ) ) ;
#78 = MECHANICAL_DESIGN_GEOMETRIC_PRESENTATION_REPRESENTATION (  '', ( #862 ), #2855 ) ;
#79 = DIRECTION ( 'NONE',  ( -1.532441233204257924E-16, 1.000000000000000000, -0.000000000000000000 ) ) ;
#80 =( NAMED_UNIT ( * ) SI_UNIT ( $, .STERADIAN. ) SOLID_ANGLE_UNIT ( ) );
#81 = LINE ( 'NONE', #1723, #90 ) ;
#82 = DIRECTION ( 'NONE',  ( -1.000000000000000000, -1.532441233189115246E-16, 0.000000000000000000 ) ) ;
#83 = UNCERTAINTY_MEASURE_WITH_UNIT (LENGTH_MEASURE( 1.000000000000000082E-05 ), #923, 'distance_accuracy_value', 'NONE');
#84 = EDGE_LOOP ( 'NONE', ( #2286, #208, #2098, #1911 ) ) ;
#85 = SURFACE_STYLE_FILL_AREA ( #2861 ) ;
#86 = AXIS2_PLACEMENT_3D ( 'NONE', #420, #1824, #2536 ) ;
#87 = VERTEX_POINT ( 'NONE', #2024 ) ;
#88 = FILL_AREA_STYLE_COLOUR ( '', #1698 ) ;
#89 = DIRECTION ( 'NONE',  ( 1.532441233204257924E-16, -1.000000000000000000, 0.000000000000000000 ) ) ;
#90 = VECTOR ( 'NONE', #1017, 1000.000000000000000 ) ;
#91 = DIRECTION ( 'NONE',  ( -1.532441233204257924E-16, 1.000000000000000000, -0.000000000000000000 ) ) ;
#92 = COLOUR_RGB ( '',0.2509803921568627416, 0.2509803921568627416, 0.2509803921568627416 ) ;
#93 = CARTESIAN_POINT ( 'NONE',  ( -0.3839745961999998514, 0.2999999999999999334, 0.4999999999999996669 ) ) ;
#94 = CARTESIAN_POINT ( 'NONE',  ( 3.006383963011525218, 1.143274964370375235, -1.005447080443204078 ) ) ;
#95 = CARTESIAN_POINT ( 'NONE',  ( 1.138461538446605248, 1.698662911719939217E-11, -0.9937601177706731903 ) ) ;
#96 = AXIS2_PLACEMENT_3D ( 'NONE', #2883, #91, #800 ) ;
#97 = PRESENTATION_STYLE_ASSIGNMENT (( #1256 ) ) ;
#98 = AXIS2_PLACEMENT_3D ( 'NONE', #1039, #1713, #2661 ) ;
#99 = ORIENTED_EDGE ( 'NONE', *, *, #1996, .F. ) ;
#100 = MECHANICAL_DESIGN_GEOMETRIC_PRESENTATION_REPRESENTATION (  '', ( #9 ), #792 ) ;
#101 = EDGE_LOOP ( 'NONE', ( #2114, #993, #2301, #2226, #1601 ) ) ;
#102 = ORIENTED_EDGE ( 'NONE', *, *, #837, .F. ) ;
#103 = EDGE_CURVE ( 'NONE', #2184, #2339, #1622, .T. ) ;
#104 = DIRECTION ( 'NONE',  ( 0.000000000000000000, 0.7071067811865489050, 0.7071067811865461294 ) ) ;
#105 = CARTESIAN_POINT ( 'NONE',  ( 1.849999999988084287, 1.100000000016986723, 8.948558220537019075E-12 ) ) ;
#106 = SURFACE_STYLE_FILL_AREA ( #344 ) ;
#107 = CARTESIAN_POINT ( 'NONE',  ( -3.875754856977294780E-16, 2.699137674597359204, 0.000000000000000000 ) ) ;
#108 =( NAMED_UNIT ( * ) PLANE_ANGLE_UNIT ( ) SI_UNIT ( $, .RADIAN. ) );
#109 = DIRECTION ( 'NONE',  ( 0.000000000000000000, 0.000000000000000000, 1.000000000000000000 ) ) ;
#110 = MECHANICAL_DESIGN_GEOMETRIC_PRESENTATION_REPRESENTATION (  '', ( #2008 ), #2840 ) ;
#111 = UNCERTAINTY_MEASURE_WITH_UNIT (LENGTH_MEASURE( 1.000000000000000082E-05 ), #681, 'distance_accuracy_value', 'NONE');
#112 = AXIS2_PLACEMENT_3D ( 'NONE', #1063, #1748, #1994 ) ;
#113 = VERTEX_POINT ( 'NONE', #942 ) ;
#114 = CARTESIAN_POINT ( 'NONE',  ( -2.298661850066694036E-17, 0.1500000000169864345, 0.000000000000000000 ) ) ;
#115 = SURFACE_STYLE_FILL_AREA ( #2497 ) ;
#116 = EDGE_CURVE ( 'NONE', #731, #2865, #920, .T. ) ;
#117 = EDGE_LOOP ( 'NONE', ( #217, #1747, #918, #467 ) ) ;
#118 = FACE_OUTER_BOUND ( 'NONE', #1731, .T. ) ;
#119 =( NAMED_UNIT ( * ) PLANE_ANGLE_UNIT ( ) SI_UNIT ( $, .RADIAN. ) );
#120 = DIRECTION ( 'NONE',  ( -1.000000000000000000, 0.000000000000000000, 0.000000000000000000 ) ) ;
#121 = VECTOR ( 'NONE', #1687, 1000.000000000000000 ) ;
#122 = CARTESIAN_POINT ( 'NONE',  ( 2.558865826058712489, 1.750000000037728265, -1.007326007058092499 ) ) ;
#123 = VERTEX_POINT ( 'NONE', #492 ) ;
#124 = PRESENTATION_STYLE_ASSIGNMENT (( #2238 ) ) ;
#125 = CARTESIAN_POINT ( 'NONE',  ( 2.913146566281294092, 1.259396760694972306, -1.004869495305777072 ) ) ;
#126 = SURFACE_SIDE_STYLE ('',( #2213 ) ) ;
#127 = PRESENTATION_LAYER_ASSIGNMENT (  '', '', ( #1879 ) ) ;
#128 = ORIENTED_EDGE ( 'NONE', *, *, #869, .F. ) ;
#129 = DIRECTION ( 'NONE',  ( 1.000000000000000000, 1.532441233204257924E-16, 0.000000000000000000 ) ) ;
#130 = SURFACE_SIDE_STYLE ('',( #115 ) ) ;
#131 = VERTEX_POINT ( 'NONE', #1372 ) ;
#132 = CARTESIAN_POINT ( 'NONE',  ( -1.854999999999999982, 1.100000000016986279, 7.409113134841484056E-17 ) ) ;
#133 = ORIENTED_EDGE ( 'NONE', *, *, #373, .T. ) ;
#134 = DIRECTION ( 'NONE',  ( -1.532441233204257924E-16, 1.000000000000000000, -0.000000000000000000 ) ) ;
#135 =( LENGTH_UNIT ( ) NAMED_UNIT ( * ) SI_UNIT ( .MILLI., .METRE. ) );
#136 =( LENGTH_UNIT ( ) NAMED_UNIT ( * ) SI_UNIT ( .MILLI., .METRE. ) );
#137 = COLOUR_RGB ( '',0.9411764705882352811, 0.9411764705882352811, 0.7843137254901960675 ) ;
#138 = ADVANCED_FACE ( 'NONE', ( #1422 ), #2320, .F. ) ;
#139 = MECHANICAL_DESIGN_GEOMETRIC_PRESENTATION_REPRESENTATION (  '', ( #2766 ), #1028 ) ;
#140 = MECHANICAL_DESIGN_GEOMETRIC_PRESENTATION_REPRESENTATION (  '', ( #2380 ), #2577 ) ;
#141 = VECTOR ( 'NONE', #828, 1000.000000000000000 ) ;
#142 = UNCERTAINTY_MEASURE_WITH_UNIT (LENGTH_MEASURE( 1.000000000000000082E-05 ), #282, 'distance_accuracy_value', 'NONE');
#143 =( NAMED_UNIT ( * ) PLANE_ANGLE_UNIT ( ) SI_UNIT ( $, .RADIAN. ) );
#144 = COLOUR_RGB ( '',0.9411764705882352811, 0.9411764705882352811, 0.7843137254901960675 ) ;
#145 = EDGE_LOOP ( 'NONE', ( #1272, #309, #2765, #904 ) ) ;
#146 = DIRECTION ( 'NONE',  ( 1.000000000000000000, 0.000000000000000000, 0.000000000000000000 ) ) ;
#147 = AXIS2_PLACEMENT_3D ( 'NONE', #894, #664, #2526 ) ;
#148 = ADVANCED_FACE ( 'NONE', ( #2056 ), #1404, .T. ) ;
#149 = CARTESIAN_POINT ( 'NONE',  ( -1.250000000000000222, 1.100000000016986279, 0.000000000000000000 ) ) ;
#150 = CARTESIAN_POINT ( 'NONE',  ( 2.625391116436230021, 1.509456635413121139, -1.006275609211988664 ) ) ;
#151 = CARTESIAN_POINT ( 'NONE',  ( 3.101190910811567392, 0.8786954509278747105, -1.006086030002200093 ) ) ;
#152 = EDGE_CURVE ( 'NONE', #466, #131, #2188, .T. ) ;
#153 = FILL_AREA_STYLE_COLOUR ( '', #3 ) ;
#154 = ADVANCED_FACE ( 'NONE', ( #555 ), #56, .T. ) ;
#155 = PLANE ( 'NONE',  #2589 ) ;
#156 = ORIENTED_EDGE ( 'NONE', *, *, #1513, .T. ) ;
#157 =( GEOMETRIC_REPRESENTATION_CONTEXT ( 3 ) GLOBAL_UNCERTAINTY_ASSIGNED_CONTEXT ( ( #161 ) ) GLOBAL_UNIT_ASSIGNED_CONTEXT ( ( #340, #1273, #2902 ) ) REPRESENTATION_CONTEXT ( 'NONE', 'WORKASPACE' ) );
#158 = EDGE_CURVE ( 'NONE', #948, #1147, #2841, .T. ) ;
#159 = DIRECTION ( 'NONE',  ( 0.000000000000000000, 1.000000000000000000, 0.000000000000000000 ) ) ;
#160 = PRESENTATION_LAYER_ASSIGNMENT (  '', '', ( #2054 ) ) ;
#161 = UNCERTAINTY_MEASURE_WITH_UNIT (LENGTH_MEASURE( 1.000000000000000082E-05 ), #340, 'distance_accuracy_value', 'NONE');
#162 = EDGE_CURVE ( 'NONE', #2675, #325, #524, .T. ) ;
#163 = CARTESIAN_POINT ( 'NONE',  ( 2.725761954234033446, 0.2258662714004595062, 1.003282146189962587 ) ) ;
#164 = CIRCLE ( 'NONE', #557, 2.599137674657252983 ) ;
#165 = DIRECTION ( 'NONE',  ( 1.532441233204257924E-16, -1.000000000000000000, 0.000000000000000000 ) ) ;
#166 = DIRECTION ( 'NONE',  ( 1.532441233204257924E-16, -1.000000000000000000, -0.000000000000000000 ) ) ;
#167 = DIRECTION ( 'NONE',  ( 1.000000000000000000, 0.000000000000000000, 0.000000000000000000 ) ) ;
#168 =( NAMED_UNIT ( * ) SI_UNIT ( $, .STERADIAN. ) SOLID_ANGLE_UNIT ( ) );
#169 = VECTOR ( 'NONE', #519, 1000.000000000000000 ) ;
#170 = AXIS2_PLACEMENT_3D ( 'NONE', #1328, #845, #1560 ) ;
#171 = MECHANICAL_DESIGN_GEOMETRIC_PRESENTATION_REPRESENTATION (  '', ( #312 ), #455 ) ;
#172 = UNCERTAINTY_MEASURE_WITH_UNIT (LENGTH_MEASURE( 1.000000000000000082E-05 ), #2464, 'distance_accuracy_value', 'NONE');
#173 = CARTESIAN_POINT ( 'NONE',  ( -7.662206166281596461E-17, 0.5000000000169864123, 0.000000000000000000 ) ) ;
#174 = COLOUR_RGB ( '',0.9411764705882352811, 0.9411764705882352811, 0.7843137254901960675 ) ;
#175 = EDGE_LOOP ( 'NONE', ( #2738, #1347, #2203, #880 ) ) ;
#176 = DIRECTION ( 'NONE',  ( 1.532441233204257924E-16, -1.000000000000000000, 0.000000000000000000 ) ) ;
#177 = CARTESIAN_POINT ( 'NONE',  ( -2.599137674657252983, 0.1700000000169855918, 0.000000000000000000 ) ) ;
#178 = CARTESIAN_POINT ( 'NONE',  ( -1.405000000002576188, 1.698614946309340270E-11, 1.291888153077042745 ) ) ;
#179 = EDGE_LOOP ( 'NONE', ( #1813, #429, #1982, #1364 ) ) ;
#180 =( LENGTH_UNIT ( ) NAMED_UNIT ( * ) SI_UNIT ( .MILLI., .METRE. ) );
#181 = SURFACE_STYLE_USAGE ( .BOTH. , #226 ) ;
#182 = SURFACE_STYLE_USAGE ( .BOTH. , #1623 ) ;
#183 = CARTESIAN_POINT ( 'NONE',  ( -4.336808689942017736E-16, 1.750000000007506884, 0.000000000000000000 ) ) ;
#184 =( GEOMETRIC_REPRESENTATION_CONTEXT ( 3 ) GLOBAL_UNCERTAINTY_ASSIGNED_CONTEXT ( ( #192 ) ) GLOBAL_UNIT_ASSIGNED_CONTEXT ( ( #2596, #283, #1030 ) ) REPRESENTATION_CONTEXT ( 'NONE', 'WORKASPACE' ) );
#185 = FILL_AREA_STYLE ('',( #2285 ) ) ;
#186 = VERTEX_POINT ( 'NONE', #530 ) ;
#187 = ORIENTED_EDGE ( 'NONE', *, *, #2074, .T. ) ;
#188 = CARTESIAN_POINT ( 'NONE',  ( 1.499999999988085753, 0.5000000000169867453, 8.948515357899047829E-12 ) ) ;
#189 = CARTESIAN_POINT ( 'NONE',  ( 2.558865828393642072, 1.710933473026139851, 1.007326001141171767 ) ) ;
#190 =( NAMED_UNIT ( * ) SI_UNIT ( $, .STERADIAN. ) SOLID_ANGLE_UNIT ( ) );
#191 = EDGE_CURVE ( 'NONE', #1038, #2171, #1460, .T. ) ;
#192 = UNCERTAINTY_MEASURE_WITH_UNIT (LENGTH_MEASURE( 1.000000000000000082E-05 ), #2596, 'distance_accuracy_value', 'NONE');
#193 = PRESENTATION_LAYER_ASSIGNMENT (  '', '', ( #1659 ) ) ;
#194 = CARTESIAN_POINT ( 'NONE',  ( 2.792270903850012420, 1.337640652731401758, -1.003826515171030831 ) ) ;
#195 = ORIENTED_EDGE ( 'NONE', *, *, #1032, .F. ) ;
#196 = SURFACE_STYLE_FILL_AREA ( #2264 ) ;
#197 = PRESENTATION_STYLE_ASSIGNMENT (( #181 ) ) ;
#198 = DIRECTION ( 'NONE',  ( -1.000000000000000000, -1.532441233191934930E-16, 0.000000000000000000 ) ) ;
#199 = CARTESIAN_POINT ( 'NONE',  ( -1.250000000000000222, 1.100000000016986279, 0.000000000000000000 ) ) ;
#200 = CARTESIAN_POINT ( 'NONE',  ( 1.249999999988084642, 0.8500000000169867231, 8.948484741729069290E-12 ) ) ;
#201 = APPLICATION_PROTOCOL_DEFINITION ( 'draft international standard', 'automotive_design', 1998, #1209 ) ;
#202 = ORIENTED_EDGE ( 'NONE', *, *, #1371, .T. ) ;
#203 = STYLED_ITEM ( 'NONE', ( #197 ), #15 ) ;
#204 = DIRECTION ( 'NONE',  ( 1.000000000000000000, 0.000000000000000000, 0.000000000000000000 ) ) ;
#205 = ADVANCED_FACE ( 'NONE', ( #1555 ), #209, .F. ) ;
#206 = VERTEX_POINT ( 'NONE', #1168 ) ;
#207 =( GEOMETRIC_REPRESENTATION_CONTEXT ( 3 ) GLOBAL_UNCERTAINTY_ASSIGNED_CONTEXT ( ( #1699 ) ) GLOBAL_UNIT_ASSIGNED_CONTEXT ( ( #2104, #469, #1610 ) ) REPRESENTATION_CONTEXT ( 'NONE', 'WORKASPACE' ) );
#208 = ORIENTED_EDGE ( 'NONE', *, *, #1851, .T. ) ;
#209 = PLANE ( 'NONE',  #240 ) ;
#210 = SURFACE_SIDE_STYLE ('',( #2293 ) ) ;
#211 = CARTESIAN_POINT ( 'NONE',  ( 2.879768427202169967, 6.921501684624114858, 1.003958023736784888 ) ) ;
#212 = LINE ( 'NONE', #944, #907 ) ;
#213 = VECTOR ( 'NONE', #1348, 1000.000000000000000 ) ;
#214 = DIRECTION ( 'NONE',  ( -1.000000000000000000, -1.342665229084262458E-16, 0.000000000000000000 ) ) ;
#215 =( GEOMETRIC_REPRESENTATION_CONTEXT ( 3 ) GLOBAL_UNCERTAINTY_ASSIGNED_CONTEXT ( ( #1669 ) ) GLOBAL_UNIT_ASSIGNED_CONTEXT ( ( #486, #550, #2836 ) ) REPRESENTATION_CONTEXT ( 'NONE', 'WORKASPACE' ) );
#216 = SURFACE_STYLE_FILL_AREA ( #185 ) ;
#217 = ORIENTED_EDGE ( 'NONE', *, *, #2494, .T. ) ;
#218 = CIRCLE ( 'NONE', #1246, 0.2999999999999990452 ) ;
#219 = EDGE_LOOP ( 'NONE', ( #2731, #584, #2522, #1 ) ) ;
#220 = CARTESIAN_POINT ( 'NONE',  ( 2.599137674657252983, 0.1500000000169868231, 0.000000000000000000 ) ) ;
#221 = FILL_AREA_STYLE ('',( #1365 ) ) ;
#222 = FILL_AREA_STYLE_COLOUR ( '', #1502 ) ;
#223 = DIRECTION ( 'NONE',  ( 0.000000000000000000, 1.000000000000000000, 0.000000000000000000 ) ) ;
#224 = EDGE_LOOP ( 'NONE', ( #1635, #1088, #102, #682, #1120, #653 ) ) ;
#225 = FACE_OUTER_BOUND ( 'NONE', #2954, .T. ) ;
#226 = SURFACE_SIDE_STYLE ('',( #1805 ) ) ;
#227 = B_SPLINE_CURVE_WITH_KNOTS ( 'NONE', 3,
 ( #1093, #125, #94, #151, #1034, #1295, #859, #1979, #1310, #2193, #2239, #1760, #2909, #580, #1253, #331 ),
 .UNSPECIFIED., .F., .F.,
 ( 4, 2, 2, 2, 2, 2, 2, 4 ),
 ( 0.000000000000000000, 0.2500000000000009992, 0.5000000000000019984, 0.6250000000000024425, 0.6875000000000031086, 0.7187500000000031086, 0.7500000000000031086, 1.000000000000000000 ),
 .UNSPECIFIED. ) ;
#228 = STYLED_ITEM ( 'NONE', ( #2398 ), #148 ) ;
#229 = CARTESIAN_POINT ( 'NONE',  ( 2.955917552695882744, 1.321146278840344968, 3.619954969452490867E-16 ) ) ;
#230 = EDGE_CURVE ( 'NONE', #2540, #687, #1633, .T. ) ;
#231 = CARTESIAN_POINT ( 'NONE',  ( 0.000000000000000000, 0.000000000000000000, 0.000000000000000000 ) ) ;
#232 = FACE_OUTER_BOUND ( 'NONE', #638, .T. ) ;
#233 = SURFACE_STYLE_FILL_AREA ( #2781 ) ;
#234 = DIRECTION ( 'NONE',  ( -1.532441233204257924E-16, 1.000000000000000000, 0.000000000000000000 ) ) ;
#235 =( LENGTH_UNIT ( ) NAMED_UNIT ( * ) SI_UNIT ( .MILLI., .METRE. ) );
#236 = ORIENTED_EDGE ( 'NONE', *, *, #74, .F. ) ;
#237 = ORIENTED_EDGE ( 'NONE', *, *, #2705, .T. ) ;
#238 = CARTESIAN_POINT ( 'NONE',  ( 3.032076267913619727, 6.785873647610531911, 1.005627861488154418 ) ) ;
#239 = CARTESIAN_POINT ( 'NONE',  ( -2.605150096707545559E-17, 0.1700000000169864245, 0.000000000000000000 ) ) ;
#240 = AXIS2_PLACEMENT_3D ( 'NONE', #220, #2135, #1850 ) ;
#241 = EDGE_CURVE ( 'NONE', #2649, #1081, #1439, .T. ) ;
#242 = CARTESIAN_POINT ( 'NONE',  ( -2.599137674610394910, 2.699137674597358760, 0.000000000000000000 ) ) ;
#243 = PRESENTATION_STYLE_ASSIGNMENT (( #2583 ) ) ;
#244 = CARTESIAN_POINT ( 'NONE',  ( 1.138461538471349455, 1.698662911719939217E-11, 0.9937601177913476524 ) ) ;
#245 = CARTESIAN_POINT ( 'NONE',  ( 2.625244298112989760, 1.990294679112940779, 1.006277884527778665 ) ) ;
#246 = PRESENTATION_STYLE_ASSIGNMENT (( #2338 ) ) ;
#247 = ORIENTED_EDGE ( 'NONE', *, *, #2395, .T. ) ;
#248 = SURFACE_STYLE_FILL_AREA ( #1431 ) ;
#249 =( LENGTH_UNIT ( ) NAMED_UNIT ( * ) SI_UNIT ( .MILLI., .METRE. ) );
#250 = VERTEX_POINT ( 'NONE', #761 ) ;
#251 = EDGE_CURVE ( 'NONE', #123, #2184, #2011, .T. ) ;
#252 = COLOUR_RGB ( '',0.2509803921568627416, 0.2509803921568627416, 0.2509803921568627416 ) ;
#253 = CARTESIAN_POINT ( 'NONE',  ( 1.138461538446605248, 0.5000000000169866343, -0.9937601177706731903 ) ) ;
#254 = FACE_OUTER_BOUND ( 'NONE', #1099, .T. ) ;
#255 = FILL_AREA_STYLE_COLOUR ( '', #2624 ) ;
#256 = CARTESIAN_POINT ( 'NONE',  ( 0.9999999999880839763, -1.999999999983013144, 8.948484741729069290E-12 ) ) ;
#257 = AXIS2_PLACEMENT_3D ( 'NONE', #43, #2371, #991 ) ;
#258 = UNCERTAINTY_MEASURE_WITH_UNIT (LENGTH_MEASURE( 1.000000000000000082E-05 ), #1050, 'distance_accuracy_value', 'NONE');
#259 = CIRCLE ( 'NONE', #1586, 0.5999999999999996447 ) ;
#260 = CONICAL_SURFACE ( 'NONE', #512, 0.2500000000000002220, 0.7853981633974456145 ) ;
#261 = PRESENTATION_STYLE_ASSIGNMENT (( #1866 ) ) ;
#262 = DIRECTION ( 'NONE',  ( 1.000000000000000000, 1.792069706587610382E-16, 0.000000000000000000 ) ) ;
#263 = COLOUR_RGB ( '',0.000000000000000000, 0.5019607843137254832, 0.5019607843137254832 ) ;
#264 = EDGE_LOOP ( 'NONE', ( #2784, #34, #236, #2437 ) ) ;
#265 = DIRECTION ( 'NONE',  ( -1.532441233204257924E-16, 1.000000000000000000, -0.000000000000000000 ) ) ;
#266 = CYLINDRICAL_SURFACE ( 'NONE', #678, 2.200000000000000178 ) ;
#267 = CARTESIAN_POINT ( 'NONE',  ( -1.404999999975045322, 1.698614946309339947E-11, -1.291888153094606473 ) ) ;
#268 = DIRECTION ( 'NONE',  ( -1.000000000000000000, 0.000000000000000000, 0.000000000000000000 ) ) ;
#269 = SURFACE_STYLE_USAGE ( .BOTH. , #37 ) ;
#270 = FILL_AREA_STYLE ('',( #2873 ) ) ;
#271 = SURFACE_STYLE_FILL_AREA ( #2631 ) ;
#272 = CARTESIAN_POINT ( 'NONE',  ( -1.250000000000000000, 0.5000000000169861902, 0.000000000000000000 ) ) ;
#273 = MANIFOLD_SURFACE_SHAPE_REPRESENTATION ( 'CAP_ALU_THT_2P5_6D3_7H', ( #2831, #1668 ), #1143 ) ;
#274 = PRESENTATION_STYLE_ASSIGNMENT (( #1193 ) ) ;
#275 = ORIENTED_EDGE ( 'NONE', *, *, #685, .F. ) ;
#276 =( LENGTH_UNIT ( ) NAMED_UNIT ( * ) SI_UNIT ( .MILLI., .METRE. ) );
#277 = AXIS2_PLACEMENT_3D ( 'NONE', #2448, #2425, #146 ) ;
#278 = CARTESIAN_POINT ( 'NONE',  ( -3.250000000048112625, 1.750000000007506440, 0.000000000000000000 ) ) ;
#279 = STYLED_ITEM ( 'NONE', ( #1320 ), #520 ) ;
#280 = STYLED_ITEM ( 'NONE', ( #1542 ), #815 ) ;
#281 = AXIS2_PLACEMENT_3D ( 'NONE', #1719, #1477, #1061 ) ;
#282 =( LENGTH_UNIT ( ) NAMED_UNIT ( * ) SI_UNIT ( .MILLI., .METRE. ) );
#283 =( NAMED_UNIT ( * ) PLANE_ANGLE_UNIT ( ) SI_UNIT ( $, .RADIAN. ) );
#284 = FILL_AREA_STYLE ('',( #2598 ) ) ;
#285 = FILL_AREA_STYLE ('',( #2601 ) ) ;
#286 = SURFACE_STYLE_FILL_AREA ( #1917 ) ;
#287 = CIRCLE ( 'NONE', #1993, 0.2999999999999994893 ) ;
#288 =( LENGTH_UNIT ( ) NAMED_UNIT ( * ) SI_UNIT ( .MILLI., .METRE. ) );
#289 = EDGE_CURVE ( 'NONE', #3010, #1062, #1334, .T. ) ;
#290 = DIRECTION ( 'NONE',  ( -1.532441233204257924E-16, 1.000000000000000000, -0.000000000000000000 ) ) ;
#291 = DIRECTION ( 'NONE',  ( 1.000000000000000000, 1.532441233204257924E-16, -0.000000000000000000 ) ) ;
#292 = DIRECTION ( 'NONE',  ( -1.000000000000000000, -1.532441233204257924E-16, 0.000000000000000000 ) ) ;
#293 = VERTEX_POINT ( 'NONE', #1429 ) ;
#294 = SURFACE_SIDE_STYLE ('',( #248 ) ) ;
#295 = LINE ( 'NONE', #2832, #1655 ) ;
#296 = DIRECTION ( 'NONE',  ( 1.000000000000000000, 0.000000000000000000, 0.000000000000000000 ) ) ;
#297 = SURFACE_SIDE_STYLE ('',( #1913 ) ) ;
#298 = CARTESIAN_POINT ( 'NONE',  ( 1.138461538471349455, 1.698662911719939217E-11, 0.9937601177913476524 ) ) ;
#299 = VECTOR ( 'NONE', #2606, 1000.000000000000000 ) ;
#300 = CARTESIAN_POINT ( 'NONE',  ( -0.3839745962000001289, 0.2999999999999999334, 0.5000000000000000000 ) ) ;
#301 = FACE_OUTER_BOUND ( 'NONE', #1822, .T. ) ;
#302 = AXIS2_PLACEMENT_3D ( 'NONE', #698, #1862, #2093 ) ;
#303 = AXIS2_PLACEMENT_3D ( 'NONE', #1135, #2782, #919 ) ;
#304 = FILL_AREA_STYLE ('',( #974 ) ) ;
#305 = ORIENTED_EDGE ( 'NONE', *, *, #936, .F. ) ;
#306 = FACE_OUTER_BOUND ( 'NONE', #1462, .T. ) ;
#307 = STYLED_ITEM ( 'NONE', ( #1123 ), #423 ) ;
#308 = VERTEX_POINT ( 'NONE', #2079 ) ;
#309 = ORIENTED_EDGE ( 'NONE', *, *, #2871, .F. ) ;
#310 = AXIS2_PLACEMENT_3D ( 'NONE', #1646, #1217, #1907 ) ;
#311 = PLANE ( 'NONE',  #1303 ) ;
#312 = STYLED_ITEM ( 'NONE', ( #725 ), #1650 ) ;
#313 = CIRCLE ( 'NONE', #2418, 2.209999999999999964 ) ;
#314 = CARTESIAN_POINT ( 'NONE',  ( 2.638613826141078089, 1.488136588879474198, -1.006049704738844364 ) ) ;
#315 = MECHANICAL_DESIGN_GEOMETRIC_PRESENTATION_REPRESENTATION (  '', ( #2314 ), #1012 ) ;
#316 = CARTESIAN_POINT ( 'NONE',  ( 2.209999999999999076, 6.919999999999999929, 2.706469426115650265E-16 ) ) ;
#317 = PRESENTATION_STYLE_ASSIGNMENT (( #2397 ) ) ;
#318 = FILL_AREA_STYLE_COLOUR ( '', #387 ) ;
#319 = DIRECTION ( 'NONE',  ( 1.000000000000000000, 0.000000000000000000, 0.000000000000000000 ) ) ;
#320 = CARTESIAN_POINT ( 'NONE',  ( 1.249999999988084864, 1.698662911719939217E-11, 8.948484741729069290E-12 ) ) ;
#321 = EDGE_CURVE ( 'NONE', #362, #556, #956, .T. ) ;
#322 = UNCERTAINTY_MEASURE_WITH_UNIT (LENGTH_MEASURE( 1.000000000000000082E-05 ), #1428, 'distance_accuracy_value', 'NONE');
#323 = ORIENTED_EDGE ( 'NONE', *, *, #1127, .T. ) ;
#324 = VERTEX_POINT ( 'NONE', #444 ) ;
#325 = VERTEX_POINT ( 'NONE', #1206 ) ;
#326 = DIRECTION ( 'NONE',  ( -1.000000000000000000, 0.000000000000000000, 0.000000000000000000 ) ) ;
#327 = DIRECTION ( 'NONE',  ( 1.000000000000000000, 0.000000000000000000, 0.000000000000000000 ) ) ;
#328 = PRESENTATION_STYLE_ASSIGNMENT (( #1495 ) ) ;
#329 =( GEOMETRIC_REPRESENTATION_CONTEXT ( 3 ) GLOBAL_UNCERTAINTY_ASSIGNED_CONTEXT ( ( #870 ) ) GLOBAL_UNIT_ASSIGNED_CONTEXT ( ( #2194, #801, #1893 ) ) REPRESENTATION_CONTEXT ( 'NONE', 'WORKASPACE' ) );
#330 = MECHANICAL_DESIGN_GEOMETRIC_PRESENTATION_REPRESENTATION (  '', ( #1894 ), #2431 ) ;
#331 = CARTESIAN_POINT ( 'NONE',  ( 2.399065787306115638, 0.1500000000169863235, -0.9999999999999993339 ) ) ;
#332 = FILL_AREA_STYLE_COLOUR ( '', #473 ) ;
#333 = ADVANCED_FACE ( 'NONE', ( #476 ), #1806, .F. ) ;
#334 = FACE_OUTER_BOUND ( 'NONE', #2759, .T. ) ;
#335 = EDGE_CURVE ( 'NONE', #2949, #2636, #164, .T. ) ;
#336 = STYLED_ITEM ( 'NONE', ( #766 ), #2635 ) ;
#337 = ORIENTED_EDGE ( 'NONE', *, *, #373, .F. ) ;
#338 = SURFACE_SIDE_STYLE ('',( #2435 ) ) ;
#339 = TOROIDAL_SURFACE ( 'NONE', #147, 2.599137674610394466, 0.6308623253894936056 ) ;
#340 =( LENGTH_UNIT ( ) NAMED_UNIT ( * ) SI_UNIT ( .MILLI., .METRE. ) );
#341 = ORIENTED_EDGE ( 'NONE', *, *, #52, .T. ) ;
#342 = ORIENTED_EDGE ( 'NONE', *, *, #1575, .F. ) ;
#343 = FACE_OUTER_BOUND ( 'NONE', #376, .T. ) ;
#344 = FILL_AREA_STYLE ('',( #2484 ) ) ;
#345 = CARTESIAN_POINT ( 'NONE',  ( 2.710498253128884372, 2.109855146878796717, -1.004965696471028958 ) ) ;
#346 = EDGE_CURVE ( 'NONE', #2578, #1171, #2847, .T. ) ;
#347 = CARTESIAN_POINT ( 'NONE',  ( 1.249999999988084642, 0.5000000000169867453, 8.948484741729069290E-12 ) ) ;
#348 =( NAMED_UNIT ( * ) SI_UNIT ( $, .STERADIAN. ) SOLID_ANGLE_UNIT ( ) );
#349 = FACE_OUTER_BOUND ( 'NONE', #1547, .T. ) ;
#350 = CIRCLE ( 'NONE', #2735, 2.967228416055593065 ) ;
#351 =( LENGTH_UNIT ( ) NAMED_UNIT ( * ) SI_UNIT ( .MILLI., .METRE. ) );
#352 = UNCERTAINTY_MEASURE_WITH_UNIT (LENGTH_MEASURE( 1.000000000000000082E-05 ), #1754, 'distance_accuracy_value', 'NONE');
#353 = CIRCLE ( 'NONE', #2403, 0.2500000000000011102 ) ;
#354 = ORIENTED_EDGE ( 'NONE', *, *, #335, .F. ) ;
#355 = CARTESIAN_POINT ( 'NONE',  ( -4.336808689942017736E-16, 1.750000000007506884, 0.000000000000000000 ) ) ;
#356 = SURFACE_STYLE_USAGE ( .BOTH. , #2202 ) ;
#357 = DIRECTION ( 'NONE',  ( -1.000000000000000000, -1.467161587773894943E-16, 0.000000000000000000 ) ) ;
#358 = SURFACE_STYLE_USAGE ( .BOTH. , #2935 ) ;
#359 = EDGE_CURVE ( 'NONE', #2171, #2487, #2197, .T. ) ;
#360 = AXIS2_PLACEMENT_3D ( 'NONE', #1751, #2927, #2460 ) ;
#361 =( GEOMETRIC_REPRESENTATION_CONTEXT ( 3 ) GLOBAL_UNCERTAINTY_ASSIGNED_CONTEXT ( ( #322 ) ) GLOBAL_UNIT_ASSIGNED_CONTEXT ( ( #1428, #2796, #1181 ) ) REPRESENTATION_CONTEXT ( 'NONE', 'WORKASPACE' ) );
#362 = VERTEX_POINT ( 'NONE', #19 ) ;
#363 = PRESENTATION_STYLE_ASSIGNMENT (( #787 ) ) ;
#364 = FILL_AREA_STYLE_COLOUR ( '', #1160 ) ;
#365 = AXIS2_PLACEMENT_3D ( 'NONE', #1709, #553, #1479 ) ;
#366 = CIRCLE ( 'NONE', #2067, 0.5999999999999999778 ) ;
#367 = DIRECTION ( 'NONE',  ( 1.532441233204257924E-16, -1.000000000000000000, 0.000000000000000000 ) ) ;
#368 = CARTESIAN_POINT ( 'NONE',  ( -1.060449333377346473E-15, 6.919999999999999929, 0.000000000000000000 ) ) ;
#369 = ORIENTED_EDGE ( 'NONE', *, *, #2494, .F. ) ;
#370 = LINE ( 'NONE', #2233, #875 ) ;
#371 = DIRECTION ( 'NONE',  ( 1.000000000000000000, 0.000000000000000000, 0.000000000000000000 ) ) ;
#372 = CARTESIAN_POINT ( 'NONE',  ( 1.249999999988085086, -1.999999999983013144, 8.948484741729069290E-12 ) ) ;
#373 = EDGE_CURVE ( 'NONE', #822, #1836, #2973, .T. ) ;
#374 =( NAMED_UNIT ( * ) SI_UNIT ( $, .STERADIAN. ) SOLID_ANGLE_UNIT ( ) );
#375 = ORIENTED_EDGE ( 'NONE', *, *, #191, .T. ) ;
#376 = EDGE_LOOP ( 'NONE', ( #1956, #593, #2995, #195 ) ) ;
#377 = CARTESIAN_POINT ( 'NONE',  ( -7.662206166281596461E-17, 0.5000000000169864123, 0.000000000000000000 ) ) ;
#378 =( GEOMETRIC_REPRESENTATION_CONTEXT ( 3 ) GLOBAL_UNCERTAINTY_ASSIGNED_CONTEXT ( ( #2122 ) ) GLOBAL_UNIT_ASSIGNED_CONTEXT ( ( #2290, #447, #1154 ) ) REPRESENTATION_CONTEXT ( 'NONE', 'WORKASPACE' ) );
#379 = MECHANICAL_DESIGN_GEOMETRIC_PRESENTATION_REPRESENTATION (  '', ( #1556 ), #480 ) ;
#380 =( NAMED_UNIT ( * ) SI_UNIT ( $, .STERADIAN. ) SOLID_ANGLE_UNIT ( ) );
#381 = UNCERTAINTY_MEASURE_WITH_UNIT (LENGTH_MEASURE( 1.000000000000000082E-05 ), #1023, 'distance_accuracy_value', 'NONE');
#382 = LINE ( 'NONE', #2014, #388 ) ;
#383 = EDGE_CURVE ( 'NONE', #2881, #640, #1679, .T. ) ;
#384 = ORIENTED_EDGE ( 'NONE', *, *, #1314, .T. ) ;
#385 = COLOUR_RGB ( '',0.000000000000000000, 0.5019607843137254832, 0.5019607843137254832 ) ;
#386 = ORIENTED_EDGE ( 'NONE', *, *, #1565, .F. ) ;
#387 = COLOUR_RGB ( '',0.7803921568627451011, 0.7607843137254901578, 0.7411764705882353255 ) ;
#388 = VECTOR ( 'NONE', #2947, 1000.000000000000000 ) ;
#389 = SURFACE_STYLE_USAGE ( .BOTH. , #825 ) ;
#390 = SURFACE_SIDE_STYLE ('',( #106 ) ) ;
#391 = CARTESIAN_POINT ( 'NONE',  ( -7.662206166281596461E-17, 0.5000000000169864123, 0.000000000000000000 ) ) ;
#392 = CARTESIAN_POINT ( 'NONE',  ( 2.792270903850012420, 1.337640652731401758, -1.003826515171030831 ) ) ;
#393 = CARTESIAN_POINT ( 'NONE',  ( 1.249999999988084642, 0.5000000000169867453, 8.948484741729069290E-12 ) ) ;
#394 = SURFACE_STYLE_FILL_AREA ( #1528 ) ;
#395 = FACE_OUTER_BOUND ( 'NONE', #2183, .T. ) ;
#396 = LINE ( 'NONE', #630, #1958 ) ;
#397 = VERTEX_POINT ( 'NONE', #2774 ) ;
#398 = AXIS2_PLACEMENT_3D ( 'NONE', #2763, #1628, #2299 ) ;
#399 = STYLED_ITEM ( 'NONE', ( #243 ), #657 ) ;
#400 = CARTESIAN_POINT ( 'NONE',  ( -1.250000000000000222, 0.5000000000169863013, 0.000000000000000000 ) ) ;
#401 = UNCERTAINTY_MEASURE_WITH_UNIT (LENGTH_MEASURE( 1.000000000000000082E-05 ), #1527, 'distance_accuracy_value', 'NONE');
#402 = CARTESIAN_POINT ( 'NONE',  ( 2.545433995791104742, 0.1609497341003227056, 1.001648588871832724 ) ) ;
#403 = ORIENTED_EDGE ( 'NONE', *, *, #1318, .F. ) ;
#404 = FILL_AREA_STYLE_COLOUR ( '', #1269 ) ;
#405 =( GEOMETRIC_REPRESENTATION_CONTEXT ( 3 ) GLOBAL_UNCERTAINTY_ASSIGNED_CONTEXT ( ( #2262 ) ) GLOBAL_UNIT_ASSIGNED_CONTEXT ( ( #437, #452, #1174 ) ) REPRESENTATION_CONTEXT ( 'NONE', 'WORKASPACE' ) );
#406 =( NAMED_UNIT ( * ) PLANE_ANGLE_UNIT ( ) SI_UNIT ( $, .RADIAN. ) );
#407 = DIRECTION ( 'NONE',  ( -1.532441233204257924E-16, 1.000000000000000000, -0.000000000000000000 ) ) ;
#408 = CIRCLE ( 'NONE', #1817, 0.3000000000231014541 ) ;
#409 = STYLED_ITEM ( 'NONE', ( #1932 ), #1579 ) ;
#410 = SURFACE_SIDE_STYLE ('',( #1358 ) ) ;
#411 =( NAMED_UNIT ( * ) SI_UNIT ( $, .STERADIAN. ) SOLID_ANGLE_UNIT ( ) );
#412 = EDGE_CURVE ( 'NONE', #2080, #397, #2557, .T. ) ;
#413 = LINE ( 'NONE', #12, #802 ) ;
#414 = ORIENTED_EDGE ( 'NONE', *, *, #241, .F. ) ;
#415 = VERTEX_POINT ( 'NONE', #485 ) ;
#416 = ORIENTED_EDGE ( 'NONE', *, *, #1537, .F. ) ;
#417 = PRESENTATION_STYLE_ASSIGNMENT (( #464 ) ) ;
#418 = CARTESIAN_POINT ( 'NONE',  ( -1.250000000000000222, 0.5000000000169863013, 0.2500000000000002220 ) ) ;
#419 = ORIENTED_EDGE ( 'NONE', *, *, #525, .T. ) ;
#420 = CARTESIAN_POINT ( 'NONE',  ( -3.250000000048112625, 1.750000000007506440, 0.000000000000000000 ) ) ;
#421 = CARTESIAN_POINT ( 'NONE',  ( 2.698485875551357438, 7.003463308108706542, 1.001805597907580170 ) ) ;
#422 = FACE_BOUND ( 'NONE', #2700, .T. ) ;
#423 = ADVANCED_FACE ( 'NONE', ( #2523 ), #2265, .T. ) ;
#424 = AXIS2_PLACEMENT_3D ( 'NONE', #733, #1745, #1059 ) ;
#425 = COLOUR_RGB ( '',0.2509803921568627416, 0.2509803921568627416, 0.2509803921568627416 ) ;
#426 = PRESENTATION_LAYER_ASSIGNMENT (  '', '', ( #2714 ) ) ;
#427 = DIRECTION ( 'NONE',  ( 1.532441233204257924E-16, -1.000000000000000000, 0.000000000000000000 ) ) ;
#428 = EDGE_LOOP ( 'NONE', ( #806, #2151 ) ) ;
#429 = ORIENTED_EDGE ( 'NONE', *, *, #495, .T. ) ;
#430 = CARTESIAN_POINT ( 'NONE',  ( -1.250000000000000222, 0.5000000000169863013, -0.2500000000000002220 ) ) ;
#431 = CARTESIAN_POINT ( 'NONE',  ( 0.3839745962000000179, 0.3000000000000000444, 0.5000000000000000000 ) ) ;
#432 =( NAMED_UNIT ( * ) PLANE_ANGLE_UNIT ( ) SI_UNIT ( $, .RADIAN. ) );
#433 = UNCERTAINTY_MEASURE_WITH_UNIT (LENGTH_MEASURE( 1.000000000000000082E-05 ), #901, 'distance_accuracy_value', 'NONE');
#434 = CARTESIAN_POINT ( 'NONE',  ( -0.6450000000000001288, 1.100000000016986279, 0.000000000000000000 ) ) ;
#435 = ORIENTED_EDGE ( 'NONE', *, *, #750, .T. ) ;
#436 = EDGE_LOOP ( 'NONE', ( #2421, #2243, #2591, #2454 ) ) ;
#437 =( LENGTH_UNIT ( ) NAMED_UNIT ( * ) SI_UNIT ( .MILLI., .METRE. ) );
#438 = DIRECTION ( 'NONE',  ( -1.000000000000000000, -1.532441233204257924E-16, -0.000000000000000000 ) ) ;
#439 = DIRECTION ( 'NONE',  ( 0.000000000000000000, 1.000000000000000000, 0.000000000000000000 ) ) ;
#440 = EDGE_CURVE ( 'NONE', #1898, #451, #2012, .T. ) ;
#441 = DIRECTION ( 'NONE',  ( -1.000000000000000000, -1.532441233189117464E-16, 0.000000000000000000 ) ) ;
#442 = ORIENTED_EDGE ( 'NONE', *, *, #885, .F. ) ;
#443 = CARTESIAN_POINT ( 'NONE',  ( -1.249999999999999778, -1.999999999983013588, 0.000000000000000000 ) ) ;
#444 = CARTESIAN_POINT ( 'NONE',  ( -1.405000000002576188, 0.5000000000169861902, 1.291888153077042745 ) ) ;
#445 = DIRECTION ( 'NONE',  ( -1.000000000000000000, -1.342665229084262458E-16, 0.000000000000000000 ) ) ;
#446 = MECHANICAL_DESIGN_GEOMETRIC_PRESENTATION_REPRESENTATION (  '', ( #2789 ), #2250 ) ;
#447 =( NAMED_UNIT ( * ) PLANE_ANGLE_UNIT ( ) SI_UNIT ( $, .RADIAN. ) );
#448 = ORIENTED_EDGE ( 'NONE', *, *, #1865, .F. ) ;
#449 = SURFACE_STYLE_USAGE ( .BOTH. , #210 ) ;
#450 = EDGE_CURVE ( 'NONE', #822, #2675, #1199, .T. ) ;
#451 = VERTEX_POINT ( 'NONE', #1677 ) ;
#452 =( NAMED_UNIT ( * ) PLANE_ANGLE_UNIT ( ) SI_UNIT ( $, .RADIAN. ) );
#453 = FILL_AREA_STYLE_COLOUR ( '', #2849 ) ;
#454 = PRESENTATION_LAYER_ASSIGNMENT (  '', '', ( #1441 ) ) ;
#455 =( GEOMETRIC_REPRESENTATION_CONTEXT ( 3 ) GLOBAL_UNCERTAINTY_ASSIGNED_CONTEXT ( ( #1153 ) ) GLOBAL_UNIT_ASSIGNED_CONTEXT ( ( #288, #1020, #1685 ) ) REPRESENTATION_CONTEXT ( 'NONE', 'WORKASPACE' ) );
#456 =( NAMED_UNIT ( * ) PLANE_ANGLE_UNIT ( ) SI_UNIT ( $, .RADIAN. ) );
#457 = SURFACE_STYLE_USAGE ( .BOTH. , #1165 ) ;
#458 = VECTOR ( 'NONE', #22, 1000.000000000000000 ) ;
#459 = COLOUR_RGB ( '',0.000000000000000000, 0.5019607843137254832, 0.5019607843137254832 ) ;
#460 = FACE_OUTER_BOUND ( 'NONE', #887, .T. ) ;
#461 = CARTESIAN_POINT ( 'NONE',  ( -3.532384888066400145E-12, 1.698641227676489507E-11, -4.129780285105910664E-12 ) ) ;
#462 = EDGE_LOOP ( 'NONE', ( #1414, #2169 ) ) ;
#463 = PLANE ( 'NONE',  #2948 ) ;
#464 = SURFACE_STYLE_USAGE ( .BOTH. , #2048 ) ;
#465 = EDGE_CURVE ( 'NONE', #2578, #113, #2214, .T. ) ;
#466 = VERTEX_POINT ( 'NONE', #2820 ) ;
#467 = ORIENTED_EDGE ( 'NONE', *, *, #2519, .T. ) ;
#468 =( LENGTH_UNIT ( ) NAMED_UNIT ( * ) SI_UNIT ( .MILLI., .METRE. ) );
#469 =( NAMED_UNIT ( * ) PLANE_ANGLE_UNIT ( ) SI_UNIT ( $, .RADIAN. ) );
#470 = DIRECTION ( 'NONE',  ( 1.000000000000000000, 1.478457507934778639E-16, 0.000000000000000000 ) ) ;
#471 = ADVANCED_FACE ( 'NONE', ( #2140 ), #1234, .T. ) ;
#472 =( NAMED_UNIT ( * ) SI_UNIT ( $, .STERADIAN. ) SOLID_ANGLE_UNIT ( ) );
#473 = COLOUR_RGB ( '',0.2509803921568627416, 0.2509803921568627416, 0.2509803921568627416 ) ;
#474 = CIRCLE ( 'NONE', #48, 2.200000000000000178 ) ;
#475 =( LENGTH_UNIT ( ) NAMED_UNIT ( * ) SI_UNIT ( .MILLI., .METRE. ) );
#476 = FACE_OUTER_BOUND ( 'NONE', #2829, .T. ) ;
#477 = ADVANCED_FACE ( 'NONE', ( #2868 ), #1553, .T. ) ;
#478 = VERTEX_POINT ( 'NONE', #518 ) ;
#479 = SURFACE_STYLE_USAGE ( .BOTH. , #545 ) ;
#480 =( GEOMETRIC_REPRESENTATION_CONTEXT ( 3 ) GLOBAL_UNCERTAINTY_ASSIGNED_CONTEXT ( ( #258 ) ) GLOBAL_UNIT_ASSIGNED_CONTEXT ( ( #1050, #819, #857 ) ) REPRESENTATION_CONTEXT ( 'NONE', 'WORKASPACE' ) );
#481 = DIRECTION ( 'NONE',  ( 0.000000000000000000, 0.000000000000000000, 1.000000000000000000 ) ) ;
#482 =( GEOMETRIC_REPRESENTATION_CONTEXT ( 3 ) GLOBAL_UNCERTAINTY_ASSIGNED_CONTEXT ( ( #2433 ) ) GLOBAL_UNIT_ASSIGNED_CONTEXT ( ( #1920, #2195, #1935 ) ) REPRESENTATION_CONTEXT ( 'NONE', 'WORKASPACE' ) );
#483 = SURFACE_STYLE_USAGE ( .BOTH. , #2801 ) ;
#484 = EDGE_LOOP ( 'NONE', ( #2610, #558, #2978, #817 ) ) ;
#485 = CARTESIAN_POINT ( 'NONE',  ( -2.730000000048498521, 1.750000000007506884, 0.000000000000000000 ) ) ;
#486 =( LENGTH_UNIT ( ) NAMED_UNIT ( * ) SI_UNIT ( .MILLI., .METRE. ) );
#487 = STYLED_ITEM ( 'NONE', ( #274 ), #205 ) ;
#488 = COLOUR_RGB ( '',0.000000000000000000, 0.5019607843137254832, 0.5019607843137254832 ) ;
#489 = FACE_OUTER_BOUND ( 'NONE', #2199, .T. ) ;
#490 = ADVANCED_FACE ( 'NONE', ( #1508 ), #1177, .T. ) ;
#491 = DIRECTION ( 'NONE',  ( 1.000000000000000000, 0.000000000000000000, 1.224646799147352714E-16 ) ) ;
#492 = CARTESIAN_POINT ( 'NONE',  ( 1.300000000009611911, 1.698662911719939217E-11, 1.519868415368542003 ) ) ;
#493 =( LENGTH_UNIT ( ) NAMED_UNIT ( * ) SI_UNIT ( .MILLI., .METRE. ) );
#494 = FACE_OUTER_BOUND ( 'NONE', #1381, .T. ) ;
#495 = EDGE_CURVE ( 'NONE', #2751, #1188, #1536, .T. ) ;
#496 = DIRECTION ( 'NONE',  ( -1.000000000000000000, -1.532441233204257924E-16, 0.000000000000000000 ) ) ;
#497 = DIRECTION ( 'NONE',  ( 1.532441233204257924E-16, -1.000000000000000000, 0.000000000000000000 ) ) ;
#498 = ORIENTED_EDGE ( 'NONE', *, *, #2778, .F. ) ;
#499 = FILL_AREA_STYLE_COLOUR ( '', #832 ) ;
#500 = CARTESIAN_POINT ( 'NONE',  ( 2.913305453310533366, 1.259293911706313773, 1.004870866270957119 ) ) ;
#501 = EDGE_LOOP ( 'NONE', ( #1490, #1599, #2660, #2283 ) ) ;
#502 = DIRECTION ( 'NONE',  ( -1.532441233204257924E-16, 1.000000000000000000, -0.000000000000000000 ) ) ;
#503 = SURFACE_STYLE_USAGE ( .BOTH. , #786 ) ;
#504 = MECHANICAL_DESIGN_GEOMETRIC_PRESENTATION_REPRESENTATION (  '', ( #399 ), #207 ) ;
#505 = COLOUR_RGB ( '',0.2509803921568627416, 0.2509803921568627416, 0.2509803921568627416 ) ;
#506 = SURFACE_STYLE_USAGE ( .BOTH. , #1226 ) ;
#507 = CARTESIAN_POINT ( 'NONE',  ( -4.336808689942017736E-16, 1.750000000007506884, 0.000000000000000000 ) ) ;
#508 =( LENGTH_UNIT ( ) NAMED_UNIT ( * ) SI_UNIT ( .MILLI., .METRE. ) );
#509 = AXIS2_PLACEMENT_3D ( 'NONE', #694, #954, #722 ) ;
#510 = UNCERTAINTY_MEASURE_WITH_UNIT (LENGTH_MEASURE( 1.000000000000000082E-05 ), #135, 'distance_accuracy_value', 'NONE');
#511 = AXIS2_PLACEMENT_3D ( 'NONE', #242, #1128, #2266 ) ;
#512 = AXIS2_PLACEMENT_3D ( 'NONE', #1333, #159, #2003 ) ;
#513 = STYLED_ITEM ( 'NONE', ( #522 ), #1977 ) ;
#514 = ORIENTED_EDGE ( 'NONE', *, *, #1417, .T. ) ;
#515 = DIRECTION ( 'NONE',  ( -1.000000000000000000, -1.334402673828359192E-16, 0.000000000000000000 ) ) ;
#516 = AXIS2_PLACEMENT_3D ( 'NONE', #2126, #502, #1464 ) ;
#517 = FILL_AREA_STYLE_COLOUR ( '', #1922 ) ;
#518 = CARTESIAN_POINT ( 'NONE',  ( 2.749999999999887201, 7.000000000000000000, 3.661693929450449052E-16 ) ) ;
#519 = DIRECTION ( 'NONE',  ( -1.532441233204258170E-16, 1.000000000000000000, -0.000000000000000000 ) ) ;
#520 = ADVANCED_FACE ( 'NONE', ( #2469 ), #1090, .T. ) ;
#521 = CARTESIAN_POINT ( 'NONE',  ( -1.850000000000000089, 1.100000000016986279, 0.000000000000000000 ) ) ;
#522 = PRESENTATION_STYLE_ASSIGNMENT (( #2618 ) ) ;
#523 = FILL_AREA_STYLE ('',( #332 ) ) ;
#524 = LINE ( 'NONE', #2623, #2879 ) ;
#525 = EDGE_CURVE ( 'NONE', #2916, #1616, #1741, .T. ) ;
#526 = PRODUCT_CONTEXT ( 'NONE', #1209, 'mechanical' ) ;
#527 = DIRECTION ( 'NONE',  ( -1.532441233204257924E-16, 1.000000000000000000, -0.000000000000000000 ) ) ;
#528 = ADVANCED_FACE ( 'NONE', ( #868 ), #2712, .F. ) ;
#529 = SURFACE_SIDE_STYLE ('',( #963 ) ) ;
#530 = CARTESIAN_POINT ( 'NONE',  ( 2.200000000000000178, 0.1700000000169867576, 0.000000000000000000 ) ) ;
#531 = EDGE_LOOP ( 'NONE', ( #1278, #2181, #514, #1847, #5, #2300, #1854 ) ) ;
#532 = DIRECTION ( 'NONE',  ( -1.000000000000000000, -1.532441233204257924E-16, 0.000000000000000000 ) ) ;
#533 = STYLED_ITEM ( 'NONE', ( #317 ), #755 ) ;
#534 = COLOUR_RGB ( '',0.7803921568627451011, 0.7607843137254901578, 0.7411764705882353255 ) ;
#535 = DIRECTION ( 'NONE',  ( -1.532441233204257924E-16, 1.000000000000000000, -0.000000000000000000 ) ) ;
#536 = CARTESIAN_POINT ( 'NONE',  ( 2.792270903850726516, 2.162359347284128930, -1.003826515171267753 ) ) ;
#537 = CARTESIAN_POINT ( 'NONE',  ( 2.701056679997550170, 7.006160255013443638, -1.001832253955343033 ) ) ;
#538 = CIRCLE ( 'NONE', #2235, 0.6308623253800214048 ) ;
#539 =( NAMED_UNIT ( * ) PLANE_ANGLE_UNIT ( ) SI_UNIT ( $, .RADIAN. ) );
#540 = AXIS2_PLACEMENT_3D ( 'NONE', #2961, #427, #680 ) ;
#541 = SURFACE_SIDE_STYLE ('',( #2645 ) ) ;
#542 = CYLINDRICAL_SURFACE ( 'NONE', #360, 1.000000000046203930 ) ;
#543 = UNCERTAINTY_MEASURE_WITH_UNIT (LENGTH_MEASURE( 1.000000000000000082E-05 ), #468, 'distance_accuracy_value', 'NONE');
#544 = ORIENTED_EDGE ( 'NONE', *, *, #158, .F. ) ;
#545 = SURFACE_SIDE_STYLE ('',( #1869 ) ) ;
#546 = ORIENTED_EDGE ( 'NONE', *, *, #2639, .F. ) ;
#547 = SURFACE_SIDE_STYLE ('',( #835 ) ) ;
#548 = PRESENTATION_STYLE_ASSIGNMENT (( #2375 ) ) ;
#549 = PRODUCT_DEFINITION_FORMATION_WITH_SPECIFIED_SOURCE ( 'ANY', '', #1518, .NOT_KNOWN. ) ;
#550 =( NAMED_UNIT ( * ) PLANE_ANGLE_UNIT ( ) SI_UNIT ( $, .RADIAN. ) );
#551 = EDGE_CURVE ( 'NONE', #1081, #397, #1789, .T. ) ;
#552 = SURFACE_STYLE_FILL_AREA ( #285 ) ;
#553 = DIRECTION ( 'NONE',  ( 0.000000000000000000, 1.000000000000000000, 0.000000000000000000 ) ) ;
#554 = DIRECTION ( 'NONE',  ( 0.000000000000000000, 0.000000000000000000, 1.000000000000000000 ) ) ;
#555 = FACE_OUTER_BOUND ( 'NONE', #2878, .T. ) ;
#556 = VERTEX_POINT ( 'NONE', #2097 ) ;
#557 = AXIS2_PLACEMENT_3D ( 'NONE', #2281, #709, #1640 ) ;
#558 = ORIENTED_EDGE ( 'NONE', *, *, #335, .T. ) ;
#559 = ORIENTED_EDGE ( 'NONE', *, *, #1454, .F. ) ;
#560 = CIRCLE ( 'NONE', #1683, 0.2500000000000011102 ) ;
#561 = CARTESIAN_POINT ( 'NONE',  ( -0.6450000000000001288, 0.5000000000169863013, 0.000000000000000000 ) ) ;
#562 = PRESENTATION_LAYER_ASSIGNMENT (  '', '', ( #2016 ) ) ;
#563 =( GEOMETRIC_REPRESENTATION_CONTEXT ( 3 ) GLOBAL_UNCERTAINTY_ASSIGNED_CONTEXT ( ( #690 ) ) GLOBAL_UNIT_ASSIGNED_CONTEXT ( ( #1470, #1202, #2163 ) ) REPRESENTATION_CONTEXT ( 'NONE', 'WORKASPACE' ) );
#564 = DIRECTION ( 'NONE',  ( -1.000000000000000000, 0.000000000000000000, 0.000000000000000000 ) ) ;
#565 = SURFACE_SIDE_STYLE ('',( #2452 ) ) ;
#566 = MECHANICAL_DESIGN_GEOMETRIC_PRESENTATION_REPRESENTATION (  '', ( #1534 ), #764 ) ;
#567 = ADVANCED_FACE ( 'NONE', ( #1152 ), #2150, .T. ) ;
#568 = CARTESIAN_POINT ( 'NONE',  ( 2.558866346372196343, 1.789026538718107684, -1.007324685335134973 ) ) ;
#569 = EDGE_CURVE ( 'NONE', #2501, #1052, #1629, .T. ) ;
#570 = PRESENTATION_LAYER_ASSIGNMENT (  '', '', ( #862 ) ) ;
#571 = CARTESIAN_POINT ( 'NONE',  ( -1.250000000000000222, 0.5000000000169863013, 0.000000000000000000 ) ) ;
#572 = ORIENTED_EDGE ( 'NONE', *, *, #1140, .F. ) ;
#573 = DIRECTION ( 'NONE',  ( 1.000000000000000000, 1.478457507934778639E-16, 0.000000000000000000 ) ) ;
#574 = EDGE_CURVE ( 'NONE', #2546, #2492, #353, .T. ) ;
#575 = SURFACE_STYLE_FILL_AREA ( #1944 ) ;
#576 = PRESENTATION_STYLE_ASSIGNMENT (( #358 ) ) ;
#577 = PRESENTATION_LAYER_ASSIGNMENT (  '', '', ( #1891 ) ) ;
#578 = CIRCLE ( 'NONE', #2273, 0.2500000000000002220 ) ;
#579 = CIRCLE ( 'NONE', #1072, 2.749999999999888090 ) ;
#580 = CARTESIAN_POINT ( 'NONE',  ( 2.687787689867674246, 0.1946181009602503953, -1.002928654400332853 ) ) ;
#581 = SURFACE_SIDE_STYLE ('',( #2009 ) ) ;
#582 = CYLINDRICAL_SURFACE ( 'NONE', #659, 0.5999999999999997558 ) ;
#583 = PRESENTATION_LAYER_ASSIGNMENT (  '', '', ( #336 ) ) ;
#584 = ORIENTED_EDGE ( 'NONE', *, *, #103, .F. ) ;
#585 = FILL_AREA_STYLE_COLOUR ( '', #1562 ) ;
#586 =( NAMED_UNIT ( * ) SI_UNIT ( $, .STERADIAN. ) SOLID_ANGLE_UNIT ( ) );
#587 = ADVANCED_FACE ( 'NONE', ( #1618 ), #950, .T. ) ;
#588 = ORIENTED_EDGE ( 'NONE', *, *, #2945, .T. ) ;
#589 =( NAMED_UNIT ( * ) SI_UNIT ( $, .STERADIAN. ) SOLID_ANGLE_UNIT ( ) );
#590 = CARTESIAN_POINT ( 'NONE',  ( 0.9999999999880835322, 0.5000000000169867453, 8.948484741729069290E-12 ) ) ;
#591 = DIRECTION ( 'NONE',  ( -1.532441233204257924E-16, 1.000000000000000000, -0.000000000000000000 ) ) ;
#592 = PRESENTATION_STYLE_ASSIGNMENT (( #1265 ) ) ;
#593 = ORIENTED_EDGE ( 'NONE', *, *, #928, .T. ) ;
#594 = FILL_AREA_STYLE_COLOUR ( '', #425 ) ;
#595 = AXIS2_PLACEMENT_3D ( 'NONE', #889, #2548, #2280 ) ;
#596 =( GEOMETRIC_REPRESENTATION_CONTEXT ( 3 ) GLOBAL_UNCERTAINTY_ASSIGNED_CONTEXT ( ( #1271 ) ) GLOBAL_UNIT_ASSIGNED_CONTEXT ( ( #2029, #143, #586 ) ) REPRESENTATION_CONTEXT ( 'NONE', 'WORKASPACE' ) );
#597 = AXIS2_PLACEMENT_3D ( 'NONE', #2538, #2809, #724 ) ;
#598 = AXIS2_PLACEMENT_3D ( 'NONE', #1267, #1048, #1777 ) ;
#599 = ORIENTED_EDGE ( 'NONE', *, *, #738, .T. ) ;
#600 = CARTESIAN_POINT ( 'NONE',  ( -0.6500000000000002442, 0.8500000000169878334, 7.347880794884118997E-17 ) ) ;
#601 = DIRECTION ( 'NONE',  ( -1.000000000000000000, -1.532441233199774975E-16, 0.000000000000000000 ) ) ;
#602 = ORIENTED_EDGE ( 'NONE', *, *, #2818, .F. ) ;
#603 = CARTESIAN_POINT ( 'NONE',  ( -1.046657362275904943E-15, 7.000000000000000000, 0.000000000000000000 ) ) ;
#604 = VECTOR ( 'NONE', #866, 1000.000000000000000 ) ;
#605 = CARTESIAN_POINT ( 'NONE',  ( -1.300000000014894574, 1.698619543633039797E-11, -1.519868415374721504 ) ) ;
#606 = MECHANICAL_DESIGN_GEOMETRIC_PRESENTATION_REPRESENTATION (  '', ( #1682 ), #855 ) ;
#607 = AXIS2_PLACEMENT_3D ( 'NONE', #770, #1693, #2346 ) ;
#608 = ORIENTED_EDGE ( 'NONE', *, *, #2730, .T. ) ;
#609 = FILL_AREA_STYLE_COLOUR ( '', #2605 ) ;
#610 = SURFACE_STYLE_FILL_AREA ( #2897 ) ;
#611 = MECHANICAL_DESIGN_GEOMETRIC_PRESENTATION_REPRESENTATION (  '', ( #513 ), #2066 ) ;
#612 = CIRCLE ( 'NONE', #2309, 2.209999999999999964 ) ;
#613 = DIRECTION ( 'NONE',  ( 1.000000000000000000, 1.478457507934778639E-16, 0.000000000000000000 ) ) ;
#614 = PRESENTATION_LAYER_ASSIGNMENT (  '', '', ( #2314 ) ) ;
#615 = EDGE_CURVE ( 'NONE', #2946, #1230, #2932, .T. ) ;
#616 = ORIENTED_EDGE ( 'NONE', *, *, #2584, .F. ) ;
#617 = DIRECTION ( 'NONE',  ( 1.000000000000000000, 0.000000000000000000, 0.000000000000000000 ) ) ;
#618 = CYLINDRICAL_SURFACE ( 'NONE', #1758, 2.000000000020402791 ) ;
#619 = VERTEX_POINT ( 'NONE', #911 ) ;
#620 = VERTEX_POINT ( 'NONE', #677 ) ;
#621 = DIRECTION ( 'NONE',  ( 1.532441233204257924E-16, -1.000000000000000000, 0.000000000000000000 ) ) ;
#622 = PRESENTATION_STYLE_ASSIGNMENT (( #1717 ) ) ;
#623 = FILL_AREA_STYLE_COLOUR ( '', #782 ) ;
#624 = PRESENTATION_STYLE_ASSIGNMENT (( #2938 ) ) ;
#625 = PRESENTATION_STYLE_ASSIGNMENT (( #269 ) ) ;
#626 = MECHANICAL_DESIGN_GEOMETRIC_PRESENTATION_REPRESENTATION (  '', ( #779 ), #2579 ) ;
#627 = VECTOR ( 'NONE', #1341, 1000.000000000000000 ) ;
#628 = FILL_AREA_STYLE ('',( #2496 ) ) ;
#629 = DIRECTION ( 'NONE',  ( 1.000000000000000000, 1.532441233204257924E-16, -0.000000000000000000 ) ) ;
#630 = CARTESIAN_POINT ( 'NONE',  ( 3.090320009128491918, 3.000000000000000000, 1.006191950464397022 ) ) ;
#631 = TOROIDAL_SURFACE ( 'NONE', #1845, 3.250000000048112181, 0.4999999999996140310 ) ;
#632 = ORIENTED_EDGE ( 'NONE', *, *, #116, .F. ) ;
#633 = DIRECTION ( 'NONE',  ( -1.000000000000000000, 0.000000000000000000, 0.000000000000000000 ) ) ;
#634 = PRESENTATION_LAYER_ASSIGNMENT (  '', '', ( #1948 ) ) ;
#635 =( NAMED_UNIT ( * ) SI_UNIT ( $, .STERADIAN. ) SOLID_ANGLE_UNIT ( ) );
#636 =( NAMED_UNIT ( * ) SI_UNIT ( $, .STERADIAN. ) SOLID_ANGLE_UNIT ( ) );
#637 = DIRECTION ( 'NONE',  ( 1.532441233204257924E-16, -1.000000000000000000, 0.000000000000000000 ) ) ;
#638 = EDGE_LOOP ( 'NONE', ( #1722, #2574, #829, #1886 ) ) ;
#639 = DIRECTION ( 'NONE',  ( -1.532441233204258170E-16, 1.000000000000000000, -0.000000000000000000 ) ) ;
#640 = VERTEX_POINT ( 'NONE', #1402 ) ;
#641 = ADVANCED_FACE ( 'NONE', ( #254 ), #2317, .F. ) ;
#642 = FILL_AREA_STYLE ('',( #453 ) ) ;
#643 = AXIS2_PLACEMENT_3D ( 'NONE', #393, #1354, #167 ) ;
#644 = VECTOR ( 'NONE', #2794, 1000.000000000000000 ) ;
#645 = CARTESIAN_POINT ( 'NONE',  ( -1.250000000000000000, 1.100000000016986279, 0.000000000000000000 ) ) ;
#646 = DIRECTION ( 'NONE',  ( 1.000000000000000000, 1.626303258723121167E-16, 0.000000000000000000 ) ) ;
#647 = EDGE_LOOP ( 'NONE', ( #1992, #2064, #1367, #1767 ) ) ;
#648 = VERTEX_POINT ( 'NONE', #2762 ) ;
#649 = AXIS2_PLACEMENT_3D ( 'NONE', #347, #165, #1109 ) ;
#650 = LINE ( 'NONE', #1815, #604 ) ;
#651 = CARTESIAN_POINT ( 'NONE',  ( 2.710617975682299452, 1.390067982240132061, 1.004964028606616600 ) ) ;
#652 = DIRECTION ( 'NONE',  ( 0.000000000000000000, 0.000000000000000000, 1.000000000000000000 ) ) ;
#653 = ORIENTED_EDGE ( 'NONE', *, *, #1988, .F. ) ;
#654 = PRESENTATION_LAYER_ASSIGNMENT (  '', '', ( #2457 ) ) ;
#655 = SURFACE_STYLE_USAGE ( .BOTH. , #1121 ) ;
#656 = DIRECTION ( 'NONE',  ( -1.000000000000000000, -1.467161587773869059E-16, 0.000000000000000000 ) ) ;
#657 = ADVANCED_FACE ( 'NONE', ( #2297 ), #39, .F. ) ;
#658 =( NAMED_UNIT ( * ) SI_UNIT ( $, .STERADIAN. ) SOLID_ANGLE_UNIT ( ) );
#659 = AXIS2_PLACEMENT_3D ( 'NONE', #2228, #2010, #831 ) ;
#660 = MECHANICAL_DESIGN_GEOMETRIC_PRESENTATION_REPRESENTATION (  '', ( #1003 ), #1914 ) ;
#661 = DIRECTION ( 'NONE',  ( -1.532441233204258170E-16, 1.000000000000000000, -0.000000000000000000 ) ) ;
#662 = SURFACE_STYLE_FILL_AREA ( #2350 ) ;
#663 = ORIENTED_EDGE ( 'NONE', *, *, #2519, .F. ) ;
#664 = DIRECTION ( 'NONE',  ( -1.532441233204257924E-16, 1.000000000000000000, -0.000000000000000000 ) ) ;
#665 = FILL_AREA_STYLE ('',( #932 ) ) ;
#666 = ORIENTED_EDGE ( 'NONE', *, *, #1194, .F. ) ;
#667 = FACE_OUTER_BOUND ( 'NONE', #1739, .T. ) ;
#668 = ORIENTED_EDGE ( 'NONE', *, *, #1647, .F. ) ;
#669 = DIRECTION ( 'NONE',  ( 1.000000000000000000, 1.532441233204257924E-16, 0.000000000000000000 ) ) ;
#670 =( LENGTH_UNIT ( ) NAMED_UNIT ( * ) SI_UNIT ( .MILLI., .METRE. ) );
#671 = SURFACE_SIDE_STYLE ('',( #1802 ) ) ;
#672 = ORIENTED_EDGE ( 'NONE', *, *, #1694, .T. ) ;
#673 =( NAMED_UNIT ( * ) PLANE_ANGLE_UNIT ( ) SI_UNIT ( $, .RADIAN. ) );
#674 = ORIENTED_EDGE ( 'NONE', *, *, #495, .F. ) ;
#675 = DIRECTION ( 'NONE',  ( -1.532441233204258170E-16, 1.000000000000000000, -0.000000000000000000 ) ) ;
#676 = PLANE ( 'NONE',  #2215 ) ;
#677 = CARTESIAN_POINT ( 'NONE',  ( 0.6449999999880847712, 1.100000000016986723, 8.948558832860419195E-12 ) ) ;
#678 = AXIS2_PLACEMENT_3D ( 'NONE', #2360, #1210, #2576 ) ;
#679 = AXIS2_PLACEMENT_3D ( 'NONE', #2068, #871, #2050 ) ;
#680 = DIRECTION ( 'NONE',  ( 1.000000000000000000, 1.532441233201873838E-16, 0.000000000000000000 ) ) ;
#681 =( LENGTH_UNIT ( ) NAMED_UNIT ( * ) SI_UNIT ( .MILLI., .METRE. ) );
#682 = ORIENTED_EDGE ( 'NONE', *, *, #2818, .T. ) ;
#683 = VERTEX_POINT ( 'NONE', #1810 ) ;
#684 = SURFACE_STYLE_USAGE ( .BOTH. , #2980 ) ;
#685 = EDGE_CURVE ( 'NONE', #1130, #2329, #2295, .T. ) ;
#686 =( GEOMETRIC_REPRESENTATION_CONTEXT ( 3 ) GLOBAL_UNCERTAINTY_ASSIGNED_CONTEXT ( ( #1098 ) ) GLOBAL_UNIT_ASSIGNED_CONTEXT ( ( #276, #2152, #2799 ) ) REPRESENTATION_CONTEXT ( 'NONE', 'WORKASPACE' ) );
#687 = VERTEX_POINT ( 'NONE', #229 ) ;
#688 =( LENGTH_UNIT ( ) NAMED_UNIT ( * ) SI_UNIT ( .MILLI., .METRE. ) );
#689 = DIRECTION ( 'NONE',  ( 1.532441233204257924E-16, -1.000000000000000000, 0.000000000000000000 ) ) ;
#690 = UNCERTAINTY_MEASURE_WITH_UNIT (LENGTH_MEASURE( 1.000000000000000082E-05 ), #1470, 'distance_accuracy_value', 'NONE');
#691 = STYLED_ITEM ( 'NONE', ( #1033 ), #2718 ) ;
#692 = ORIENTED_EDGE ( 'NONE', *, *, #2945, .F. ) ;
#693 = DIRECTION ( 'NONE',  ( 0.000000000000000000, 1.000000000000000000, 0.000000000000000000 ) ) ;
#694 = CARTESIAN_POINT ( 'NONE',  ( -1.072708863242980596E-15, 7.000000000000000000, 0.000000000000000000 ) ) ;
#695 = DIRECTION ( 'NONE',  ( 0.000000000000000000, 0.000000000000000000, -1.000000000000000000 ) ) ;
#696 =( LENGTH_UNIT ( ) NAMED_UNIT ( * ) SI_UNIT ( .MILLI., .METRE. ) );
#697 = CARTESIAN_POINT ( 'NONE',  ( -9.731001830821004050E-16, 6.519999999999999574, 0.000000000000000000 ) ) ;
#698 = CARTESIAN_POINT ( 'NONE',  ( -1.049722244742313277E-15, 7.020000000000000462, 0.000000000000000000 ) ) ;
#699 = EDGE_LOOP ( 'NONE', ( #1155, #2750 ) ) ;
#700 = EDGE_CURVE ( 'NONE', #1660, #478, #1376, .T. ) ;
#701 = DIRECTION ( 'NONE',  ( -1.532441233204257924E-16, 1.000000000000000000, -0.000000000000000000 ) ) ;
#702 = EDGE_CURVE ( 'NONE', #648, #809, #1762, .T. ) ;
#703 = CIRCLE ( 'NONE', #2930, 0.4799999999999999822 ) ;
#704 = AXIS2_PLACEMENT_3D ( 'NONE', #2565, #234, #2769 ) ;
#705 = DIRECTION ( 'NONE',  ( 0.000000000000000000, -0.000000000000000000, -1.000000000000000000 ) ) ;
#706 = ORIENTED_EDGE ( 'NONE', *, *, #383, .F. ) ;
#707 =( NAMED_UNIT ( * ) PLANE_ANGLE_UNIT ( ) SI_UNIT ( $, .RADIAN. ) );
#708 = ORIENTED_EDGE ( 'NONE', *, *, #1867, .F. ) ;
#709 = DIRECTION ( 'NONE',  ( -1.532441233204257924E-16, 1.000000000000000000, -0.000000000000000000 ) ) ;
#710 = AXIS2_PLACEMENT_3D ( 'NONE', #14, #2355, #262 ) ;
#711 = AXIS2_PLACEMENT_3D ( 'NONE', #2931, #2828, #2354 ) ;
#712 = CIRCLE ( 'NONE', #30, 1.000000000046203930 ) ;
#713 = AXIS2_PLACEMENT_3D ( 'NONE', #841, #1279, #2427 ) ;
#714 = DIRECTION ( 'NONE',  ( 1.532441233204257924E-16, -1.000000000000000000, 0.000000000000000000 ) ) ;
#715 = DIRECTION ( 'NONE',  ( -1.532441233204257924E-16, 1.000000000000000000, 0.000000000000000000 ) ) ;
#716 = FILL_AREA_STYLE ('',( #404 ) ) ;
#717 =( GEOMETRIC_REPRESENTATION_CONTEXT ( 3 ) GLOBAL_UNCERTAINTY_ASSIGNED_CONTEXT ( ( #846 ) ) GLOBAL_UNIT_ASSIGNED_CONTEXT ( ( #1568, #1819, #1630 ) ) REPRESENTATION_CONTEXT ( 'NONE', 'WORKASPACE' ) );
#718 =( LENGTH_UNIT ( ) NAMED_UNIT ( * ) SI_UNIT ( .MILLI., .METRE. ) );
#719 = DIRECTION ( 'NONE',  ( 0.000000000000000000, 1.000000000000000000, 0.000000000000000000 ) ) ;
#720 = ORIENTED_EDGE ( 'NONE', *, *, #2525, .T. ) ;
#721 = FILL_AREA_STYLE_COLOUR ( '', #459 ) ;
#722 = DIRECTION ( 'NONE',  ( -1.000000000000000000, 0.000000000000000000, 0.000000000000000000 ) ) ;
#723 = CARTESIAN_POINT ( 'NONE',  ( 1.299999999984964516, 1.698662911719939217E-11, -1.519868415394278971 ) ) ;
#724 = DIRECTION ( 'NONE',  ( -1.000000000000000000, 0.000000000000000000, 0.000000000000000000 ) ) ;
#725 = PRESENTATION_STYLE_ASSIGNMENT (( #1905 ) ) ;
#726 =( GEOMETRIC_REPRESENTATION_CONTEXT ( 3 ) GLOBAL_UNCERTAINTY_ASSIGNED_CONTEXT ( ( #795 ) ) GLOBAL_UNIT_ASSIGNED_CONTEXT ( ( #984, #2154, #1415 ) ) REPRESENTATION_CONTEXT ( 'NONE', 'WORKASPACE' ) );
#727 = MECHANICAL_DESIGN_GEOMETRIC_PRESENTATION_REPRESENTATION (  '', ( #976 ), #2815 ) ;
#728 = CARTESIAN_POINT ( 'NONE',  ( -1.046657362275904943E-15, 7.000000000000000000, 0.000000000000000000 ) ) ;
#729 = ORIENTED_EDGE ( 'NONE', *, *, #700, .T. ) ;
#730 =( NAMED_UNIT ( * ) SI_UNIT ( $, .STERADIAN. ) SOLID_ANGLE_UNIT ( ) );
#731 = VERTEX_POINT ( 'NONE', #11 ) ;
#732 = CARTESIAN_POINT ( 'NONE',  ( -1.250000000000000222, 0.5000000000169863013, 0.000000000000000000 ) ) ;
#733 = CARTESIAN_POINT ( 'NONE',  ( -9.731001830821004050E-16, 6.519999999999999574, 0.000000000000000000 ) ) ;
#734 = MECHANICAL_DESIGN_GEOMETRIC_PRESENTATION_REPRESENTATION (  '', ( #2585 ), #1463 ) ;
#735 = LINE ( 'NONE', #723, #1483 ) ;
#736 = CARTESIAN_POINT ( 'NONE',  ( -3.229999999999888516, 2.999999999999999112, 0.000000000000000000 ) ) ;
#737 = DIRECTION ( 'NONE',  ( 0.000000000000000000, 1.000000000000000000, 0.000000000000000000 ) ) ;
#738 = EDGE_CURVE ( 'NONE', #1056, #324, #1420, .T. ) ;
#739 =( NAMED_UNIT ( * ) PLANE_ANGLE_UNIT ( ) SI_UNIT ( $, .RADIAN. ) );
#740 = DIRECTION ( 'NONE',  ( 1.000000000000000000, 1.532441233191934930E-16, 0.000000000000000000 ) ) ;
#741 = DIRECTION ( 'NONE',  ( -1.532441233204257924E-16, 1.000000000000000000, 0.000000000000000000 ) ) ;
#742 = ORIENTED_EDGE ( 'NONE', *, *, #1345, .T. ) ;
#743 = CARTESIAN_POINT ( 'NONE',  ( 2.399065787306115638, 0.1500000000169863235, -0.9999999999999993339 ) ) ;
#744 = COLOUR_RGB ( '',0.2509803921568627416, 0.2509803921568627416, 0.2509803921568627416 ) ;
#745 = CIRCLE ( 'NONE', #1232, 0.5999999999999997558 ) ;
#746 = DIRECTION ( 'NONE',  ( -1.532441233204257924E-16, 1.000000000000000000, 0.000000000000000000 ) ) ;
#747 = CARTESIAN_POINT ( 'NONE',  ( 3.090320009128491918, 2.699137674597359648, -1.006191950464396134 ) ) ;
#748 = TOROIDAL_SURFACE ( 'NONE', #1960, 3.250000000048112181, 0.5199999999996141042 ) ;
#749 = SURFACE_STYLE_FILL_AREA ( #284 ) ;
#750 = EDGE_CURVE ( 'NONE', #2521, #1836, #81, .T. ) ;
#751 = DIRECTION ( 'NONE',  ( -1.532441233204257924E-16, 1.000000000000000000, -0.000000000000000000 ) ) ;
#752 = DIRECTION ( 'NONE',  ( -1.000000000000000000, -1.532441233204257924E-16, 0.000000000000000000 ) ) ;
#753 = SURFACE_SIDE_STYLE ('',( #1452 ) ) ;
#754 = FILL_AREA_STYLE ('',( #318 ) ) ;
#755 = ADVANCED_FACE ( 'NONE', ( #301 ), #1215, .T. ) ;
#756 = CIRCLE ( 'NONE', #2654, 0.2999999999999994893 ) ;
#757 =( GEOMETRIC_REPRESENTATION_CONTEXT ( 3 ) GLOBAL_UNCERTAINTY_ASSIGNED_CONTEXT ( ( #543 ) ) GLOBAL_UNIT_ASSIGNED_CONTEXT ( ( #468, #2742, #658 ) ) REPRESENTATION_CONTEXT ( 'NONE', 'WORKASPACE' ) );
#758 = CIRCLE ( 'NONE', #511, 0.6308623253894933836 ) ;
#759 = CIRCLE ( 'NONE', #310, 1.000000000023102409 ) ;
#760 = DIRECTION ( 'NONE',  ( -1.000000000000000000, -1.564271945446980294E-16, 0.000000000000000000 ) ) ;
#761 = CARTESIAN_POINT ( 'NONE',  ( -3.229999999999888960, 6.519999999999998685, 0.000000000000000000 ) ) ;
#762 = CARTESIAN_POINT ( 'NONE',  ( 2.599137674657252983, 0.8008623253970079681, 3.183025633812299079E-16 ) ) ;
#763 = MECHANICAL_DESIGN_GEOMETRIC_PRESENTATION_REPRESENTATION (  '', ( #1921 ), #1590 ) ;
#764 =( GEOMETRIC_REPRESENTATION_CONTEXT ( 3 ) GLOBAL_UNCERTAINTY_ASSIGNED_CONTEXT ( ( #142 ) ) GLOBAL_UNIT_ASSIGNED_CONTEXT ( ( #282, #1197, #2627 ) ) REPRESENTATION_CONTEXT ( 'NONE', 'WORKASPACE' ) );
#765 = ORIENTED_EDGE ( 'NONE', *, *, #2505, .T. ) ;
#766 = PRESENTATION_STYLE_ASSIGNMENT (( #1912 ) ) ;
#767 = CARTESIAN_POINT ( 'NONE',  ( 3.101320802726716952, 0.8779695311341479957, 1.006085545402223502 ) ) ;
#768 = CARTESIAN_POINT ( 'NONE',  ( 3.250000000048111737, 1.750000000007507328, 3.980102097287818252E-16 ) ) ;
#769 = CARTESIAN_POINT ( 'NONE',  ( 2.883169399535942201, 2.221198752511689634, -1.004610836213389646 ) ) ;
#770 = CARTESIAN_POINT ( 'NONE',  ( -1.060449333377346473E-15, 6.919999999999999929, 0.000000000000000000 ) ) ;
#771 = DIRECTION ( 'NONE',  ( 1.000000000000000000, 0.000000000000000000, -0.000000000000000000 ) ) ;
#772 = PRESENTATION_STYLE_ASSIGNMENT (( #1469 ) ) ;
#773 =( LENGTH_UNIT ( ) NAMED_UNIT ( * ) SI_UNIT ( .MILLI., .METRE. ) );
#774 = VECTOR ( 'NONE', #2956, 1000.000000000000000 ) ;
#775 = CARTESIAN_POINT ( 'NONE',  ( 3.229999999999887184, 6.520000000000000462, 3.955609161245813664E-16 ) ) ;
#776 = SURFACE_STYLE_USAGE ( .BOTH. , #1954 ) ;
#777 = ORIENTED_EDGE ( 'NONE', *, *, #1755, .T. ) ;
#778 = ORIENTED_EDGE ( 'NONE', *, *, #412, .F. ) ;
#779 = STYLED_ITEM ( 'NONE', ( #1041 ), #1275 ) ;
#780 = EDGE_CURVE ( 'NONE', #620, #362, #2603, .T. ) ;
#781 = CARTESIAN_POINT ( 'NONE',  ( -2.200000000000000178, 0.1700000000169860914, 2.694222958124177006E-16 ) ) ;
#782 = COLOUR_RGB ( '',0.9411764705882352811, 0.9411764705882352811, 0.7843137254901960675 ) ;
#783 = ADVANCED_FACE ( 'NONE', ( #1442 ), #2884, .F. ) ;
#784 = VECTOR ( 'NONE', #2310, 1000.000000000000000 ) ;
#785 = LINE ( 'NONE', #267, #1391 ) ;
#786 = SURFACE_SIDE_STYLE ('',( #2344 ) ) ;
#787 = SURFACE_STYLE_USAGE ( .BOTH. , #1846 ) ;
#788 = AXIS2_PLACEMENT_3D ( 'NONE', #2402, #2388, #1488 ) ;
#789 =( LENGTH_UNIT ( ) NAMED_UNIT ( * ) SI_UNIT ( .MILLI., .METRE. ) );
#790 = DIRECTION ( 'NONE',  ( -1.532441233204258170E-16, 1.000000000000000000, -0.000000000000000000 ) ) ;
#791 = AXIS2_PLACEMENT_3D ( 'NONE', #2898, #1710, #1697 ) ;
#792 =( GEOMETRIC_REPRESENTATION_CONTEXT ( 3 ) GLOBAL_UNCERTAINTY_ASSIGNED_CONTEXT ( ( #352 ) ) GLOBAL_UNIT_ASSIGNED_CONTEXT ( ( #1754, #1086, #1796 ) ) REPRESENTATION_CONTEXT ( 'NONE', 'WORKASPACE' ) );
#793 = DIRECTION ( 'NONE',  ( -1.000000000000000000, 0.000000000000000000, 0.000000000000000000 ) ) ;
#794 = DIRECTION ( 'NONE',  ( 1.000000000000000000, 0.000000000000000000, 0.000000000000000000 ) ) ;
#795 = UNCERTAINTY_MEASURE_WITH_UNIT (LENGTH_MEASURE( 1.000000000000000082E-05 ), #984, 'distance_accuracy_value', 'NONE');
#796 = ORIENTED_EDGE ( 'NONE', *, *, #2716, .F. ) ;
#797 =( NAMED_UNIT ( * ) PLANE_ANGLE_UNIT ( ) SI_UNIT ( $, .RADIAN. ) );
#798 = EDGE_CURVE ( 'NONE', #2257, #2045, #2668, .T. ) ;
#799 = ORIENTED_EDGE ( 'NONE', *, *, #230, .T. ) ;
#800 = DIRECTION ( 'NONE',  ( -1.000000000000000000, 0.000000000000000000, 0.000000000000000000 ) ) ;
#801 =( NAMED_UNIT ( * ) PLANE_ANGLE_UNIT ( ) SI_UNIT ( $, .RADIAN. ) );
#802 = VECTOR ( 'NONE', #2977, 1000.000000000000000 ) ;
#803 = CARTESIAN_POINT ( 'NONE',  ( -1.249999999999999778, -1.999999999983013588, 0.000000000000000000 ) ) ;
#804 = AXIS2_PLACEMENT_3D ( 'NONE', #400, #719, #481 ) ;
#805 = EDGE_CURVE ( 'NONE', #556, #362, #1742, .T. ) ;
#806 = ORIENTED_EDGE ( 'NONE', *, *, #2804, .F. ) ;
#807 = SURFACE_STYLE_USAGE ( .BOTH. , #338 ) ;
#808 = AXIS2_PLACEMENT_3D ( 'NONE', #1868, #1908, #2323 ) ;
#809 = VERTEX_POINT ( 'NONE', #95 ) ;
#810 = AXIS2_PLACEMENT_3D ( 'NONE', #443, #2303, #1089 ) ;
#811 = CIRCLE ( 'NONE', #2508, 0.5999999999999999778 ) ;
#812 =( NAMED_UNIT ( * ) PLANE_ANGLE_UNIT ( ) SI_UNIT ( $, .RADIAN. ) );
#813 = CARTESIAN_POINT ( 'NONE',  ( -4.336808689942017736E-16, 2.699137674597359204, 0.000000000000000000 ) ) ;
#814 = AXIS2_PLACEMENT_3D ( 'NONE', #2187, #1989, #371 ) ;
#815 = ADVANCED_FACE ( 'NONE', ( #1950 ), #2428, .T. ) ;
#816 = DIRECTION ( 'NONE',  ( 1.532441233204257924E-16, -1.000000000000000000, 0.000000000000000000 ) ) ;
#817 = ORIENTED_EDGE ( 'NONE', *, *, #2090, .F. ) ;
#818 = CARTESIAN_POINT ( 'NONE',  ( -1.300000000014894574, 1.698619543633039797E-11, -1.519868415374721504 ) ) ;
#819 =( NAMED_UNIT ( * ) PLANE_ANGLE_UNIT ( ) SI_UNIT ( $, .RADIAN. ) );
#820 =( NAMED_UNIT ( * ) SI_UNIT ( $, .STERADIAN. ) SOLID_ANGLE_UNIT ( ) );
#821 =( NAMED_UNIT ( * ) SI_UNIT ( $, .STERADIAN. ) SOLID_ANGLE_UNIT ( ) );
#822 = VERTEX_POINT ( 'NONE', #1738 ) ;
#823 = FACE_OUTER_BOUND ( 'NONE', #531, .T. ) ;
#824 = FACE_BOUND ( 'NONE', #428, .T. ) ;
#825 = SURFACE_SIDE_STYLE ('',( #1264 ) ) ;
#826 =( NAMED_UNIT ( * ) SI_UNIT ( $, .STERADIAN. ) SOLID_ANGLE_UNIT ( ) );
#827 = STYLED_ITEM ( 'NONE', ( #576 ), #490 ) ;
#828 = DIRECTION ( 'NONE',  ( 1.532441233204257924E-16, -1.000000000000000000, -0.000000000000000000 ) ) ;
#829 = ORIENTED_EDGE ( 'NONE', *, *, #1647, .T. ) ;
#830 = SURFACE_STYLE_FILL_AREA ( #1749 ) ;
#831 = DIRECTION ( 'NONE',  ( -1.000000000000000000, -1.807003620809174878E-16, 0.000000000000000000 ) ) ;
#832 = COLOUR_RGB ( '',0.7803921568627451011, 0.7607843137254901578, 0.7411764705882353255 ) ;
#833 = ORIENTED_EDGE ( 'NONE', *, *, #241, .T. ) ;
#834 = SURFACE_STYLE_USAGE ( .BOTH. , #1999 ) ;
#835 = SURFACE_STYLE_FILL_AREA ( #1506 ) ;
#836 = CARTESIAN_POINT ( 'NONE',  ( 3.090320009128491474, 6.520000000000000462, 1.006191950464397022 ) ) ;
#837 = EDGE_CURVE ( 'NONE', #1062, #1147, #578, .T. ) ;
#838 = CARTESIAN_POINT ( 'NONE',  ( 2.558865826058712489, 1.750000000037728265, -1.007326007058092499 ) ) ;
#839 = PRODUCT_DEFINITION_SHAPE ( 'NONE', 'NONE',  #29 ) ;
#840 = FILL_AREA_STYLE ('',( #609 ) ) ;
#841 = CARTESIAN_POINT ( 'NONE',  ( -1.046657362275904943E-15, 7.000000000000000000, 0.000000000000000000 ) ) ;
#842 =( NAMED_UNIT ( * ) PLANE_ANGLE_UNIT ( ) SI_UNIT ( $, .RADIAN. ) );
#843 = ADVANCED_FACE ( 'NONE', ( #2726 ), #2474, .F. ) ;
#844 = COLOUR_RGB ( '',0.7803921568627451011, 0.7607843137254901578, 0.7411764705882353255 ) ;
#845 = DIRECTION ( 'NONE',  ( -1.532441233204258170E-16, 1.000000000000000000, -0.000000000000000000 ) ) ;
#846 = UNCERTAINTY_MEASURE_WITH_UNIT (LENGTH_MEASURE( 1.000000000000000082E-05 ), #1568, 'distance_accuracy_value', 'NONE');
#847 = TOROIDAL_SURFACE ( 'NONE', #112, 2.749999999999888090, 0.5000000000000000000 ) ;
#848 = ORIENTED_EDGE ( 'NONE', *, *, #1436, .F. ) ;
#849 = DIRECTION ( 'NONE',  ( 1.532441233204257924E-16, -1.000000000000000000, 0.000000000000000000 ) ) ;
#850 = CARTESIAN_POINT ( 'NONE',  ( 2.209999999999999076, 7.000000000000000000, 2.706469426115650265E-16 ) ) ;
#851 = VERTEX_POINT ( 'NONE', #2957 ) ;
#852 = FILL_AREA_STYLE_COLOUR ( '', #2747 ) ;
#853 = MECHANICAL_DESIGN_GEOMETRIC_PRESENTATION_REPRESENTATION (  '', ( #959 ), #361 ) ;
#854 = DIRECTION ( 'NONE',  ( 1.532441233204257924E-16, -1.000000000000000000, 0.000000000000000000 ) ) ;
#855 =( GEOMETRIC_REPRESENTATION_CONTEXT ( 3 ) GLOBAL_UNCERTAINTY_ASSIGNED_CONTEXT ( ( #2545 ) ) GLOBAL_UNIT_ASSIGNED_CONTEXT ( ( #508, #2133, #380 ) ) REPRESENTATION_CONTEXT ( 'NONE', 'WORKASPACE' ) );
#856 = CIRCLE ( 'NONE', #2561, 0.6049999999999998712 ) ;
#857 =( NAMED_UNIT ( * ) SI_UNIT ( $, .STERADIAN. ) SOLID_ANGLE_UNIT ( ) );
#858 = CARTESIAN_POINT ( 'NONE',  ( -1.138461538464198730, 0.5000000000169861902, 0.9937601177570126731 ) ) ;
#859 = CARTESIAN_POINT ( 'NONE',  ( 2.998679649573523509, 0.4680386558648201856, -1.005516704480910350 ) ) ;
#860 = COLOUR_RGB ( '',0.9411764705882352811, 0.9411764705882352811, 0.7843137254901960675 ) ;
#861 = COLOUR_RGB ( '',0.000000000000000000, 0.5019607843137254832, 0.5019607843137254832 ) ;
#862 = STYLED_ITEM ( 'NONE', ( #1043 ), #2551 ) ;
#863 = FILL_AREA_STYLE_COLOUR ( '', #1186 ) ;
#864 = DIRECTION ( 'NONE',  ( -1.532441233204257924E-16, 1.000000000000000000, -0.000000000000000000 ) ) ;
#865 = ORIENTED_EDGE ( 'NONE', *, *, #2730, .F. ) ;
#866 = DIRECTION ( 'NONE',  ( -1.532441233204258170E-16, 1.000000000000000000, -0.000000000000000000 ) ) ;
#867 =( NAMED_UNIT ( * ) PLANE_ANGLE_UNIT ( ) SI_UNIT ( $, .RADIAN. ) );
#868 = FACE_OUTER_BOUND ( 'NONE', #2963, .T. ) ;
#869 = EDGE_CURVE ( 'NONE', #2521, #293, #1260, .T. ) ;
#870 = UNCERTAINTY_MEASURE_WITH_UNIT (LENGTH_MEASURE( 1.000000000000000082E-05 ), #2194, 'distance_accuracy_value', 'NONE');
#871 = DIRECTION ( 'NONE',  ( 1.532441233204257924E-16, -1.000000000000000000, 0.000000000000000000 ) ) ;
#872 = SURFACE_STYLE_FILL_AREA ( #840 ) ;
#873 = CARTESIAN_POINT ( 'NONE',  ( -3.875754856977294780E-16, 2.699137674597359204, 0.000000000000000000 ) ) ;
#874 = AXIS2_PLACEMENT_3D ( 'NONE', #377, #2926, #613 ) ;
#875 = VECTOR ( 'NONE', #104, 1000.000000000000114 ) ;
#876 = CARTESIAN_POINT ( 'NONE',  ( -1.404999999975045322, 1.698614946309339947E-11, -1.291888153094606473 ) ) ;
#877 = SURFACE_STYLE_FILL_AREA ( #2043 ) ;
#878 = SURFACE_STYLE_USAGE ( .BOTH. , #130 ) ;
#879 = AXIS2_PLACEMENT_3D ( 'NONE', #2340, #2611, #515 ) ;
#880 = ORIENTED_EDGE ( 'NONE', *, *, #1070, .T. ) ;
#881 = DIRECTION ( 'NONE',  ( 1.532441233204257924E-16, -1.000000000000000000, 0.000000000000000000 ) ) ;
#882 = PRESENTATION_LAYER_ASSIGNMENT (  '', '', ( #9 ) ) ;
#883 = ADVANCED_FACE ( 'NONE', ( #349 ), #2225, .T. ) ;
#884 = CARTESIAN_POINT ( 'NONE',  ( 2.604868567184036809, 1.547593642782123968, 1.006578400036211685 ) ) ;
#885 = EDGE_CURVE ( 'NONE', #1257, #2339, #2180, .T. ) ;
#886 = FACE_OUTER_BOUND ( 'NONE', #1219, .T. ) ;
#887 = EDGE_LOOP ( 'NONE', ( #1259, #559 ) ) ;
#888 = DIRECTION ( 'NONE',  ( -1.000000000000000000, -1.532441233204257924E-16, 0.000000000000000000 ) ) ;
#889 = CARTESIAN_POINT ( 'NONE',  ( 1.249999999988084642, 0.5000000000169867453, 8.948484741729069290E-12 ) ) ;
#890 = CARTESIAN_POINT ( 'NONE',  ( 0.3839745962000000179, 0.3000000000000000444, -0.5000000000000000000 ) ) ;
#891 = CIRCLE ( 'NONE', #2597, 2.955917552695935147 ) ;
#892 = MECHANICAL_DESIGN_GEOMETRIC_PRESENTATION_REPRESENTATION (  '', ( #1523 ), #1045 ) ;
#893 = MECHANICAL_DESIGN_GEOMETRIC_PRESENTATION_REPRESENTATION (  '', ( #66 ), #596 ) ;
#894 = CARTESIAN_POINT ( 'NONE',  ( -4.336808689942017736E-16, 2.699137674597359204, 0.000000000000000000 ) ) ;
#895 = EDGE_CURVE ( 'NONE', #1474, #620, #1178, .T. ) ;
#896 = ORIENTED_EDGE ( 'NONE', *, *, #289, .T. ) ;
#897 = AXIS2_PLACEMENT_3D ( 'NONE', #2192, #134, #1557 ) ;
#898 =( LENGTH_UNIT ( ) NAMED_UNIT ( * ) SI_UNIT ( .MILLI., .METRE. ) );
#899 = ORIENTED_EDGE ( 'NONE', *, *, #162, .T. ) ;
#900 = DIRECTION ( 'NONE',  ( -1.000000000000000000, -1.342665229084262458E-16, 0.000000000000000000 ) ) ;
#901 =( LENGTH_UNIT ( ) NAMED_UNIT ( * ) SI_UNIT ( .MILLI., .METRE. ) );
#902 = UNCERTAINTY_MEASURE_WITH_UNIT (LENGTH_MEASURE( 1.000000000000000082E-05 ), #2689, 'distance_accuracy_value', 'NONE');
#903 = FILL_AREA_STYLE ('',( #1119 ) ) ;
#904 = ORIENTED_EDGE ( 'NONE', *, *, #1312, .T. ) ;
#905 =( NAMED_UNIT ( * ) SI_UNIT ( $, .STERADIAN. ) SOLID_ANGLE_UNIT ( ) );
#906 = CARTESIAN_POINT ( 'NONE',  ( -1.104999999951943979, 1.698619543633039797E-11, -1.291888153094606473 ) ) ;
#907 = VECTOR ( 'NONE', #661, 1000.000000000000000 ) ;
#908 = CIRCLE ( 'NONE', #2063, 0.6049999999999998712 ) ;
#909 = AXIS2_PLACEMENT_3D ( 'NONE', #2582, #1419, #752 ) ;
#910 = PRESENTATION_STYLE_ASSIGNMENT (( #2571 ) ) ;
#911 = CARTESIAN_POINT ( 'NONE',  ( 1.138461538471349455, 0.5000000000169866343, 0.9937601177913476524 ) ) ;
#912 = AXIS2_PLACEMENT_3D ( 'NONE', #2426, #2905, #1071 ) ;
#913 = DIRECTION ( 'NONE',  ( 1.532441233204257924E-16, -1.000000000000000000, -0.000000000000000000 ) ) ;
#914 = CARTESIAN_POINT ( 'NONE',  ( 2.558865825955078055, 1.749999999940005324, 1.007326007321349914 ) ) ;
#915 = ORIENTED_EDGE ( 'NONE', *, *, #1403, .F. ) ;
#916 = EDGE_LOOP ( 'NONE', ( #2528, #187 ) ) ;
#917 = DIRECTION ( 'NONE',  ( -1.532441233204257924E-16, 1.000000000000000000, -0.000000000000000000 ) ) ;
#918 = ORIENTED_EDGE ( 'NONE', *, *, #2906, .F. ) ;
#919 = DIRECTION ( 'NONE',  ( 1.000000000000000000, 0.000000000000000000, 0.000000000000000000 ) ) ;
#920 = CIRCLE ( 'NONE', #1782, 3.229999999999888072 ) ;
#921 = CARTESIAN_POINT ( 'NONE',  ( -1.104999999951943979, 0.5000000000169861902, -1.291888153094606473 ) ) ;
#922 = ORIENTED_EDGE ( 'NONE', *, *, #1471, .F. ) ;
#923 =( LENGTH_UNIT ( ) NAMED_UNIT ( * ) SI_UNIT ( .MILLI., .METRE. ) );
#924 = CARTESIAN_POINT ( 'NONE',  ( 3.090320009128491474, 6.520000000000000462, 1.006191950464397022 ) ) ;
#925 = FACE_OUTER_BOUND ( 'NONE', #2051, .T. ) ;
#926 = PRESENTATION_STYLE_ASSIGNMENT (( #2744 ) ) ;
#927 = TOROIDAL_SURFACE ( 'NONE', #2669, 2.599137674657252983, 0.6508623253800216446 ) ;
#928 = EDGE_CURVE ( 'NONE', #1024, #2946, #1746, .T. ) ;
#929 = AXIS2_PLACEMENT_3D ( 'NONE', #813, #1990, #1773 ) ;
#930 = MECHANICAL_DESIGN_GEOMETRIC_PRESENTATION_REPRESENTATION (  '', ( #1842 ), #2768 ) ;
#931 = B_SPLINE_CURVE_WITH_KNOTS ( 'NONE', 3,
 ( #2394, #1438, #999, #1198, #2128, #1878, #63, #1451, #1664, #2118, #1890, #2156, #1467, #537, #21, #1678 ),
 .UNSPECIFIED., .F., .F.,
 ( 4, 2, 2, 2, 2, 2, 2, 4 ),
 ( 0.000000000000000000, 0.2499999999999990563, 0.3749999999999988898, 0.4999999999999987788, 0.6249999999999986677, 0.6874999999999984457, 0.7499999999999981126, 1.000000000000000000 ),
 .UNSPECIFIED. ) ;
#932 = FILL_AREA_STYLE_COLOUR ( '', #996 ) ;
#933 = FILL_AREA_STYLE_COLOUR ( '', #2061 ) ;
#934 = CIRCLE ( 'NONE', #788, 0.6308623253894933836 ) ;
#935 = ORIENTED_EDGE ( 'NONE', *, *, #685, .T. ) ;
#936 = EDGE_CURVE ( 'NONE', #451, #87, #1604, .T. ) ;
#937 = DIRECTION ( 'NONE',  ( -1.532441233204257924E-16, 1.000000000000000000, -0.000000000000000000 ) ) ;
#938 = AXIS2_PLACEMENT_3D ( 'NONE', #2200, #1516, #2182 ) ;
#939 = CARTESIAN_POINT ( 'NONE',  ( -4.336808689942017736E-16, 1.750000000007506884, 0.000000000000000000 ) ) ;
#940 = ORIENTED_EDGE ( 'NONE', *, *, #2087, .F. ) ;
#941 = CYLINDRICAL_SURFACE ( 'NONE', #1161, 0.6049999999999998712 ) ;
#942 = CARTESIAN_POINT ( 'NONE',  ( -2.955917552695883632, 1.321146278840344079, 0.000000000000000000 ) ) ;
#943 = EDGE_CURVE ( 'NONE', #2865, #731, #2481, .T. ) ;
#944 = CARTESIAN_POINT ( 'NONE',  ( 1.300000000009611911, 1.698662911719939217E-11, 1.519868415368542003 ) ) ;
#945 =( LENGTH_UNIT ( ) NAMED_UNIT ( * ) SI_UNIT ( .MILLI., .METRE. ) );
#946 = CARTESIAN_POINT ( 'NONE',  ( 0.9999999999880839763, -1.999999999983013144, 8.948484741729069290E-12 ) ) ;
#947 = FILL_AREA_STYLE ('',( #13 ) ) ;
#948 = VERTEX_POINT ( 'NONE', #1991 ) ;
#949 = SURFACE_STYLE_USAGE ( .BOTH. , #2966 ) ;
#950 = CONICAL_SURFACE ( 'NONE', #804, 0.2500000000000002220, 0.7853981633974456145 ) ;
#951 = FILL_AREA_STYLE_COLOUR ( '', #137 ) ;
#952 = ORIENTED_EDGE ( 'NONE', *, *, #569, .F. ) ;
#953 =( NAMED_UNIT ( * ) SI_UNIT ( $, .STERADIAN. ) SOLID_ANGLE_UNIT ( ) );
#954 = DIRECTION ( 'NONE',  ( -1.532441233204257924E-16, 1.000000000000000000, 0.000000000000000000 ) ) ;
#955 = DIRECTION ( 'NONE',  ( 1.000000000000000000, 0.000000000000000000, 0.000000000000000000 ) ) ;
#956 = CIRCLE ( 'NONE', #710, 0.6050000000000000933 ) ;
#957 = DIRECTION ( 'NONE',  ( -1.532441233204257924E-16, 1.000000000000000000, -0.000000000000000000 ) ) ;
#958 = SURFACE_SIDE_STYLE ('',( #662 ) ) ;
#959 = STYLED_ITEM ( 'NONE', ( #246 ), #2831 ) ;
#960 = PRESENTATION_LAYER_ASSIGNMENT (  '', '', ( #2256 ) ) ;
#961 = DIRECTION ( 'NONE',  ( 1.532441233204257924E-16, -1.000000000000000000, 0.000000000000000000 ) ) ;
#962 = CARTESIAN_POINT ( 'NONE',  ( 2.675363209655797103, 2.061072639482175006, 1.005411806980947897 ) ) ;
#963 = SURFACE_STYLE_FILL_AREA ( #947 ) ;
#964 = ORIENTED_EDGE ( 'NONE', *, *, #985, .F. ) ;
#965 = SURFACE_SIDE_STYLE ('',( #32 ) ) ;
#966 = PRESENTATION_STYLE_ASSIGNMENT (( #45 ) ) ;
#967 = ORIENTED_EDGE ( 'NONE', *, *, #1203, .F. ) ;
#968 =( NAMED_UNIT ( * ) PLANE_ANGLE_UNIT ( ) SI_UNIT ( $, .RADIAN. ) );
#969 = ADVANCED_FACE ( 'NONE', ( #1077 ), #2441, .T. ) ;
#970 = FILL_AREA_STYLE ('',( #1450 ) ) ;
#971 = DIRECTION ( 'NONE',  ( 1.532441233204257924E-16, -1.000000000000000000, 0.000000000000000000 ) ) ;
#972 = FILL_AREA_STYLE_COLOUR ( '', #1503 ) ;
#973 = CARTESIAN_POINT ( 'NONE',  ( 2.200000000000000178, 0.5000000000169867453, 0.000000000000000000 ) ) ;
#974 = FILL_AREA_STYLE_COLOUR ( '', #1768 ) ;
#975 = STYLED_ITEM ( 'NONE', ( #1706 ), #477 ) ;
#976 = STYLED_ITEM ( 'NONE', ( #1254 ), #783 ) ;
#977 = UNCERTAINTY_MEASURE_WITH_UNIT (LENGTH_MEASURE( 1.000000000000000082E-05 ), #1112, 'distance_accuracy_value', 'NONE');
#978 = PLANE ( 'NONE',  #1156 ) ;
#979 = SURFACE_SIDE_STYLE ('',( #233 ) ) ;
#980 = EDGE_LOOP ( 'NONE', ( #674, #1361, #2638, #1022 ) ) ;
#981 = FACE_OUTER_BOUND ( 'NONE', #84, .T. ) ;
#982 = EDGE_CURVE ( 'NONE', #87, #2069, #1065, .T. ) ;
#983 =( NAMED_UNIT ( * ) SI_UNIT ( $, .STERADIAN. ) SOLID_ANGLE_UNIT ( ) );
#984 =( LENGTH_UNIT ( ) NAMED_UNIT ( * ) SI_UNIT ( .MILLI., .METRE. ) );
#985 = EDGE_CURVE ( 'NONE', #1069, #3002, #1987, .T. ) ;
#986 = DIRECTION ( 'NONE',  ( -1.532441233204258170E-16, 1.000000000000000000, -0.000000000000000000 ) ) ;
#987 = CARTESIAN_POINT ( 'NONE',  ( -3.875754856977294780E-16, 2.699137674597359204, 0.000000000000000000 ) ) ;
#988 = FILL_AREA_STYLE ('',( #2619 ) ) ;
#989 = DIRECTION ( 'NONE',  ( -1.532441233204257924E-16, 1.000000000000000000, -0.000000000000000000 ) ) ;
#990 =( NAMED_UNIT ( * ) PLANE_ANGLE_UNIT ( ) SI_UNIT ( $, .RADIAN. ) );
#991 = DIRECTION ( 'NONE',  ( 1.000000000000000000, 0.000000000000000000, 1.224646799147352714E-16 ) ) ;
#992 =( NAMED_UNIT ( * ) SI_UNIT ( $, .STERADIAN. ) SOLID_ANGLE_UNIT ( ) );
#993 = ORIENTED_EDGE ( 'NONE', *, *, #1363, .F. ) ;
#994 = CARTESIAN_POINT ( 'NONE',  ( 2.558865825955078055, 1.749999999940005324, 1.007326007321349914 ) ) ;
#995 = CARTESIAN_POINT ( 'NONE',  ( 2.792270903850011976, 1.337640652731401758, 1.003826515171031497 ) ) ;
#996 = COLOUR_RGB ( '',0.000000000000000000, 0.5019607843137254832, 0.5019607843137254832 ) ;
#997 = AXIS2_PLACEMENT_3D ( 'NONE', #200, #439, #695 ) ;
#998 = STYLED_ITEM ( 'NONE', ( #1737 ), #2324 ) ;
#999 = CARTESIAN_POINT ( 'NONE',  ( 3.076258231689307454, 6.653061558568191813, -1.006081870799056643 ) ) ;
#1000 = CARTESIAN_POINT ( 'NONE',  ( 1.249999999988084642, 0.8500000000169867231, 8.948484741729069290E-12 ) ) ;
#1001 = LINE ( 'NONE', #2158, #1390 ) ;
#1002 =( NAMED_UNIT ( * ) PLANE_ANGLE_UNIT ( ) SI_UNIT ( $, .RADIAN. ) );
#1003 = STYLED_ITEM ( 'NONE', ( #261 ), #1446 ) ;
#1004 = FACE_OUTER_BOUND ( 'NONE', #1573, .T. ) ;
#1005 = EDGE_CURVE ( 'NONE', #2540, #415, #1458, .T. ) ;
#1006 = UNCERTAINTY_MEASURE_WITH_UNIT (LENGTH_MEASURE( 1.000000000000000082E-05 ), #696, 'distance_accuracy_value', 'NONE');
#1007 = PRESENTATION_LAYER_ASSIGNMENT (  '', '', ( #312 ) ) ;
#1008 = LINE ( 'NONE', #2386, #1106 ) ;
#1009 = PRESENTATION_LAYER_ASSIGNMENT (  '', '', ( #2161 ) ) ;
#1010 = AXIS2_PLACEMENT_3D ( 'NONE', #1855, #1621, #2785 ) ;
#1011 = EDGE_LOOP ( 'NONE', ( #2342, #342 ) ) ;
#1012 =( GEOMETRIC_REPRESENTATION_CONTEXT ( 3 ) GLOBAL_UNCERTAINTY_ASSIGNED_CONTEXT ( ( #1998 ) ) GLOBAL_UNIT_ASSIGNED_CONTEXT ( ( #688, #867, #635 ) ) REPRESENTATION_CONTEXT ( 'NONE', 'WORKASPACE' ) );
#1013 = CARTESIAN_POINT ( 'NONE',  ( 1.249999999988084864, 0.3000000000000002109, 8.948484741729069290E-12 ) ) ;
#1014 = CARTESIAN_POINT ( 'NONE',  ( 1.849999999988084287, 0.8500000000169867231, 8.948558220537019075E-12 ) ) ;
#1015 = CARTESIAN_POINT ( 'NONE',  ( 3.090320009128491918, 2.699137674597359648, 1.006191950464397022 ) ) ;
#1016 = DIRECTION ( 'NONE',  ( 1.532441233204257924E-16, -1.000000000000000000, 0.000000000000000000 ) ) ;
#1017 = DIRECTION ( 'NONE',  ( 1.000000000000000000, 1.532441233204257924E-16, -0.000000000000000000 ) ) ;
#1018 = MECHANICAL_DESIGN_GEOMETRIC_PRESENTATION_REPRESENTATION (  '', ( #228 ), #482 ) ;
#1019 = EDGE_CURVE ( 'NONE', #683, #2984, #1619, .T. ) ;
#1020 =( NAMED_UNIT ( * ) PLANE_ANGLE_UNIT ( ) SI_UNIT ( $, .RADIAN. ) );
#1021 = PRODUCT_RELATED_PRODUCT_CATEGORY ( 'part', '', ( #1518 ) ) ;
#1022 = ORIENTED_EDGE ( 'NONE', *, *, #2998, .T. ) ;
#1023 =( LENGTH_UNIT ( ) NAMED_UNIT ( * ) SI_UNIT ( .MILLI., .METRE. ) );
#1024 = VERTEX_POINT ( 'NONE', #3001 ) ;
#1025 = PRESENTATION_LAYER_ASSIGNMENT (  '', '', ( #533 ) ) ;
#1026 = AXIS2_PLACEMENT_3D ( 'NONE', #1384, #223, #652 ) ;
#1027 = DIRECTION ( 'NONE',  ( -1.532441233204257924E-16, 1.000000000000000000, -0.000000000000000000 ) ) ;
#1028 =( GEOMETRIC_REPRESENTATION_CONTEXT ( 3 ) GLOBAL_UNCERTAINTY_ASSIGNED_CONTEXT ( ( #2622 ) ) GLOBAL_UNIT_ASSIGNED_CONTEXT ( ( #670, #432, #636 ) ) REPRESENTATION_CONTEXT ( 'NONE', 'WORKASPACE' ) );
#1029 = COLOUR_RGB ( '',0.7803921568627451011, 0.7607843137254901578, 0.7411764705882353255 ) ;
#1030 =( NAMED_UNIT ( * ) SI_UNIT ( $, .STERADIAN. ) SOLID_ANGLE_UNIT ( ) );
#1031 = FILL_AREA_STYLE ('',( #1735 ) ) ;
#1032 = EDGE_CURVE ( 'NONE', #1447, #1230, #2520, .T. ) ;
#1033 = PRESENTATION_STYLE_ASSIGNMENT (( #2143 ) ) ;
#1034 = CARTESIAN_POINT ( 'NONE',  ( 3.101877712322481884, 0.7295170812772059366, -1.006280274478506431 ) ) ;
#1035 = VECTOR ( 'NONE', #2857, 1000.000000000000000 ) ;
#1036 = DIRECTION ( 'NONE',  ( 1.000000000000000000, 0.000000000000000000, 0.000000000000000000 ) ) ;
#1037 = UNCERTAINTY_MEASURE_WITH_UNIT (LENGTH_MEASURE( 1.000000000000000082E-05 ), #2537, 'distance_accuracy_value', 'NONE');
#1038 = VERTEX_POINT ( 'NONE', #1602 ) ;
#1039 = CARTESIAN_POINT ( 'NONE',  ( -4.336808689942017736E-16, 1.750000000007506884, 0.000000000000000000 ) ) ;
#1040 = EDGE_LOOP ( 'NONE', ( #1712, #599, #2534, #1775 ) ) ;
#1041 = PRESENTATION_STYLE_ASSIGNMENT (( #1288 ) ) ;
#1042 = OPEN_SHELL ( 'NONE', ( #2718, #205, #1113, #2773, #490, #2600, #2253, #1968 ) ) ;
#1043 = PRESENTATION_STYLE_ASSIGNMENT (( #389 ) ) ;
#1044 = CARTESIAN_POINT ( 'NONE',  ( -2.200000000000000178, 0.5000000000169860792, 2.694222958124177006E-16 ) ) ;
#1045 =( GEOMETRIC_REPRESENTATION_CONTEXT ( 3 ) GLOBAL_UNCERTAINTY_ASSIGNED_CONTEXT ( ( #2943 ) ) GLOBAL_UNIT_ASSIGNED_CONTEXT ( ( #493, #456, #1145 ) ) REPRESENTATION_CONTEXT ( 'NONE', 'WORKASPACE' ) );
#1046 =( NAMED_UNIT ( * ) PLANE_ANGLE_UNIT ( ) SI_UNIT ( $, .RADIAN. ) );
#1047 = ORIENTED_EDGE ( 'NONE', *, *, #2871, .T. ) ;
#1048 = DIRECTION ( 'NONE',  ( 1.532441233204257924E-16, -1.000000000000000000, 0.000000000000000000 ) ) ;
#1049 = FACE_OUTER_BOUND ( 'NONE', #647, .T. ) ;
#1050 =( LENGTH_UNIT ( ) NAMED_UNIT ( * ) SI_UNIT ( .MILLI., .METRE. ) );
#1051 = FACE_OUTER_BOUND ( 'NONE', #117, .T. ) ;
#1052 = VERTEX_POINT ( 'NONE', #1790 ) ;
#1053 = B_SPLINE_CURVE_WITH_KNOTS ( 'NONE', 3,
 ( #1151, #651, #2020, #2951, #1336, #2965, #884, #1589, #1134, #2275, #189, #994 ),
 .UNSPECIFIED., .F., .F.,
 ( 4, 2, 2, 1, 1, 2, 4 ),
 ( 0.000000000000000000, 0.2499694823858916726, 0.2655925750350094927, 0.2812156676841273684, 0.3124618529823623980, 0.3749542235788326239, 0.4999389647717735752 ),
 .UNSPECIFIED. ) ;
#1054 = FACE_OUTER_BOUND ( 'NONE', #2059, .T. ) ;
#1055 = AXIS2_PLACEMENT_3D ( 'NONE', #183, #1392, #10 ) ;
#1056 = VERTEX_POINT ( 'NONE', #178 ) ;
#1057 = DIRECTION ( 'NONE',  ( 1.000000000000000000, 1.532441233204257924E-16, 0.000000000000000000 ) ) ;
#1058 = AXIS2_PLACEMENT_3D ( 'NONE', #2144, #1016, #65 ) ;
#1059 = DIRECTION ( 'NONE',  ( -1.000000000000000000, -1.532441233204257677E-16, 0.000000000000000000 ) ) ;
#1060 = CIRCLE ( 'NONE', #1594, 0.5199999999996141042 ) ;
#1061 = DIRECTION ( 'NONE',  ( 1.000000000000000000, 0.000000000000000000, 0.000000000000000000 ) ) ;
#1062 = VERTEX_POINT ( 'NONE', #418 ) ;
#1063 = CARTESIAN_POINT ( 'NONE',  ( -9.731001830821004050E-16, 6.519999999999999574, 0.000000000000000000 ) ) ;
#1064 = PLANE ( 'NONE',  #713 ) ;
#1065 = B_SPLINE_CURVE_WITH_KNOTS ( 'NONE', 3,
 ( #122, #2674, #2470, #150, #2006, #2936, #314, #1352, #1835, #1136, #2953, #2737, #194 ),
 .UNSPECIFIED., .F., .F.,
 ( 4, 2, 2, 1, 2, 2, 4 ),
 ( 0.5004882812177025020, 0.7502441406088546927, 0.7658538818208016075, 0.7814636230327484112, 0.8126831054566419077, 0.8751220703044281235, 1.000000000000000000 ),
 .UNSPECIFIED. ) ;
#1066 = SURFACE_STYLE_FILL_AREA ( #628 ) ;
#1067 = ORIENTED_EDGE ( 'NONE', *, *, #1284, .F. ) ;
#1068 = ORIENTED_EDGE ( 'NONE', *, *, #2005, .F. ) ;
#1069 = VERTEX_POINT ( 'NONE', #2277 ) ;
#1070 = EDGE_CURVE ( 'NONE', #2045, #2501, #2875, .T. ) ;
#1071 = DIRECTION ( 'NONE',  ( 1.000000000000000000, 1.626303258713893466E-16, 0.000000000000000000 ) ) ;
#1072 = AXIS2_PLACEMENT_3D ( 'NONE', #603, #1301, #326 ) ;
#1073 = FILL_AREA_STYLE ('',( #623 ) ) ;
#1074 = ADVANCED_FACE ( 'NONE', ( #886 ), #3011, .T. ) ;
#1075 = COLOUR_RGB ( '',0.000000000000000000, 0.5019607843137254832, 0.5019607843137254832 ) ;
#1076 = PRESENTATION_LAYER_ASSIGNMENT (  '', '', ( #2380 ) ) ;
#1077 = FACE_OUTER_BOUND ( 'NONE', #1973, .T. ) ;
#1078 = ORIENTED_EDGE ( 'NONE', *, *, #2928, .F. ) ;
#1079 = FACE_OUTER_BOUND ( 'NONE', #501, .T. ) ;
#1080 = CARTESIAN_POINT ( 'NONE',  ( 1.249999999988084864, 1.698662911719939217E-11, 8.948484741729069290E-12 ) ) ;
#1081 = VERTEX_POINT ( 'NONE', #2721 ) ;
#1082 = EDGE_CURVE ( 'NONE', #2007, #2751, #474, .T. ) ;
#1083 =( NAMED_UNIT ( * ) PLANE_ANGLE_UNIT ( ) SI_UNIT ( $, .RADIAN. ) );
#1084 = SURFACE_STYLE_USAGE ( .BOTH. , #2679 ) ;
#1085 = CIRCLE ( 'NONE', #1466, 0.6049999999999998712 ) ;
#1086 =( NAMED_UNIT ( * ) PLANE_ANGLE_UNIT ( ) SI_UNIT ( $, .RADIAN. ) );
#1087 = CARTESIAN_POINT ( 'NONE',  ( -3.704892223278919712E-16, 1.337640652731401314, 0.000000000000000000 ) ) ;
#1088 = ORIENTED_EDGE ( 'NONE', *, *, #1755, .F. ) ;
#1089 = DIRECTION ( 'NONE',  ( 1.000000000000000000, 0.000000000000000000, 0.000000000000000000 ) ) ;
#1090 = CYLINDRICAL_SURFACE ( 'NONE', #46, 0.2500000000000011102 ) ;
#1091 = CARTESIAN_POINT ( 'NONE',  ( 2.617145358486931972, 1.976037050516057825, -1.006401930592955907 ) ) ;
#1092 = ORIENTED_EDGE ( 'NONE', *, *, #2100, .F. ) ;
#1093 = CARTESIAN_POINT ( 'NONE',  ( 2.792270903850012420, 1.337640652731401758, -1.003826515171030831 ) ) ;
#1094 = VERTEX_POINT ( 'NONE', #2036 ) ;
#1095 = FILL_AREA_STYLE ('',( #153 ) ) ;
#1096 = APPLICATION_CONTEXT ( 'automotive_design' ) ;
#1097 = CARTESIAN_POINT ( 'NONE',  ( -1.250000000000000222, 0.5000000000169863013, 0.000000000000000000 ) ) ;
#1098 = UNCERTAINTY_MEASURE_WITH_UNIT (LENGTH_MEASURE( 1.000000000000000082E-05 ), #276, 'distance_accuracy_value', 'NONE');
#1099 = EDGE_LOOP ( 'NONE', ( #1307, #1517, #1148, #2030 ) ) ;
#1100 = CARTESIAN_POINT ( 'NONE',  ( 2.599137674657252983, 0.1500000000169868231, 1.000000000000000000 ) ) ;
#1101 = EDGE_CURVE ( 'NONE', #1317, #87, #2131, .T. ) ;
#1102 = LINE ( 'NONE', #1316, #2648 ) ;
#1103 = EDGE_CURVE ( 'NONE', #2949, #2390, #1776, .T. ) ;
#1104 = ORIENTED_EDGE ( 'NONE', *, *, #1826, .F. ) ;
#1105 =( NAMED_UNIT ( * ) SI_UNIT ( $, .STERADIAN. ) SOLID_ANGLE_UNIT ( ) );
#1106 = VECTOR ( 'NONE', #2148, 1000.000000000000114 ) ;
#1107 = CARTESIAN_POINT ( 'NONE',  ( 2.740912027293709308, 0.2336768080739881348, 1.003404532121446202 ) ) ;
#1108 = EDGE_LOOP ( 'NONE', ( #1150, #833 ) ) ;
#1109 = DIRECTION ( 'NONE',  ( 1.000000000000000000, 0.000000000000000000, 0.000000000000000000 ) ) ;
#1110 = DIRECTION ( 'NONE',  ( -1.532441233204258170E-16, 1.000000000000000000, -0.000000000000000000 ) ) ;
#1111 = PRESENTATION_LAYER_ASSIGNMENT (  '', '', ( #2420 ) ) ;
#1112 =( LENGTH_UNIT ( ) NAMED_UNIT ( * ) SI_UNIT ( .MILLI., .METRE. ) );
#1113 = ADVANCED_FACE ( 'NONE', ( #2138 ), #927, .T. ) ;
#1114 = ADVANCED_FACE ( 'NONE', ( #1413 ), #266, .F. ) ;
#1115 = CARTESIAN_POINT ( 'NONE',  ( -1.138461538464198730, 1.698619543633039797E-11, 0.9937601177570126731 ) ) ;
#1116 = ORIENTED_EDGE ( 'NONE', *, *, #738, .F. ) ;
#1117 = CARTESIAN_POINT ( 'NONE',  ( -1.850000000000000089, 0.5000000000169861902, 0.000000000000000000 ) ) ;
#1118 = FACE_OUTER_BOUND ( 'NONE', #1377, .T. ) ;
#1119 = FILL_AREA_STYLE_COLOUR ( '', #1029 ) ;
#1120 = ORIENTED_EDGE ( 'NONE', *, *, #2288, .F. ) ;
#1121 = SURFACE_SIDE_STYLE ('',( #196 ) ) ;
#1122 = FILL_AREA_STYLE ('',( #2504 ) ) ;
#1123 = PRESENTATION_STYLE_ASSIGNMENT (( #182 ) ) ;
#1124 = VECTOR ( 'NONE', #1631, 1000.000000000000000 ) ;
#1125 = MECHANICAL_DESIGN_GEOMETRIC_PRESENTATION_REPRESENTATION (  '', ( #533 ), #329 ) ;
#1126 = CIRCLE ( 'NONE', #1216, 2.955917552695883188 ) ;
#1127 = EDGE_CURVE ( 'NONE', #1069, #1375, #295, .T. ) ;
#1128 = DIRECTION ( 'NONE',  ( 0.000000000000000000, -0.000000000000000000, -1.000000000000000000 ) ) ;
#1129 = UNCERTAINTY_MEASURE_WITH_UNIT (LENGTH_MEASURE( 1.000000000000000082E-05 ), #180, 'distance_accuracy_value', 'NONE');
#1130 = VERTEX_POINT ( 'NONE', #2783 ) ;
#1131 = ORIENTED_EDGE ( 'NONE', *, *, #2928, .T. ) ;
#1132 = FILL_AREA_STYLE_COLOUR ( '', #1636 ) ;
#1133 = ORIENTED_EDGE ( 'NONE', *, *, #1289, .F. ) ;
#1134 = CARTESIAN_POINT ( 'NONE',  ( 2.579634737500167141, 1.611293510820342334, 1.006924426713982745 ) ) ;
#1135 = CARTESIAN_POINT ( 'NONE',  ( -1.104999999951943979, 0.5000000000169861902, -1.291888153094606473 ) ) ;
#1136 = CARTESIAN_POINT ( 'NONE',  ( 2.675479913094540585, 1.438791802088569716, -1.005410422782943458 ) ) ;
#1137 = ORIENTED_EDGE ( 'NONE', *, *, #1959, .T. ) ;
#1138 = DIRECTION ( 'NONE',  ( -1.000000000000000000, -1.532441233189114753E-16, 0.000000000000000000 ) ) ;
#1139 = CARTESIAN_POINT ( 'NONE',  ( 2.904687719599192253, 6.902834556553087531, 1.004228617162350234 ) ) ;
#1140 = EDGE_CURVE ( 'NONE', #415, #113, #2177, .T. ) ;
#1141 = DIRECTION ( 'NONE',  ( 1.532441233204257924E-16, -1.000000000000000000, -0.000000000000000000 ) ) ;
#1142 = CARTESIAN_POINT ( 'NONE',  ( 1.249999999988084864, 1.100000000016986723, 8.948484741729069290E-12 ) ) ;
#1143 =( GEOMETRIC_REPRESENTATION_CONTEXT ( 3 ) GLOBAL_UNCERTAINTY_ASSIGNED_CONTEXT ( ( #1752 ) ) GLOBAL_UNIT_ASSIGNED_CONTEXT ( ( #1627, #739, #2810 ) ) REPRESENTATION_CONTEXT ( 'NONE', 'WORKASPACE' ) );
#1144 = PRESENTATION_LAYER_ASSIGNMENT (  '', '', ( #1576 ) ) ;
#1145 =( NAMED_UNIT ( * ) SI_UNIT ( $, .STERADIAN. ) SOLID_ANGLE_UNIT ( ) );
#1146 = LINE ( 'NONE', #2075, #644 ) ;
#1147 = VERTEX_POINT ( 'NONE', #1233 ) ;
#1148 = ORIENTED_EDGE ( 'NONE', *, *, #321, .T. ) ;
#1149 = CARTESIAN_POINT ( 'NONE',  ( -1.060449333377346473E-15, 6.919999999999999929, 0.000000000000000000 ) ) ;
#1150 = ORIENTED_EDGE ( 'NONE', *, *, #1338, .T. ) ;
#1151 = CARTESIAN_POINT ( 'NONE',  ( 2.792270903850011976, 1.337640652731401758, 1.003826515171031497 ) ) ;
#1152 = FACE_OUTER_BOUND ( 'NONE', #2725, .T. ) ;
#1153 = UNCERTAINTY_MEASURE_WITH_UNIT (LENGTH_MEASURE( 1.000000000000000082E-05 ), #288, 'distance_accuracy_value', 'NONE');
#1154 =( NAMED_UNIT ( * ) SI_UNIT ( $, .STERADIAN. ) SOLID_ANGLE_UNIT ( ) );
#1155 = ORIENTED_EDGE ( 'NONE', *, *, #805, .F. ) ;
#1156 = AXIS2_PLACEMENT_3D ( 'NONE', #1459, #741, #1671 ) ;
#1157 = MECHANICAL_DESIGN_GEOMETRIC_PRESENTATION_REPRESENTATION (  '', ( #2457 ), #726 ) ;
#1158 = DIRECTION ( 'NONE',  ( 0.000000000000000000, 0.000000000000000000, -1.000000000000000000 ) ) ;
#1159 = MECHANICAL_DESIGN_GEOMETRIC_PRESENTATION_REPRESENTATION (  '', ( #2991 ), #1533 ) ;
#1160 = COLOUR_RGB ( '',0.000000000000000000, 0.5019607843137254832, 0.5019607843137254832 ) ;
#1161 = AXIS2_PLACEMENT_3D ( 'NONE', #1368, #2312, #1823 ) ;
#1162 = FILL_AREA_STYLE ('',( #2987 ) ) ;
#1163 = STYLED_ITEM ( 'NONE', ( #2 ), #2570 ) ;
#1164 = SURFACE_STYLE_USAGE ( .BOTH. , #1656 ) ;
#1165 = SURFACE_SIDE_STYLE ('',( #216 ) ) ;
#1166 = ORIENTED_EDGE ( 'NONE', *, *, #1338, .F. ) ;
#1167 = DIRECTION ( 'NONE',  ( -1.000000000000000000, 0.000000000000000000, 0.000000000000000000 ) ) ;
#1168 = CARTESIAN_POINT ( 'NONE',  ( 2.792270903850726071, 2.162359347284128930, 1.003826515171268419 ) ) ;
#1169 = ADVANCED_FACE ( 'NONE', ( #1634, #2438 ), #311, .T. ) ;
#1170 = CARTESIAN_POINT ( 'NONE',  ( -4.336808689942017736E-16, 2.999999999999999556, 0.000000000000000000 ) ) ;
#1171 = VERTEX_POINT ( 'NONE', #2684 ) ;
#1172 = CYLINDRICAL_SURFACE ( 'NONE', #2899, 0.2999999999999996003 ) ;
#1173 = DIRECTION ( 'NONE',  ( -1.532441233204257924E-16, 1.000000000000000000, -0.000000000000000000 ) ) ;
#1174 =( NAMED_UNIT ( * ) SI_UNIT ( $, .STERADIAN. ) SOLID_ANGLE_UNIT ( ) );
#1175 =( NAMED_UNIT ( * ) SI_UNIT ( $, .STERADIAN. ) SOLID_ANGLE_UNIT ( ) );
#1176 = CARTESIAN_POINT ( 'NONE',  ( 1.104999999984983550, 1.698662911719939217E-11, -1.291888153090703373 ) ) ;
#1177 = TOROIDAL_SURFACE ( 'NONE', #929, 2.599137674610394466, 0.6508623253894936234 ) ;
#1178 = CIRCLE ( 'NONE', #281, 0.6050000000000000933 ) ;
#1179 = DIRECTION ( 'NONE',  ( 0.000000000000000000, 0.000000000000000000, -1.000000000000000000 ) ) ;
#1180 = CARTESIAN_POINT ( 'NONE',  ( 1.104999999961677082, 1.698662911719939217E-11, 1.291888153105984038 ) ) ;
#1181 =( NAMED_UNIT ( * ) SI_UNIT ( $, .STERADIAN. ) SOLID_ANGLE_UNIT ( ) );
#1182 = PRESENTATION_LAYER_ASSIGNMENT (  '', '', ( #1704 ) ) ;
#1183 = SURFACE_STYLE_USAGE ( .BOTH. , #294 ) ;
#1184 = FILL_AREA_STYLE_COLOUR ( '', #1718 ) ;
#1185 = PRESENTATION_LAYER_ASSIGNMENT (  '', '', ( #2092 ) ) ;
#1186 = COLOUR_RGB ( '',0.2509803921568627416, 0.2509803921568627416, 0.2509803921568627416 ) ;
#1187 = CARTESIAN_POINT ( 'NONE',  ( 2.917657323381453338, 0.3471879267379677225, 1.004904519959238574 ) ) ;
#1188 = VERTEX_POINT ( 'NONE', #781 ) ;
#1189 = DIRECTION ( 'NONE',  ( 1.532441233204257924E-16, -1.000000000000000000, 0.000000000000000000 ) ) ;
#1190 = CARTESIAN_POINT ( 'NONE',  ( -1.049722244742313277E-15, 7.020000000000000462, -1.000000000000000000 ) ) ;
#1191 = CARTESIAN_POINT ( 'NONE',  ( 2.626857474359661992, 1.992985231771430721, 1.006251033779629100 ) ) ;
#1192 = VECTOR ( 'NONE', #913, 1000.000000000000000 ) ;
#1193 = SURFACE_STYLE_USAGE ( .BOTH. , #2096 ) ;
#1194 = EDGE_CURVE ( 'NONE', #308, #2916, #370, .T. ) ;
#1195 = ORIENTED_EDGE ( 'NONE', *, *, #27, .T. ) ;
#1196 = ORIENTED_EDGE ( 'NONE', *, *, #798, .T. ) ;
#1197 =( NAMED_UNIT ( * ) PLANE_ANGLE_UNIT ( ) SI_UNIT ( $, .RADIAN. ) );
#1198 = CARTESIAN_POINT ( 'NONE',  ( 3.035271011856659928, 6.745461624310141069, -1.005663958086098875 ) ) ;
#1199 = CIRCLE ( 'NONE', #2892, 1.000000000003157696 ) ;
#1200 =( GEOMETRIC_REPRESENTATION_CONTEXT ( 3 ) GLOBAL_UNCERTAINTY_ASSIGNED_CONTEXT ( ( #977 ) ) GLOBAL_UNIT_ASSIGNED_CONTEXT ( ( #1112, #1543, #1981 ) ) REPRESENTATION_CONTEXT ( 'NONE', 'WORKASPACE' ) );
#1201 = MECHANICAL_DESIGN_GEOMETRIC_PRESENTATION_REPRESENTATION (  '', ( #2016 ), #1388 ) ;
#1202 =( NAMED_UNIT ( * ) PLANE_ANGLE_UNIT ( ) SI_UNIT ( $, .RADIAN. ) );
#1203 = EDGE_CURVE ( 'NONE', #113, #687, #1126, .T. ) ;
#1204 = SURFACE_SIDE_STYLE ('',( #2559 ) ) ;
#1205 = EDGE_CURVE ( 'NONE', #1616, #2480, #2640, .T. ) ;
#1206 = CARTESIAN_POINT ( 'NONE',  ( 0.2499999999418809071, 0.5000000000169865233, 8.948484741729069290E-12 ) ) ;
#1207 = ORIENTED_EDGE ( 'NONE', *, *, #569, .T. ) ;
#1208 = FILL_AREA_STYLE_COLOUR ( '', #385 ) ;
#1209 = APPLICATION_CONTEXT ( 'automotive_design' ) ;
#1210 = DIRECTION ( 'NONE',  ( 1.532441233204257924E-16, -1.000000000000000000, -0.000000000000000000 ) ) ;
#1211 = DIRECTION ( 'NONE',  ( 1.000000000000000000, 1.084202172435410041E-16, 0.000000000000000000 ) ) ;
#1212 = SURFACE_STYLE_FILL_AREA ( #270 ) ;
#1213 = SURFACE_SIDE_STYLE ('',( #271 ) ) ;
#1214 = PRESENTATION_LAYER_ASSIGNMENT (  '', '', ( #975 ) ) ;
#1215 = CONICAL_SURFACE ( 'NONE', #2033, 0.2500000000000011102, 0.7853981633974463916 ) ;
#1216 = AXIS2_PLACEMENT_3D ( 'NONE', #1493, #1027, #357 ) ;
#1217 = DIRECTION ( 'NONE',  ( -1.532441233204257924E-16, 1.000000000000000000, -0.000000000000000000 ) ) ;
#1218 = SURFACE_STYLE_FILL_AREA ( #716 ) ;
#1219 = EDGE_LOOP ( 'NONE', ( #416, #2625, #2918, #2217, #1078, #275 ) ) ;
#1220 = PRESENTATION_STYLE_ASSIGNMENT (( #479 ) ) ;
#1221 = DIRECTION ( 'NONE',  ( -1.000000000000000000, 0.000000000000000000, 0.000000000000000000 ) ) ;
#1222 = DIRECTION ( 'NONE',  ( -1.000000000000000000, 0.000000000000000000, 0.000000000000000000 ) ) ;
#1223 = CARTESIAN_POINT ( 'NONE',  ( -1.105000000002576810, 1.698619543633039797E-11, 1.291888153077042745 ) ) ;
#1224 = SURFACE_STYLE_USAGE ( .BOTH. , #1900 ) ;
#1225 = EDGE_CURVE ( 'NONE', #478, #3004, #579, .T. ) ;
#1226 = SURFACE_SIDE_STYLE ('',( #1212 ) ) ;
#1227 = DIRECTION ( 'NONE',  ( -1.000000000000000000, -1.461568872310120745E-16, 0.000000000000000000 ) ) ;
#1228 = DIRECTION ( 'NONE',  ( -1.532441233204258170E-16, 1.000000000000000000, -0.000000000000000000 ) ) ;
#1229 = DIRECTION ( 'NONE',  ( 1.000000000000000000, 0.000000000000000000, 1.224646799147353454E-16 ) ) ;
#1230 = VERTEX_POINT ( 'NONE', #561 ) ;
#1231 = FACE_OUTER_BOUND ( 'NONE', #1953, .T. ) ;
#1232 = AXIS2_PLACEMENT_3D ( 'NONE', #1666, #2826, #1179 ) ;
#1233 = CARTESIAN_POINT ( 'NONE',  ( -1.500000000000000444, 0.5000000000169863013, 0.000000000000000000 ) ) ;
#1234 = PLANE ( 'NONE',  #2529 ) ;
#1235 = VECTOR ( 'NONE', #790, 1000.000000000000000 ) ;
#1236 = MECHANICAL_DESIGN_GEOMETRIC_PRESENTATION_REPRESENTATION (  '', ( #2352 ), #1432 ) ;
#1237 = EDGE_CURVE ( 'NONE', #948, #18, #2276, .T. ) ;
#1238 = LINE ( 'NONE', #736, #1360 ) ;
#1239 = DIRECTION ( 'NONE',  ( 0.000000000000000000, 0.000000000000000000, -1.000000000000000000 ) ) ;
#1240 = AXIS2_PLACEMENT_3D ( 'NONE', #2569, #1875, #2760 ) ;
#1241 = MECHANICAL_DESIGN_GEOMETRIC_PRESENTATION_REPRESENTATION (  '', ( #2893 ), #2252 ) ;
#1242 = UNCERTAINTY_MEASURE_WITH_UNIT (LENGTH_MEASURE( 1.000000000000000082E-05 ), #136, 'distance_accuracy_value', 'NONE');
#1243 = CIRCLE ( 'NONE', #1339, 0.2500000000000002220 ) ;
#1244 = VERTEX_POINT ( 'NONE', #2904 ) ;
#1245 =( NAMED_UNIT ( * ) PLANE_ANGLE_UNIT ( ) SI_UNIT ( $, .RADIAN. ) );
#1246 = AXIS2_PLACEMENT_3D ( 'NONE', #3003, #1572, #1838 ) ;
#1247 = VERTEX_POINT ( 'NONE', #1928 ) ;
#1248 = ORIENTED_EDGE ( 'NONE', *, *, #2958, .F. ) ;
#1249 = EDGE_CURVE ( 'NONE', #325, #619, #1357, .T. ) ;
#1250 = DIRECTION ( 'NONE',  ( 1.532441233204257924E-16, -1.000000000000000000, 0.000000000000000000 ) ) ;
#1251 = CARTESIAN_POINT ( 'NONE',  ( -1.075773745709388929E-15, 7.020000000000000462, 0.000000000000000000 ) ) ;
#1252 = DIRECTION ( 'NONE',  ( 7.228014483236699514E-16, 0.000000000000000000, -1.000000000000000000 ) ) ;
#1253 = CARTESIAN_POINT ( 'NONE',  ( 2.547414203998781712, 0.1500000000169997572, -1.001626250058786249 ) ) ;
#1254 = PRESENTATION_STYLE_ASSIGNMENT (( #2382 ) ) ;
#1255 = PRESENTATION_STYLE_ASSIGNMENT (( #67 ) ) ;
#1256 = SURFACE_STYLE_USAGE ( .BOTH. , #2876 ) ;
#1257 = VERTEX_POINT ( 'NONE', #2206 ) ;
#1258 =( NAMED_UNIT ( * ) SI_UNIT ( $, .STERADIAN. ) SOLID_ANGLE_UNIT ( ) );
#1259 = ORIENTED_EDGE ( 'NONE', *, *, #346, .F. ) ;
#1260 = CIRCLE ( 'NONE', #2959, 1.000000000023102409 ) ;
#1261 = ORIENTED_EDGE ( 'NONE', *, *, #2412, .F. ) ;
#1262 = AXIS2_PLACEMENT_3D ( 'NONE', #2482, #2701, #2732 ) ;
#1263 = DIRECTION ( 'NONE',  ( -1.532441233204257924E-16, 1.000000000000000000, -0.000000000000000000 ) ) ;
#1264 = SURFACE_STYLE_FILL_AREA ( #2483 ) ;
#1265 = SURFACE_STYLE_USAGE ( .BOTH. , #2922 ) ;
#1266 = AXIS2_PLACEMENT_3D ( 'NONE', #300, #1721, #771 ) ;
#1267 = CARTESIAN_POINT ( 'NONE',  ( -9.731001830821006022E-16, 6.519999999999999574, 0.000000000000000000 ) ) ;
#1268 =( NAMED_UNIT ( * ) PLANE_ANGLE_UNIT ( ) SI_UNIT ( $, .RADIAN. ) );
#1269 = COLOUR_RGB ( '',0.9411764705882352811, 0.9411764705882352811, 0.7843137254901960675 ) ;
#1270 = SURFACE_STYLE_FILL_AREA ( #2432 ) ;
#1271 = UNCERTAINTY_MEASURE_WITH_UNIT (LENGTH_MEASURE( 1.000000000000000082E-05 ), #2029, 'distance_accuracy_value', 'NONE');
#1272 = ORIENTED_EDGE ( 'NONE', *, *, #928, .F. ) ;
#1273 =( NAMED_UNIT ( * ) PLANE_ANGLE_UNIT ( ) SI_UNIT ( $, .RADIAN. ) );
#1274 = ORIENTED_EDGE ( 'NONE', *, *, #700, .F. ) ;
#1275 = ADVANCED_FACE ( 'NONE', ( #824, #118 ), #1703, .T. ) ;
#1276 = CLOSED_SHELL ( 'NONE', ( #2635, #138, #1292, #969, #755, #2626, #333, #15, #641, #2495, #154, #148, #567, #2551, #2127, #1977, #2436, #2324, #843, #423, #477, #2555, #1579, #657, #2038, #2895, #2230, #528, #1114, #1446, #2806, #1650, #2141, #2113, #1883, #2570, #883, #520, #1955, #1169, #1275, #2356, #2046, #2372, #815, #1720, #471, #1638, #2647, #783, #1807, #1074, #2430, #587, #2859, #1734 ) ) ;
#1277 =( LENGTH_UNIT ( ) NAMED_UNIT ( * ) SI_UNIT ( .MILLI., .METRE. ) );
#1278 = ORIENTED_EDGE ( 'NONE', *, *, #2542, .T. ) ;
#1279 = DIRECTION ( 'NONE',  ( -1.532441233204257924E-16, 1.000000000000000000, 0.000000000000000000 ) ) ;
#1280 = MECHANICAL_DESIGN_GEOMETRIC_PRESENTATION_REPRESENTATION (  '', ( #998 ), #2450 ) ;
#1281 = ORIENTED_EDGE ( 'NONE', *, *, #440, .F. ) ;
#1282 =( LENGTH_UNIT ( ) NAMED_UNIT ( * ) SI_UNIT ( .MILLI., .METRE. ) );
#1283 = PRESENTATION_LAYER_ASSIGNMENT (  '', '', ( #2411 ) ) ;
#1284 = EDGE_CURVE ( 'NONE', #1831, #2017, #408, .T. ) ;
#1285 = COLOUR_RGB ( '',0.7803921568627451011, 0.7607843137254901578, 0.7411764705882353255 ) ;
#1286 = ORIENTED_EDGE ( 'NONE', *, *, #1658, .T. ) ;
#1287 = AXIS2_PLACEMENT_3D ( 'NONE', #1149, #2715, #633 ) ;
#1288 = SURFACE_STYLE_USAGE ( .BOTH. , #2185 ) ;
#1289 = EDGE_CURVE ( 'NONE', #809, #1539, #650, .T. ) ;
#1290 = FILL_AREA_STYLE ('',( #1522 ) ) ;
#1291 = PRESENTATION_LAYER_ASSIGNMENT (  '', '', ( #1771 ) ) ;
#1292 = ADVANCED_FACE ( 'NONE', ( #667 ), #260, .T. ) ;
#1293 = CARTESIAN_POINT ( 'NONE',  ( 2.612081475210910497, 1.966514908285790675, -1.006475923926026361 ) ) ;
#1294 = ORIENTED_EDGE ( 'NONE', *, *, #1454, .T. ) ;
#1295 = CARTESIAN_POINT ( 'NONE',  ( 3.032900694272517406, 0.5305305728097861051, -1.005767434662011128 ) ) ;
#1296 = PRESENTATION_STYLE_ASSIGNMENT (( #2692 ) ) ;
#1297 = LINE ( 'NONE', #1764, #2657 ) ;
#1298 = ORIENTED_EDGE ( 'NONE', *, *, #2639, .T. ) ;
#1299 = DIRECTION ( 'NONE',  ( 1.532441233204257924E-16, -1.000000000000000000, 0.000000000000000000 ) ) ;
#1300 = ORIENTED_EDGE ( 'NONE', *, *, #1538, .F. ) ;
#1301 = DIRECTION ( 'NONE',  ( -1.532441233204257924E-16, 1.000000000000000000, 0.000000000000000000 ) ) ;
#1302 =( LENGTH_UNIT ( ) NAMED_UNIT ( * ) SI_UNIT ( .MILLI., .METRE. ) );
#1303 = AXIS2_PLACEMENT_3D ( 'NONE', #1475, #1250, #1057 ) ;
#1304 =( LENGTH_UNIT ( ) NAMED_UNIT ( * ) SI_UNIT ( .MILLI., .METRE. ) );
#1305 = COLOUR_RGB ( '',0.7803921568627451011, 0.7607843137254901578, 0.7411764705882353255 ) ;
#1306 = DIRECTION ( 'NONE',  ( -1.532441233204257924E-16, 1.000000000000000000, -0.000000000000000000 ) ) ;
#1307 = ORIENTED_EDGE ( 'NONE', *, *, #2395, .F. ) ;
#1308 = PRESENTATION_LAYER_ASSIGNMENT (  '', '', ( #1842 ) ) ;
#1309 = FILL_AREA_STYLE ('',( #2023 ) ) ;
#1310 = CARTESIAN_POINT ( 'NONE',  ( 2.909214431383403188, 0.3585319718687132173, -1.004812150830216133 ) ) ;
#1311 = SURFACE_SIDE_STYLE ('',( #394 ) ) ;
#1312 = EDGE_CURVE ( 'NONE', #1230, #2946, #908, .T. ) ;
#1313 = PRESENTATION_LAYER_ASSIGNMENT (  '', '', ( #2585 ) ) ;
#1314 = EDGE_CURVE ( 'NONE', #2802, #640, #1600, .T. ) ;
#1315 = PRESENTATION_STYLE_ASSIGNMENT (( #2477 ) ) ;
#1316 = CARTESIAN_POINT ( 'NONE',  ( 0.3839745962000000179, 0.3000000000000000444, -0.5000000000000000000 ) ) ;
#1317 = VERTEX_POINT ( 'NONE', #2271 ) ;
#1318 = EDGE_CURVE ( 'NONE', #2665, #2709, #1786, .T. ) ;
#1319 = FILL_AREA_STYLE_COLOUR ( '', #1730 ) ;
#1320 = PRESENTATION_STYLE_ASSIGNMENT (( #2952 ) ) ;
#1321 = UNCERTAINTY_MEASURE_WITH_UNIT (LENGTH_MEASURE( 1.000000000000000082E-05 ), #249, 'distance_accuracy_value', 'NONE');
#1322 = EDGE_LOOP ( 'NONE', ( #1047, #1639 ) ) ;
#1323 = DIRECTION ( 'NONE',  ( 0.000000000000000000, 0.000000000000000000, -1.000000000000000000 ) ) ;
#1324 = PRESENTATION_LAYER_ASSIGNMENT (  '', '', ( #1523 ) ) ;
#1325 = EDGE_CURVE ( 'NONE', #1094, #1539, #756, .T. ) ;
#1326 = DIRECTION ( 'NONE',  ( -1.532441233204258170E-16, 1.000000000000000000, -0.000000000000000000 ) ) ;
#1327 = MECHANICAL_DESIGN_GEOMETRIC_PRESENTATION_REPRESENTATION (  '', ( #2550 ), #1716 ) ;
#1328 = CARTESIAN_POINT ( 'NONE',  ( -3.532384888066400145E-12, 1.698641227676489507E-11, -4.129780285105910664E-12 ) ) ;
#1329 = COLOUR_RGB ( '',0.2509803921568627416, 0.2509803921568627416, 0.2509803921568627416 ) ;
#1330 = CARTESIAN_POINT ( 'NONE',  ( 0.5524999999790722871, 1.698652069698214362E-11, 0.6459440765509271154 ) ) ;
#1331 = FACE_OUTER_BOUND ( 'NONE', #219, .T. ) ;
#1332 = ORIENTED_EDGE ( 'NONE', *, *, #2368, .T. ) ;
#1333 = CARTESIAN_POINT ( 'NONE',  ( -1.250000000000000222, 0.5000000000169863013, 0.000000000000000000 ) ) ;
#1334 = CIRCLE ( 'NONE', #808, 0.2500000000000002220 ) ;
#1335 = PRESENTATION_LAYER_ASSIGNMENT (  '', '', ( #959 ) ) ;
#1336 = CARTESIAN_POINT ( 'NONE',  ( 2.617298134932579234, 1.523683271764118441, 1.006399557531276523 ) ) ;
#1337 =( NAMED_UNIT ( * ) PLANE_ANGLE_UNIT ( ) SI_UNIT ( $, .RADIAN. ) );
#1338 = EDGE_CURVE ( 'NONE', #1081, #2649, #2115, .T. ) ;
#1339 = AXIS2_PLACEMENT_3D ( 'NONE', #571, #1967, #1997 ) ;
#1340 = MECHANICAL_DESIGN_GEOMETRIC_PRESENTATION_REPRESENTATION (  '', ( #409 ), #215 ) ;
#1341 = DIRECTION ( 'NONE',  ( 1.532441233204257924E-16, -1.000000000000000000, -0.000000000000000000 ) ) ;
#1342 = ORIENTED_EDGE ( 'NONE', *, *, #2208, .F. ) ;
#1343 = MECHANICAL_DESIGN_GEOMETRIC_PRESENTATION_REPRESENTATION (  '', ( #1771 ), #2944 ) ;
#1344 =( GEOMETRIC_REPRESENTATION_CONTEXT ( 3 ) GLOBAL_UNCERTAINTY_ASSIGNED_CONTEXT ( ( #2241 ) ) GLOBAL_UNIT_ASSIGNED_CONTEXT ( ( #718, #2110, #730 ) ) REPRESENTATION_CONTEXT ( 'NONE', 'WORKASPACE' ) );
#1345 = EDGE_CURVE ( 'NONE', #1660, #250, #1587, .T. ) ;
#1346 = FACE_OUTER_BOUND ( 'NONE', #1571, .T. ) ;
#1347 = ORIENTED_EDGE ( 'NONE', *, *, #2368, .F. ) ;
#1348 = DIRECTION ( 'NONE',  ( 8.659560562354908206E-17, 0.7071067811865493491, -0.7071067811865456854 ) ) ;
#1349 = ORIENTED_EDGE ( 'NONE', *, *, #982, .F. ) ;
#1350 = SURFACE_STYLE_FILL_AREA ( #2736 ) ;
#1351 = UNCERTAINTY_MEASURE_WITH_UNIT (LENGTH_MEASURE( 1.000000000000000082E-05 ), #1453, 'distance_accuracy_value', 'NONE');
#1352 = CARTESIAN_POINT ( 'NONE',  ( 2.646407825381337009, 1.476803998680825014, -1.005910156969473279 ) ) ;
#1353 = ORIENTED_EDGE ( 'NONE', *, *, #1552, .T. ) ;
#1354 = DIRECTION ( 'NONE',  ( 1.532441233204257924E-16, -1.000000000000000000, 0.000000000000000000 ) ) ;
#1355 =( GEOMETRIC_REPRESENTATION_CONTEXT ( 3 ) GLOBAL_UNCERTAINTY_ASSIGNED_CONTEXT ( ( #2049 ) ) GLOBAL_UNIT_ASSIGNED_CONTEXT ( ( #1277, #2921, #826 ) ) REPRESENTATION_CONTEXT ( 'NONE', 'WORKASPACE' ) );
#1356 = AXIS2_PLACEMENT_3D ( 'NONE', #2874, #1497, #2175 ) ;
#1357 = CIRCLE ( 'NONE', #1837, 1.000000000046203930 ) ;
#1358 = SURFACE_STYLE_FILL_AREA ( #642 ) ;
#1359 = ORIENTED_EDGE ( 'NONE', *, *, #1538, .T. ) ;
#1360 = VECTOR ( 'NONE', #79, 1000.000000000000000 ) ;
#1361 = ORIENTED_EDGE ( 'NONE', *, *, #1082, .F. ) ;
#1362 = DIRECTION ( 'NONE',  ( 1.532441233204257924E-16, -1.000000000000000000, 0.000000000000000000 ) ) ;
#1363 = EDGE_CURVE ( 'NONE', #3002, #1069, #560, .T. ) ;
#1364 = ORIENTED_EDGE ( 'NONE', *, *, #2974, .F. ) ;
#1365 = FILL_AREA_STYLE_COLOUR ( '', #1882 ) ;
#1366 = PRESENTATION_STYLE_ASSIGNMENT (( #1821 ) ) ;
#1367 = ORIENTED_EDGE ( 'NONE', *, *, #1780, .T. ) ;
#1368 = CARTESIAN_POINT ( 'NONE',  ( -1.250000000000000000, 1.100000000016986279, 0.000000000000000000 ) ) ;
#1369 = CYLINDRICAL_SURFACE ( 'NONE', #1520, 0.3000000000231014541 ) ;
#1370 = LINE ( 'NONE', #1828, #2362 ) ;
#1371 = EDGE_CURVE ( 'NONE', #18, #948, #2509, .T. ) ;
#1372 = CARTESIAN_POINT ( 'NONE',  ( -2.955917552695936479, 2.178853721174704994, 0.000000000000000000 ) ) ;
#1373 = VECTOR ( 'NONE', #2254, 1000.000000000000000 ) ;
#1374 = DIRECTION ( 'NONE',  ( -1.000000000000000000, -2.685330458168524917E-16, 0.000000000000000000 ) ) ;
#1375 = VERTEX_POINT ( 'NONE', #188 ) ;
#1376 = CIRCLE ( 'NONE', #68, 0.4799999999999999822 ) ;
#1377 = EDGE_LOOP ( 'NONE', ( #1566, #1673, #237, #588 ) ) ;
#1378 =( GEOMETRIC_REPRESENTATION_CONTEXT ( 3 ) GLOBAL_UNCERTAINTY_ASSIGNED_CONTEXT ( ( #2719 ) ) GLOBAL_UNIT_ASSIGNED_CONTEXT ( ( #2676, #108, #1540 ) ) REPRESENTATION_CONTEXT ( 'NONE', 'WORKASPACE' ) );
#1379 = PRESENTATION_STYLE_ASSIGNMENT (( #684 ) ) ;
#1380 =( NAMED_UNIT ( * ) PLANE_ANGLE_UNIT ( ) SI_UNIT ( $, .RADIAN. ) );
#1381 = EDGE_LOOP ( 'NONE', ( #1116, #1926, #2270, #2757 ) ) ;
#1382 = SURFACE_STYLE_FILL_AREA ( #2307 ) ;
#1383 = PRESENTATION_STYLE_ASSIGNMENT (( #949 ) ) ;
#1384 = CARTESIAN_POINT ( 'NONE',  ( 1.249999999988084642, 0.5000000000169867453, 8.948484741729069290E-12 ) ) ;
#1385 = ORIENTED_EDGE ( 'NONE', *, *, #985, .T. ) ;
#1386 = CIRCLE ( 'NONE', #73, 2.967228416056344908 ) ;
#1387 = CARTESIAN_POINT ( 'NONE',  ( -4.336808689942017736E-16, 1.750000000007506884, 0.000000000000000000 ) ) ;
#1388 =( GEOMETRIC_REPRESENTATION_CONTEXT ( 3 ) GLOBAL_UNCERTAINTY_ASSIGNED_CONTEXT ( ( #1426 ) ) GLOBAL_UNIT_ASSIGNED_CONTEXT ( ( #351, #2885, #821 ) ) REPRESENTATION_CONTEXT ( 'NONE', 'WORKASPACE' ) );
#1389 = AXIS2_PLACEMENT_3D ( 'NONE', #70, #57, #1036 ) ;
#1390 = VECTOR ( 'NONE', #2808, 1000.000000000000000 ) ;
#1391 = VECTOR ( 'NONE', #1705, 1000.000000000000000 ) ;
#1392 = DIRECTION ( 'NONE',  ( -1.532441233204257924E-16, 1.000000000000000000, -0.000000000000000000 ) ) ;
#1393 = DIRECTION ( 'NONE',  ( 1.000000000000000000, 0.000000000000000000, 0.000000000000000000 ) ) ;
#1394 = PRESENTATION_STYLE_ASSIGNMENT (( #1626 ) ) ;
#1395 = DIRECTION ( 'NONE',  ( -1.000000000000000000, 0.000000000000000000, 0.000000000000000000 ) ) ;
#1396 =( LENGTH_UNIT ( ) NAMED_UNIT ( * ) SI_UNIT ( .MILLI., .METRE. ) );
#1397 = ORIENTED_EDGE ( 'NONE', *, *, #2087, .T. ) ;
#1398 = CARTESIAN_POINT ( 'NONE',  ( 2.783759855989083931, 0.2583888347259474805, 1.003753450067784714 ) ) ;
#1399 = EDGE_LOOP ( 'NONE', ( #2094, #1957, #896, #2816, #544 ) ) ;
#1400 = ORIENTED_EDGE ( 'NONE', *, *, #1101, .F. ) ;
#1401 = CARTESIAN_POINT ( 'NONE',  ( 2.632886413724786934, 7.016540236460792279, 1.000974525720151664 ) ) ;
#1402 = CARTESIAN_POINT ( 'NONE',  ( -1.250000000000000222, 0.8500000000169877223, -0.5999999999999999778 ) ) ;
#1403 = EDGE_CURVE ( 'NONE', #687, #113, #2846, .T. ) ;
#1404 = CYLINDRICAL_SURFACE ( 'NONE', #1411, 0.2500000000000002220 ) ;
#1405 = PRESENTATION_LAYER_ASSIGNMENT (  '', '', ( #1556 ) ) ;
#1406 = CARTESIAN_POINT ( 'NONE',  ( -0.3839745962000001289, 0.2999999999999999334, -0.5000000000000000000 ) ) ;
#1407 = CARTESIAN_POINT ( 'NONE',  ( 2.558865821076761193, 1.828152131571689765, 1.007326019684724461 ) ) ;
#1408 =( NAMED_UNIT ( * ) SI_UNIT ( $, .STERADIAN. ) SOLID_ANGLE_UNIT ( ) );
#1409 = TOROIDAL_SURFACE ( 'NONE', #98, 3.250000000048112181, 0.4999999999996140310 ) ;
#1410 = FACE_OUTER_BOUND ( 'NONE', #1803, .T. ) ;
#1411 = AXIS2_PLACEMENT_3D ( 'NONE', #803, #2658, #793 ) ;
#1412 = MECHANICAL_DESIGN_GEOMETRIC_PRESENTATION_REPRESENTATION (  '', ( #1948 ), #1661 ) ;
#1413 = FACE_OUTER_BOUND ( 'NONE', #980, .T. ) ;
#1414 = ORIENTED_EDGE ( 'NONE', *, *, #1471, .T. ) ;
#1415 =( NAMED_UNIT ( * ) SI_UNIT ( $, .STERADIAN. ) SOLID_ANGLE_UNIT ( ) );
#1416 = CARTESIAN_POINT ( 'NONE',  ( -1.250000000000000000, 1.100000000016986279, 0.000000000000000000 ) ) ;
#1417 = EDGE_CURVE ( 'NONE', #1244, #2984, #759, .T. ) ;
#1418 =( NAMED_UNIT ( * ) PLANE_ANGLE_UNIT ( ) SI_UNIT ( $, .RADIAN. ) );
#1419 = DIRECTION ( 'NONE',  ( -1.532441233204257924E-16, 1.000000000000000000, 0.000000000000000000 ) ) ;
#1420 = LINE ( 'NONE', #54, #1235 ) ;
#1421 = EDGE_CURVE ( 'NONE', #2636, #2594, #2134, .T. ) ;
#1422 = FACE_OUTER_BOUND ( 'NONE', #264, .T. ) ;
#1423 = MECHANICAL_DESIGN_GEOMETRIC_PRESENTATION_REPRESENTATION (  '', ( #203 ), #1904 ) ;
#1424 = CARTESIAN_POINT ( 'NONE',  ( 3.090320009128491474, 6.520000000000000462, -1.006191950464396134 ) ) ;
#1425 = COLOUR_RGB ( '',0.7921568627450980005, 0.8196078431372548767, 0.9333333333333333481 ) ;
#1426 = UNCERTAINTY_MEASURE_WITH_UNIT (LENGTH_MEASURE( 1.000000000000000082E-05 ), #351, 'distance_accuracy_value', 'NONE');
#1427 = PRESENTATION_LAYER_ASSIGNMENT (  '', '', ( #2008 ) ) ;
#1428 =( LENGTH_UNIT ( ) NAMED_UNIT ( * ) SI_UNIT ( .MILLI., .METRE. ) );
#1429 = CARTESIAN_POINT ( 'NONE',  ( -1.138461538458696465, 1.698619543633039797E-11, -0.9937601177563949451 ) ) ;
#1430 = ORIENTED_EDGE ( 'NONE', *, *, #1203, .T. ) ;
#1431 = FILL_AREA_STYLE ('',( #499 ) ) ;
#1432 =( GEOMETRIC_REPRESENTATION_CONTEXT ( 3 ) GLOBAL_UNCERTAINTY_ASSIGNED_CONTEXT ( ( #2967 ) ) GLOBAL_UNIT_ASSIGNED_CONTEXT ( ( #2924, #2248, #2442 ) ) REPRESENTATION_CONTEXT ( 'NONE', 'WORKASPACE' ) );
#1433 = CARTESIAN_POINT ( 'NONE',  ( 3.102307816413132802, 0.7300039527500923331, 1.006283540575219959 ) ) ;
#1434 = ORIENTED_EDGE ( 'NONE', *, *, #1537, .T. ) ;
#1435 = CARTESIAN_POINT ( 'NONE',  ( 2.883169399535937316, 2.221198752511687413, 1.004610836213392311 ) ) ;
#1436 = EDGE_CURVE ( 'NONE', #2707, #2999, #2302, .T. ) ;
#1437 = DIRECTION ( 'NONE',  ( -1.532441233204257924E-16, 1.000000000000000000, -0.000000000000000000 ) ) ;
#1438 = CARTESIAN_POINT ( 'NONE',  ( 3.090320009128492806, 6.586422383437361638, -1.006191950464393914 ) ) ;
#1439 = CIRCLE ( 'NONE', #2612, 2.209999999999999964 ) ;
#1440 =( NAMED_UNIT ( * ) SI_UNIT ( $, .STERADIAN. ) SOLID_ANGLE_UNIT ( ) );
#1441 = STYLED_ITEM ( 'NONE', ( #2659 ), #1734 ) ;
#1442 = FACE_OUTER_BOUND ( 'NONE', #2373, .T. ) ;
#1443 = CIRCLE ( 'NONE', #2693, 2.749999999999888090 ) ;
#1444 = AXIS2_PLACEMENT_3D ( 'NONE', #1080, #2456, #2666 ) ;
#1445 = STYLED_ITEM ( 'NONE', ( #622 ), #2495 ) ;
#1446 = ADVANCED_FACE ( 'NONE', ( #2095, #460 ), #978, .F. ) ;
#1447 = VERTEX_POINT ( 'NONE', #2109 ) ;
#1448 = DIRECTION ( 'NONE',  ( -1.532441233204257924E-16, 1.000000000000000000, -0.000000000000000000 ) ) ;
#1449 = FILL_AREA_STYLE ('',( #517 ) ) ;
#1450 = FILL_AREA_STYLE_COLOUR ( '', #2667 ) ;
#1451 = CARTESIAN_POINT ( 'NONE',  ( 2.906101543481201421, 6.901522199612245778, -1.004244128724323559 ) ) ;
#1452 = SURFACE_STYLE_FILL_AREA ( #523 ) ;
#1453 =( LENGTH_UNIT ( ) NAMED_UNIT ( * ) SI_UNIT ( .MILLI., .METRE. ) );
#1454 = EDGE_CURVE ( 'NONE', #1171, #2578, #2413, .T. ) ;
#1455 = SURFACE_STYLE_FILL_AREA ( #304 ) ;
#1456 = PRESENTATION_LAYER_ASSIGNMENT (  '', '', ( #2766 ) ) ;
#1457 = UNCERTAINTY_MEASURE_WITH_UNIT (LENGTH_MEASURE( 1.000000000000000082E-05 ), #789, 'distance_accuracy_value', 'NONE');
#1458 = CIRCLE ( 'NONE', #1700, 2.730000000048498077 ) ;
#1459 = CARTESIAN_POINT ( 'NONE',  ( 2.599137674657252983, 0.1700000000169868408, 0.000000000000000000 ) ) ;
#1460 = LINE ( 'NONE', #2387, #1795 ) ;
#1461 = DIRECTION ( 'NONE',  ( -1.224646799147353207E-16, -1.876699251125017208E-32, 1.000000000000000000 ) ) ;
#1462 = EDGE_LOOP ( 'NONE', ( #1400, #616, #2754, #1349 ) ) ;
#1463 =( GEOMETRIC_REPRESENTATION_CONTEXT ( 3 ) GLOBAL_UNCERTAINTY_ASSIGNED_CONTEXT ( ( #2461 ) ) GLOBAL_UNIT_ASSIGNED_CONTEXT ( ( #2396, #2837, #1440 ) ) REPRESENTATION_CONTEXT ( 'NONE', 'WORKASPACE' ) );
#1464 = DIRECTION ( 'NONE',  ( -1.000000000000000000, -1.532441233204257924E-16, 0.000000000000000000 ) ) ;
#1465 = CARTESIAN_POINT ( 'NONE',  ( -2.599137674657252983, 0.8008623253970071909, 0.000000000000000000 ) ) ;
#1466 = AXIS2_PLACEMENT_3D ( 'NONE', #645, #1811, #617 ) ;
#1467 = CARTESIAN_POINT ( 'NONE',  ( 2.773395800911545805, 6.978889822223813155, -1.002708438008315550 ) ) ;
#1468 = CARTESIAN_POINT ( 'NONE',  ( -1.850000000000000089, 0.8500000000169878334, 0.000000000000000000 ) ) ;
#1469 = SURFACE_STYLE_USAGE ( .BOTH. , #2838 ) ;
#1470 =( LENGTH_UNIT ( ) NAMED_UNIT ( * ) SI_UNIT ( .MILLI., .METRE. ) );
#1471 = EDGE_CURVE ( 'NONE', #3004, #478, #1443, .T. ) ;
#1472 = PRESENTATION_STYLE_ASSIGNMENT (( #807 ) ) ;
#1473 = ORIENTED_EDGE ( 'NONE', *, *, #1436, .T. ) ;
#1474 = VERTEX_POINT ( 'NONE', #2370 ) ;
#1475 = CARTESIAN_POINT ( 'NONE',  ( -1.250000000000000000, 1.100000000016986279, 0.000000000000000000 ) ) ;
#1476 = MECHANICAL_DESIGN_GEOMETRIC_PRESENTATION_REPRESENTATION (  '', ( #2502 ), #157 ) ;
#1477 = DIRECTION ( 'NONE',  ( 1.532441233204257924E-16, -1.000000000000000000, 0.000000000000000000 ) ) ;
#1478 = SURFACE_SIDE_STYLE ('',( #552 ) ) ;
#1479 = DIRECTION ( 'NONE',  ( 0.000000000000000000, 0.000000000000000000, -1.000000000000000000 ) ) ;
#1480 = DIRECTION ( 'NONE',  ( -1.000000000000000000, 0.000000000000000000, 0.000000000000000000 ) ) ;
#1481 = AXIS2_PLACEMENT_3D ( 'NONE', #461, #497, #2609 ) ;
#1482 = SURFACE_STYLE_USAGE ( .BOTH. , #541 ) ;
#1483 = VECTOR ( 'NONE', #986, 1000.000000000000000 ) ;
#1484 = DIRECTION ( 'NONE',  ( -1.532441233204258170E-16, 1.000000000000000000, -0.000000000000000000 ) ) ;
#1485 = AXIS2_PLACEMENT_3D ( 'NONE', #1097, #367, #2196 ) ;
#1486 = CIRCLE ( 'NONE', #2942, 0.2999999999999994893 ) ;
#1487 = ORIENTED_EDGE ( 'NONE', *, *, #158, .T. ) ;
#1488 = DIRECTION ( 'NONE',  ( 1.000000000000000000, 0.000000000000000000, 1.224646799147353700E-16 ) ) ;
#1489 = PRESENTATION_LAYER_ASSIGNMENT (  '', '', ( #1534 ) ) ;
#1490 = ORIENTED_EDGE ( 'NONE', *, *, #2137, .F. ) ;
#1491 = ORIENTED_EDGE ( 'NONE', *, *, #450, .T. ) ;
#1492 = MECHANICAL_DESIGN_GEOMETRIC_PRESENTATION_REPRESENTATION (  '', ( #2420 ), #1344 ) ;
#1493 = CARTESIAN_POINT ( 'NONE',  ( -1.764064023118558338E-16, 1.321146278840344523, 0.000000000000000000 ) ) ;
#1494 = CYLINDRICAL_SURFACE ( 'NONE', #2022, 3.229999999999888072 ) ;
#1495 = SURFACE_STYLE_USAGE ( .BOTH. , #565 ) ;
#1496 = DIRECTION ( 'NONE',  ( -1.532441233204257924E-16, 1.000000000000000000, -0.000000000000000000 ) ) ;
#1497 = DIRECTION ( 'NONE',  ( 1.532441233204257924E-16, -1.000000000000000000, 0.000000000000000000 ) ) ;
#1498 = FILL_AREA_STYLE_COLOUR ( '', #2797 ) ;
#1499 = EDGE_CURVE ( 'NONE', #2881, #2764, #2078, .T. ) ;
#1500 = ORIENTED_EDGE ( 'NONE', *, *, #1005, .F. ) ;
#1501 = FILL_AREA_STYLE ('',( #2889 ) ) ;
#1502 = COLOUR_RGB ( '',0.000000000000000000, 0.5019607843137254832, 0.5019607843137254832 ) ;
#1503 = COLOUR_RGB ( '',0.2509803921568627416, 0.2509803921568627416, 0.2509803921568627416 ) ;
#1504 = ORIENTED_EDGE ( 'NONE', *, *, #289, .F. ) ;
#1505 = COLOUR_RGB ( '',0.2509803921568627416, 0.2509803921568627416, 0.2509803921568627416 ) ;
#1506 = FILL_AREA_STYLE ('',( #2919 ) ) ;
#1507 =( NAMED_UNIT ( * ) SI_UNIT ( $, .STERADIAN. ) SOLID_ANGLE_UNIT ( ) );
#1508 = FACE_OUTER_BOUND ( 'NONE', #2321, .T. ) ;
#1509 = ORIENTED_EDGE ( 'NONE', *, *, #40, .T. ) ;
#1510 = AXIS2_PLACEMENT_3D ( 'NONE', #987, #751, #2174 ) ;
#1511 =( LENGTH_UNIT ( ) NAMED_UNIT ( * ) SI_UNIT ( .MILLI., .METRE. ) );
#1512 = FACE_BOUND ( 'NONE', #2306, .T. ) ;
#1513 = EDGE_CURVE ( 'NONE', #206, #451, #1386, .T. ) ;
#1514 = UNCERTAINTY_MEASURE_WITH_UNIT (LENGTH_MEASURE( 1.000000000000000082E-05 ), #1663, 'distance_accuracy_value', 'NONE');
#1515 = ORIENTED_EDGE ( 'NONE', *, *, #1417, .F. ) ;
#1516 = DIRECTION ( 'NONE',  ( 1.532441233204257924E-16, -1.000000000000000000, 0.000000000000000000 ) ) ;
#1517 = ORIENTED_EDGE ( 'NONE', *, *, #780, .T. ) ;
#1518 = PRODUCT ( 'CAP_ALU_THT_2P5_6D3_7H', 'CAP_ALU_THT_2P5_6D3_7H', '', ( #526 ) ) ;
#1519 = DIRECTION ( 'NONE',  ( -1.532441233204257924E-16, 1.000000000000000000, -0.000000000000000000 ) ) ;
#1520 = AXIS2_PLACEMENT_3D ( 'NONE', #906, #1110, #2772 ) ;
#1521 = DIRECTION ( 'NONE',  ( 1.532441233204257924E-16, -1.000000000000000000, 0.000000000000000000 ) ) ;
#1522 = FILL_AREA_STYLE_COLOUR ( '', #1075 ) ;
#1523 = STYLED_ITEM ( 'NONE', ( #2556 ), #273 ) ;
#1524 = CARTESIAN_POINT ( 'NONE',  ( 2.656441650046397207, 2.044529235431225000, -1.005794777406165075 ) ) ;
#1525 = ORIENTED_EDGE ( 'NONE', *, *, #1736, .F. ) ;
#1526 = PRESENTATION_LAYER_ASSIGNMENT (  '', '', ( #66 ) ) ;
#1527 =( LENGTH_UNIT ( ) NAMED_UNIT ( * ) SI_UNIT ( .MILLI., .METRE. ) );
#1528 = FILL_AREA_STYLE ('',( #594 ) ) ;
#1529 = COLOUR_RGB ( '',0.9411764705882352811, 0.9411764705882352811, 0.7843137254901960675 ) ;
#1530 = PRESENTATION_STYLE_ASSIGNMENT (( #834 ) ) ;
#1531 = FILL_AREA_STYLE_COLOUR ( '', #2205 ) ;
#1532 = ORIENTED_EDGE ( 'NONE', *, *, #2813, .F. ) ;
#1533 =( GEOMETRIC_REPRESENTATION_CONTEXT ( 3 ) GLOBAL_UNCERTAINTY_ASSIGNED_CONTEXT ( ( #2886 ) ) GLOBAL_UNIT_ASSIGNED_CONTEXT ( ( #2761, #2727, #1933 ) ) REPRESENTATION_CONTEXT ( 'NONE', 'WORKASPACE' ) );
#1534 = STYLED_ITEM ( 'NONE', ( #548 ), #2430 ) ;
#1535 = DIRECTION ( 'NONE',  ( -1.532441233204258170E-16, 1.000000000000000000, -0.000000000000000000 ) ) ;
#1536 = LINE ( 'NONE', #1044, #2872 ) ;
#1537 = EDGE_CURVE ( 'NONE', #2492, #1130, #1008, .T. ) ;
#1538 = EDGE_CURVE ( 'NONE', #1539, #325, #2795, .T. ) ;
#1539 = VERTEX_POINT ( 'NONE', #253 ) ;
#1540 =( NAMED_UNIT ( * ) SI_UNIT ( $, .STERADIAN. ) SOLID_ANGLE_UNIT ( ) );
#1541 = SURFACE_SIDE_STYLE ('',( #610 ) ) ;
#1542 = PRESENTATION_STYLE_ASSIGNMENT (( #1559 ) ) ;
#1543 =( NAMED_UNIT ( * ) PLANE_ANGLE_UNIT ( ) SI_UNIT ( $, .RADIAN. ) );
#1544 = COLOUR_RGB ( '',0.7803921568627451011, 0.7607843137254901578, 0.7411764705882353255 ) ;
#1545 = UNCERTAINTY_MEASURE_WITH_UNIT (LENGTH_MEASURE( 1.000000000000000082E-05 ), #1511, 'distance_accuracy_value', 'NONE');
#1546 = DIRECTION ( 'NONE',  ( -1.532441233204257924E-16, 1.000000000000000000, -0.000000000000000000 ) ) ;
#1547 = EDGE_LOOP ( 'NONE', ( #2263, #1863, #1487, #777, #2512 ) ) ;
#1548 = CARTESIAN_POINT ( 'NONE',  ( 1.104999999984983550, 0.5000000000169866343, -1.291888153090703373 ) ) ;
#1549 = EDGE_CURVE ( 'NONE', #1662, #2221, #931, .T. ) ;
#1550 = FILL_AREA_STYLE_COLOUR ( '', #861 ) ;
#1551 = VECTOR ( 'NONE', #1519, 1000.000000000000000 ) ;
#1552 = EDGE_CURVE ( 'NONE', #648, #1094, #735, .T. ) ;
#1553 = TOROIDAL_SURFACE ( 'NONE', #424, 2.749999999999888090, 0.4799999999999999822 ) ;
#1554 = CARTESIAN_POINT ( 'NONE',  ( 2.646646326911998415, 0.1914764194237065509, 1.002614545842529958 ) ) ;
#1555 = FACE_OUTER_BOUND ( 'NONE', #1714, .T. ) ;
#1556 = STYLED_ITEM ( 'NONE', ( #2506 ), #883 ) ;
#1557 = DIRECTION ( 'NONE',  ( -1.000000000000000000, -1.532441233204257924E-16, 0.000000000000000000 ) ) ;
#1558 = SURFACE_STYLE_USAGE ( .BOTH. , #1541 ) ;
#1559 = SURFACE_STYLE_USAGE ( .BOTH. , #126 ) ;
#1560 = DIRECTION ( 'NONE',  ( -1.000000000000000000, -1.532441233201873838E-16, 0.000000000000000000 ) ) ;
#1561 =( GEOMETRIC_REPRESENTATION_CONTEXT ( 3 ) GLOBAL_UNCERTAINTY_ASSIGNED_CONTEXT ( ( #2518 ) ) GLOBAL_UNIT_ASSIGNED_CONTEXT ( ( #1396, #1380, #1657 ) ) REPRESENTATION_CONTEXT ( 'NONE', 'WORKASPACE' ) );
#1562 = COLOUR_RGB ( '',0.2509803921568627416, 0.2509803921568627416, 0.2509803921568627416 ) ;
#1563 = CARTESIAN_POINT ( 'NONE',  ( 3.229999999999887628, 2.699137674597359648, 3.955609161245814157E-16 ) ) ;
#1564 = DIRECTION ( 'NONE',  ( -1.532441233204258170E-16, 1.000000000000000000, -0.000000000000000000 ) ) ;
#1565 = EDGE_CURVE ( 'NONE', #2970, #619, #51, .T. ) ;
#1566 = ORIENTED_EDGE ( 'NONE', *, *, #2142, .F. ) ;
#1567 = CARTESIAN_POINT ( 'NONE',  ( -9.731001830821004050E-16, 6.519999999999999574, 0.000000000000000000 ) ) ;
#1568 =( LENGTH_UNIT ( ) NAMED_UNIT ( * ) SI_UNIT ( .MILLI., .METRE. ) );
#1569 = DIRECTION ( 'NONE',  ( -1.000000000000000000, -1.532441233204257924E-16, 0.000000000000000000 ) ) ;
#1570 = DIRECTION ( 'NONE',  ( -1.000000000000000000, -1.577021341769285529E-16, 0.000000000000000000 ) ) ;
#1571 = EDGE_LOOP ( 'NONE', ( #865, #1294, #2900, #915 ) ) ;
#1572 = DIRECTION ( 'NONE',  ( 1.532441233204257924E-16, -1.000000000000000000, 0.000000000000000000 ) ) ;
#1573 = EDGE_LOOP ( 'NONE', ( #2002, #2925, #133, #1941, #1592, #1359 ) ) ;
#1574 = SURFACE_STYLE_USAGE ( .BOTH. , #581 ) ;
#1575 = EDGE_CURVE ( 'NONE', #1188, #186, #2160, .T. ) ;
#1576 = STYLED_ITEM ( 'NONE', ( #363 ), #2230 ) ;
#1577 = PRESENTATION_STYLE_ASSIGNMENT (( #2743 ) ) ;
#1578 = UNCERTAINTY_MEASURE_WITH_UNIT (LENGTH_MEASURE( 1.000000000000000082E-05 ), #2758, 'distance_accuracy_value', 'NONE');
#1579 = ADVANCED_FACE ( 'NONE', ( #2378 ), #2854, .T. ) ;
#1580 = ORIENTED_EDGE ( 'NONE', *, *, #1237, .T. ) ;
#1581 = CARTESIAN_POINT ( 'NONE',  ( 0.5524999999790722871, 1.698652069698214362E-11, 0.6459440765509271154 ) ) ;
#1582 = CARTESIAN_POINT ( 'NONE',  ( 2.631411973214923705, 2.000435063528177793, 1.006174273372117511 ) ) ;
#1583 = ORIENTED_EDGE ( 'NONE', *, *, #230, .F. ) ;
#1584 = SURFACE_STYLE_FILL_AREA ( #2513 ) ;
#1585 = AXIS2_PLACEMENT_3D ( 'NONE', #1465, #2616, #268 ) ;
#1586 = AXIS2_PLACEMENT_3D ( 'NONE', #2621, #2858, #794 ) ;
#1587 = CIRCLE ( 'NONE', #2992, 3.229999999999888072 ) ;
#1588 = ORIENTED_EDGE ( 'NONE', *, *, #2745, .T. ) ;
#1589 = CARTESIAN_POINT ( 'NONE',  ( 2.589574927400371873, 1.581590597937316378, 1.006784923378054364 ) ) ;
#1590 =( GEOMETRIC_REPRESENTATION_CONTEXT ( 3 ) GLOBAL_UNCERTAINTY_ASSIGNED_CONTEXT ( ( #1726 ) ) GLOBAL_UNIT_ASSIGNED_CONTEXT ( ( #1696, #1901, #80 ) ) REPRESENTATION_CONTEXT ( 'NONE', 'WORKASPACE' ) );
#1591 = CARTESIAN_POINT ( 'NONE',  ( 2.679191089923489866, 0.2039881552000580300, 1.002896897957701317 ) ) ;
#1592 = ORIENTED_EDGE ( 'NONE', *, *, #1289, .T. ) ;
#1593 = DIRECTION ( 'NONE',  ( 1.532441233204257924E-16, -1.000000000000000000, -0.000000000000000000 ) ) ;
#1594 = AXIS2_PLACEMENT_3D ( 'NONE', #768, #1929, #1874 ) ;
#1595 = FILL_AREA_STYLE_COLOUR ( '', #2251 ) ;
#1596 = EDGE_CURVE ( 'NONE', #1024, #1447, #856, .T. ) ;
#1597 = CYLINDRICAL_SURFACE ( 'NONE', #2401, 0.2999999999999990452 ) ;
#1598 = ORIENTED_EDGE ( 'NONE', *, *, #116, .T. ) ;
#1599 = ORIENTED_EDGE ( 'NONE', *, *, #359, .T. ) ;
#1600 = LINE ( 'NONE', #430, #213 ) ;
#1601 = ORIENTED_EDGE ( 'NONE', *, *, #16, .T. ) ;
#1602 = CARTESIAN_POINT ( 'NONE',  ( 1.970812015388580418, 7.020000000000000462, 1.000000000000000000 ) ) ;
#1603 = ORIENTED_EDGE ( 'NONE', *, *, #465, .F. ) ;
#1604 = B_SPLINE_CURVE_WITH_KNOTS ( 'NONE', 3,
 ( #2655, #345, #1524, #1978, #1091, #1293, #2664, #2236, #2173, #2453, #568, #838 ),
 .UNSPECIFIED., .F., .F.,
 ( 4, 2, 2, 1, 1, 2, 4 ),
 ( 0.000000000000000000, 0.2502441406088646847, 0.2658843993969175479, 0.2815246581849704111, 0.3128051757610750272, 0.3753662109132840929, 0.5004882812177025020 ),
 .UNSPECIFIED. ) ;
#1605 = PRESENTATION_LAYER_ASSIGNMENT (  '', '', ( #1894 ) ) ;
#1606 = EDGE_LOOP ( 'NONE', ( #2278, #2407 ) ) ;
#1607 = FILL_AREA_STYLE ('',( #1595 ) ) ;
#1608 = PRESENTATION_LAYER_ASSIGNMENT (  '', '', ( #976 ) ) ;
#1609 = AXIS2_PLACEMENT_3D ( 'NONE', #107, #1496, #2190 ) ;
#1610 =( NAMED_UNIT ( * ) SI_UNIT ( $, .STERADIAN. ) SOLID_ANGLE_UNIT ( ) );
#1611 = EDGE_CURVE ( 'NONE', #324, #2257, #1486, .T. ) ;
#1612 = CARTESIAN_POINT ( 'NONE',  ( -2.749999999999888978, 7.000000000000000000, 0.000000000000000000 ) ) ;
#1613 = DIRECTION ( 'NONE',  ( -1.532441233204258170E-16, 1.000000000000000000, -0.000000000000000000 ) ) ;
#1614 = AXIS2_PLACEMENT_3D ( 'NONE', #2575, #265, #1899 ) ;
#1615 = ORIENTED_EDGE ( 'NONE', *, *, #2678, .F. ) ;
#1616 = VERTEX_POINT ( 'NONE', #1014 ) ;
#1617 = PRESENTATION_STYLE_ASSIGNMENT (( #1788 ) ) ;
#1618 = FACE_OUTER_BOUND ( 'NONE', #224, .T. ) ;
#1619 = LINE ( 'NONE', #2533, #784 ) ;
#1620 = ORIENTED_EDGE ( 'NONE', *, *, #551, .T. ) ;
#1621 = DIRECTION ( 'NONE',  ( 1.532441233204257924E-16, -1.000000000000000000, 0.000000000000000000 ) ) ;
#1622 = LINE ( 'NONE', #6, #774 ) ;
#1623 = SURFACE_SIDE_STYLE ('',( #2052 ) ) ;
#1624 = DIRECTION ( 'NONE',  ( 1.000000000000000000, 1.532441233204257924E-16, 0.000000000000000000 ) ) ;
#1625 = FILL_AREA_STYLE_COLOUR ( '', #2449 ) ;
#1626 = SURFACE_STYLE_USAGE ( .BOTH. , #2779 ) ;
#1627 =( LENGTH_UNIT ( ) NAMED_UNIT ( * ) SI_UNIT ( .MILLI., .METRE. ) );
#1628 = DIRECTION ( 'NONE',  ( 1.532441233204257924E-16, -1.000000000000000000, 0.000000000000000000 ) ) ;
#1629 = CIRCLE ( 'NONE', #303, 0.3000000000231014541 ) ;
#1630 =( NAMED_UNIT ( * ) SI_UNIT ( $, .STERADIAN. ) SOLID_ANGLE_UNIT ( ) );
#1631 = DIRECTION ( 'NONE',  ( -1.532441233204257924E-16, 1.000000000000000000, -0.000000000000000000 ) ) ;
#1632 = B_SPLINE_CURVE_WITH_KNOTS ( 'NONE', 3,
 ( #2595, #1435, #2363, #49, #2833, #1946 ),
 .UNSPECIFIED., .F., .F.,
 ( 4, 2, 4 ),
 ( 0.000000000000000000, 0.5000000000000000000, 1.000000000000000000 ),
 .UNSPECIFIED. ) ;
#1633 = CIRCLE ( 'NONE', #257, 0.5199999999996141042 ) ;
#1634 = FACE_BOUND ( 'NONE', #1606, .T. ) ;
#1635 = ORIENTED_EDGE ( 'NONE', *, *, #1314, .F. ) ;
#1636 = COLOUR_RGB ( '',0.7803921568627451011, 0.7607843137254901578, 0.7411764705882353255 ) ;
#1637 = FILL_AREA_STYLE_COLOUR ( '', #505 ) ;
#1638 = ADVANCED_FACE ( 'NONE', ( #2869 ), #2384, .F. ) ;
#1639 = ORIENTED_EDGE ( 'NONE', *, *, #1596, .T. ) ;
#1640 = DIRECTION ( 'NONE',  ( -1.000000000000000000, -1.564271945446980294E-16, 0.000000000000000000 ) ) ;
#1641 = PRESENTATION_LAYER_ASSIGNMENT (  '', '', ( #2694 ) ) ;
#1642 = CIRCLE ( 'NONE', #2019, 0.2999999999999994893 ) ;
#1643 = LINE ( 'NONE', #2026, #2614 ) ;
#1644 = DIRECTION ( 'NONE',  ( 1.000000000000000000, 1.792069706587611122E-16, 0.000000000000000000 ) ) ;
#1645 = CARTESIAN_POINT ( 'NONE',  ( -2.749999999999888978, 6.519999999999999574, 0.000000000000000000 ) ) ;
#1646 = CARTESIAN_POINT ( 'NONE',  ( -1.250000000000000000, 1.698619543633039797E-11, 0.000000000000000000 ) ) ;
#1647 = EDGE_CURVE ( 'NONE', #619, #1257, #2850, .T. ) ;
#1648 = PRESENTATION_STYLE_ASSIGNMENT (( #1896 ) ) ;
#1649 = ORIENTED_EDGE ( 'NONE', *, *, #1851, .F. ) ;
#1650 = ADVANCED_FACE ( 'NONE', ( #494 ), #42, .T. ) ;
#1651 = SURFACE_SIDE_STYLE ('',( #2139 ) ) ;
#1652 = CARTESIAN_POINT ( 'NONE',  ( 1.249999999988084864, 1.698662911719939217E-11, 8.948484741729069290E-12 ) ) ;
#1653 = FACE_OUTER_BOUND ( 'NONE', #1753, .T. ) ;
#1654 =( NAMED_UNIT ( * ) PLANE_ANGLE_UNIT ( ) SI_UNIT ( $, .RADIAN. ) );
#1655 = VECTOR ( 'NONE', #1448, 1000.000000000000000 ) ;
#1656 = SURFACE_SIDE_STYLE ('',( #1895 ) ) ;
#1657 =( NAMED_UNIT ( * ) SI_UNIT ( $, .STERADIAN. ) SOLID_ANGLE_UNIT ( ) );
#1658 = EDGE_CURVE ( 'NONE', #2480, #2937, #259, .T. ) ;
#1659 = STYLED_ITEM ( 'NONE', ( #2358 ), #2626 ) ;
#1660 = VERTEX_POINT ( 'NONE', #775 ) ;
#1661 =( GEOMETRIC_REPRESENTATION_CONTEXT ( 3 ) GLOBAL_UNCERTAINTY_ASSIGNED_CONTEXT ( ( #381 ) ) GLOBAL_UNIT_ASSIGNED_CONTEXT ( ( #1023, #797, #1258 ) ) REPRESENTATION_CONTEXT ( 'NONE', 'WORKASPACE' ) );
#1662 = VERTEX_POINT ( 'NONE', #1424 ) ;
#1663 =( LENGTH_UNIT ( ) NAMED_UNIT ( * ) SI_UNIT ( .MILLI., .METRE. ) );
#1664 = CARTESIAN_POINT ( 'NONE',  ( 2.879640599582970584, 6.921591741169889289, -1.003956580871665283 ) ) ;
#1665 = CARTESIAN_POINT ( 'NONE',  ( 1.249999999988084642, 0.5000000000169867453, 8.948484741729069290E-12 ) ) ;
#1666 = CARTESIAN_POINT ( 'NONE',  ( 1.249999999988084642, 0.8500000000169867231, 8.948484741729069290E-12 ) ) ;
#1667 = CIRCLE ( 'NONE', #643, 0.2500000000000011102 ) ;
#1668 = AXIS2_PLACEMENT_3D ( 'NONE', #231, #109, #319 ) ;
#1669 = UNCERTAINTY_MEASURE_WITH_UNIT (LENGTH_MEASURE( 1.000000000000000082E-05 ), #486, 'distance_accuracy_value', 'NONE');
#1670 = PRESENTATION_LAYER_ASSIGNMENT (  '', '', ( #2502 ) ) ;
#1671 = DIRECTION ( 'NONE',  ( -1.000000000000000000, -1.532441233204257924E-16, 0.000000000000000000 ) ) ;
#1672 =( GEOMETRIC_REPRESENTATION_CONTEXT ( 3 ) GLOBAL_UNCERTAINTY_ASSIGNED_CONTEXT ( ( #433 ) ) GLOBAL_UNIT_ASSIGNED_CONTEXT ( ( #901, #1337, #2717 ) ) REPRESENTATION_CONTEXT ( 'NONE', 'WORKASPACE' ) );
#1673 = ORIENTED_EDGE ( 'NONE', *, *, #943, .T. ) ;
#1674 = FILL_AREA_STYLE ('',( #1208 ) ) ;
#1675 = MECHANICAL_DESIGN_GEOMETRIC_PRESENTATION_REPRESENTATION (  '', ( #2207 ), #2566 ) ;
#1676 = CARTESIAN_POINT ( 'NONE',  ( 0.000000000000000000, 0.8008623253970075240, 0.000000000000000000 ) ) ;
#1677 = CARTESIAN_POINT ( 'NONE',  ( 2.792270903850726516, 2.162359347284128930, -1.003826515171267753 ) ) ;
#1678 = CARTESIAN_POINT ( 'NONE',  ( 2.561737691489778257, 7.020000000000000462, -1.000000000000000000 ) ) ;
#1679 = CIRCLE ( 'NONE', #1871, 0.5999999999999999778 ) ;
#1680 = PRESENTATION_STYLE_ASSIGNMENT (( #506 ) ) ;
#1681 = CARTESIAN_POINT ( 'NONE',  ( -4.336808689942017736E-16, 2.699137674597359204, 0.000000000000000000 ) ) ;
#1682 = STYLED_ITEM ( 'NONE', ( #97 ), #1720 ) ;
#1683 = AXIS2_PLACEMENT_3D ( 'NONE', #2541, #881, #1799 ) ;
#1684 = CIRCLE ( 'NONE', #365, 0.5999999999999999778 ) ;
#1685 =( NAMED_UNIT ( * ) SI_UNIT ( $, .STERADIAN. ) SOLID_ANGLE_UNIT ( ) );
#1686 = MECHANICAL_DESIGN_GEOMETRIC_PRESENTATION_REPRESENTATION (  '', ( #1445 ), #2119 ) ;
#1687 = DIRECTION ( 'NONE',  ( -1.532441233204257924E-16, 1.000000000000000000, -0.000000000000000000 ) ) ;
#1688 = EDGE_LOOP ( 'NONE', ( #1491, #1784, #31, #1473, #1397 ) ) ;
#1689 = CARTESIAN_POINT ( 'NONE',  ( 3.006624235304606874, 1.142968545698020089, 1.005447765732179866 ) ) ;
#1690 = SURFACE_STYLE_FILL_AREA ( #1449 ) ;
#1691 = PRESENTATION_LAYER_ASSIGNMENT (  '', '', ( #3006 ) ) ;
#1692 = DIRECTION ( 'NONE',  ( 1.000000000000000000, 1.626303258723121167E-16, 0.000000000000000000 ) ) ;
#1693 = DIRECTION ( 'NONE',  ( -1.532441233204257924E-16, 1.000000000000000000, 0.000000000000000000 ) ) ;
#1694 = EDGE_CURVE ( 'NONE', #809, #1836, #712, .T. ) ;
#1695 = FACE_OUTER_BOUND ( 'NONE', #2361, .T. ) ;
#1696 =( LENGTH_UNIT ( ) NAMED_UNIT ( * ) SI_UNIT ( .MILLI., .METRE. ) );
#1697 = DIRECTION ( 'NONE',  ( -1.000000000000000000, -1.467161587773869059E-16, 0.000000000000000000 ) ) ;
#1698 = COLOUR_RGB ( '',0.2509803921568627416, 0.2509803921568627416, 0.2509803921568627416 ) ;
#1699 = UNCERTAINTY_MEASURE_WITH_UNIT (LENGTH_MEASURE( 1.000000000000000082E-05 ), #2104, 'distance_accuracy_value', 'NONE');
#1700 = AXIS2_PLACEMENT_3D ( 'NONE', #2756, #2770, #2486 ) ;
#1701 = ORIENTED_EDGE ( 'NONE', *, *, #2318, .T. ) ;
#1702 = ORIENTED_EDGE ( 'NONE', *, *, #1019, .T. ) ;
#1703 = PLANE ( 'NONE',  #1262 ) ;
#1704 = STYLED_ITEM ( 'NONE', ( #1472 ), #2773 ) ;
#1705 = DIRECTION ( 'NONE',  ( -1.532441233204258170E-16, 1.000000000000000000, -0.000000000000000000 ) ) ;
#1706 = PRESENTATION_STYLE_ASSIGNMENT (( #503 ) ) ;
#1707 = FILL_AREA_STYLE_COLOUR ( '', #2117 ) ;
#1708 = CARTESIAN_POINT ( 'NONE',  ( -1.105000000002576810, 0.5000000000169861902, 1.291888153077042745 ) ) ;
#1709 = CARTESIAN_POINT ( 'NONE',  ( -1.250000000000000222, 0.8500000000169878334, 0.000000000000000000 ) ) ;
#1710 = DIRECTION ( 'NONE',  ( -1.532441233204257924E-16, 1.000000000000000000, -0.000000000000000000 ) ) ;
#1711 = FILL_AREA_STYLE_COLOUR ( '', #76 ) ;
#1712 = ORIENTED_EDGE ( 'NONE', *, *, #2164, .F. ) ;
#1713 = DIRECTION ( 'NONE',  ( -1.532441233204257924E-16, 1.000000000000000000, -0.000000000000000000 ) ) ;
#1714 = EDGE_LOOP ( 'NONE', ( #1532, #498, #2888, #354 ) ) ;
#1715 = ORIENTED_EDGE ( 'NONE', *, *, #2176, .T. ) ;
#1716 =( GEOMETRIC_REPRESENTATION_CONTEXT ( 3 ) GLOBAL_UNCERTAINTY_ASSIGNED_CONTEXT ( ( #111 ) ) GLOBAL_UNIT_ASSIGNED_CONTEXT ( ( #681, #1830, #472 ) ) REPRESENTATION_CONTEXT ( 'NONE', 'WORKASPACE' ) );
#1717 = SURFACE_STYLE_USAGE ( .BOTH. , #1732 ) ;
#1718 = COLOUR_RGB ( '',0.7803921568627451011, 0.7607843137254901578, 0.7411764705882353255 ) ;
#1719 = CARTESIAN_POINT ( 'NONE',  ( 1.249999999988084864, 1.100000000016986723, 8.948484741729069290E-12 ) ) ;
#1720 = ADVANCED_FACE ( 'NONE', ( #1004 ), #542, .F. ) ;
#1721 = DIRECTION ( 'NONE',  ( 0.000000000000000000, -0.000000000000000000, 1.000000000000000000 ) ) ;
#1722 = ORIENTED_EDGE ( 'NONE', *, *, #2377, .F. ) ;
#1723 = CARTESIAN_POINT ( 'NONE',  ( 0.3839745962000000734, 5.884185037198349970E-17, -0.5000000000000000000 ) ) ;
#1724 = MECHANICAL_DESIGN_GEOMETRIC_PRESENTATION_REPRESENTATION (  '', ( #307 ), #405 ) ;
#1725 = AXIS2_PLACEMENT_3D ( 'NONE', #2322, #2608, #760 ) ;
#1726 = UNCERTAINTY_MEASURE_WITH_UNIT (LENGTH_MEASURE( 1.000000000000000082E-05 ), #1696, 'distance_accuracy_value', 'NONE');
#1727 = MECHANICAL_DESIGN_GEOMETRIC_PRESENTATION_REPRESENTATION (  '', ( #2256 ), #2116 ) ;
#1728 = EDGE_LOOP ( 'NONE', ( #668, #2650, #1300, #2466, #369, #952, #2423, #2567, #2863, #796, #442 ) ) ;
#1729 =( NAMED_UNIT ( * ) SI_UNIT ( $, .STERADIAN. ) SOLID_ANGLE_UNIT ( ) );
#1730 = COLOUR_RGB ( '',0.2509803921568627416, 0.2509803921568627416, 0.2509803921568627416 ) ;
#1731 = EDGE_LOOP ( 'NONE', ( #2291, #247 ) ) ;
#1732 = SURFACE_SIDE_STYLE ('',( #2244 ) ) ;
#1733 = SURFACE_STYLE_FILL_AREA ( #1073 ) ;
#1734 = ADVANCED_FACE ( 'NONE', ( #1051 ), #2475, .T. ) ;
#1735 = FILL_AREA_STYLE_COLOUR ( '', #534 ) ;
#1736 = EDGE_CURVE ( 'NONE', #2802, #3010, #1243, .T. ) ;
#1737 = PRESENTATION_STYLE_ASSIGNMENT (( #2896 ) ) ;
#1738 = CARTESIAN_POINT ( 'NONE',  ( 0.3839745962000000179, 0.3000000000000000444, -0.5000000000000000000 ) ) ;
#1739 = EDGE_LOOP ( 'NONE', ( #1525, #384, #706, #1942, #602, #1504 ) ) ;
#1740 = CARTESIAN_POINT ( 'NONE',  ( -2.200000000000000178, 0.5000000000169860792, 2.694222958124177006E-16 ) ) ;
#1741 = CIRCLE ( 'NONE', #2379, 0.5999999999999997558 ) ;
#1742 = CIRCLE ( 'NONE', #1356, 0.6050000000000000933 ) ;
#1743 = PRESENTATION_LAYER_ASSIGNMENT (  '', '', ( #779 ) ) ;
#1744 =( NAMED_UNIT ( * ) PLANE_ANGLE_UNIT ( ) SI_UNIT ( $, .RADIAN. ) );
#1745 = DIRECTION ( 'NONE',  ( -1.532441233204257924E-16, 1.000000000000000000, 0.000000000000000000 ) ) ;
#1746 = LINE ( 'NONE', #132, #141 ) ;
#1747 = ORIENTED_EDGE ( 'NONE', *, *, #1552, .F. ) ;
#1748 = DIRECTION ( 'NONE',  ( -1.532441233204257924E-16, 1.000000000000000000, 0.000000000000000000 ) ) ;
#1749 = FILL_AREA_STYLE ('',( #364 ) ) ;
#1750 = DIRECTION ( 'NONE',  ( 1.000000000000000000, 1.532441233195782106E-16, 0.000000000000000000 ) ) ;
#1751 = CARTESIAN_POINT ( 'NONE',  ( 1.249999999988084864, 1.698662911719939217E-11, 8.948484741729069290E-12 ) ) ;
#1752 = UNCERTAINTY_MEASURE_WITH_UNIT (LENGTH_MEASURE( 1.000000000000000082E-05 ), #1627, 'distance_accuracy_value', 'NONE');
#1753 = EDGE_LOOP ( 'NONE', ( #1509, #1588, #632, #708 ) ) ;
#1754 =( LENGTH_UNIT ( ) NAMED_UNIT ( * ) SI_UNIT ( .MILLI., .METRE. ) );
#1755 = EDGE_CURVE ( 'NONE', #1147, #2802, #2304, .T. ) ;
#1756 = DIRECTION ( 'NONE',  ( 1.000000000000000000, 1.478457507934778639E-16, 0.000000000000000000 ) ) ;
#1757 = FILL_AREA_STYLE ('',( #1319 ) ) ;
#1758 = AXIS2_PLACEMENT_3D ( 'NONE', #2219, #1564, #601 ) ;
#1759 = SURFACE_STYLE_FILL_AREA ( #1309 ) ;
#1760 = CARTESIAN_POINT ( 'NONE',  ( 2.828442784983703717, 0.2888962850176537422, -1.004136942651658648 ) ) ;
#1761 = ORIENTED_EDGE ( 'NONE', *, *, #1249, .T. ) ;
#1762 = CIRCLE ( 'NONE', #2552, 0.2999999999999994893 ) ;
#1763 = CARTESIAN_POINT ( 'NONE',  ( -1.104999999951943979, 1.698619543633039797E-11, -1.291888153094606473 ) ) ;
#1764 = CARTESIAN_POINT ( 'NONE',  ( 1.854999999988084847, 1.100000000016986723, 8.948484741729069290E-12 ) ) ;
#1765 = AXIS2_PLACEMENT_3D ( 'NONE', #71, #290, #1211 ) ;
#1766 = PRESENTATION_STYLE_ASSIGNMENT (( #356 ) ) ;
#1767 = ORIENTED_EDGE ( 'NONE', *, *, #805, .T. ) ;
#1768 = COLOUR_RGB ( '',0.2509803921568627416, 0.2509803921568627416, 0.2509803921568627416 ) ;
#1769 = FILL_AREA_STYLE ('',( #852 ) ) ;
#1770 = TOROIDAL_SURFACE ( 'NONE', #2462, 2.599137674610394466, 0.6308623253894936056 ) ;
#1771 = STYLED_ITEM ( 'NONE', ( #2392 ), #2436 ) ;
#1772 = DIRECTION ( 'NONE',  ( 1.000000000000000000, 1.532441233189115246E-16, 0.000000000000000000 ) ) ;
#1773 = DIRECTION ( 'NONE',  ( -1.000000000000000000, -1.532441233204257924E-16, 0.000000000000000000 ) ) ;
#1774 = SURFACE_STYLE_FILL_AREA ( #1031 ) ;
#1775 = ORIENTED_EDGE ( 'NONE', *, *, #2082, .F. ) ;
#1776 = B_SPLINE_CURVE_WITH_KNOTS ( 'NONE', 3,
 ( #2246, #2500, #402, #1554, #1591, #163, #1107, #2814, #1398, #1187, #2326, #1433, #767, #1689, #500, #995 ),
 .UNSPECIFIED., .F., .F.,
 ( 4, 2, 2, 2, 2, 2, 2, 4 ),
 ( 0.000000000000000000, 0.1249999999999993339, 0.1874999999999990008, 0.2187499999999988343, 0.2499999999999986677, 0.4999999999999991118, 0.7499999999999995559, 1.000000000000000000 ),
 .UNSPECIFIED. ) ;
#1777 = DIRECTION ( 'NONE',  ( -1.000000000000000000, -2.668805347656718383E-16, 0.000000000000000000 ) ) ;
#1778 = EDGE_LOOP ( 'NONE', ( #1067, #2671, #1207, #663 ) ) ;
#1779 =( NAMED_UNIT ( * ) SI_UNIT ( $, .STERADIAN. ) SOLID_ANGLE_UNIT ( ) );
#1780 = EDGE_CURVE ( 'NONE', #1474, #556, #1297, .T. ) ;
#1781 = SURFACE_STYLE_USAGE ( .BOTH. , #2914 ) ;
#1782 = AXIS2_PLACEMENT_3D ( 'NONE', #873, #1791, #214 ) ;
#1783 = UNCERTAINTY_MEASURE_WITH_UNIT (LENGTH_MEASURE( 1.000000000000000082E-05 ), #1916, 'distance_accuracy_value', 'NONE');
#1784 = ORIENTED_EDGE ( 'NONE', *, *, #2100, .T. ) ;
#1785 = ORIENTED_EDGE ( 'NONE', *, *, #64, .F. ) ;
#1786 = LINE ( 'NONE', #1117, #2155 ) ;
#1787 = VECTOR ( 'NONE', #2839, 1000.000000000000000 ) ;
#1788 = SURFACE_STYLE_USAGE ( .BOTH. , #2734 ) ;
#1789 = LINE ( 'NONE', #2261, #1124 ) ;
#1790 = CARTESIAN_POINT ( 'NONE',  ( -1.300000000014894574, 0.5000000000169861902, -1.519868415374721504 ) ) ;
#1791 = DIRECTION ( 'NONE',  ( -1.532441233204257924E-16, 1.000000000000000000, -0.000000000000000000 ) ) ;
#1792 = CARTESIAN_POINT ( 'NONE',  ( -1.250000000000000000, 1.698619543633039797E-11, 0.000000000000000000 ) ) ;
#1793 = MECHANICAL_DESIGN_GEOMETRIC_PRESENTATION_REPRESENTATION (  '', ( #1659 ), #686 ) ;
#1794 = DIRECTION ( 'NONE',  ( 1.532441233204257924E-16, -1.000000000000000000, 0.000000000000000000 ) ) ;
#1795 = VECTOR ( 'NONE', #291, 1000.000000000000000 ) ;
#1796 =( NAMED_UNIT ( * ) SI_UNIT ( $, .STERADIAN. ) SOLID_ANGLE_UNIT ( ) );
#1797 = CARTESIAN_POINT ( 'NONE',  ( 1.249999999988084864, 0.3000000000000002109, 8.948484741729069290E-12 ) ) ;
#1798 = ORIENTED_EDGE ( 'NONE', *, *, #1205, .T. ) ;
#1799 = DIRECTION ( 'NONE',  ( 1.000000000000000000, 0.000000000000000000, 0.000000000000000000 ) ) ;
#1800 =( NAMED_UNIT ( * ) PLANE_ANGLE_UNIT ( ) SI_UNIT ( $, .RADIAN. ) );
#1801 = UNCERTAINTY_MEASURE_WITH_UNIT (LENGTH_MEASURE( 1.000000000000000082E-05 ), #898, 'distance_accuracy_value', 'NONE');
#1802 = SURFACE_STYLE_FILL_AREA ( #903 ) ;
#1803 = EDGE_LOOP ( 'NONE', ( #2894, #2287, #2845, #2473 ) ) ;
#1804 = CARTESIAN_POINT ( 'NONE',  ( -1.300000000002538014, 0.5000000000169861902, 1.519868415380635662 ) ) ;
#1805 = SURFACE_STYLE_FILL_AREA ( #1122 ) ;
#1806 = CYLINDRICAL_SURFACE ( 'NONE', #2989, 1.000000000046203930 ) ;
#1807 = ADVANCED_FACE ( 'NONE', ( #334 ), #582, .T. ) ;
#1808 = AXIS2_PLACEMENT_3D ( 'NONE', #2708, #2690, #1323 ) ;
#1809 = DIRECTION ( 'NONE',  ( 1.000000000000000000, 0.000000000000000000, 0.000000000000000000 ) ) ;
#1810 = CARTESIAN_POINT ( 'NONE',  ( 0.3839745961451280776, 1.698649640389560822E-11, 0.5000000000000000000 ) ) ;
#1811 = DIRECTION ( 'NONE',  ( 1.532441233204257924E-16, -1.000000000000000000, 0.000000000000000000 ) ) ;
#1812 = CARTESIAN_POINT ( 'NONE',  ( 2.792270903850726071, 2.162359347284128930, 1.003826515171268419 ) ) ;
#1813 = ORIENTED_EDGE ( 'NONE', *, *, #2074, .F. ) ;
#1814 = EDGE_LOOP ( 'NONE', ( #1580, #202 ) ) ;
#1815 = CARTESIAN_POINT ( 'NONE',  ( 1.138461538446605248, 1.698662911719939217E-11, -0.9937601177706731903 ) ) ;
#1816 = VECTOR ( 'NONE', #438, 1000.000000000000000 ) ;
#1817 = AXIS2_PLACEMENT_3D ( 'NONE', #2752, #621, #2950 ) ;
#1818 = ORIENTED_EDGE ( 'NONE', *, *, #64, .T. ) ;
#1819 =( NAMED_UNIT ( * ) PLANE_ANGLE_UNIT ( ) SI_UNIT ( $, .RADIAN. ) );
#1820 = CARTESIAN_POINT ( 'NONE',  ( 1.249999999988084642, 0.5000000000169867453, 8.948484741729069290E-12 ) ) ;
#1821 = SURFACE_STYLE_USAGE ( .BOTH. , #671 ) ;
#1822 = EDGE_LOOP ( 'NONE', ( #2136, #1434, #2167, #2405, #666, #1785 ) ) ;
#1823 = DIRECTION ( 'NONE',  ( 1.000000000000000000, 0.000000000000000000, 0.000000000000000000 ) ) ;
#1824 = DIRECTION ( 'NONE',  ( 0.000000000000000000, -0.000000000000000000, -1.000000000000000000 ) ) ;
#1825 = CIRCLE ( 'NONE', #1010, 0.3000000000231014541 ) ;
#1826 = EDGE_CURVE ( 'NONE', #293, #2045, #1370, .T. ) ;
#1827 = CARTESIAN_POINT ( 'NONE',  ( 2.742771521542290980, 6.990439307073749831, 1.002337526290868253 ) ) ;
#1828 = CARTESIAN_POINT ( 'NONE',  ( -1.138461538458696465, 1.698619543633039797E-11, -0.9937601177563949451 ) ) ;
#1829 = CARTESIAN_POINT ( 'NONE',  ( -2.605150096707545559E-17, 0.1700000000169864245, 0.000000000000000000 ) ) ;
#1830 =( NAMED_UNIT ( * ) PLANE_ANGLE_UNIT ( ) SI_UNIT ( $, .RADIAN. ) );
#1831 = VERTEX_POINT ( 'NONE', #876 ) ;
#1832 = SURFACE_STYLE_FILL_AREA ( #221 ) ;
#1833 = CARTESIAN_POINT ( 'NONE',  ( -4.336808689942017736E-16, 1.750000000007506884, 0.000000000000000000 ) ) ;
#1834 = UNCERTAINTY_MEASURE_WITH_UNIT (LENGTH_MEASURE( 1.000000000000000082E-05 ), #1304, 'distance_accuracy_value', 'NONE');
#1835 = CARTESIAN_POINT ( 'NONE',  ( 2.663025916717929320, 1.454061031169486595, -1.005619069931650955 ) ) ;
#1836 = VERTEX_POINT ( 'NONE', #2524 ) ;
#1837 = AXIS2_PLACEMENT_3D ( 'NONE', #2866, #1263, #2651 ) ;
#1838 = DIRECTION ( 'NONE',  ( 1.000000000000000000, 1.532441233189117464E-16, 0.000000000000000000 ) ) ;
#1839 = FACE_OUTER_BOUND ( 'NONE', #1778, .T. ) ;
#1840 = DIRECTION ( 'NONE',  ( 7.228014483236696555E-16, 0.000000000000000000, -1.000000000000000000 ) ) ;
#1841 = AXIS2_PLACEMENT_3D ( 'NONE', #272, #2159, #1934 ) ;
#1842 = STYLED_ITEM ( 'NONE', ( #592 ), #969 ) ;
#1843 = SURFACE_STYLE_FILL_AREA ( #1162 ) ;
#1844 = DIRECTION ( 'NONE',  ( 1.532441233204257924E-16, -1.000000000000000000, -0.000000000000000000 ) ) ;
#1845 = AXIS2_PLACEMENT_3D ( 'NONE', #355, #2149, #292 ) ;
#1846 = SURFACE_SIDE_STYLE ('',( #2539 ) ) ;
#1847 = ORIENTED_EDGE ( 'NONE', *, *, #1019, .F. ) ;
#1848 = CIRCLE ( 'NONE', #540, 2.000000000017663648 ) ;
#1849 = CARTESIAN_POINT ( 'NONE',  ( 2.599137674657252983, 0.1500000000169868231, -1.000000000000000000 ) ) ;
#1850 = DIRECTION ( 'NONE',  ( -1.000000000000000000, -1.532441233204257924E-16, 0.000000000000000000 ) ) ;
#1851 = EDGE_CURVE ( 'NONE', #415, #2540, #1876, .T. ) ;
#1852 = ORIENTED_EDGE ( 'NONE', *, *, #2804, .T. ) ;
#1853 = DIRECTION ( 'NONE',  ( -1.532441233204257924E-16, 1.000000000000000000, -0.000000000000000000 ) ) ;
#1854 = ORIENTED_EDGE ( 'NONE', *, *, #251, .T. ) ;
#1855 = CARTESIAN_POINT ( 'NONE',  ( -1.104999999951943979, 1.698619543633039797E-11, -1.291888153094606473 ) ) ;
#1856 = CARTESIAN_POINT ( 'NONE',  ( 0.3839745962000000179, 0.3000000000000000444, 0.5000000000000000000 ) ) ;
#1857 = CARTESIAN_POINT ( 'NONE',  ( 2.561737691489778257, 7.020000000000000462, 1.000000000000000000 ) ) ;
#1858 = FACE_BOUND ( 'NONE', #1728, .T. ) ;
#1859 = DIRECTION ( 'NONE',  ( 1.000000000000000000, 1.532441233189115246E-16, 0.000000000000000000 ) ) ;
#1860 = FILL_AREA_STYLE ('',( #255 ) ) ;
#1861 = FILL_AREA_STYLE_COLOUR ( '', #1425 ) ;
#1862 = DIRECTION ( 'NONE',  ( -1.532441233204257924E-16, 1.000000000000000000, 0.000000000000000000 ) ) ;
#1863 = ORIENTED_EDGE ( 'NONE', *, *, #1237, .F. ) ;
#1864 = PRESENTATION_LAYER_ASSIGNMENT (  '', '', ( #2789 ) ) ;
#1865 = EDGE_CURVE ( 'NONE', #2562, #2707, #2777, .T. ) ;
#1866 = SURFACE_STYLE_USAGE ( .BOTH. , #529 ) ;
#1867 = EDGE_CURVE ( 'NONE', #131, #731, #758, .T. ) ;
#1868 = CARTESIAN_POINT ( 'NONE',  ( -1.250000000000000222, 0.5000000000169863013, 0.000000000000000000 ) ) ;
#1869 = SURFACE_STYLE_FILL_AREA ( #2391 ) ;
#1870 = CARTESIAN_POINT ( 'NONE',  ( -1.250000000000000000, 0.5000000000169861902, 0.000000000000000000 ) ) ;
#1871 = AXIS2_PLACEMENT_3D ( 'NONE', #2581, #2549, #1840 ) ;
#1872 = FILL_AREA_STYLE ('',( #75 ) ) ;
#1873 = EDGE_LOOP ( 'NONE', ( #1702, #60, #448, #341 ) ) ;
#1874 = DIRECTION ( 'NONE',  ( 1.000000000000000000, 0.000000000000000000, 1.224646799147352714E-16 ) ) ;
#1875 = DIRECTION ( 'NONE',  ( -1.532441233204257924E-16, 1.000000000000000000, -0.000000000000000000 ) ) ;
#1876 = CIRCLE ( 'NONE', #1055, 2.730000000048498077 ) ;
#1877 = AXIS2_PLACEMENT_3D ( 'NONE', #239, #1915, #2807 ) ;
#1878 = CARTESIAN_POINT ( 'NONE',  ( 2.978460316991053070, 6.830353919374601013, -1.005045117475659611 ) ) ;
#1879 = STYLED_ITEM ( 'NONE', ( #2099 ), #2372 ) ;
#1880 = PLANE ( 'NONE',  #909 ) ;
#1881 = SURFACE_SIDE_STYLE ('',( #2988 ) ) ;
#1882 = COLOUR_RGB ( '',0.000000000000000000, 0.5019607843137254832, 0.5019607843137254832 ) ;
#1883 = ADVANCED_FACE ( 'NONE', ( #2041, #1858, #2507, #422 ), #676, .T. ) ;
#1884 = CARTESIAN_POINT ( 'NONE',  ( 2.561737691489778257, 7.020000000000000462, 1.000000000000000000 ) ) ;
#1885 = DIRECTION ( 'NONE',  ( -1.532441233204257924E-16, 1.000000000000000000, -0.000000000000000000 ) ) ;
#1886 = ORIENTED_EDGE ( 'NONE', *, *, #1924, .F. ) ;
#1887 = ORIENTED_EDGE ( 'NONE', *, *, #52, .F. ) ;
#1888 = EDGE_CURVE ( 'NONE', #2764, #2709, #811, .T. ) ;
#1889 = FILL_AREA_STYLE ('',( #721 ) ) ;
#1890 = CARTESIAN_POINT ( 'NONE',  ( 2.821794739564984056, 6.956256161471712218, -1.003288907740774283 ) ) ;
#1891 = STYLED_ITEM ( 'NONE', ( #417 ), #567 ) ;
#1892 = DIRECTION ( 'NONE',  ( 1.000000000000000000, 0.000000000000000000, 0.000000000000000000 ) ) ;
#1893 =( NAMED_UNIT ( * ) SI_UNIT ( $, .STERADIAN. ) SOLID_ANGLE_UNIT ( ) );
#1894 = STYLED_ITEM ( 'NONE', ( #2223 ), #1169 ) ;
#1895 = SURFACE_STYLE_FILL_AREA ( #2298 ) ;
#1896 = SURFACE_STYLE_USAGE ( .BOTH. , #979 ) ;
#1897 = COLOUR_RGB ( '',0.2509803921568627416, 0.2509803921568627416, 0.2509803921568627416 ) ;
#1898 = VERTEX_POINT ( 'NONE', #2088 ) ;
#1899 = DIRECTION ( 'NONE',  ( -1.000000000000000000, -1.807003620809174878E-16, 0.000000000000000000 ) ) ;
#1900 = SURFACE_SIDE_STYLE ('',( #749 ) ) ;
#1901 =( NAMED_UNIT ( * ) PLANE_ANGLE_UNIT ( ) SI_UNIT ( $, .RADIAN. ) );
#1902 = SURFACE_STYLE_FILL_AREA ( #988 ) ;
#1903 = DIRECTION ( 'NONE',  ( -1.000000000000000000, 0.000000000000000000, 0.000000000000000000 ) ) ;
#1904 =( GEOMETRIC_REPRESENTATION_CONTEXT ( 3 ) GLOBAL_UNCERTAINTY_ASSIGNED_CONTEXT ( ( #83 ) ) GLOBAL_UNIT_ASSIGNED_CONTEXT ( ( #923, #406, #2039 ) ) REPRESENTATION_CONTEXT ( 'NONE', 'WORKASPACE' ) );
#1905 = SURFACE_STYLE_USAGE ( .BOTH. , #2588 ) ;
#1906 = MECHANICAL_DESIGN_GEOMETRIC_PRESENTATION_REPRESENTATION (  '', ( #1576 ), #1378 ) ;
#1907 = DIRECTION ( 'NONE',  ( 1.000000000000000000, 1.532441233195782106E-16, 0.000000000000000000 ) ) ;
#1908 = DIRECTION ( 'NONE',  ( 1.532441233204257924E-16, -1.000000000000000000, 0.000000000000000000 ) ) ;
#1909 = CARTESIAN_POINT ( 'NONE',  ( -1.250000000000000222, 0.5000000000169863013, -0.2500000000000002220 ) ) ;
#1910 = MECHANICAL_DESIGN_GEOMETRIC_PRESENTATION_REPRESENTATION (  '', ( #2054 ), #1672 ) ;
#1911 = ORIENTED_EDGE ( 'NONE', *, *, #40, .F. ) ;
#1912 = SURFACE_STYLE_USAGE ( .BOTH. , #965 ) ;
#1913 = SURFACE_STYLE_FILL_AREA ( #62 ) ;
#1914 =( GEOMETRIC_REPRESENTATION_CONTEXT ( 3 ) GLOBAL_UNCERTAINTY_ASSIGNED_CONTEXT ( ( #2179 ) ) GLOBAL_UNIT_ASSIGNED_CONTEXT ( ( #475, #990, #1408 ) ) REPRESENTATION_CONTEXT ( 'NONE', 'WORKASPACE' ) );
#1915 = DIRECTION ( 'NONE',  ( 1.532441233204257924E-16, -1.000000000000000000, 0.000000000000000000 ) ) ;
#1916 =( LENGTH_UNIT ( ) NAMED_UNIT ( * ) SI_UNIT ( .MILLI., .METRE. ) );
#1917 = FILL_AREA_STYLE ('',( #2349 ) ) ;
#1918 = CARTESIAN_POINT ( 'NONE',  ( 0.3839745962000000179, 0.3000000000000000444, -0.5000000000000000000 ) ) ;
#1919 = COLOUR_RGB ( '',0.7803921568627451011, 0.7607843137254901578, 0.7411764705882353255 ) ;
#1920 =( LENGTH_UNIT ( ) NAMED_UNIT ( * ) SI_UNIT ( .MILLI., .METRE. ) );
#1921 = STYLED_ITEM ( 'NONE', ( #772 ), #1968 ) ;
#1922 = COLOUR_RGB ( '',0.7803921568627451011, 0.7607843137254901578, 0.7411764705882353255 ) ;
#1923 = MECHANICAL_DESIGN_GEOMETRIC_PRESENTATION_REPRESENTATION (  '', ( #1163 ), #717 ) ;
#1924 = EDGE_CURVE ( 'NONE', #123, #1257, #212, .T. ) ;
#1925 = PLANE ( 'NONE',  #2489 ) ;
#1926 = ORIENTED_EDGE ( 'NONE', *, *, #2542, .F. ) ;
#1927 =( LENGTH_UNIT ( ) NAMED_UNIT ( * ) SI_UNIT ( .MILLI., .METRE. ) );
#1928 = CARTESIAN_POINT ( 'NONE',  ( -1.250000000000000222, 0.8500000000169877223, 0.5999999999999999778 ) ) ;
#1929 = DIRECTION ( 'NONE',  ( -1.224646799147353207E-16, -1.876699251125017208E-32, 1.000000000000000000 ) ) ;
#1930 = PRESENTATION_LAYER_ASSIGNMENT (  '', '', ( #228 ) ) ;
#1931 = DIRECTION ( 'NONE',  ( -1.532441233204258170E-16, 1.000000000000000000, -0.000000000000000000 ) ) ;
#1932 = PRESENTATION_STYLE_ASSIGNMENT (( #1224 ) ) ;
#1933 =( NAMED_UNIT ( * ) SI_UNIT ( $, .STERADIAN. ) SOLID_ANGLE_UNIT ( ) );
#1934 = DIRECTION ( 'NONE',  ( 1.000000000000000000, 1.084202172460456744E-16, 0.000000000000000000 ) ) ;
#1935 =( NAMED_UNIT ( * ) SI_UNIT ( $, .STERADIAN. ) SOLID_ANGLE_UNIT ( ) );
#1936 = STYLED_ITEM ( 'NONE', ( #966 ), #1114 ) ;
#1937 = SURFACE_STYLE_FILL_AREA ( #2178 ) ;
#1938 = UNCERTAINTY_MEASURE_WITH_UNIT (LENGTH_MEASURE( 1.000000000000000082E-05 ), #2065, 'distance_accuracy_value', 'NONE');
#1939 = AXIS2_PLACEMENT_3D ( 'NONE', #2209, #1306, #2706 ) ;
#1940 = ORIENTED_EDGE ( 'NONE', *, *, #702, .T. ) ;
#1941 = ORIENTED_EDGE ( 'NONE', *, *, #1694, .F. ) ;
#1942 = ORIENTED_EDGE ( 'NONE', *, *, #27, .F. ) ;
#1943 = EDGE_CURVE ( 'NONE', #2999, #2521, #1643, .T. ) ;
#1944 = FILL_AREA_STYLE ('',( #88 ) ) ;
#1945 = CIRCLE ( 'NONE', #1510, 3.249999999999888090 ) ;
#1946 = CARTESIAN_POINT ( 'NONE',  ( 3.090320009128491918, 2.699137674597359648, 1.006191950464397022 ) ) ;
#1947 = DIRECTION ( 'NONE',  ( -1.000000000000000000, -1.532441233189115246E-16, 0.000000000000000000 ) ) ;
#1948 = STYLED_ITEM ( 'NONE', ( #2445 ), #2806 ) ;
#1949 =( NAMED_UNIT ( * ) PLANE_ANGLE_UNIT ( ) SI_UNIT ( $, .RADIAN. ) );
#1950 = FACE_OUTER_BOUND ( 'NONE', #175, .T. ) ;
#1951 = SURFACE_SIDE_STYLE ('',( #2132 ) ) ;
#1952 = APPLICATION_PROTOCOL_DEFINITION ( 'draft international standard', 'automotive_design', 1998, #1096 ) ;
#1953 = EDGE_LOOP ( 'NONE', ( #1131, #419, #1798, #1286, #546 ) ) ;
#1954 = SURFACE_SIDE_STYLE ('',( #85 ) ) ;
#1955 = ADVANCED_FACE ( 'NONE', ( #925 ), #2055, .T. ) ;
#1956 = ORIENTED_EDGE ( 'NONE', *, *, #1596, .F. ) ;
#1957 = ORIENTED_EDGE ( 'NONE', *, *, #2166, .T. ) ;
#1958 = VECTOR ( 'NONE', #864, 1000.000000000000000 ) ;
#1959 = EDGE_CURVE ( 'NONE', #2649, #2080, #1001, .T. ) ;
#1960 = AXIS2_PLACEMENT_3D ( 'NONE', #1387, #2986, #888 ) ;
#1961 = CARTESIAN_POINT ( 'NONE',  ( -1.105000000002576810, 1.698619543633039797E-11, 1.291888153077042745 ) ) ;
#1962 = CARTESIAN_POINT ( 'NONE',  ( -3.532461510128060543E-12, 0.5000000000169864123, -4.129780285105910664E-12 ) ) ;
#1963 = SURFACE_SIDE_STYLE ('',( #872 ) ) ;
#1964 = CYLINDRICAL_SURFACE ( 'NONE', #2147, 0.6050000000000000933 ) ;
#1965 = COLOUR_RGB ( '',0.2509803921568627416, 0.2509803921568627416, 0.2509803921568627416 ) ;
#1966 = PRESENTATION_LAYER_ASSIGNMENT (  '', '', ( #1682 ) ) ;
#1967 = DIRECTION ( 'NONE',  ( 1.532441233204257924E-16, -1.000000000000000000, 0.000000000000000000 ) ) ;
#1968 = ADVANCED_FACE ( 'NONE', ( #489 ), #1880, .T. ) ;
#1969 = PRESENTATION_LAYER_ASSIGNMENT (  '', '', ( #513 ) ) ;
#1970 = EDGE_LOOP ( 'NONE', ( #2543, #1166, #1620, #720 ) ) ;
#1971 = DIRECTION ( 'NONE',  ( 1.000000000000000000, 1.532441233204257924E-16, -0.000000000000000000 ) ) ;
#1972 = AXIS2_PLACEMENT_3D ( 'NONE', #732, #535, #2153 ) ;
#1973 = EDGE_LOOP ( 'NONE', ( #2274, #1195, #2972, #2680, #403 ) ) ;
#1974 = ORIENTED_EDGE ( 'NONE', *, *, #1988, .T. ) ;
#1975 = CARTESIAN_POINT ( 'NONE',  ( 2.730000000048497633, 1.750000000007506884, 3.343285761731667339E-16 ) ) ;
#1976 =( NAMED_UNIT ( * ) SI_UNIT ( $, .STERADIAN. ) SOLID_ANGLE_UNIT ( ) );
#1977 = ADVANCED_FACE ( 'NONE', ( #1653 ), #1770, .T. ) ;
#1978 = CARTESIAN_POINT ( 'NONE',  ( 2.620351641137384835, 1.981792112893713043, -1.006353641433848534 ) ) ;
#1979 = CARTESIAN_POINT ( 'NONE',  ( 2.933322539516979521, 0.3846256955166462710, -1.005005524596529920 ) ) ;
#1980 = DIRECTION ( 'NONE',  ( 1.000000000000000000, 0.000000000000000000, 0.000000000000000000 ) ) ;
#1981 =( NAMED_UNIT ( * ) SI_UNIT ( $, .STERADIAN. ) SOLID_ANGLE_UNIT ( ) );
#1982 = ORIENTED_EDGE ( 'NONE', *, *, #1575, .T. ) ;
#1983 =( GEOMETRIC_REPRESENTATION_CONTEXT ( 3 ) GLOBAL_UNCERTAINTY_ASSIGNED_CONTEXT ( ( #1321 ) ) GLOBAL_UNIT_ASSIGNED_CONTEXT ( ( #249, #2848, #983 ) ) REPRESENTATION_CONTEXT ( 'NONE', 'WORKASPACE' ) );
#1984 = PRESENTATION_LAYER_ASSIGNMENT (  '', '', ( #279 ) ) ;
#1985 = AXIS2_PLACEMENT_3D ( 'NONE', #1763, #1326, #2910 ) ;
#1986 = ORIENTED_EDGE ( 'NONE', *, *, #2458, .F. ) ;
#1987 = CIRCLE ( 'NONE', #679, 0.2500000000000011102 ) ;
#1988 = EDGE_CURVE ( 'NONE', #640, #2665, #1684, .T. ) ;
#1989 = DIRECTION ( 'NONE',  ( 1.532441233204257924E-16, -1.000000000000000000, -0.000000000000000000 ) ) ;
#1990 = DIRECTION ( 'NONE',  ( -1.532441233204257924E-16, 1.000000000000000000, -0.000000000000000000 ) ) ;
#1991 = CARTESIAN_POINT ( 'NONE',  ( -1.500000000000000000, -1.999999999983013588, 0.000000000000000000 ) ) ;
#1992 = ORIENTED_EDGE ( 'NONE', *, *, #780, .F. ) ;
#1993 = AXIS2_PLACEMENT_3D ( 'NONE', #1708, #971, #1892 ) ;
#1994 = DIRECTION ( 'NONE',  ( -1.000000000000000000, -1.532441233204257924E-16, 0.000000000000000000 ) ) ;
#1995 = FACE_OUTER_BOUND ( 'NONE', #462, .T. ) ;
#1996 = EDGE_CURVE ( 'NONE', #851, #2221, #2414, .T. ) ;
#1997 = DIRECTION ( 'NONE',  ( 1.000000000000000000, 0.000000000000000000, 0.000000000000000000 ) ) ;
#1998 = UNCERTAINTY_MEASURE_WITH_UNIT (LENGTH_MEASURE( 1.000000000000000082E-05 ), #688, 'distance_accuracy_value', 'NONE');
#1999 = SURFACE_SIDE_STYLE ('',( #2218 ) ) ;
#2000 = DIRECTION ( 'NONE',  ( -1.000000000000000000, -1.461568872310491017E-16, 0.000000000000000000 ) ) ;
#2001 = ORIENTED_EDGE ( 'NONE', *, *, #1140, .T. ) ;
#2002 = ORIENTED_EDGE ( 'NONE', *, *, #162, .F. ) ;
#2003 = DIRECTION ( 'NONE',  ( 0.000000000000000000, 0.000000000000000000, 1.000000000000000000 ) ) ;
#2004 = DIRECTION ( 'NONE',  ( 1.532441233204257924E-16, -1.000000000000000000, -0.000000000000000000 ) ) ;
#2005 = EDGE_CURVE ( 'NONE', #683, #2970, #2216, .T. ) ;
#2006 = CARTESIAN_POINT ( 'NONE',  ( 2.626994110204961874, 1.506786867522466489, -1.006248917371164842 ) ) ;
#2007 = VERTEX_POINT ( 'NONE', #2691 ) ;
#2008 = STYLED_ITEM ( 'NONE', ( #2472 ), #2046 ) ;
#2009 = SURFACE_STYLE_FILL_AREA ( #1095 ) ;
#2010 = DIRECTION ( 'NONE',  ( -1.532441233204257924E-16, 1.000000000000000000, -0.000000000000000000 ) ) ;
#2011 = CIRCLE ( 'NONE', #1481, 2.000000000020402791 ) ;
#2012 = B_SPLINE_CURVE_WITH_KNOTS ( 'NONE', 3,
 ( #747, #2851, #2393, #2652, #769, #536 ),
 .UNSPECIFIED., .F., .F.,
 ( 4, 2, 4 ),
 ( 0.000000000000000000, 0.5000000000000000000, 1.000000000000000000 ),
 .UNSPECIFIED. ) ;
#2013 = VECTOR ( 'NONE', #496, 1000.000000000000000 ) ;
#2014 = CARTESIAN_POINT ( 'NONE',  ( -1.250000000000000222, 0.5000000000169863013, 0.2500000000000002220 ) ) ;
#2015 = SURFACE_STYLE_FILL_AREA ( #2698 ) ;
#2016 = STYLED_ITEM ( 'NONE', ( #2695 ), #1807 ) ;
#2017 = VERTEX_POINT ( 'NONE', #818 ) ;
#2018 =( NAMED_UNIT ( * ) PLANE_ANGLE_UNIT ( ) SI_UNIT ( $, .RADIAN. ) );
#2019 = AXIS2_PLACEMENT_3D ( 'NONE', #1961, #854, #1772 ) ;
#2020 = CARTESIAN_POINT ( 'NONE',  ( 2.656608451010793903, 1.455274435930330679, 1.005792250671013965 ) ) ;
#2021 = DIRECTION ( 'NONE',  ( 0.000000000000000000, 1.000000000000000000, 0.000000000000000000 ) ) ;
#2022 = AXIS2_PLACEMENT_3D ( 'NONE', #1170, #2081, #900 ) ;
#2023 = FILL_AREA_STYLE_COLOUR ( '', #1529 ) ;
#2024 = CARTESIAN_POINT ( 'NONE',  ( 2.558865826058712489, 1.750000000037728265, -1.007326007058092499 ) ) ;
#2025 = DIRECTION ( 'NONE',  ( 1.532441233204257924E-16, -1.000000000000000000, 0.000000000000000000 ) ) ;
#2026 = CARTESIAN_POINT ( 'NONE',  ( -0.3839745962000001289, 0.2999999999999999334, -0.5000000000000000000 ) ) ;
#2027 = PRODUCT_DEFINITION_CONTEXT ( 'detailed design', #1096, 'design' ) ;
#2028 = FACE_OUTER_BOUND ( 'NONE', #436, .T. ) ;
#2029 =( LENGTH_UNIT ( ) NAMED_UNIT ( * ) SI_UNIT ( .MILLI., .METRE. ) );
#2030 = ORIENTED_EDGE ( 'NONE', *, *, #1780, .F. ) ;
#2031 = ORIENTED_EDGE ( 'NONE', *, *, #869, .T. ) ;
#2032 = DIRECTION ( 'NONE',  ( 1.532441233204257924E-16, -1.000000000000000000, -0.000000000000000000 ) ) ;
#2033 = AXIS2_PLACEMENT_3D ( 'NONE', #1665, #737, #554 ) ;
#2034 = DIRECTION ( 'NONE',  ( 1.532441233204257924E-16, -1.000000000000000000, 0.000000000000000000 ) ) ;
#2035 = EDGE_CURVE ( 'NONE', #2069, #2636, #227, .T. ) ;
#2036 = CARTESIAN_POINT ( 'NONE',  ( 1.299999999984964516, 0.5000000000169866343, -1.519868415394278971 ) ) ;
#2037 = EDGE_LOOP ( 'NONE', ( #2289, #2204, #1974, #2929, #765 ) ) ;
#2038 = ADVANCED_FACE ( 'NONE', ( #1512, #1995 ), #1064, .T. ) ;
#2039 =( NAMED_UNIT ( * ) SI_UNIT ( $, .STERADIAN. ) SOLID_ANGLE_UNIT ( ) );
#2040 =( GEOMETRIC_REPRESENTATION_CONTEXT ( 3 ) GLOBAL_UNCERTAINTY_ASSIGNED_CONTEXT ( ( #2696 ) ) GLOBAL_UNIT_ASSIGNED_CONTEXT ( ( #1927, #2864, #2406 ) ) REPRESENTATION_CONTEXT ( 'NONE', 'WORKASPACE' ) );
#2041 = FACE_OUTER_BOUND ( 'NONE', #916, .T. ) ;
#2042 = ORIENTED_EDGE ( 'NONE', *, *, #1325, .T. ) ;
#2043 = FILL_AREA_STYLE ('',( #863 ) ) ;
#2044 = CARTESIAN_POINT ( 'NONE',  ( 2.717306881566229571, 2.106457753563079738, 1.004783660911563459 ) ) ;
#2045 = VERTEX_POINT ( 'NONE', #2212 ) ;
#2046 = ADVANCED_FACE ( 'NONE', ( #1049 ), #1964, .F. ) ;
#2047 = CARTESIAN_POINT ( 'NONE',  ( -4.336808689942017736E-16, 2.999999999999999556, 0.000000000000000000 ) ) ;
#2048 = SURFACE_SIDE_STYLE ('',( #1350 ) ) ;
#2049 = UNCERTAINTY_MEASURE_WITH_UNIT (LENGTH_MEASURE( 1.000000000000000082E-05 ), #1277, 'distance_accuracy_value', 'NONE');
#2050 = DIRECTION ( 'NONE',  ( 1.000000000000000000, 0.000000000000000000, 0.000000000000000000 ) ) ;
#2051 = EDGE_LOOP ( 'NONE', ( #2672, #1385 ) ) ;
#2052 = SURFACE_STYLE_FILL_AREA ( #1607 ) ;
#2053 = CIRCLE ( 'NONE', #302, 2.749999999999888090 ) ;
#2054 = STYLED_ITEM ( 'NONE', ( #1383 ), #587 ) ;
#2055 = PLANE ( 'NONE',  #1058 ) ;
#2056 = FACE_OUTER_BOUND ( 'NONE', #1399, .T. ) ;
#2057 = LINE ( 'NONE', #973, #1192 ) ;
#2058 = LINE ( 'NONE', #2319, #2351 ) ;
#2059 = EDGE_LOOP ( 'NONE', ( #414, #1137, #2311, #2713 ) ) ;
#2060 = DIRECTION ( 'NONE',  ( 1.000000000000000000, 1.792069706587611122E-16, 0.000000000000000000 ) ) ;
#2061 = COLOUR_RGB ( '',0.2509803921568627416, 0.2509803921568627416, 0.2509803921568627416 ) ;
#2062 = PRESENTATION_LAYER_ASSIGNMENT (  '', '', ( #2991 ) ) ;
#2063 = AXIS2_PLACEMENT_3D ( 'NONE', #2996, #176, #2060 ) ;
#2064 = ORIENTED_EDGE ( 'NONE', *, *, #895, .F. ) ;
#2065 =( LENGTH_UNIT ( ) NAMED_UNIT ( * ) SI_UNIT ( .MILLI., .METRE. ) );
#2066 =( GEOMETRIC_REPRESENTATION_CONTEXT ( 3 ) GLOBAL_UNCERTAINTY_ASSIGNED_CONTEXT ( ( #1457 ) ) GLOBAL_UNIT_ASSIGNED_CONTEXT ( ( #789, #539, #2602 ) ) REPRESENTATION_CONTEXT ( 'NONE', 'WORKASPACE' ) );
#2067 = AXIS2_PLACEMENT_3D ( 'NONE', #149, #1521, #327 ) ;
#2068 = CARTESIAN_POINT ( 'NONE',  ( 1.249999999988085086, -1.999999999983013144, 8.948484741729069290E-12 ) ) ;
#2069 = VERTEX_POINT ( 'NONE', #392 ) ;
#2070 = ORIENTED_EDGE ( 'NONE', *, *, #1312, .F. ) ;
#2071 = CARTESIAN_POINT ( 'NONE',  ( 2.597973111266290047, 7.020000000000003126, 1.000493589315299303 ) ) ;
#2072 = FILL_AREA_STYLE_COLOUR ( '', #1329 ) ;
#2073 = EDGE_CURVE ( 'NONE', #2662, #2487, #396, .T. ) ;
#2074 = EDGE_CURVE ( 'NONE', #2751, #2007, #2788, .T. ) ;
#2075 = CARTESIAN_POINT ( 'NONE',  ( -0.9999999999999995559, -1.999999999983013588, 3.061616997868385483E-17 ) ) ;
#2076 =( GEOMETRIC_REPRESENTATION_CONTEXT ( 3 ) GLOBAL_UNCERTAINTY_ASSIGNED_CONTEXT ( ( #1006 ) ) GLOBAL_UNIT_ASSIGNED_CONTEXT ( ( #696, #41, #2091 ) ) REPRESENTATION_CONTEXT ( 'NONE', 'WORKASPACE' ) );
#2077 = ORIENTED_EDGE ( 'NONE', *, *, #2670, .T. ) ;
#2078 = LINE ( 'NONE', #2844, #121 ) ;
#2079 = CARTESIAN_POINT ( 'NONE',  ( 1.249999999988084642, 0.5000000000169867453, 0.2500000000089495633 ) ) ;
#2080 = VERTEX_POINT ( 'NONE', #850 ) ;
#2081 = DIRECTION ( 'NONE',  ( -1.532441233204257924E-16, 1.000000000000000000, -0.000000000000000000 ) ) ;
#2082 = EDGE_CURVE ( 'NONE', #1244, #2257, #2682, .T. ) ;
#2083 = DIRECTION ( 'NONE',  ( 1.000000000000000000, 1.478457507934778639E-16, 0.000000000000000000 ) ) ;
#2084 = ORIENTED_EDGE ( 'NONE', *, *, #1284, .T. ) ;
#2085 = STYLED_ITEM ( 'NONE', ( #2341 ), #1113 ) ;
#2086 = LINE ( 'NONE', #1856, #2979 ) ;
#2087 = EDGE_CURVE ( 'NONE', #2999, #822, #1102, .T. ) ;
#2088 = CARTESIAN_POINT ( 'NONE',  ( 3.090320009128491918, 2.699137674597359648, -1.006191950464396134 ) ) ;
#2089 = DIRECTION ( 'NONE',  ( 1.532441233204257924E-16, -1.000000000000000000, 0.000000000000000000 ) ) ;
#2090 = EDGE_CURVE ( 'NONE', #2390, #2069, #350, .T. ) ;
#2091 =( NAMED_UNIT ( * ) SI_UNIT ( $, .STERADIAN. ) SOLID_ANGLE_UNIT ( ) );
#2092 = STYLED_ITEM ( 'NONE', ( #1255 ), #154 ) ;
#2093 = DIRECTION ( 'NONE',  ( -1.000000000000000000, 0.000000000000000000, 0.000000000000000000 ) ) ;
#2094 = ORIENTED_EDGE ( 'NONE', *, *, #1371, .F. ) ;
#2095 = FACE_BOUND ( 'NONE', #1011, .T. ) ;
#2096 = SURFACE_SIDE_STYLE ('',( #1218 ) ) ;
#2097 = CARTESIAN_POINT ( 'NONE',  ( 1.854999999988084847, 0.5000000000169867453, 8.948484741729069290E-12 ) ) ;
#2098 = ORIENTED_EDGE ( 'NONE', *, *, #2424, .F. ) ;
#2099 = PRESENTATION_STYLE_ASSIGNMENT (( #449 ) ) ;
#2100 = EDGE_CURVE ( 'NONE', #2675, #2562, #2982, .T. ) ;
#2101 = CARTESIAN_POINT ( 'NONE',  ( 2.682435665402425951, 7.007245030605504077, 1.001607589051143332 ) ) ;
#2102 = CARTESIAN_POINT ( 'NONE',  ( -1.105000000002576810, 0.5000000000169861902, 1.291888153077042745 ) ) ;
#2103 = AXIS2_PLACEMENT_3D ( 'NONE', #697, #2284, #1374 ) ;
#2104 =( LENGTH_UNIT ( ) NAMED_UNIT ( * ) SI_UNIT ( .MILLI., .METRE. ) );
#2105 = AXIS2_PLACEMENT_3D ( 'NONE', #173, #2229, #1756 ) ;
#2106 = CARTESIAN_POINT ( 'NONE',  ( 0.6499999999880848867, 1.100000000016986723, 8.948484741729069290E-12 ) ) ;
#2107 = CARTESIAN_POINT ( 'NONE',  ( 2.638479154830679185, 2.011660245552098658, 1.006051720607673561 ) ) ;
#2108 = AXIS2_PLACEMENT_3D ( 'NONE', #1142, #1844, #1393 ) ;
#2109 = CARTESIAN_POINT ( 'NONE',  ( -0.6450000000000001288, 1.100000000016986279, 0.000000000000000000 ) ) ;
#2110 =( NAMED_UNIT ( * ) PLANE_ANGLE_UNIT ( ) SI_UNIT ( $, .RADIAN. ) );
#2111 = MECHANICAL_DESIGN_GEOMETRIC_PRESENTATION_REPRESENTATION (  '', ( #2411 ), #757 ) ;
#2112 = SURFACE_SIDE_STYLE ('',( #2125 ) ) ;
#2113 = ADVANCED_FACE ( 'NONE', ( #1331 ), #618, .T. ) ;
#2114 = ORIENTED_EDGE ( 'NONE', *, *, #1127, .F. ) ;
#2115 = CIRCLE ( 'NONE', #1287, 2.209999999999999964 ) ;
#2116 =( GEOMETRIC_REPRESENTATION_CONTEXT ( 3 ) GLOBAL_UNCERTAINTY_ASSIGNED_CONTEXT ( ( #1037 ) ) GLOBAL_UNIT_ASSIGNED_CONTEXT ( ( #2537, #2975, #1175 ) ) REPRESENTATION_CONTEXT ( 'NONE', 'WORKASPACE' ) );
#2117 = COLOUR_RGB ( '',0.2509803921568627416, 0.2509803921568627416, 0.2509803921568627416 ) ;
#2118 = CARTESIAN_POINT ( 'NONE',  ( 2.836665205193118489, 6.948045969287339751, -1.003463249995920181 ) ) ;
#2119 =( GEOMETRIC_REPRESENTATION_CONTEXT ( 3 ) GLOBAL_UNCERTAINTY_ASSIGNED_CONTEXT ( ( #2728 ) ) GLOBAL_UNIT_ASSIGNED_CONTEXT ( ( #1302, #119, #2687 ) ) REPRESENTATION_CONTEXT ( 'NONE', 'WORKASPACE' ) );
#2120 = CARTESIAN_POINT ( 'NONE',  ( 0.6499999999880848867, 0.5000000000169866343, 8.948484741729069290E-12 ) ) ;
#2121 = FILL_AREA_STYLE_COLOUR ( '', #263 ) ;
#2122 = UNCERTAINTY_MEASURE_WITH_UNIT (LENGTH_MEASURE( 1.000000000000000082E-05 ), #2290, 'distance_accuracy_value', 'NONE');
#2123 = EDGE_LOOP ( 'NONE', ( #1274, #692, #1715, #2444 ) ) ;
#2124 = FILL_AREA_STYLE_COLOUR ( '', #174 ) ;
#2125 = SURFACE_STYLE_FILL_AREA ( #1872 ) ;
#2126 = CARTESIAN_POINT ( 'NONE',  ( 0.000000000000000000, 0.8008623253970075240, 0.000000000000000000 ) ) ;
#2127 = ADVANCED_FACE ( 'NONE', ( #1054 ), #2465, .F. ) ;
#2128 = CARTESIAN_POINT ( 'NONE',  ( 3.018326350323562224, 6.775003804053101319, -1.005483283192222022 ) ) ;
#2129 = MECHANICAL_DESIGN_GEOMETRIC_PRESENTATION_REPRESENTATION (  '', ( #975 ), #184 ) ;
#2130 = LINE ( 'NONE', #2120, #55 ) ;
#2131 = CIRCLE ( 'NONE', #2911, 2.750000000048498094 ) ;
#2132 = SURFACE_STYLE_FILL_AREA ( #754 ) ;
#2133 =( NAMED_UNIT ( * ) PLANE_ANGLE_UNIT ( ) SI_UNIT ( $, .RADIAN. ) );
#2134 = LINE ( 'NONE', #1849, #2013 ) ;
#2135 = DIRECTION ( 'NONE',  ( -1.532441233204257924E-16, 1.000000000000000000, 0.000000000000000000 ) ) ;
#2136 = ORIENTED_EDGE ( 'NONE', *, *, #16, .F. ) ;
#2137 = EDGE_CURVE ( 'NONE', #2171, #2221, #2053, .T. ) ;
#2138 = FACE_OUTER_BOUND ( 'NONE', #484, .T. ) ;
#2139 = SURFACE_STYLE_FILL_AREA ( #1889 ) ;
#2140 = FACE_OUTER_BOUND ( 'NONE', #1688, .T. ) ;
#2141 = ADVANCED_FACE ( 'NONE', ( #232 ), #1597, .T. ) ;
#2142 = EDGE_CURVE ( 'NONE', #2865, #1660, #413, .T. ) ;
#2143 = SURFACE_STYLE_USAGE ( .BOTH. , #1478 ) ;
#2144 = CARTESIAN_POINT ( 'NONE',  ( 1.249999999988085086, -1.999999999983013144, 8.948484741729069290E-12 ) ) ;
#2145 =( NAMED_UNIT ( * ) PLANE_ANGLE_UNIT ( ) SI_UNIT ( $, .RADIAN. ) );
#2146 = DIRECTION ( 'NONE',  ( -1.000000000000000000, -1.532441233195782106E-16, 0.000000000000000000 ) ) ;
#2147 = AXIS2_PLACEMENT_3D ( 'NONE', #2249, #166, #2491 ) ;
#2148 = DIRECTION ( 'NONE',  ( 8.659560562354914369E-17, 0.7071067811865489050, -0.7071067811865461294 ) ) ;
#2149 = DIRECTION ( 'NONE',  ( -1.532441233204257924E-16, 1.000000000000000000, -0.000000000000000000 ) ) ;
#2150 = TOROIDAL_SURFACE ( 'NONE', #704, 2.749999999999888090, 0.4799999999999999822 ) ;
#2151 = ORIENTED_EDGE ( 'NONE', *, *, #1658, .F. ) ;
#2152 =( NAMED_UNIT ( * ) PLANE_ANGLE_UNIT ( ) SI_UNIT ( $, .RADIAN. ) );
#2153 = DIRECTION ( 'NONE',  ( -1.000000000000000000, -1.807003620809174385E-16, 0.000000000000000000 ) ) ;
#2154 =( NAMED_UNIT ( * ) PLANE_ANGLE_UNIT ( ) SI_UNIT ( $, .RADIAN. ) );
#2155 = VECTOR ( 'NONE', #917, 1000.000000000000000 ) ;
#2156 = CARTESIAN_POINT ( 'NONE',  ( 2.791069302093616589, 6.971335345419193530, -1.002922528695733062 ) ) ;
#2157 = DIRECTION ( 'NONE',  ( 0.000000000000000000, 1.000000000000000000, 0.000000000000000000 ) ) ;
#2158 = CARTESIAN_POINT ( 'NONE',  ( 2.209999999999999076, 6.919999999999999929, 2.706469426115650265E-16 ) ) ;
#2159 = DIRECTION ( 'NONE',  ( -1.532441233204257924E-16, 1.000000000000000000, -0.000000000000000000 ) ) ;
#2160 = CIRCLE ( 'NONE', #1877, 2.200000000000000178 ) ;
#2161 = STYLED_ITEM ( 'NONE', ( #624 ), #2038 ) ;
#2162 = PRESENTATION_LAYER_ASSIGNMENT (  '', '', ( #1445 ) ) ;
#2163 =( NAMED_UNIT ( * ) SI_UNIT ( $, .STERADIAN. ) SOLID_ANGLE_UNIT ( ) );
#2164 = EDGE_CURVE ( 'NONE', #1056, #1244, #2887, .T. ) ;
#2165 = COLOUR_RGB ( '',0.7803921568627451011, 0.7607843137254901578, 0.7411764705882353255 ) ;
#2166 = EDGE_CURVE ( 'NONE', #18, #3010, #1146, .T. ) ;
#2167 = ORIENTED_EDGE ( 'NONE', *, *, #2670, .F. ) ;
#2168 = DIRECTION ( 'NONE',  ( 1.532441233204257924E-16, -1.000000000000000000, 0.000000000000000000 ) ) ;
#2169 = ORIENTED_EDGE ( 'NONE', *, *, #1225, .T. ) ;
#2170 = CARTESIAN_POINT ( 'NONE',  ( -4.336808689942017736E-16, 1.750000000007506884, 0.000000000000000000 ) ) ;
#2171 = VERTEX_POINT ( 'NONE', #1884 ) ;
#2172 = CARTESIAN_POINT ( 'NONE',  ( 1.849999999988084287, 0.5000000000169868564, 8.948558220537019075E-12 ) ) ;
#2173 = CARTESIAN_POINT ( 'NONE',  ( 2.579585065625304985, 1.888542435128129249, -1.006924823066249530 ) ) ;
#2174 = DIRECTION ( 'NONE',  ( -1.000000000000000000, -1.334402673828359192E-16, 0.000000000000000000 ) ) ;
#2175 = DIRECTION ( 'NONE',  ( 1.000000000000000000, 1.792069706587610382E-16, 0.000000000000000000 ) ) ;
#2176 = EDGE_CURVE ( 'NONE', #250, #3004, #703, .T. ) ;
#2177 = CIRCLE ( 'NONE', #2328, 0.5199999999996141042 ) ;
#2178 = FILL_AREA_STYLE ('',( #1711 ) ) ;
#2179 = UNCERTAINTY_MEASURE_WITH_UNIT (LENGTH_MEASURE( 1.000000000000000082E-05 ), #475, 'distance_accuracy_value', 'NONE');
#2180 = CIRCLE ( 'NONE', #2383, 2.000000000020402791 ) ;
#2181 = ORIENTED_EDGE ( 'NONE', *, *, #2164, .T. ) ;
#2182 = DIRECTION ( 'NONE',  ( 1.000000000000000000, 0.000000000000000000, 0.000000000000000000 ) ) ;
#2183 = EDGE_LOOP ( 'NONE', ( #1332, #2084, #2210, #1940, #672, #2903, #2031 ) ) ;
#2184 = VERTEX_POINT ( 'NONE', #3009 ) ;
#2185 = SURFACE_SIDE_STYLE ('',( #575 ) ) ;
#2186 = CIRCLE ( 'NONE', #2237, 2.200000000000000178 ) ;
#2187 = CARTESIAN_POINT ( 'NONE',  ( -1.250000000000000000, 1.100000000016986279, 0.000000000000000000 ) ) ;
#2188 = CIRCLE ( 'NONE', #791, 2.955917552695935147 ) ;
#2189 =( GEOMETRIC_REPRESENTATION_CONTEXT ( 3 ) GLOBAL_UNCERTAINTY_ASSIGNED_CONTEXT ( ( #172 ) ) GLOBAL_UNIT_ASSIGNED_CONTEXT ( ( #2464, #2711, #411 ) ) REPRESENTATION_CONTEXT ( 'NONE', 'WORKASPACE' ) );
#2190 = DIRECTION ( 'NONE',  ( -1.000000000000000000, -1.342665229084262458E-16, 0.000000000000000000 ) ) ;
#2191 = EDGE_CURVE ( 'NONE', #1662, #1898, #2058, .T. ) ;
#2192 = CARTESIAN_POINT ( 'NONE',  ( 0.000000000000000000, 0.8008623253970075240, 0.000000000000000000 ) ) ;
#2193 = CARTESIAN_POINT ( 'NONE',  ( 2.870039168119843165, 0.3224206514621960062, -1.004488072451638292 ) ) ;
#2194 =( LENGTH_UNIT ( ) NAMED_UNIT ( * ) SI_UNIT ( .MILLI., .METRE. ) );
#2195 =( NAMED_UNIT ( * ) PLANE_ANGLE_UNIT ( ) SI_UNIT ( $, .RADIAN. ) );
#2196 = DIRECTION ( 'NONE',  ( 1.000000000000000000, 0.000000000000000000, 0.000000000000000000 ) ) ;
#2197 = B_SPLINE_CURVE_WITH_KNOTS ( 'NONE', 3,
 ( #1857, #2071, #1401, #2101, #421, #2315, #1827, #2330, #3005, #211, #1139, #238, #2805, #924 ),
 .UNSPECIFIED., .F., .F.,
 ( 4, 2, 2, 2, 2, 2, 4 ),
 ( 0.000000000000000000, 0.1250000000000007216, 0.1875000000000005829, 0.2500000000000004441, 0.3750000000000012768, 0.5000000000000021094, 1.000000000000000000 ),
 .UNSPECIFIED. ) ;
#2198 = AXIS2_PLACEMENT_3D ( 'NONE', #2294, #693, #1158 ) ;
#2199 = EDGE_LOOP ( 'NONE', ( #1261, #375, #2733, #99 ) ) ;
#2200 = CARTESIAN_POINT ( 'NONE',  ( 1.249999999988084642, 1.100000000016986723, 8.948484741729069290E-12 ) ) ;
#2201 = CIRCLE ( 'NONE', #2347, 2.200000000000000178 ) ;
#2202 = SURFACE_SIDE_STYLE ('',( #2015 ) ) ;
#2203 = ORIENTED_EDGE ( 'NONE', *, *, #1826, .T. ) ;
#2204 = ORIENTED_EDGE ( 'NONE', *, *, #383, .T. ) ;
#2205 = COLOUR_RGB ( '',0.2509803921568627416, 0.2509803921568627416, 0.2509803921568627416 ) ;
#2206 = CARTESIAN_POINT ( 'NONE',  ( 1.300000000009611911, 0.5000000000169866343, 1.519868415368542003 ) ) ;
#2207 = STYLED_ITEM ( 'NONE', ( #2971 ), #2356 ) ;
#2208 = EDGE_CURVE ( 'NONE', #1317, #206, #2564, .T. ) ;
#2209 = CARTESIAN_POINT ( 'NONE',  ( -1.250000000000000222, 0.5000000000169863013, 0.000000000000000000 ) ) ;
#2210 = ORIENTED_EDGE ( 'NONE', *, *, #2906, .T. ) ;
#2211 =( NAMED_UNIT ( * ) PLANE_ANGLE_UNIT ( ) SI_UNIT ( $, .RADIAN. ) );
#2212 = CARTESIAN_POINT ( 'NONE',  ( -1.138461538458696465, 0.5000000000169861902, -0.9937601177563949451 ) ) ;
#2213 = SURFACE_STYLE_FILL_AREA ( #2823 ) ;
#2214 = CIRCLE ( 'NONE', #1585, 0.6308623253800214048 ) ;
#2215 = AXIS2_PLACEMENT_3D ( 'NONE', #2282, #1794, #1624 ) ;
#2216 = CIRCLE ( 'NONE', #1444, 1.000000000046203930 ) ;
#2217 = ORIENTED_EDGE ( 'NONE', *, *, #1194, .T. ) ;
#2218 = SURFACE_STYLE_FILL_AREA ( #2748 ) ;
#2219 = CARTESIAN_POINT ( 'NONE',  ( -3.532384888066400145E-12, 1.698641227676489507E-11, -4.129780285105910664E-12 ) ) ;
#2220 = CIRCLE ( 'NONE', #912, 2.000000000017663648 ) ;
#2221 = VERTEX_POINT ( 'NONE', #2511 ) ;
#2222 = EDGE_LOOP ( 'NONE', ( #1598, #2890, #742, #2786 ) ) ;
#2223 = PRESENTATION_STYLE_ASSIGNMENT (( #2663 ) ) ;
#2224 = CARTESIAN_POINT ( 'NONE',  ( -0.3839745962000000734, -5.884185037198349970E-17, -0.5000000000000000000 ) ) ;
#2225 = CYLINDRICAL_SURFACE ( 'NONE', #96, 0.2500000000000002220 ) ;
#2226 = ORIENTED_EDGE ( 'NONE', *, *, #574, .T. ) ;
#2227 = SURFACE_SIDE_STYLE ('',( #830 ) ) ;
#2228 = CARTESIAN_POINT ( 'NONE',  ( 1.249999999988084642, 0.5000000000169867453, 8.948484741729069290E-12 ) ) ;
#2229 = DIRECTION ( 'NONE',  ( 1.532441233204257924E-16, -1.000000000000000000, 0.000000000000000000 ) ) ;
#2230 = ADVANCED_FACE ( 'NONE', ( #1346 ), #2739, .T. ) ;
#2231 =( GEOMETRIC_REPRESENTATION_CONTEXT ( 3 ) GLOBAL_UNCERTAINTY_ASSIGNED_CONTEXT ( ( #1834 ) ) GLOBAL_UNIT_ASSIGNED_CONTEXT ( ( #1304, #2688, #1976 ) ) REPRESENTATION_CONTEXT ( 'NONE', 'WORKASPACE' ) );
#2232 = PRESENTATION_LAYER_ASSIGNMENT (  '', '', ( #280 ) ) ;
#2233 = CARTESIAN_POINT ( 'NONE',  ( 1.249999999988084642, 0.5000000000169867453, 0.2500000000089495633 ) ) ;
#2234 = CARTESIAN_POINT ( 'NONE',  ( -1.404999999975045322, 0.5000000000169861902, -1.291888153094606473 ) ) ;
#2235 = AXIS2_PLACEMENT_3D ( 'NONE', #762, #1461, #1229 ) ;
#2236 = CARTESIAN_POINT ( 'NONE',  ( 2.589499339754277596, 1.918206199208693175, -1.006785986307747516 ) ) ;
#2237 = AXIS2_PLACEMENT_3D ( 'NONE', #114, #2168, #573 ) ;
#2238 = SURFACE_STYLE_USAGE ( .BOTH. , #2490 ) ;
#2239 = CARTESIAN_POINT ( 'NONE',  ( 2.856479284577553734, 0.3108875892361440685, -1.004374429631810450 ) ) ;
#2240 = DIRECTION ( 'NONE',  ( 1.532441233204257924E-16, -1.000000000000000000, -0.000000000000000000 ) ) ;
#2241 = UNCERTAINTY_MEASURE_WITH_UNIT (LENGTH_MEASURE( 1.000000000000000082E-05 ), #718, 'distance_accuracy_value', 'NONE');
#2242 = DIRECTION ( 'NONE',  ( -1.532441233204257924E-16, 1.000000000000000000, -0.000000000000000000 ) ) ;
#2243 = ORIENTED_EDGE ( 'NONE', *, *, #152, .T. ) ;
#2244 = SURFACE_STYLE_FILL_AREA ( #1757 ) ;
#2245 = DIRECTION ( 'NONE',  ( 0.000000000000000000, 0.000000000000000000, -1.000000000000000000 ) ) ;
#2246 = CARTESIAN_POINT ( 'NONE',  ( 2.399065787306115194, 0.1500000000169863235, 1.000000000000000000 ) ) ;
#2247 = AXIS2_PLACEMENT_3D ( 'NONE', #368, #1546, #2994 ) ;
#2248 =( NAMED_UNIT ( * ) PLANE_ANGLE_UNIT ( ) SI_UNIT ( $, .RADIAN. ) );
#2249 = CARTESIAN_POINT ( 'NONE',  ( 1.249999999988084864, 1.100000000016986723, 8.948484741729069290E-12 ) ) ;
#2250 =( GEOMETRIC_REPRESENTATION_CONTEXT ( 3 ) GLOBAL_UNCERTAINTY_ASSIGNED_CONTEXT ( ( #2827 ) ) GLOBAL_UNIT_ASSIGNED_CONTEXT ( ( #945, #1654, #2791 ) ) REPRESENTATION_CONTEXT ( 'NONE', 'WORKASPACE' ) );
#2251 = COLOUR_RGB ( '',0.2509803921568627416, 0.2509803921568627416, 0.2509803921568627416 ) ;
#2252 =( GEOMETRIC_REPRESENTATION_CONTEXT ( 3 ) GLOBAL_UNCERTAINTY_ASSIGNED_CONTEXT ( ( #1801 ) ) GLOBAL_UNIT_ASSIGNED_CONTEXT ( ( #898, #2018, #2259 ) ) REPRESENTATION_CONTEXT ( 'NONE', 'WORKASPACE' ) );
#2253 = ADVANCED_FACE ( 'NONE', ( #1079 ), #847, .T. ) ;
#2254 = DIRECTION ( 'NONE',  ( -1.532441233204258170E-16, 1.000000000000000000, -0.000000000000000000 ) ) ;
#2255 = ORIENTED_EDGE ( 'NONE', *, *, #1205, .F. ) ;
#2256 = STYLED_ITEM ( 'NONE', ( #1577 ), #1883 ) ;
#2257 = VERTEX_POINT ( 'NONE', #858 ) ;
#2258 = AXIS2_PLACEMENT_3D ( 'NONE', #2399, #1484, #2146 ) ;
#2259 =( NAMED_UNIT ( * ) SI_UNIT ( $, .STERADIAN. ) SOLID_ANGLE_UNIT ( ) );
#2260 = FILL_AREA_STYLE_COLOUR ( '', #2165 ) ;
#2261 = CARTESIAN_POINT ( 'NONE',  ( -2.210000000000000853, 6.919999999999999929, 0.000000000000000000 ) ) ;
#2262 = UNCERTAINTY_MEASURE_WITH_UNIT (LENGTH_MEASURE( 1.000000000000000082E-05 ), #437, 'distance_accuracy_value', 'NONE');
#2263 = ORIENTED_EDGE ( 'NONE', *, *, #2166, .F. ) ;
#2264 = FILL_AREA_STYLE ('',( #1637 ) ) ;
#2265 = CYLINDRICAL_SURFACE ( 'NONE', #2359, 0.2999999999999994893 ) ;
#2266 = DIRECTION ( 'NONE',  ( -1.000000000000000000, 0.000000000000000000, 0.000000000000000000 ) ) ;
#2267 = EDGE_CURVE ( 'NONE', #1662, #2487, #2933, .T. ) ;
#2268 = SURFACE_SIDE_STYLE ('',( #877 ) ) ;
#2269 = CARTESIAN_POINT ( 'NONE',  ( 2.751405848391713427, 2.136120903960383455, 1.004395809508330517 ) ) ;
#2270 = ORIENTED_EDGE ( 'NONE', *, *, #103, .T. ) ;
#2271 = CARTESIAN_POINT ( 'NONE',  ( 2.558865825955078055, 1.749999999940005324, 1.007326007321349914 ) ) ;
#2272 = MECHANICAL_DESIGN_GEOMETRIC_PRESENTATION_REPRESENTATION (  '', ( #1891 ), #2604 ) ;
#2273 = AXIS2_PLACEMENT_3D ( 'NONE', #2493, #2025, #1980 ) ;
#2274 = ORIENTED_EDGE ( 'NONE', *, *, #2288, .T. ) ;
#2275 = CARTESIAN_POINT ( 'NONE',  ( 2.563871318724815662, 1.670915583920306258, 1.007177514627852766 ) ) ;
#2276 = CIRCLE ( 'NONE', #277, 0.2500000000000002220 ) ;
#2277 = CARTESIAN_POINT ( 'NONE',  ( 1.499999999988086197, -1.999999999983013144, 8.948515357899047829E-12 ) ) ;
#2278 = ORIENTED_EDGE ( 'NONE', *, *, #2505, .F. ) ;
#2279 = FILL_AREA_STYLE_COLOUR ( '', #2853 ) ;
#2280 = DIRECTION ( 'NONE',  ( 1.000000000000000000, 0.000000000000000000, 0.000000000000000000 ) ) ;
#2281 = CARTESIAN_POINT ( 'NONE',  ( 9.974082645515512979E-17, 0.1500000000169859349, 0.000000000000000000 ) ) ;
#2282 = CARTESIAN_POINT ( 'NONE',  ( -7.662206166281596461E-17, 0.5000000000169864123, 0.000000000000000000 ) ) ;
#2283 = ORIENTED_EDGE ( 'NONE', *, *, #1549, .T. ) ;
#2284 = DIRECTION ( 'NONE',  ( 1.532441233204257924E-16, -1.000000000000000000, -0.000000000000000000 ) ) ;
#2285 = FILL_AREA_STYLE_COLOUR ( '', #2447 ) ;
#2286 = ORIENTED_EDGE ( 'NONE', *, *, #74, .T. ) ;
#2287 = ORIENTED_EDGE ( 'NONE', *, *, #2678, .T. ) ;
#2288 = EDGE_CURVE ( 'NONE', #2665, #1247, #2296, .T. ) ;
#2289 = ORIENTED_EDGE ( 'NONE', *, *, #1499, .F. ) ;
#2290 =( LENGTH_UNIT ( ) NAMED_UNIT ( * ) SI_UNIT ( .MILLI., .METRE. ) );
#2291 = ORIENTED_EDGE ( 'NONE', *, *, #895, .T. ) ;
#2292 = CIRCLE ( 'NONE', #2198, 0.5999999999999999778 ) ;
#2293 = SURFACE_STYLE_FILL_AREA ( #2740 ) ;
#2294 = CARTESIAN_POINT ( 'NONE',  ( -1.250000000000000222, 0.8500000000169878334, 0.000000000000000000 ) ) ;
#2295 = CIRCLE ( 'NONE', #997, 0.5999999999999997558 ) ;
#2296 = CIRCLE ( 'NONE', #1808, 0.5999999999999999778 ) ;
#2297 = FACE_OUTER_BOUND ( 'NONE', #1970, .T. ) ;
#2298 = FILL_AREA_STYLE ('',( #1861 ) ) ;
#2299 = DIRECTION ( 'NONE',  ( 1.000000000000000000, 1.532441233189115246E-16, 0.000000000000000000 ) ) ;
#2300 = ORIENTED_EDGE ( 'NONE', *, *, #2377, .T. ) ;
#2301 = ORIENTED_EDGE ( 'NONE', *, *, #2958, .T. ) ;
#2302 = CIRCLE ( 'NONE', #2558, 1.000000000013476553 ) ;
#2303 = DIRECTION ( 'NONE',  ( 1.532441233204257924E-16, -1.000000000000000000, 0.000000000000000000 ) ) ;
#2304 = CIRCLE ( 'NONE', #1485, 0.2500000000000002220 ) ;
#2305 = MECHANICAL_DESIGN_GEOMETRIC_PRESENTATION_REPRESENTATION (  '', ( #2694 ), #563 ) ;
#2306 = EDGE_LOOP ( 'NONE', ( #2515, #778 ) ) ;
#2307 = FILL_AREA_STYLE ('',( #2260 ) ) ;
#2308 =( GEOMETRIC_REPRESENTATION_CONTEXT ( 3 ) GLOBAL_UNCERTAINTY_ASSIGNED_CONTEXT ( ( #510 ) ) GLOBAL_UNIT_ASSIGNED_CONTEXT ( ( #135, #1268, #348 ) ) REPRESENTATION_CONTEXT ( 'NONE', 'WORKASPACE' ) );
#2309 = AXIS2_PLACEMENT_3D ( 'NONE', #2468, #2934, #564 ) ;
#2310 = DIRECTION ( 'NONE',  ( -1.000000000000000000, -1.532441233204257924E-16, -0.000000000000000000 ) ) ;
#2311 = ORIENTED_EDGE ( 'NONE', *, *, #412, .T. ) ;
#2312 = DIRECTION ( 'NONE',  ( 1.532441233204257924E-16, -1.000000000000000000, -0.000000000000000000 ) ) ;
#2313 = CARTESIAN_POINT ( 'NONE',  ( -3.078450273777896399E-16, 2.178853721174705438, 0.000000000000000000 ) ) ;
#2314 = STYLED_ITEM ( 'NONE', ( #1617 ), #2555 ) ;
#2315 = CARTESIAN_POINT ( 'NONE',  ( 2.729559130114422416, 6.994718815944982460, 1.002181497025412149 ) ) ;
#2316 = DIRECTION ( 'NONE',  ( 1.532441233204257924E-16, -1.000000000000000000, 0.000000000000000000 ) ) ;
#2317 = CYLINDRICAL_SURFACE ( 'NONE', #2108, 0.6050000000000000933 ) ;
#2318 = EDGE_CURVE ( 'NONE', #308, #2546, #69, .T. ) ;
#2319 = CARTESIAN_POINT ( 'NONE',  ( 3.090320009128491918, 3.000000000000000000, -1.006191950464396134 ) ) ;
#2320 = TOROIDAL_SURFACE ( 'NONE', #2862, 3.250000000048112181, 0.5199999999996141042 ) ;
#2321 = EDGE_LOOP ( 'NONE', ( #1986, #156, #1281, #1615 ) ) ;
#2322 = CARTESIAN_POINT ( 'NONE',  ( 1.925929944387235853E-31, 0.1700000000169859804, 0.000000000000000000 ) ) ;
#2323 = DIRECTION ( 'NONE',  ( 1.000000000000000000, 0.000000000000000000, 0.000000000000000000 ) ) ;
#2324 = ADVANCED_FACE ( 'NONE', ( #2955 ), #748, .F. ) ;
#2325 = ORIENTED_EDGE ( 'NONE', *, *, #2082, .T. ) ;
#2326 = CARTESIAN_POINT ( 'NONE',  ( 3.008758812385298853, 0.4616452474439859954, 1.005587872452817999 ) ) ;
#2327 = ORIENTED_EDGE ( 'NONE', *, *, #1101, .T. ) ;
#2328 = AXIS2_PLACEMENT_3D ( 'NONE', #278, #705, #1221 ) ;
#2329 = VERTEX_POINT ( 'NONE', #2455 ) ;
#2330 = CARTESIAN_POINT ( 'NONE',  ( 2.791631575166251711, 6.972005773476341872, 1.002929282914032605 ) ) ;
#2331 = AXIS2_PLACEMENT_3D ( 'NONE', #921, #2983, #2969 ) ;
#2332 = DIRECTION ( 'NONE',  ( 1.532441233204257924E-16, -1.000000000000000000, 0.000000000000000000 ) ) ;
#2333 = DIRECTION ( 'NONE',  ( -1.532441233204258170E-16, 1.000000000000000000, -0.000000000000000000 ) ) ;
#2334 = AXIS2_PLACEMENT_3D ( 'NONE', #2170, #53, #2822 ) ;
#2335 = CARTESIAN_POINT ( 'NONE',  ( -1.000000000000000000, 0.5000000000169863013, 3.061616997868385483E-17 ) ) ;
#2336 = CARTESIAN_POINT ( 'NONE',  ( 2.579141886032114694, 1.910196071123592132, 1.006991669769991660 ) ) ;
#2337 = VECTOR ( 'NONE', #629, 1000.000000000000000 ) ;
#2338 = SURFACE_STYLE_USAGE ( .BOTH. , #1204 ) ;
#2339 = VERTEX_POINT ( 'NONE', #1804 ) ;
#2340 = CARTESIAN_POINT ( 'NONE',  ( -4.336808689942017736E-16, 2.999999999999999556, 0.000000000000000000 ) ) ;
#2341 = PRESENTATION_STYLE_ASSIGNMENT (( #483 ) ) ;
#2342 = ORIENTED_EDGE ( 'NONE', *, *, #2998, .F. ) ;
#2343 =( NAMED_UNIT ( * ) SI_UNIT ( $, .STERADIAN. ) SOLID_ANGLE_UNIT ( ) );
#2344 = SURFACE_STYLE_FILL_AREA ( #970 ) ;
#2345 = CIRCLE ( 'NONE', #86, 0.5199999999996141042 ) ;
#2346 = DIRECTION ( 'NONE',  ( -1.000000000000000000, -1.532441233204257924E-16, 0.000000000000000000 ) ) ;
#2347 = AXIS2_PLACEMENT_3D ( 'NONE', #1829, #961, #470 ) ;
#2348 = CARTESIAN_POINT ( 'NONE',  ( 0.2499999999849272236, 0.3000000000000000444, 8.948484741729069290E-12 ) ) ;
#2349 = FILL_AREA_STYLE_COLOUR ( '', #860 ) ;
#2350 = FILL_AREA_STYLE ('',( #1625 ) ) ;
#2351 = VECTOR ( 'NONE', #714, 1000.000000000000000 ) ;
#2352 = STYLED_ITEM ( 'NONE', ( #124 ), #2253 ) ;
#2353 = CARTESIAN_POINT ( 'NONE',  ( 2.399065787306115194, 0.1500000000169863235, 1.000000000000000000 ) ) ;
#2354 = DIRECTION ( 'NONE',  ( -1.000000000000000000, -1.467161587773894943E-16, 0.000000000000000000 ) ) ;
#2355 = DIRECTION ( 'NONE',  ( 1.532441233204257924E-16, -1.000000000000000000, 0.000000000000000000 ) ) ;
#2356 = ADVANCED_FACE ( 'NONE', ( #2535 ), #941, .F. ) ;
#2357 = EDGE_LOOP ( 'NONE', ( #2422, #608, #967, #1603 ) ) ;
#2358 = PRESENTATION_STYLE_ASSIGNMENT (( #1183 ) ) ;
#2359 = AXIS2_PLACEMENT_3D ( 'NONE', #1223, #1931, #1947 ) ;
#2360 = CARTESIAN_POINT ( 'NONE',  ( -7.662206166281596461E-17, 0.5000000000169864123, 0.000000000000000000 ) ) ;
#2361 = EDGE_LOOP ( 'NONE', ( #1342, #2327, #305, #2510 ) ) ;
#2362 = VECTOR ( 'NONE', #2333, 1000.000000000000000 ) ;
#2363 = CARTESIAN_POINT ( 'NONE',  ( 2.958860127895577286, 2.301323375248488734, 1.005202399189855988 ) ) ;
#2364 = MECHANICAL_DESIGN_GEOMETRIC_PRESENTATION_REPRESENTATION (  '', ( #1879 ), #2514 ) ;
#2365 = DIRECTION ( 'NONE',  ( -1.532441233204257924E-16, 1.000000000000000000, -0.000000000000000000 ) ) ;
#2366 = CARTESIAN_POINT ( 'NONE',  ( 0.6449999999880847712, 1.100000000016986723, 8.948558832860419195E-12 ) ) ;
#2367 = DIRECTION ( 'NONE',  ( -1.000000000000000000, -1.532441233204257924E-16, 0.000000000000000000 ) ) ;
#2368 = EDGE_CURVE ( 'NONE', #293, #1831, #1825, .T. ) ;
#2369 = UNCERTAINTY_MEASURE_WITH_UNIT (LENGTH_MEASURE( 1.000000000000000082E-05 ), #773, 'distance_accuracy_value', 'NONE');
#2370 = CARTESIAN_POINT ( 'NONE',  ( 1.854999999988084847, 1.100000000016986723, 8.948484741729069290E-12 ) ) ;
#2371 = DIRECTION ( 'NONE',  ( -1.224646799147353207E-16, -1.876699251125017208E-32, 1.000000000000000000 ) ) ;
#2372 = ADVANCED_FACE ( 'NONE', ( #225 ), #1172, .T. ) ;
#2373 = EDGE_LOOP ( 'NONE', ( #435, #337, #940, #2771 ) ) ;
#2374 = DIRECTION ( 'NONE',  ( -1.532441233204257924E-16, 1.000000000000000000, -0.000000000000000000 ) ) ;
#2375 = SURFACE_STYLE_USAGE ( .BOTH. , #2641 ) ;
#2376 = DIRECTION ( 'NONE',  ( 1.532441233204257924E-16, -1.000000000000000000, 0.000000000000000000 ) ) ;
#2377 = EDGE_CURVE ( 'NONE', #2970, #123, #218, .T. ) ;
#2378 = FACE_OUTER_BOUND ( 'NONE', #1108, .T. ) ;
#2379 = AXIS2_PLACEMENT_3D ( 'NONE', #2703, #2021, #2245 ) ;
#2380 = STYLED_ITEM ( 'NONE', ( #1296 ), #843 ) ;
#2381 = FACE_OUTER_BOUND ( 'NONE', #1873, .T. ) ;
#2382 = SURFACE_STYLE_USAGE ( .BOTH. , #753 ) ;
#2383 = AXIS2_PLACEMENT_3D ( 'NONE', #1962, #816, #2907 ) ;
#2384 = CYLINDRICAL_SURFACE ( 'NONE', #2258, 1.000000000023102409 ) ;
#2385 = MECHANICAL_DESIGN_GEOMETRIC_PRESENTATION_REPRESENTATION (  '', ( #691 ), #2775 ) ;
#2386 = CARTESIAN_POINT ( 'NONE',  ( 1.249999999988084642, 0.5000000000169867453, -0.2499999999910526294 ) ) ;
#2387 = CARTESIAN_POINT ( 'NONE',  ( -1.049722244742313277E-15, 7.020000000000000462, 1.000000000000000000 ) ) ;
#2388 = DIRECTION ( 'NONE',  ( -1.224646799147353207E-16, -1.876699251125017208E-32, 1.000000000000000000 ) ) ;
#2389 = PRESENTATION_LAYER_ASSIGNMENT (  '', '', ( #691 ) ) ;
#2390 = VERTEX_POINT ( 'NONE', #2503 ) ;
#2391 = FILL_AREA_STYLE ('',( #2124 ) ) ;
#2392 = PRESENTATION_STYLE_ASSIGNMENT (( #2580 ) ) ;
#2393 = CARTESIAN_POINT ( 'NONE',  ( 3.062502682191482251, 2.487196443263153256, -1.005969514123673747 ) ) ;
#2394 = CARTESIAN_POINT ( 'NONE',  ( 3.090320009128491474, 6.520000000000000462, -1.006191950464396134 ) ) ;
#2395 = EDGE_CURVE ( 'NONE', #620, #1474, #2753, .T. ) ;
#2396 =( LENGTH_UNIT ( ) NAMED_UNIT ( * ) SI_UNIT ( .MILLI., .METRE. ) );
#2397 = SURFACE_STYLE_USAGE ( .BOTH. , #2416 ) ;
#2398 = PRESENTATION_STYLE_ASSIGNMENT (( #1482 ) ) ;
#2399 = CARTESIAN_POINT ( 'NONE',  ( -1.250000000000000000, 1.698619543633039797E-11, 0.000000000000000000 ) ) ;
#2400 = UNCERTAINTY_MEASURE_WITH_UNIT (LENGTH_MEASURE( 1.000000000000000082E-05 ), #2891, 'distance_accuracy_value', 'NONE');
#2401 = AXIS2_PLACEMENT_3D ( 'NONE', #1180, #1613, #441 ) ;
#2402 = CARTESIAN_POINT ( 'NONE',  ( 2.599137674610394022, 2.699137674597359648, 3.183025633754914871E-16 ) ) ;
#2403 = AXIS2_PLACEMENT_3D ( 'NONE', #1820, #689, #2517 ) ;
#2404 = EDGE_CURVE ( 'NONE', #1831, #2501, #785, .T. ) ;
#2405 = ORIENTED_EDGE ( 'NONE', *, *, #525, .F. ) ;
#2406 =( NAMED_UNIT ( * ) SI_UNIT ( $, .STERADIAN. ) SOLID_ANGLE_UNIT ( ) );
#2407 = ORIENTED_EDGE ( 'NONE', *, *, #1888, .F. ) ;
#2408 =( NAMED_UNIT ( * ) PLANE_ANGLE_UNIT ( ) SI_UNIT ( $, .RADIAN. ) );
#2409 = CYLINDRICAL_SURFACE ( 'NONE', #1972, 0.5999999999999998668 ) ;
#2410 = SURFACE_STYLE_USAGE ( .BOTH. , #297 ) ;
#2411 = STYLED_ITEM ( 'NONE', ( #1648 ), #333 ) ;
#2412 = EDGE_CURVE ( 'NONE', #1038, #851, #313, .T. ) ;
#2413 = CIRCLE ( 'NONE', #1725, 2.599137674657252983 ) ;
#2414 = LINE ( 'NONE', #1190, #458 ) ;
#2415 = AXIS2_PLACEMENT_3D ( 'NONE', #2607, #2419, #82 ) ;
#2416 = SURFACE_SIDE_STYLE ('',( #1902 ) ) ;
#2417 = CARTESIAN_POINT ( 'NONE',  ( 1.249999999988085086, -1.999999999983013144, 8.948484741729069290E-12 ) ) ;
#2418 = AXIS2_PLACEMENT_3D ( 'NONE', #1251, #746, #1222 ) ;
#2419 = DIRECTION ( 'NONE',  ( -1.532441233204258170E-16, 1.000000000000000000, -0.000000000000000000 ) ) ;
#2420 = STYLED_ITEM ( 'NONE', ( #1220 ), #2600 ) ;
#2421 = ORIENTED_EDGE ( 'NONE', *, *, #2745, .F. ) ;
#2422 = ORIENTED_EDGE ( 'NONE', *, *, #346, .T. ) ;
#2423 = ORIENTED_EDGE ( 'NONE', *, *, #1070, .F. ) ;
#2424 = EDGE_CURVE ( 'NONE', #466, #2540, #1060, .T. ) ;
#2425 = DIRECTION ( 'NONE',  ( 1.532441233204257924E-16, -1.000000000000000000, 0.000000000000000000 ) ) ;
#2426 = CARTESIAN_POINT ( 'NONE',  ( -3.532461510128060543E-12, 0.5000000000169864123, -4.129780285105910664E-12 ) ) ;
#2427 = DIRECTION ( 'NONE',  ( -1.000000000000000000, -1.532441233204257924E-16, 0.000000000000000000 ) ) ;
#2428 = CYLINDRICAL_SURFACE ( 'NONE', #1985, 0.3000000000231014541 ) ;
#2429 = AXIS2_PLACEMENT_3D ( 'NONE', #1833, #937, #1569 ) ;
#2430 = ADVANCED_FACE ( 'NONE', ( #2803 ), #2409, .T. ) ;
#2431 =( GEOMETRIC_REPRESENTATION_CONTEXT ( 3 ) GLOBAL_UNCERTAINTY_ASSIGNED_CONTEXT ( ( #2755 ) ) GLOBAL_UNIT_ASSIGNED_CONTEXT ( ( #2467, #2408, #589 ) ) REPRESENTATION_CONTEXT ( 'NONE', 'WORKASPACE' ) );
#2432 = FILL_AREA_STYLE ('',( #1498 ) ) ;
#2433 = UNCERTAINTY_MEASURE_WITH_UNIT (LENGTH_MEASURE( 1.000000000000000082E-05 ), #1920, 'distance_accuracy_value', 'NONE');
#2434 = VERTEX_POINT ( 'NONE', #2615 ) ;
#2435 = SURFACE_STYLE_FILL_AREA ( #1501 ) ;
#2436 = ADVANCED_FACE ( 'NONE', ( #2819 ), #2997, .T. ) ;
#2437 = ORIENTED_EDGE ( 'NONE', *, *, #152, .F. ) ;
#2438 = FACE_OUTER_BOUND ( 'NONE', #1322, .T. ) ;
#2439 = CIRCLE ( 'NONE', #2824, 0.5999999999999997558 ) ;
#2440 = CARTESIAN_POINT ( 'NONE',  ( 1.249999999988084642, 0.5000000000169867453, -0.2499999999910526294 ) ) ;
#2441 = CYLINDRICAL_SURFACE ( 'NONE', #1939, 0.5999999999999998668 ) ;
#2442 =( NAMED_UNIT ( * ) SI_UNIT ( $, .STERADIAN. ) SOLID_ANGLE_UNIT ( ) );
#2443 = PRESENTATION_LAYER_ASSIGNMENT (  '', '', ( #203 ) ) ;
#2444 = ORIENTED_EDGE ( 'NONE', *, *, #1225, .F. ) ;
#2445 = PRESENTATION_STYLE_ASSIGNMENT (( #776 ) ) ;
#2446 = ORIENTED_EDGE ( 'NONE', *, *, #1943, .F. ) ;
#2447 = COLOUR_RGB ( '',0.2509803921568627416, 0.2509803921568627416, 0.2509803921568627416 ) ;
#2448 = CARTESIAN_POINT ( 'NONE',  ( -1.249999999999999778, -1.999999999983013588, 0.000000000000000000 ) ) ;
#2449 = COLOUR_RGB ( '',0.7803921568627451011, 0.7607843137254901578, 0.7411764705882353255 ) ;
#2450 =( GEOMETRIC_REPRESENTATION_CONTEXT ( 3 ) GLOBAL_UNCERTAINTY_ASSIGNED_CONTEXT ( ( #1545 ) ) GLOBAL_UNIT_ASSIGNED_CONTEXT ( ( #1511, #2211, #905 ) ) REPRESENTATION_CONTEXT ( 'NONE', 'WORKASPACE' ) );
#2451 = LINE ( 'NONE', #605, #2463 ) ;
#2452 = SURFACE_STYLE_FILL_AREA ( #1290 ) ;
#2453 = CARTESIAN_POINT ( 'NONE',  ( 2.563861431261444057, 1.828996583918674368, -1.007176771230599011 ) ) ;
#2454 = ORIENTED_EDGE ( 'NONE', *, *, #943, .F. ) ;
#2455 = CARTESIAN_POINT ( 'NONE',  ( 0.6499999999880848867, 0.8500000000169867231, 8.948484741729069290E-12 ) ) ;
#2456 = DIRECTION ( 'NONE',  ( -1.532441233204257924E-16, 1.000000000000000000, -0.000000000000000000 ) ) ;
#2457 = STYLED_ITEM ( 'NONE', ( #2628 ), #471 ) ;
#2458 = EDGE_CURVE ( 'NONE', #206, #2662, #1632, .T. ) ;
#2459 = PRESENTATION_LAYER_ASSIGNMENT (  '', '', ( #1003 ) ) ;
#2460 = DIRECTION ( 'NONE',  ( -1.000000000000000000, -1.532441233191934930E-16, 0.000000000000000000 ) ) ;
#2461 = UNCERTAINTY_MEASURE_WITH_UNIT (LENGTH_MEASURE( 1.000000000000000082E-05 ), #2396, 'distance_accuracy_value', 'NONE');
#2462 = AXIS2_PLACEMENT_3D ( 'NONE', #1681, #957, #2644 ) ;
#2463 = VECTOR ( 'NONE', #1535, 1000.000000000000000 ) ;
#2464 =( LENGTH_UNIT ( ) NAMED_UNIT ( * ) SI_UNIT ( .MILLI., .METRE. ) );
#2465 = CYLINDRICAL_SURFACE ( 'NONE', #2247, 2.209999999999999964 ) ;
#2466 = ORIENTED_EDGE ( 'NONE', *, *, #1325, .F. ) ;
#2467 =( LENGTH_UNIT ( ) NAMED_UNIT ( * ) SI_UNIT ( .MILLI., .METRE. ) );
#2468 = CARTESIAN_POINT ( 'NONE',  ( -1.072708863242980596E-15, 7.000000000000000000, 0.000000000000000000 ) ) ;
#2469 = FACE_OUTER_BOUND ( 'NONE', #101, .T. ) ;
#2470 = CARTESIAN_POINT ( 'NONE',  ( 2.579177392692241888, 1.589642616821808963, -1.006991151902174808 ) ) ;
#2471 = MECHANICAL_DESIGN_GEOMETRIC_PRESENTATION_REPRESENTATION (  '', ( #3006 ), #2076 ) ;
#2472 = PRESENTATION_STYLE_ASSIGNMENT (( #1558 ) ) ;
#2473 = ORIENTED_EDGE ( 'NONE', *, *, #2267, .T. ) ;
#2474 = CYLINDRICAL_SURFACE ( 'NONE', #874, 2.200000000000000178 ) ;
#2475 = CYLINDRICAL_SURFACE ( 'NONE', #170, 2.000000000017663648 ) ;
#2476 = MECHANICAL_DESIGN_GEOMETRIC_PRESENTATION_REPRESENTATION (  '', ( #2085 ), #2960 ) ;
#2477 = SURFACE_STYLE_USAGE ( .BOTH. , #2268 ) ;
#2478 = DIRECTION ( 'NONE',  ( -1.532441233204257924E-16, 1.000000000000000000, -0.000000000000000000 ) ) ;
#2479 = MECHANICAL_DESIGN_GEOMETRIC_PRESENTATION_REPRESENTATION (  '', ( #827 ), #2231 ) ;
#2480 = VERTEX_POINT ( 'NONE', #105 ) ;
#2481 = CIRCLE ( 'NONE', #1609, 3.229999999999888072 ) ;
#2482 = CARTESIAN_POINT ( 'NONE',  ( 1.249999999988084864, 1.100000000016986723, 8.948484741729069290E-12 ) ) ;
#2483 = FILL_AREA_STYLE ('',( #1550 ) ) ;
#2484 = FILL_AREA_STYLE_COLOUR ( '', #1305 ) ;
#2485 = MECHANICAL_DESIGN_GEOMETRIC_PRESENTATION_REPRESENTATION (  '', ( #336 ), #2040 ) ;
#2486 = DIRECTION ( 'NONE',  ( -1.000000000000000000, -1.588574611672152064E-16, 0.000000000000000000 ) ) ;
#2487 = VERTEX_POINT ( 'NONE', #836 ) ;
#2488 = MECHANICAL_DESIGN_GEOMETRIC_PRESENTATION_REPRESENTATION (  '', ( #2092 ), #8 ) ;
#2489 = AXIS2_PLACEMENT_3D ( 'NONE', #1581, #1299, #2681 ) ;
#2490 = SURFACE_SIDE_STYLE ('',( #1759 ) ) ;
#2491 = DIRECTION ( 'NONE',  ( 1.000000000000000000, 0.000000000000000000, 0.000000000000000000 ) ) ;
#2492 = VERTEX_POINT ( 'NONE', #2440 ) ;
#2493 = CARTESIAN_POINT ( 'NONE',  ( -1.250000000000000222, 0.5000000000169863013, 0.000000000000000000 ) ) ;
#2494 = EDGE_CURVE ( 'NONE', #1052, #1094, #2220, .T. ) ;
#2495 = ADVANCED_FACE ( 'NONE', ( #343 ), #2920, .F. ) ;
#2496 = FILL_AREA_STYLE_COLOUR ( '', #2941 ) ;
#2497 = FILL_AREA_STYLE ('',( #2962 ) ) ;
#2498 = ORIENTED_EDGE ( 'NONE', *, *, #1403, .T. ) ;
#2499 = CARTESIAN_POINT ( 'NONE',  ( -1.249999999999999778, -1.999999999983013588, 0.000000000000000000 ) ) ;
#2500 = CARTESIAN_POINT ( 'NONE',  ( 2.473146433949743983, 0.1500000000169861569, 1.000812099371500841 ) ) ;
#2501 = VERTEX_POINT ( 'NONE', #2234 ) ;
#2502 = STYLED_ITEM ( 'NONE', ( #2729 ), #2127 ) ;
#2503 = CARTESIAN_POINT ( 'NONE',  ( 2.792270903850011976, 1.337640652731401758, 1.003826515171031497 ) ) ;
#2504 = FILL_AREA_STYLE_COLOUR ( '', #744 ) ;
#2505 = EDGE_CURVE ( 'NONE', #2709, #2764, #366, .T. ) ;
#2506 = PRESENTATION_STYLE_ASSIGNMENT (( #1574 ) ) ;
#2507 = FACE_BOUND ( 'NONE', #699, .T. ) ;
#2508 = AXIS2_PLACEMENT_3D ( 'NONE', #199, #2316, #1809 ) ;
#2509 = CIRCLE ( 'NONE', #810, 0.2500000000000002220 ) ;
#2510 = ORIENTED_EDGE ( 'NONE', *, *, #1513, .F. ) ;
#2511 = CARTESIAN_POINT ( 'NONE',  ( 2.561737691489778257, 7.020000000000000462, -1.000000000000000000 ) ) ;
#2512 = ORIENTED_EDGE ( 'NONE', *, *, #1736, .T. ) ;
#2513 = FILL_AREA_STYLE ('',( #1132 ) ) ;
#2514 =( GEOMETRIC_REPRESENTATION_CONTEXT ( 3 ) GLOBAL_UNCERTAINTY_ASSIGNED_CONTEXT ( ( #1578 ) ) GLOBAL_UNIT_ASSIGNED_CONTEXT ( ( #2758, #673, #953 ) ) REPRESENTATION_CONTEXT ( 'NONE', 'WORKASPACE' ) );
#2515 = ORIENTED_EDGE ( 'NONE', *, *, #2525, .F. ) ;
#2516 = FACE_OUTER_BOUND ( 'NONE', #1814, .T. ) ;
#2517 = DIRECTION ( 'NONE',  ( 1.000000000000000000, 0.000000000000000000, 0.000000000000000000 ) ) ;
#2518 = UNCERTAINTY_MEASURE_WITH_UNIT (LENGTH_MEASURE( 1.000000000000000082E-05 ), #1396, 'distance_accuracy_value', 'NONE');
#2519 = EDGE_CURVE ( 'NONE', #2017, #1052, #2451, .T. ) ;
#2520 = LINE ( 'NONE', #434, #627 ) ;
#2521 = VERTEX_POINT ( 'NONE', #2224 ) ;
#2522 = ORIENTED_EDGE ( 'NONE', *, *, #251, .F. ) ;
#2523 = FACE_OUTER_BOUND ( 'NONE', #1040, .T. ) ;
#2524 = CARTESIAN_POINT ( 'NONE',  ( 0.3839745962000000734, 5.884185037198349970E-17, -0.5000000000000000000 ) ) ;
#2525 = EDGE_CURVE ( 'NONE', #397, #2080, #612, .T. ) ;
#2526 = DIRECTION ( 'NONE',  ( -1.000000000000000000, -1.532441233204257924E-16, 0.000000000000000000 ) ) ;
#2527 = ORIENTED_EDGE ( 'NONE', *, *, #615, .F. ) ;
#2528 = ORIENTED_EDGE ( 'NONE', *, *, #1082, .T. ) ;
#2529 = AXIS2_PLACEMENT_3D ( 'NONE', #1013, #2376, #2834 ) ;
#2530 = COLOUR_RGB ( '',0.7803921568627451011, 0.7607843137254901578, 0.7411764705882353255 ) ;
#2531 = DIRECTION ( 'NONE',  ( -1.532441233204257924E-16, 1.000000000000000000, -0.000000000000000000 ) ) ;
#2532 = PRESENTATION_LAYER_ASSIGNMENT (  '', '', ( #1936 ) ) ;
#2533 = CARTESIAN_POINT ( 'NONE',  ( -0.3839745962000000734, -5.884185037198349970E-17, 0.5000000000000000000 ) ) ;
#2534 = ORIENTED_EDGE ( 'NONE', *, *, #1611, .T. ) ;
#2535 = FACE_OUTER_BOUND ( 'NONE', #145, .T. ) ;
#2536 = DIRECTION ( 'NONE',  ( -1.000000000000000000, 0.000000000000000000, 0.000000000000000000 ) ) ;
#2537 =( LENGTH_UNIT ( ) NAMED_UNIT ( * ) SI_UNIT ( .MILLI., .METRE. ) );
#2538 = CARTESIAN_POINT ( 'NONE',  ( -1.060449333377346473E-15, 6.919999999999999929, 0.000000000000000000 ) ) ;
#2539 = SURFACE_STYLE_FILL_AREA ( #665 ) ;
#2540 = VERTEX_POINT ( 'NONE', #1975 ) ;
#2541 = CARTESIAN_POINT ( 'NONE',  ( 1.249999999988085086, -1.999999999983013144, 8.948484741729069290E-12 ) ) ;
#2542 = EDGE_CURVE ( 'NONE', #2184, #1056, #1642, .T. ) ;
#2543 = ORIENTED_EDGE ( 'NONE', *, *, #1959, .F. ) ;
#2544 = SURFACE_STYLE_FILL_AREA ( #4 ) ;
#2545 = UNCERTAINTY_MEASURE_WITH_UNIT (LENGTH_MEASURE( 1.000000000000000082E-05 ), #508, 'distance_accuracy_value', 'NONE');
#2546 = VERTEX_POINT ( 'NONE', #590 ) ;
#2547 =( NAMED_UNIT ( * ) SI_UNIT ( $, .STERADIAN. ) SOLID_ANGLE_UNIT ( ) );
#2548 = DIRECTION ( 'NONE',  ( 1.532441233204257924E-16, -1.000000000000000000, 0.000000000000000000 ) ) ;
#2549 = DIRECTION ( 'NONE',  ( 0.000000000000000000, 1.000000000000000000, 0.000000000000000000 ) ) ;
#2550 = STYLED_ITEM ( 'NONE', ( #2572 ), #2141 ) ;
#2551 = ADVANCED_FACE ( 'NONE', ( #2702 ), #1494, .T. ) ;
#2552 = AXIS2_PLACEMENT_3D ( 'NONE', #1176, #2089, #1859 ) ;
#2553 = CARTESIAN_POINT ( 'NONE',  ( -0.3839745962000001289, 0.2999999999999999334, 0.5000000000000000000 ) ) ;
#2554 = CARTESIAN_POINT ( 'NONE',  ( 2.749999999999887201, 6.519999999999999574, 3.367778697655083947E-16 ) ) ;
#2555 = ADVANCED_FACE ( 'NONE', ( #1118 ), #2563, .T. ) ;
#2556 = PRESENTATION_STYLE_ASSIGNMENT (( #1164 ) ) ;
#2557 = CIRCLE ( 'NONE', #509, 2.209999999999999964 ) ;
#2558 = AXIS2_PLACEMENT_3D ( 'NONE', #2780, #1885, #59 ) ;
#2559 = SURFACE_STYLE_FILL_AREA ( #1769 ) ;
#2560 = DIRECTION ( 'NONE',  ( -1.532441233204257924E-16, 1.000000000000000000, 0.000000000000000000 ) ) ;
#2561 = AXIS2_PLACEMENT_3D ( 'NONE', #1416, #1189, #2629 ) ;
#2562 = VERTEX_POINT ( 'NONE', #431 ) ;
#2563 = CYLINDRICAL_SURFACE ( 'NONE', #2699, 3.229999999999888072 ) ;
#2564 = B_SPLINE_CURVE_WITH_KNOTS ( 'NONE', 3,
 ( #914, #1407, #2336, #245, #1191, #1582, #2107, #2749, #25, #962, #2044, #2269, #1812 ),
 .UNSPECIFIED., .F., .F.,
 ( 4, 2, 2, 1, 2, 2, 4 ),
 ( 0.4999389647717735752, 0.7499694823858936710, 0.7655963897367762394, 0.7812232970876588078, 0.8124771117894218353, 0.8749847411929482233, 1.000000000000000000 ),
 .UNSPECIFIED. ) ;
#2565 = CARTESIAN_POINT ( 'NONE',  ( -9.731001830821004050E-16, 6.519999999999999574, 0.000000000000000000 ) ) ;
#2566 =( GEOMETRIC_REPRESENTATION_CONTEXT ( 3 ) GLOBAL_UNCERTAINTY_ASSIGNED_CONTEXT ( ( #1129 ) ) GLOBAL_UNIT_ASSIGNED_CONTEXT ( ( #180, #707, #2547 ) ) REPRESENTATION_CONTEXT ( 'NONE', 'WORKASPACE' ) );
#2567 = ORIENTED_EDGE ( 'NONE', *, *, #798, .F. ) ;
#2568 = ORIENTED_EDGE ( 'NONE', *, *, #2704, .T. ) ;
#2569 = CARTESIAN_POINT ( 'NONE',  ( 1.925929944387235853E-31, 0.1700000000169859804, 0.000000000000000000 ) ) ;
#2570 = ADVANCED_FACE ( 'NONE', ( #2516 ), #463, .T. ) ;
#2571 = SURFACE_STYLE_USAGE ( .BOTH. , #2790 ) ;
#2572 = PRESENTATION_STYLE_ASSIGNMENT (( #457 ) ) ;
#2573 = CARTESIAN_POINT ( 'NONE',  ( -1.060449333377346473E-15, 6.919999999999999929, 0.000000000000000000 ) ) ;
#2574 = ORIENTED_EDGE ( 'NONE', *, *, #1565, .T. ) ;
#2575 = CARTESIAN_POINT ( 'NONE',  ( 1.249999999988084642, 0.5000000000169867453, 8.948484741729069290E-12 ) ) ;
#2576 = DIRECTION ( 'NONE',  ( 1.000000000000000000, 1.478457507934778639E-16, 0.000000000000000000 ) ) ;
#2577 =( GEOMETRIC_REPRESENTATION_CONTEXT ( 3 ) GLOBAL_UNCERTAINTY_ASSIGNED_CONTEXT ( ( #1242 ) ) GLOBAL_UNIT_ASSIGNED_CONTEXT ( ( #136, #1083, #1779 ) ) REPRESENTATION_CONTEXT ( 'NONE', 'WORKASPACE' ) );
#2578 = VERTEX_POINT ( 'NONE', #177 ) ;
#2579 =( GEOMETRIC_REPRESENTATION_CONTEXT ( 3 ) GLOBAL_UNCERTAINTY_ASSIGNED_CONTEXT ( ( #2400 ) ) GLOBAL_UNIT_ASSIGNED_CONTEXT ( ( #2891, #1744, #1105 ) ) REPRESENTATION_CONTEXT ( 'NONE', 'WORKASPACE' ) );
#2580 = SURFACE_STYLE_USAGE ( .BOTH. , #1651 ) ;
#2581 = CARTESIAN_POINT ( 'NONE',  ( -1.250000000000000222, 0.8500000000169878334, 0.000000000000000000 ) ) ;
#2582 = CARTESIAN_POINT ( 'NONE',  ( -1.049722244742313277E-15, 7.020000000000000462, 0.000000000000000000 ) ) ;
#2583 = SURFACE_STYLE_USAGE ( .BOTH. , #958 ) ;
#2584 = EDGE_CURVE ( 'NONE', #2390, #1317, #1053, .T. ) ;
#2585 = STYLED_ITEM ( 'NONE', ( #1680 ), #2647 ) ;
#2586 = CARTESIAN_POINT ( 'NONE',  ( -0.3839745961999997959, -5.884185037198346272E-17, 0.4999999999999996669 ) ) ;
#2587 = PRESENTATION_LAYER_ASSIGNMENT (  '', '', ( #487 ) ) ;
#2588 = SURFACE_SIDE_STYLE ('',( #1455 ) ) ;
#2589 = AXIS2_PLACEMENT_3D ( 'NONE', #1330, #849, #129 ) ;
#2590 = DIRECTION ( 'NONE',  ( -1.000000000000000000, 0.000000000000000000, 0.000000000000000000 ) ) ;
#2591 = ORIENTED_EDGE ( 'NONE', *, *, #1867, .T. ) ;
#2592 = CYLINDRICAL_SURFACE ( 'NONE', #879, 3.249999999999888090 ) ;
#2593 = SURFACE_STYLE_FILL_AREA ( #61 ) ;
#2594 = VERTEX_POINT ( 'NONE', #2637 ) ;
#2595 = CARTESIAN_POINT ( 'NONE',  ( 2.792270903850726071, 2.162359347284128930, 1.003826515171268419 ) ) ;
#2596 =( LENGTH_UNIT ( ) NAMED_UNIT ( * ) SI_UNIT ( .MILLI., .METRE. ) );
#2597 = AXIS2_PLACEMENT_3D ( 'NONE', #2313, #1173, #656 ) ;
#2598 = FILL_AREA_STYLE_COLOUR ( '', #1919 ) ;
#2599 = CIRCLE ( 'NONE', #2103, 3.229999999999888072 ) ;
#2600 = ADVANCED_FACE ( 'NONE', ( #1410 ), #2592, .T. ) ;
#2601 = FILL_AREA_STYLE_COLOUR ( '', #144 ) ;
#2602 =( NAMED_UNIT ( * ) SI_UNIT ( $, .STERADIAN. ) SOLID_ANGLE_UNIT ( ) );
#2603 = LINE ( 'NONE', #2366, #1787 ) ;
#2604 =( GEOMETRIC_REPRESENTATION_CONTEXT ( 3 ) GLOBAL_UNCERTAINTY_ASSIGNED_CONTEXT ( ( #1938 ) ) GLOBAL_UNIT_ASSIGNED_CONTEXT ( ( #2065, #1800, #190 ) ) REPRESENTATION_CONTEXT ( 'NONE', 'WORKASPACE' ) );
#2605 = COLOUR_RGB ( '',0.000000000000000000, 0.5019607843137254832, 0.5019607843137254832 ) ;
#2606 = DIRECTION ( 'NONE',  ( -1.532441233204257924E-16, 1.000000000000000000, -0.000000000000000000 ) ) ;
#2607 = CARTESIAN_POINT ( 'NONE',  ( -1.105000000002576810, 1.698619543633039797E-11, 1.291888153077042745 ) ) ;
#2608 = DIRECTION ( 'NONE',  ( -1.532441233204257924E-16, 1.000000000000000000, -0.000000000000000000 ) ) ;
#2609 = DIRECTION ( 'NONE',  ( 1.000000000000000000, 1.532441233199774975E-16, 0.000000000000000000 ) ) ;
#2610 = ORIENTED_EDGE ( 'NONE', *, *, #1103, .F. ) ;
#2611 = DIRECTION ( 'NONE',  ( -1.532441233204257924E-16, 1.000000000000000000, -0.000000000000000000 ) ) ;
#2612 = AXIS2_PLACEMENT_3D ( 'NONE', #2573, #2560, #2590 ) ;
#2613 =( NAMED_UNIT ( * ) PLANE_ANGLE_UNIT ( ) SI_UNIT ( $, .RADIAN. ) );
#2614 = VECTOR ( 'NONE', #1141, 1000.000000000000000 ) ;
#2615 = CARTESIAN_POINT ( 'NONE',  ( 1.959591794226542616, 0.1500000000169867120, 1.000000000000000000 ) ) ;
#2616 = DIRECTION ( 'NONE',  ( 0.000000000000000000, -0.000000000000000000, -1.000000000000000000 ) ) ;
#2617 = LINE ( 'NONE', #2643, #2673 ) ;
#2618 = SURFACE_STYLE_USAGE ( .BOTH. , #1213 ) ;
#2619 = FILL_AREA_STYLE_COLOUR ( '', #2530 ) ;
#2620 = CARTESIAN_POINT ( 'NONE',  ( -1.500000000000000000, -1.999999999983013588, 0.000000000000000000 ) ) ;
#2621 = CARTESIAN_POINT ( 'NONE',  ( 1.249999999988084642, 1.100000000016986723, 8.948484741729069290E-12 ) ) ;
#2622 = UNCERTAINTY_MEASURE_WITH_UNIT (LENGTH_MEASURE( 1.000000000000000082E-05 ), #670, 'distance_accuracy_value', 'NONE');
#2623 = CARTESIAN_POINT ( 'NONE',  ( 0.2499999999418809071, 1.698647587307606491E-11, 8.948484741729069290E-12 ) ) ;
#2624 = COLOUR_RGB ( '',0.000000000000000000, 0.5019607843137254832, 0.5019607843137254832 ) ;
#2625 = ORIENTED_EDGE ( 'NONE', *, *, #574, .F. ) ;
#2626 = ADVANCED_FACE ( 'NONE', ( #1231 ), #2830, .T. ) ;
#2627 =( NAMED_UNIT ( * ) SI_UNIT ( $, .STERADIAN. ) SOLID_ANGLE_UNIT ( ) );
#2628 = PRESENTATION_STYLE_ASSIGNMENT (( #2410 ) ) ;
#2629 = DIRECTION ( 'NONE',  ( 1.000000000000000000, 0.000000000000000000, 0.000000000000000000 ) ) ;
#2630 = MECHANICAL_DESIGN_GEOMETRIC_PRESENTATION_REPRESENTATION (  '', ( #279 ), #1355 ) ;
#2631 = FILL_AREA_STYLE ('',( #2121 ) ) ;
#2632 =( NAMED_UNIT ( * ) SI_UNIT ( $, .STERADIAN. ) SOLID_ANGLE_UNIT ( ) );
#2633 = MECHANICAL_DESIGN_GEOMETRIC_PRESENTATION_REPRESENTATION (  '', ( #487 ), #1561 ) ;
#2634 = CIRCLE ( 'NONE', #938, 0.5999999999999996447 ) ;
#2635 = ADVANCED_FACE ( 'NONE', ( #981 ), #2968, .F. ) ;
#2636 = VERTEX_POINT ( 'NONE', #743 ) ;
#2637 = CARTESIAN_POINT ( 'NONE',  ( 1.959591794226542616, 0.1500000000169867120, -1.000000000000000000 ) ) ;
#2638 = ORIENTED_EDGE ( 'NONE', *, *, #2974, .T. ) ;
#2639 = EDGE_CURVE ( 'NONE', #2329, #2937, #2130, .T. ) ;
#2640 = LINE ( 'NONE', #2172, #1551 ) ;
#2641 = SURFACE_SIDE_STYLE ('',( #1690 ) ) ;
#2642 = FILL_AREA_STYLE ('',( #1707 ) ) ;
#2643 = CARTESIAN_POINT ( 'NONE',  ( -0.3839745961999998514, 0.2999999999999999334, 0.4999999999999996669 ) ) ;
#2644 = DIRECTION ( 'NONE',  ( -1.000000000000000000, -1.532441233204257924E-16, 0.000000000000000000 ) ) ;
#2645 = SURFACE_STYLE_FILL_AREA ( #2792 ) ;
#2646 = SHAPE_DEFINITION_REPRESENTATION ( #839, #273 ) ;
#2647 = ADVANCED_FACE ( 'NONE', ( #2381 ), #2856, .F. ) ;
#2648 = VECTOR ( 'NONE', #1971, 1000.000000000000000 ) ;
#2649 = VERTEX_POINT ( 'NONE', #316 ) ;
#2650 = ORIENTED_EDGE ( 'NONE', *, *, #1249, .F. ) ;
#2651 = DIRECTION ( 'NONE',  ( 1.000000000000000000, 1.084202172435410041E-16, 0.000000000000000000 ) ) ;
#2652 = CARTESIAN_POINT ( 'NONE',  ( 2.958860127895582171, 2.301323375248493175, -1.005202399189850881 ) ) ;
#2653 = PRESENTATION_LAYER_ASSIGNMENT (  '', '', ( #307 ) ) ;
#2654 = AXIS2_PLACEMENT_3D ( 'NONE', #1548, #1362, #204 ) ;
#2655 = CARTESIAN_POINT ( 'NONE',  ( 2.792270903850726516, 2.162359347284128930, -1.003826515171267753 ) ) ;
#2656 =( NAMED_UNIT ( * ) SI_UNIT ( $, .STERADIAN. ) SOLID_ANGLE_UNIT ( ) );
#2657 = VECTOR ( 'NONE', #2240, 1000.000000000000000 ) ;
#2658 = DIRECTION ( 'NONE',  ( -1.532441233204257924E-16, 1.000000000000000000, -0.000000000000000000 ) ) ;
#2659 = PRESENTATION_STYLE_ASSIGNMENT (( #1084 ) ) ;
#2660 = ORIENTED_EDGE ( 'NONE', *, *, #2267, .F. ) ;
#2661 = DIRECTION ( 'NONE',  ( -1.000000000000000000, -1.532441233204257924E-16, 0.000000000000000000 ) ) ;
#2662 = VERTEX_POINT ( 'NONE', #1015 ) ;
#2663 = SURFACE_STYLE_USAGE ( .BOTH. , #547 ) ;
#2664 = CARTESIAN_POINT ( 'NONE',  ( 2.604750876612768273, 1.952158053988755970, -1.006580220146045423 ) ) ;
#2665 = VERTEX_POINT ( 'NONE', #1468 ) ;
#2666 = DIRECTION ( 'NONE',  ( 1.000000000000000000, 1.532441233191934930E-16, 0.000000000000000000 ) ) ;
#2667 = COLOUR_RGB ( '',0.000000000000000000, 0.5019607843137254832, 0.5019607843137254832 ) ;
#2668 = CIRCLE ( 'NONE', #1841, 1.000000000023102409 ) ;
#2669 = AXIS2_PLACEMENT_3D ( 'NONE', #1676, #2374, #532 ) ;
#2670 = EDGE_CURVE ( 'NONE', #1616, #1130, #2439, .T. ) ;
#2671 = ORIENTED_EDGE ( 'NONE', *, *, #2404, .T. ) ;
#2672 = ORIENTED_EDGE ( 'NONE', *, *, #1363, .T. ) ;
#2673 = VECTOR ( 'NONE', #38, 1000.000000000000000 ) ;
#2674 = CARTESIAN_POINT ( 'NONE',  ( 2.558864787462233004, 1.672099221354438559, -1.007328645346064144 ) ) ;
#2675 = VERTEX_POINT ( 'NONE', #2348 ) ;
#2676 =( LENGTH_UNIT ( ) NAMED_UNIT ( * ) SI_UNIT ( .MILLI., .METRE. ) );
#2677 = FILL_AREA_STYLE_COLOUR ( '', #252 ) ;
#2678 = EDGE_CURVE ( 'NONE', #2662, #1898, #1945, .T. ) ;
#2679 = SURFACE_SIDE_STYLE ('',( #1066 ) ) ;
#2680 = ORIENTED_EDGE ( 'NONE', *, *, #1888, .T. ) ;
#2681 = DIRECTION ( 'NONE',  ( 1.000000000000000000, 1.532441233204257924E-16, 0.000000000000000000 ) ) ;
#2682 = LINE ( 'NONE', #1115, #1373 ) ;
#2683 = AXIS2_PLACEMENT_3D ( 'NONE', #1797, #2478, #646 ) ;
#2684 = CARTESIAN_POINT ( 'NONE',  ( 2.599137674657252983, 0.1700000000169863967, 3.401490301632395219E-16 ) ) ;
#2685 = AXIS2_PLACEMENT_3D ( 'NONE', #1870, #2800, #1644 ) ;
#2686 = PRESENTATION_LAYER_ASSIGNMENT (  '', '', ( #2352 ) ) ;
#2687 =( NAMED_UNIT ( * ) SI_UNIT ( $, .STERADIAN. ) SOLID_ANGLE_UNIT ( ) );
#2688 =( NAMED_UNIT ( * ) PLANE_ANGLE_UNIT ( ) SI_UNIT ( $, .RADIAN. ) );
#2689 =( LENGTH_UNIT ( ) NAMED_UNIT ( * ) SI_UNIT ( .MILLI., .METRE. ) );
#2690 = DIRECTION ( 'NONE',  ( 0.000000000000000000, 1.000000000000000000, 0.000000000000000000 ) ) ;
#2691 = CARTESIAN_POINT ( 'NONE',  ( 2.200000000000000178, 0.5000000000169867453, 0.000000000000000000 ) ) ;
#2692 = SURFACE_STYLE_USAGE ( .BOTH. , #1311 ) ;
#2693 = AXIS2_PLACEMENT_3D ( 'NONE', #728, #715, #1167 ) ;
#2694 = STYLED_ITEM ( 'NONE', ( #625 ), #1638 ) ;
#2695 = PRESENTATION_STYLE_ASSIGNMENT (( #1781 ) ) ;
#2696 = UNCERTAINTY_MEASURE_WITH_UNIT (LENGTH_MEASURE( 1.000000000000000082E-05 ), #1927, 'distance_accuracy_value', 'NONE');
#2697 = LINE ( 'NONE', #1100, #2337 ) ;
#2698 = FILL_AREA_STYLE ('',( #1531 ) ) ;
#2699 = AXIS2_PLACEMENT_3D ( 'NONE', #2047, #2531, #445 ) ;
#2700 = EDGE_LOOP ( 'NONE', ( #2070, #2527 ) ) ;
#2701 = DIRECTION ( 'NONE',  ( 1.532441233204257924E-16, -1.000000000000000000, 0.000000000000000000 ) ) ;
#2702 = FACE_OUTER_BOUND ( 'NONE', #2222, .T. ) ;
#2703 = CARTESIAN_POINT ( 'NONE',  ( 1.249999999988084642, 0.8500000000169867231, 8.948484741729069290E-12 ) ) ;
#2704 = EDGE_CURVE ( 'NONE', #2707, #2984, #2617, .T. ) ;
#2705 = EDGE_CURVE ( 'NONE', #731, #250, #1238, .T. ) ;
#2706 = DIRECTION ( 'NONE',  ( -1.000000000000000000, -1.807003620809174385E-16, 0.000000000000000000 ) ) ;
#2707 = VERTEX_POINT ( 'NONE', #93 ) ;
#2708 = CARTESIAN_POINT ( 'NONE',  ( -1.250000000000000222, 0.8500000000169878334, 0.000000000000000000 ) ) ;
#2709 = VERTEX_POINT ( 'NONE', #521 ) ;
#2710 = AXIS2_PLACEMENT_3D ( 'NONE', #1918, #1239, #1480 ) ;
#2711 =( NAMED_UNIT ( * ) PLANE_ANGLE_UNIT ( ) SI_UNIT ( $, .RADIAN. ) );
#2712 = TOROIDAL_SURFACE ( 'NONE', #2429, 3.250000000048112181, 0.5199999999996141042 ) ;
#2713 = ORIENTED_EDGE ( 'NONE', *, *, #551, .F. ) ;
#2714 = STYLED_ITEM ( 'NONE', ( #1366 ), #1074 ) ;
#2715 = DIRECTION ( 'NONE',  ( -1.532441233204257924E-16, 1.000000000000000000, 0.000000000000000000 ) ) ;
#2716 = EDGE_CURVE ( 'NONE', #2339, #324, #287, .T. ) ;
#2717 =( NAMED_UNIT ( * ) SI_UNIT ( $, .STERADIAN. ) SOLID_ANGLE_UNIT ( ) );
#2718 = ADVANCED_FACE ( 'NONE', ( #1695 ), #631, .F. ) ;
#2719 = UNCERTAINTY_MEASURE_WITH_UNIT (LENGTH_MEASURE( 1.000000000000000082E-05 ), #2676, 'distance_accuracy_value', 'NONE');
#2720 =( GEOMETRIC_REPRESENTATION_CONTEXT ( 3 ) GLOBAL_UNCERTAINTY_ASSIGNED_CONTEXT ( ( #2976 ) ) GLOBAL_UNIT_ASSIGNED_CONTEXT ( ( #1282, #1245, #1729 ) ) REPRESENTATION_CONTEXT ( 'NONE', 'WORKASPACE' ) );
#2721 = CARTESIAN_POINT ( 'NONE',  ( -2.210000000000000853, 6.919999999999999929, 0.000000000000000000 ) ) ;
#2722 = AXIS2_PLACEMENT_3D ( 'NONE', #2417, #989, #1903 ) ;
#2723 = MECHANICAL_DESIGN_GEOMETRIC_PRESENTATION_REPRESENTATION (  '', ( #2880 ), #2189 ) ;
#2724 = CARTESIAN_POINT ( 'NONE',  ( 1.104999999984983550, 1.698662911719939217E-11, -1.291888153090703373 ) ) ;
#2725 = EDGE_LOOP ( 'NONE', ( #72, #729, #922, #2908 ) ) ;
#2726 = FACE_OUTER_BOUND ( 'NONE', #179, .T. ) ;
#2727 =( NAMED_UNIT ( * ) PLANE_ANGLE_UNIT ( ) SI_UNIT ( $, .RADIAN. ) );
#2728 = UNCERTAINTY_MEASURE_WITH_UNIT (LENGTH_MEASURE( 1.000000000000000082E-05 ), #1302, 'distance_accuracy_value', 'NONE');
#2729 = PRESENTATION_STYLE_ASSIGNMENT (( #878 ) ) ;
#2730 = EDGE_CURVE ( 'NONE', #1171, #687, #538, .T. ) ;
#2731 = ORIENTED_EDGE ( 'NONE', *, *, #885, .T. ) ;
#2732 = DIRECTION ( 'NONE',  ( 1.000000000000000000, 1.532441233204257924E-16, 0.000000000000000000 ) ) ;
#2733 = ORIENTED_EDGE ( 'NONE', *, *, #2137, .T. ) ;
#2734 = SURFACE_SIDE_STYLE ('',( #1832 ) ) ;
#2735 = AXIS2_PLACEMENT_3D ( 'NONE', #1087, #2242, #2000 ) ;
#2736 = FILL_AREA_STYLE ('',( #222 ) ) ;
#2737 = CARTESIAN_POINT ( 'NONE',  ( 2.751455119197070420, 1.363847460486807384, -1.004395123112822086 ) ) ;
#2738 = ORIENTED_EDGE ( 'NONE', *, *, #2404, .F. ) ;
#2739 = TOROIDAL_SURFACE ( 'NONE', #897, 2.599137674657252983, 0.6308623253800216268 ) ;
#2740 = FILL_AREA_STYLE ('',( #2279 ) ) ;
#2741 = CARTESIAN_POINT ( 'NONE',  ( -0.9999999999999995559, -1.999999999983013588, 3.061616997868387332E-17 ) ) ;
#2742 =( NAMED_UNIT ( * ) PLANE_ANGLE_UNIT ( ) SI_UNIT ( $, .RADIAN. ) );
#2743 = SURFACE_STYLE_USAGE ( .BOTH. , #410 ) ;
#2744 = SURFACE_STYLE_USAGE ( .BOTH. , #1881 ) ;
#2745 = EDGE_CURVE ( 'NONE', #466, #2865, #934, .T. ) ;
#2746 = MECHANICAL_DESIGN_GEOMETRIC_PRESENTATION_REPRESENTATION (  '', ( #1441 ), #1200 ) ;
#2747 = COLOUR_RGB ( '',0.7921568627450980005, 0.8196078431372548767, 0.9333333333333333481 ) ;
#2748 = FILL_AREA_STYLE ('',( #2917 ) ) ;
#2749 = CARTESIAN_POINT ( 'NONE',  ( 2.646275889922521163, 2.023008182967980240, 1.005912046224952228 ) ) ;
#2750 = ORIENTED_EDGE ( 'NONE', *, *, #321, .F. ) ;
#2751 = VERTEX_POINT ( 'NONE', #1740 ) ;
#2752 = CARTESIAN_POINT ( 'NONE',  ( -1.104999999951943979, 1.698619543633039797E-11, -1.291888153094606473 ) ) ;
#2753 = CIRCLE ( 'NONE', #33, 0.6050000000000000933 ) ;
#2754 = ORIENTED_EDGE ( 'NONE', *, *, #2090, .T. ) ;
#2755 = UNCERTAINTY_MEASURE_WITH_UNIT (LENGTH_MEASURE( 1.000000000000000082E-05 ), #2467, 'distance_accuracy_value', 'NONE');
#2756 = CARTESIAN_POINT ( 'NONE',  ( -4.336808689942017736E-16, 1.750000000007506884, 0.000000000000000000 ) ) ;
#2757 = ORIENTED_EDGE ( 'NONE', *, *, #2716, .T. ) ;
#2758 =( LENGTH_UNIT ( ) NAMED_UNIT ( * ) SI_UNIT ( .MILLI., .METRE. ) );
#2759 = EDGE_LOOP ( 'NONE', ( #2255, #2077, #935, #1298, #1852 ) ) ;
#2760 = DIRECTION ( 'NONE',  ( -1.000000000000000000, -1.564271945446980294E-16, 0.000000000000000000 ) ) ;
#2761 =( LENGTH_UNIT ( ) NAMED_UNIT ( * ) SI_UNIT ( .MILLI., .METRE. ) );
#2762 = CARTESIAN_POINT ( 'NONE',  ( 1.299999999984964516, 1.698662911719939217E-11, -1.519868415394278971 ) ) ;
#2763 = CARTESIAN_POINT ( 'NONE',  ( -1.105000000002576810, 1.698619543633039797E-11, 1.291888153077042745 ) ) ;
#2764 = VERTEX_POINT ( 'NONE', #2901 ) ;
#2765 = ORIENTED_EDGE ( 'NONE', *, *, #1032, .T. ) ;
#2766 = STYLED_ITEM ( 'NONE', ( #328 ), #528 ) ;
#2767 =( GEOMETRIC_REPRESENTATION_CONTEXT ( 3 ) GLOBAL_UNCERTAINTY_ASSIGNED_CONTEXT ( ( #2860 ) ) GLOBAL_UNIT_ASSIGNED_CONTEXT ( ( #2939, #842, #168 ) ) REPRESENTATION_CONTEXT ( 'NONE', 'WORKASPACE' ) );
#2768 =( GEOMETRIC_REPRESENTATION_CONTEXT ( 3 ) GLOBAL_UNCERTAINTY_ASSIGNED_CONTEXT ( ( #902 ) ) GLOBAL_UNIT_ASSIGNED_CONTEXT ( ( #2689, #1046, #374 ) ) REPRESENTATION_CONTEXT ( 'NONE', 'WORKASPACE' ) );
#2769 = DIRECTION ( 'NONE',  ( -1.000000000000000000, -1.532441233204257677E-16, 0.000000000000000000 ) ) ;
#2770 = DIRECTION ( 'NONE',  ( -1.532441233204257924E-16, 1.000000000000000000, -0.000000000000000000 ) ) ;
#2771 = ORIENTED_EDGE ( 'NONE', *, *, #1943, .T. ) ;
#2772 = DIRECTION ( 'NONE',  ( -1.000000000000000000, -1.532441233176288614E-16, 0.000000000000000000 ) ) ;
#2773 = ADVANCED_FACE ( 'NONE', ( #306 ), #1409, .F. ) ;
#2774 = CARTESIAN_POINT ( 'NONE',  ( -2.210000000000000853, 7.000000000000000000, 0.000000000000000000 ) ) ;
#2775 =( GEOMETRIC_REPRESENTATION_CONTEXT ( 3 ) GLOBAL_UNCERTAINTY_ASSIGNED_CONTEXT ( ( #1783 ) ) GLOBAL_UNIT_ASSIGNED_CONTEXT ( ( #1916, #1418, #992 ) ) REPRESENTATION_CONTEXT ( 'NONE', 'WORKASPACE' ) );
#2776 = PRESENTATION_LAYER_ASSIGNMENT (  '', '', ( #2880 ) ) ;
#2777 = LINE ( 'NONE', #2553, #1816 ) ;
#2778 = EDGE_CURVE ( 'NONE', #2594, #2434, #2186, .T. ) ;
#2779 = SURFACE_SIDE_STYLE ('',( #3008 ) ) ;
#2780 = CARTESIAN_POINT ( 'NONE',  ( -1.250000000000000000, 0.2999999999999997669, 0.000000000000000000 ) ) ;
#2781 = FILL_AREA_STYLE ('',( #933 ) ) ;
#2782 = DIRECTION ( 'NONE',  ( 1.532441233204257924E-16, -1.000000000000000000, 0.000000000000000000 ) ) ;
#2783 = CARTESIAN_POINT ( 'NONE',  ( 1.249999999988084642, 0.8500000000169867231, -0.5999999999910511361 ) ) ;
#2784 = ORIENTED_EDGE ( 'NONE', *, *, #2424, .T. ) ;
#2785 = DIRECTION ( 'NONE',  ( 1.000000000000000000, 1.532441233176288614E-16, 0.000000000000000000 ) ) ;
#2786 = ORIENTED_EDGE ( 'NONE', *, *, #2705, .F. ) ;
#2787 = DIRECTION ( 'NONE',  ( 1.532441233204257924E-16, -1.000000000000000000, -0.000000000000000000 ) ) ;
#2788 = CIRCLE ( 'NONE', #2105, 2.200000000000000178 ) ;
#2789 = STYLED_ITEM ( 'NONE', ( #926 ), #641 ) ;
#2790 = SURFACE_SIDE_STYLE ('',( #1843 ) ) ;
#2791 =( NAMED_UNIT ( * ) SI_UNIT ( $, .STERADIAN. ) SOLID_ANGLE_UNIT ( ) );
#2792 = FILL_AREA_STYLE ('',( #2990 ) ) ;
#2793 = LINE ( 'NONE', #946, #299 ) ;
#2794 = DIRECTION ( 'NONE',  ( -1.532441233204257924E-16, 1.000000000000000000, -0.000000000000000000 ) ) ;
#2795 = CIRCLE ( 'NONE', #1765, 1.000000000046203930 ) ;
#2796 =( NAMED_UNIT ( * ) PLANE_ANGLE_UNIT ( ) SI_UNIT ( $, .RADIAN. ) );
#2797 = COLOUR_RGB ( '',0.7803921568627451011, 0.7607843137254901578, 0.7411764705882353255 ) ;
#2798 = PRESENTATION_LAYER_ASSIGNMENT (  '', '', ( #409 ) ) ;
#2799 =( NAMED_UNIT ( * ) SI_UNIT ( $, .STERADIAN. ) SOLID_ANGLE_UNIT ( ) );
#2800 = DIRECTION ( 'NONE',  ( 1.532441233204257924E-16, -1.000000000000000000, 0.000000000000000000 ) ) ;
#2801 = SURFACE_SIDE_STYLE ('',( #2593 ) ) ;
#2802 = VERTEX_POINT ( 'NONE', #1909 ) ;
#2803 = FACE_OUTER_BOUND ( 'NONE', #2037, .T. ) ;
#2804 = EDGE_CURVE ( 'NONE', #2937, #2480, #2634, .T. ) ;
#2805 = CARTESIAN_POINT ( 'NONE',  ( 3.090320009128493695, 6.652792645583484266, 1.006191950464387475 ) ) ;
#2806 = ADVANCED_FACE ( 'NONE', ( #823 ), #1925, .T. ) ;
#2807 = DIRECTION ( 'NONE',  ( 1.000000000000000000, 1.478457507934778639E-16, 0.000000000000000000 ) ) ;
#2808 = DIRECTION ( 'NONE',  ( -1.532441233204257924E-16, 1.000000000000000000, -0.000000000000000000 ) ) ;
#2809 = DIRECTION ( 'NONE',  ( -1.532441233204257924E-16, 1.000000000000000000, -0.000000000000000000 ) ) ;
#2810 =( NAMED_UNIT ( * ) SI_UNIT ( $, .STERADIAN. ) SOLID_ANGLE_UNIT ( ) );
#2811 = DIRECTION ( 'NONE',  ( -0.000000000000000000, 0.000000000000000000, -1.000000000000000000 ) ) ;
#2812 = EDGE_LOOP ( 'NONE', ( #128, #2446, #848, #2568, #1515, #2325, #1196, #1104 ) ) ;
#2813 = EDGE_CURVE ( 'NONE', #2434, #2949, #2697, .T. ) ;
#2814 = CARTESIAN_POINT ( 'NONE',  ( 2.770399160420396800, 0.2502618564327749873, 1.003644373778465049 ) ) ;
#2815 =( GEOMETRIC_REPRESENTATION_CONTEXT ( 3 ) GLOBAL_UNCERTAINTY_ASSIGNED_CONTEXT ( ( #2369 ) ) GLOBAL_UNIT_ASSIGNED_CONTEXT ( ( #773, #2145, #2632 ) ) REPRESENTATION_CONTEXT ( 'NONE', 'WORKASPACE' ) );
#2816 = ORIENTED_EDGE ( 'NONE', *, *, #837, .T. ) ;
#2817 = PRESENTATION_LAYER_ASSIGNMENT (  '', '', ( #2085 ) ) ;
#2818 = EDGE_CURVE ( 'NONE', #1062, #1247, #382, .T. ) ;
#2819 = FACE_OUTER_BOUND ( 'NONE', #2357, .T. ) ;
#2820 = CARTESIAN_POINT ( 'NONE',  ( 2.955917552695935147, 2.178853721174705882, 3.619954969452554962E-16 ) ) ;
#2821 = SURFACE_STYLE_FILL_AREA ( #2642 ) ;
#2822 = DIRECTION ( 'NONE',  ( -1.000000000000000000, -1.532441233204257924E-16, 0.000000000000000000 ) ) ;
#2823 = FILL_AREA_STYLE ('',( #972 ) ) ;
#2824 = AXIS2_PLACEMENT_3D ( 'NONE', #1000, #2157, #1252 ) ;
#2825 = DIRECTION ( 'NONE',  ( -1.532441233204257924E-16, 1.000000000000000000, -0.000000000000000000 ) ) ;
#2826 = DIRECTION ( 'NONE',  ( 0.000000000000000000, 1.000000000000000000, 0.000000000000000000 ) ) ;
#2827 = UNCERTAINTY_MEASURE_WITH_UNIT (LENGTH_MEASURE( 1.000000000000000082E-05 ), #945, 'distance_accuracy_value', 'NONE');
#2828 = DIRECTION ( 'NONE',  ( -1.532441233204257924E-16, 1.000000000000000000, -0.000000000000000000 ) ) ;
#2829 = EDGE_LOOP ( 'NONE', ( #1092, #899, #1761, #386, #1068, #1887 ) ) ;
#2830 = CYLINDRICAL_SURFACE ( 'NONE', #1614, 0.5999999999999997558 ) ;
#2831 = SHELL_BASED_SURFACE_MODEL ( 'NONE', ( #1276, #1042 ) );
#2832 = CARTESIAN_POINT ( 'NONE',  ( 1.499999999988086197, -1.999999999983013144, 8.948515357899047829E-12 ) ) ;
#2833 = CARTESIAN_POINT ( 'NONE',  ( 3.090320009128492362, 2.592796794978365682, 1.006191950464397245 ) ) ;
#2834 = DIRECTION ( 'NONE',  ( 1.000000000000000000, 1.532441233204257924E-16, 0.000000000000000000 ) ) ;
#2835 = CIRCLE ( 'NONE', #595, 0.2500000000000011102 ) ;
#2836 =( NAMED_UNIT ( * ) SI_UNIT ( $, .STERADIAN. ) SOLID_ANGLE_UNIT ( ) );
#2837 =( NAMED_UNIT ( * ) PLANE_ANGLE_UNIT ( ) SI_UNIT ( $, .RADIAN. ) );
#2838 = SURFACE_SIDE_STYLE ('',( #286 ) ) ;
#2839 = DIRECTION ( 'NONE',  ( 1.532441233204257924E-16, -1.000000000000000000, -0.000000000000000000 ) ) ;
#2840 =( GEOMETRIC_REPRESENTATION_CONTEXT ( 3 ) GLOBAL_UNCERTAINTY_ASSIGNED_CONTEXT ( ( #401 ) ) GLOBAL_UNIT_ASSIGNED_CONTEXT ( ( #1527, #1949, #2656 ) ) REPRESENTATION_CONTEXT ( 'NONE', 'WORKASPACE' ) );
#2841 = LINE ( 'NONE', #2620, #1035 ) ;
#2842 = PRESENTATION_LAYER_ASSIGNMENT (  '', '', ( #399 ) ) ;
#2843 = PRESENTATION_LAYER_ASSIGNMENT (  '', '', ( #998 ) ) ;
#2844 = CARTESIAN_POINT ( 'NONE',  ( -0.6500000000000002442, 0.5000000000169864123, 7.347880794884117764E-17 ) ) ;
#2845 = ORIENTED_EDGE ( 'NONE', *, *, #2191, .F. ) ;
#2846 = CIRCLE ( 'NONE', #711, 2.955917552695883188 ) ;
#2847 = CIRCLE ( 'NONE', #1240, 2.599137674657252983 ) ;
#2848 =( NAMED_UNIT ( * ) PLANE_ANGLE_UNIT ( ) SI_UNIT ( $, .RADIAN. ) );
#2849 = COLOUR_RGB ( '',0.2509803921568627416, 0.2509803921568627416, 0.2509803921568627416 ) ;
#2850 = CIRCLE ( 'NONE', #1389, 0.2999999999999990452 ) ;
#2851 = CARTESIAN_POINT ( 'NONE',  ( 3.090320009128494139, 2.592796794978370123, -1.006191950464389029 ) ) ;
#2852 = MECHANICAL_DESIGN_GEOMETRIC_PRESENTATION_REPRESENTATION (  '', ( #2161 ), #2308 ) ;
#2853 = COLOUR_RGB ( '',0.2509803921568627416, 0.2509803921568627416, 0.2509803921568627416 ) ;
#2854 = PLANE ( 'NONE',  #607 ) ;
#2855 =( GEOMETRIC_REPRESENTATION_CONTEXT ( 3 ) GLOBAL_UNCERTAINTY_ASSIGNED_CONTEXT ( ( #2915 ) ) GLOBAL_UNIT_ASSIGNED_CONTEXT ( ( #2882, #812, #1507 ) ) REPRESENTATION_CONTEXT ( 'NONE', 'WORKASPACE' ) );
#2856 = PLANE ( 'NONE',  #1266 ) ;
#2857 = DIRECTION ( 'NONE',  ( -1.532441233204257924E-16, 1.000000000000000000, -0.000000000000000000 ) ) ;
#2858 = DIRECTION ( 'NONE',  ( 1.532441233204257924E-16, -1.000000000000000000, 0.000000000000000000 ) ) ;
#2859 = ADVANCED_FACE ( 'NONE', ( #395 ), #155, .T. ) ;
#2860 = UNCERTAINTY_MEASURE_WITH_UNIT (LENGTH_MEASURE( 1.000000000000000082E-05 ), #2939, 'distance_accuracy_value', 'NONE');
#2861 = FILL_AREA_STYLE ('',( #585 ) ) ;
#2862 = AXIS2_PLACEMENT_3D ( 'NONE', #507, #2825, #2367 ) ;
#2863 = ORIENTED_EDGE ( 'NONE', *, *, #1611, .F. ) ;
#2864 =( NAMED_UNIT ( * ) PLANE_ANGLE_UNIT ( ) SI_UNIT ( $, .RADIAN. ) );
#2865 = VERTEX_POINT ( 'NONE', #1563 ) ;
#2866 = CARTESIAN_POINT ( 'NONE',  ( 1.249999999988084864, 0.5000000000169866343, 8.948484741729069290E-12 ) ) ;
#2867 = CARTESIAN_POINT ( 'NONE',  ( 1.249999999988084864, 1.100000000016986723, 8.948484741729069290E-12 ) ) ;
#2868 = FACE_OUTER_BOUND ( 'NONE', #2123, .T. ) ;
#2869 = FACE_OUTER_BOUND ( 'NONE', #2812, .T. ) ;
#2870 = MECHANICAL_DESIGN_GEOMETRIC_PRESENTATION_REPRESENTATION (  '', ( #2714 ), #378 ) ;
#2871 = EDGE_CURVE ( 'NONE', #1447, #1024, #1085, .T. ) ;
#2872 = VECTOR ( 'NONE', #2004, 1000.000000000000000 ) ;
#2873 = FILL_AREA_STYLE_COLOUR ( '', #1897 ) ;
#2874 = CARTESIAN_POINT ( 'NONE',  ( 1.249999999988084864, 0.5000000000169866343, 8.948484741729069290E-12 ) ) ;
#2875 = CIRCLE ( 'NONE', #2331, 0.3000000000231014541 ) ;
#2876 = SURFACE_SIDE_STYLE ('',( #1937 ) ) ;
#2877 = MECHANICAL_DESIGN_GEOMETRIC_PRESENTATION_REPRESENTATION (  '', ( #1704 ), #2720 ) ;
#2878 = EDGE_LOOP ( 'NONE', ( #964, #323, #1818, #1701, #1248 ) ) ;
#2879 = VECTOR ( 'NONE', #1228, 1000.000000000000000 ) ;
#2880 = STYLED_ITEM ( 'NONE', ( #1530 ), #2895 ) ;
#2881 = VERTEX_POINT ( 'NONE', #600 ) ;
#2882 =( LENGTH_UNIT ( ) NAMED_UNIT ( * ) SI_UNIT ( .MILLI., .METRE. ) );
#2883 = CARTESIAN_POINT ( 'NONE',  ( -1.249999999999999778, -1.999999999983013588, 0.000000000000000000 ) ) ;
#2884 = PLANE ( 'NONE',  #2710 ) ;
#2885 =( NAMED_UNIT ( * ) PLANE_ANGLE_UNIT ( ) SI_UNIT ( $, .RADIAN. ) );
#2886 = UNCERTAINTY_MEASURE_WITH_UNIT (LENGTH_MEASURE( 1.000000000000000082E-05 ), #2761, 'distance_accuracy_value', 'NONE');
#2887 = CIRCLE ( 'NONE', #398, 0.2999999999999994893 ) ;
#2888 = ORIENTED_EDGE ( 'NONE', *, *, #1421, .F. ) ;
#2889 = FILL_AREA_STYLE_COLOUR ( '', #7 ) ;
#2890 = ORIENTED_EDGE ( 'NONE', *, *, #2142, .T. ) ;
#2891 =( LENGTH_UNIT ( ) NAMED_UNIT ( * ) SI_UNIT ( .MILLI., .METRE. ) );
#2892 = AXIS2_PLACEMENT_3D ( 'NONE', #50, #1437, #1692 ) ;
#2893 = STYLED_ITEM ( 'NONE', ( #1379 ), #1292 ) ;
#2894 = ORIENTED_EDGE ( 'NONE', *, *, #2073, .F. ) ;
#2895 = ADVANCED_FACE ( 'NONE', ( #2028 ), #339, .T. ) ;
#2896 = SURFACE_STYLE_USAGE ( .BOTH. , #1963 ) ;
#2897 = FILL_AREA_STYLE ('',( #2677 ) ) ;
#2898 = CARTESIAN_POINT ( 'NONE',  ( -3.078450273777896399E-16, 2.178853721174705438, 0.000000000000000000 ) ) ;
#2899 = AXIS2_PLACEMENT_3D ( 'NONE', #2724, #639, #1138 ) ;
#2900 = ORIENTED_EDGE ( 'NONE', *, *, #465, .T. ) ;
#2901 = CARTESIAN_POINT ( 'NONE',  ( -0.6500000000000002442, 1.100000000016986279, 7.347880794884117764E-17 ) ) ;
#2902 =( NAMED_UNIT ( * ) SI_UNIT ( $, .STERADIAN. ) SOLID_ANGLE_UNIT ( ) );
#2903 = ORIENTED_EDGE ( 'NONE', *, *, #750, .F. ) ;
#2904 = CARTESIAN_POINT ( 'NONE',  ( -1.138461538464198730, 1.698619543633039797E-11, 0.9937601177570126731 ) ) ;
#2905 = DIRECTION ( 'NONE',  ( 1.532441233204257924E-16, -1.000000000000000000, 0.000000000000000000 ) ) ;
#2906 = EDGE_CURVE ( 'NONE', #2017, #648, #1848, .T. ) ;
#2907 = DIRECTION ( 'NONE',  ( 1.000000000000000000, 1.626303258711666167E-16, 0.000000000000000000 ) ) ;
#2908 = ORIENTED_EDGE ( 'NONE', *, *, #2176, .F. ) ;
#2909 = CARTESIAN_POINT ( 'NONE',  ( 2.812987611258676690, 0.2777879852892253254, -1.004004679905839970 ) ) ;
#2910 = DIRECTION ( 'NONE',  ( -1.000000000000000000, -1.532441233176288614E-16, 0.000000000000000000 ) ) ;
#2911 = AXIS2_PLACEMENT_3D ( 'NONE', #939, #1853, #1570 ) ;
#2912 = PRESENTATION_LAYER_ASSIGNMENT (  '', '', ( #827 ) ) ;
#2913 = MECHANICAL_DESIGN_GEOMETRIC_PRESENTATION_REPRESENTATION (  '', ( #1936 ), #1983 ) ;
#2914 = SURFACE_SIDE_STYLE ('',( #1270 ) ) ;
#2915 = UNCERTAINTY_MEASURE_WITH_UNIT (LENGTH_MEASURE( 1.000000000000000082E-05 ), #2882, 'distance_accuracy_value', 'NONE');
#2916 = VERTEX_POINT ( 'NONE', #2993 ) ;
#2917 = FILL_AREA_STYLE_COLOUR ( '', #488 ) ;
#2918 = ORIENTED_EDGE ( 'NONE', *, *, #2318, .F. ) ;
#2919 = FILL_AREA_STYLE_COLOUR ( '', #92 ) ;
#2920 = CYLINDRICAL_SURFACE ( 'NONE', #814, 0.6049999999999998712 ) ;
#2921 =( NAMED_UNIT ( * ) PLANE_ANGLE_UNIT ( ) SI_UNIT ( $, .RADIAN. ) );
#2922 = SURFACE_SIDE_STYLE ('',( #1774 ) ) ;
#2923 = EDGE_LOOP ( 'NONE', ( #1500, #799, #2498, #572 ) ) ;
#2924 =( LENGTH_UNIT ( ) NAMED_UNIT ( * ) SI_UNIT ( .MILLI., .METRE. ) );
#2925 = ORIENTED_EDGE ( 'NONE', *, *, #450, .F. ) ;
#2926 = DIRECTION ( 'NONE',  ( 1.532441233204257924E-16, -1.000000000000000000, -0.000000000000000000 ) ) ;
#2927 = DIRECTION ( 'NONE',  ( -1.532441233204258170E-16, 1.000000000000000000, -0.000000000000000000 ) ) ;
#2928 = EDGE_CURVE ( 'NONE', #2329, #2916, #745, .T. ) ;
#2929 = ORIENTED_EDGE ( 'NONE', *, *, #1318, .T. ) ;
#2930 = AXIS2_PLACEMENT_3D ( 'NONE', #1645, #2811, #1395 ) ;
#2931 = CARTESIAN_POINT ( 'NONE',  ( -1.764064023118558338E-16, 1.321146278840344523, 0.000000000000000000 ) ) ;
#2932 = CIRCLE ( 'NONE', #2685, 0.6049999999999998712 ) ;
#2933 = CIRCLE ( 'NONE', #598, 3.249999999999888090 ) ;
#2934 = DIRECTION ( 'NONE',  ( -1.532441233204257924E-16, 1.000000000000000000, 0.000000000000000000 ) ) ;
#2935 = SURFACE_SIDE_STYLE ('',( #1733 ) ) ;
#2936 = CARTESIAN_POINT ( 'NONE',  ( 2.631547997647903259, 1.499346862084200094, -1.006172186935428314 ) ) ;
#2937 = VERTEX_POINT ( 'NONE', #2106 ) ;
#2938 = SURFACE_STYLE_USAGE ( .BOTH. , #2227 ) ;
#2939 =( LENGTH_UNIT ( ) NAMED_UNIT ( * ) SI_UNIT ( .MILLI., .METRE. ) );
#2940 = COLOUR_RGB ( '',0.000000000000000000, 0.5019607843137254832, 0.5019607843137254832 ) ;
#2941 = COLOUR_RGB ( '',0.2509803921568627416, 0.2509803921568627416, 0.2509803921568627416 ) ;
#2942 = AXIS2_PLACEMENT_3D ( 'NONE', #2102, #2332, #955 ) ;
#2943 = UNCERTAINTY_MEASURE_WITH_UNIT (LENGTH_MEASURE( 1.000000000000000082E-05 ), #493, 'distance_accuracy_value', 'NONE');
#2944 =( GEOMETRIC_REPRESENTATION_CONTEXT ( 3 ) GLOBAL_UNCERTAINTY_ASSIGNED_CONTEXT ( ( #1514 ) ) GLOBAL_UNIT_ASSIGNED_CONTEXT ( ( #1663, #968, #2343 ) ) REPRESENTATION_CONTEXT ( 'NONE', 'WORKASPACE' ) );
#2945 = EDGE_CURVE ( 'NONE', #250, #1660, #2599, .T. ) ;
#2946 = VERTEX_POINT ( 'NONE', #24 ) ;
#2947 = DIRECTION ( 'NONE',  ( 0.000000000000000000, 0.7071067811865493491, 0.7071067811865456854 ) ) ;
#2948 = AXIS2_PLACEMENT_3D ( 'NONE', #2499, #2034, #669 ) ;
#2949 = VERTEX_POINT ( 'NONE', #2353 ) ;
#2950 = DIRECTION ( 'NONE',  ( 1.000000000000000000, 1.532441233176288614E-16, 0.000000000000000000 ) ) ;
#2951 = CARTESIAN_POINT ( 'NONE',  ( 2.620519793106011797, 1.517909973685615643, 1.006351034186277360 ) ) ;
#2952 = SURFACE_STYLE_USAGE ( .BOTH. , #390 ) ;
#2953 = CARTESIAN_POINT ( 'NONE',  ( 2.717390890320294350, 1.393469529768080362, -1.004782852373744317 ) ) ;
#2954 = EDGE_LOOP ( 'NONE', ( #44, #1353, #2042, #1133 ) ) ;
#2955 = FACE_OUTER_BOUND ( 'NONE', #2923, .T. ) ;
#2956 = DIRECTION ( 'NONE',  ( -1.532441233204258170E-16, 1.000000000000000000, -0.000000000000000000 ) ) ;
#2957 = CARTESIAN_POINT ( 'NONE',  ( 1.970812015388580418, 7.020000000000000462, -1.000000000000000000 ) ) ;
#2958 = EDGE_CURVE ( 'NONE', #3002, #2546, #2793, .T. ) ;
#2959 = AXIS2_PLACEMENT_3D ( 'NONE', #1792, #407, #1750 ) ;
#2960 =( GEOMETRIC_REPRESENTATION_CONTEXT ( 3 ) GLOBAL_UNCERTAINTY_ASSIGNED_CONTEXT ( ( #58 ) ) GLOBAL_UNIT_ASSIGNED_CONTEXT ( ( #235, #2613, #17 ) ) REPRESENTATION_CONTEXT ( 'NONE', 'WORKASPACE' ) );
#2961 = CARTESIAN_POINT ( 'NONE',  ( -3.532384888066400145E-12, 1.698641227676489507E-11, -4.129780285105910664E-12 ) ) ;
#2962 = FILL_AREA_STYLE_COLOUR ( '', #844 ) ;
#2963 = EDGE_LOOP ( 'NONE', ( #1649, #2001, #1430, #1583 ) ) ;
#2964 = DIRECTION ( 'NONE',  ( -1.000000000000000000, -2.685330458168524917E-16, 0.000000000000000000 ) ) ;
#2965 = CARTESIAN_POINT ( 'NONE',  ( 2.612219858155817143, 1.533217886085665116, 1.006473774029646329 ) ) ;
#2966 = SURFACE_SIDE_STYLE ('',( #2544 ) ) ;
#2967 = UNCERTAINTY_MEASURE_WITH_UNIT (LENGTH_MEASURE( 1.000000000000000082E-05 ), #2924, 'distance_accuracy_value', 'NONE');
#2968 = TOROIDAL_SURFACE ( 'NONE', #2334, 3.250000000048112181, 0.5199999999996141042 ) ;
#2969 = DIRECTION ( 'NONE',  ( 1.000000000000000000, 0.000000000000000000, 0.000000000000000000 ) ) ;
#2970 = VERTEX_POINT ( 'NONE', #244 ) ;
#2971 = PRESENTATION_STYLE_ASSIGNMENT (( #655 ) ) ;
#2972 = ORIENTED_EDGE ( 'NONE', *, *, #1499, .T. ) ;
#2973 = LINE ( 'NONE', #890, #26 ) ;
#2974 = EDGE_CURVE ( 'NONE', #2007, #186, #2057, .T. ) ;
#2975 =( NAMED_UNIT ( * ) PLANE_ANGLE_UNIT ( ) SI_UNIT ( $, .RADIAN. ) );
#2976 = UNCERTAINTY_MEASURE_WITH_UNIT (LENGTH_MEASURE( 1.000000000000000082E-05 ), #1282, 'distance_accuracy_value', 'NONE');
#2977 = DIRECTION ( 'NONE',  ( -1.532441233204257924E-16, 1.000000000000000000, -0.000000000000000000 ) ) ;
#2978 = ORIENTED_EDGE ( 'NONE', *, *, #2035, .F. ) ;
#2979 = VECTOR ( 'NONE', #1593, 1000.000000000000000 ) ;
#2980 = SURFACE_SIDE_STYLE ('',( #1584 ) ) ;
#2981 = SURFACE_STYLE_USAGE ( .BOTH. , #3000 ) ;
#2982 = CIRCLE ( 'NONE', #2683, 1.000000000003157696 ) ;
#2983 = DIRECTION ( 'NONE',  ( 1.532441233204257924E-16, -1.000000000000000000, 0.000000000000000000 ) ) ;
#2984 = VERTEX_POINT ( 'NONE', #2586 ) ;
#2985 = PRESENTATION_LAYER_ASSIGNMENT (  '', '', ( #2207 ) ) ;
#2986 = DIRECTION ( 'NONE',  ( -1.532441233204257924E-16, 1.000000000000000000, -0.000000000000000000 ) ) ;
#2987 = FILL_AREA_STYLE_COLOUR ( '', #1285 ) ;
#2988 = SURFACE_STYLE_FILL_AREA ( #3007 ) ;
#2989 = AXIS2_PLACEMENT_3D ( 'NONE', #1652, #675, #198 ) ;
#2990 = FILL_AREA_STYLE_COLOUR ( '', #1544 ) ;
#2991 = STYLED_ITEM ( 'NONE', ( #910 ), #1955 ) ;
#2992 = AXIS2_PLACEMENT_3D ( 'NONE', #1567, #2032, #2964 ) ;
#2993 = CARTESIAN_POINT ( 'NONE',  ( 1.249999999988084642, 0.8500000000169867231, 0.6000000000089480423 ) ) ;
#2994 = DIRECTION ( 'NONE',  ( -1.000000000000000000, 0.000000000000000000, 0.000000000000000000 ) ) ;
#2995 = ORIENTED_EDGE ( 'NONE', *, *, #615, .T. ) ;
#2996 = CARTESIAN_POINT ( 'NONE',  ( -1.250000000000000000, 0.5000000000169861902, 0.000000000000000000 ) ) ;
#2997 = TOROIDAL_SURFACE ( 'NONE', #516, 2.599137674657252983, 0.6308623253800216268 ) ;
#2998 = EDGE_CURVE ( 'NONE', #186, #1188, #2201, .T. ) ;
#2999 = VERTEX_POINT ( 'NONE', #1406 ) ;
#3000 = SURFACE_SIDE_STYLE ('',( #1382 ) ) ;
#3001 = CARTESIAN_POINT ( 'NONE',  ( -1.854999999999999982, 1.100000000016986279, 7.409113134841484056E-17 ) ) ;
#3002 = VERTEX_POINT ( 'NONE', #256 ) ;
#3003 = CARTESIAN_POINT ( 'NONE',  ( 1.104999999961677082, 1.698662911719939217E-11, 1.291888153105984038 ) ) ;
#3004 = VERTEX_POINT ( 'NONE', #1612 ) ;
#3005 = CARTESIAN_POINT ( 'NONE',  ( 2.822470635463171007, 6.956794994882644190, 1.003300329154848125 ) ) ;
#3006 = STYLED_ITEM ( 'NONE', ( #1394 ), #138 ) ;
#3007 = FILL_AREA_STYLE ('',( #2072 ) ) ;
#3008 = SURFACE_STYLE_FILL_AREA ( #1860 ) ;
#3009 = CARTESIAN_POINT ( 'NONE',  ( -1.300000000002538014, 1.698619543633039797E-11, 1.519868415380635662 ) ) ;
#3010 = VERTEX_POINT ( 'NONE', #2335 ) ;
#3011 = CONICAL_SURFACE ( 'NONE', #1026, 0.2500000000000011102, 0.7853981633974463916 ) ;
#3012 = CARTESIAN_POINT ( 'NONE',  ( -3.514227448076811818E-16, 2.162359347284128486, 0.000000000000000000 ) ) ;
ENDSEC;
END-ISO-10303-21;
