ISO-10303-21;
HEADER;
FILE_DESCRIPTION (( 'STEP AP214' ),
    '1' );
FILE_NAME ('CAP_ALU_THT_3P5_8D_12H.STEP',
    '2026-06-09T07:19:12',
    ( '' ),
    ( '' ),
    'SwSTEP 2.0',
    'SolidWorks 2021',
    '' );
FILE_SCHEMA (( 'AUTOMOTIVE_DESIGN' ));
ENDSEC;

DATA;
#1 = ORIENTED_EDGE ( 'NONE', *, *, #484, .T. ) ;
#2 = EDGE_CURVE ( 'NONE', #955, #267, #889, .T. ) ;
#3 = COLOUR_RGB ( '',0.2509803921568627416, 0.2509803921568627416, 0.2509803921568627416 ) ;
#4 = FILL_AREA_STYLE_COLOUR ( '', #635 ) ;
#5 = CARTESIAN_POINT ( 'NONE',  ( -2.076655965710604512, 0.4000000000000000222, -1.000000000006638912 ) ) ;
#6 = EDGE_LOOP ( 'NONE', ( #2404, #82 ) ) ;
#7 = PRESENTATION_STYLE_ASSIGNMENT (( #1314 ) ) ;
#8 =( GEOMETRIC_REPRESENTATION_CONTEXT ( 3 ) GLOBAL_UNCERTAINTY_ASSIGNED_CONTEXT ( ( #522 ) ) GLOBAL_UNIT_ASSIGNED_CONTEXT ( ( #753, #2445, #1199 ) ) REPRESENTATION_CONTEXT ( 'NONE', 'WORKASPACE' ) );
#9 = AXIS2_PLACEMENT_3D ( 'NONE', #149, #1727, #1766 ) ;
#10 = FILL_AREA_STYLE ('',( #890 ) ) ;
#11 = EDGE_CURVE ( 'NONE', #1838, #1990, #455, .T. ) ;
#12 = DIRECTION ( 'NONE',  ( 0.000000000000000000, 0.000000000000000000, -1.000000000000000000 ) ) ;
#13 = VERTEX_POINT ( 'NONE', #690 ) ;
#14 = VERTEX_POINT ( 'NONE', #1263 ) ;
#15 =( NAMED_UNIT ( * ) SI_UNIT ( $, .STERADIAN. ) SOLID_ANGLE_UNIT ( ) );
#16 = FILL_AREA_STYLE_COLOUR ( '', #1970 ) ;
#17 = ORIENTED_EDGE ( 'NONE', *, *, #1840, .F. ) ;
#18 =( NAMED_UNIT ( * ) SI_UNIT ( $, .STERADIAN. ) SOLID_ANGLE_UNIT ( ) );
#19 = PRESENTATION_STYLE_ASSIGNMENT (( #2423 ) ) ;
#20 = DIRECTION ( 'NONE',  ( 0.000000000000000000, 0.000000000000000000, -1.000000000000000000 ) ) ;
#21 = CARTESIAN_POINT ( 'NONE',  ( -1.750000000000000000, -2.149999999999999911, 0.2999999999999996558 ) ) ;
#22 = COLOUR_RGB ( '',0.7803921568627451011, 0.7607843137254901578, 0.7411764705882353255 ) ;
#23 = AXIS2_PLACEMENT_3D ( 'NONE', #2461, #84, #1265 ) ;
#24 =( NAMED_UNIT ( * ) SI_UNIT ( $, .STERADIAN. ) SOLID_ANGLE_UNIT ( ) );
#25 = ORIENTED_EDGE ( 'NONE', *, *, #593, .T. ) ;
#26 = CARTESIAN_POINT ( 'NONE',  ( 3.547381568864383272, 1.235362062123641191, 1.504851653158236324 ) ) ;
#27 = CYLINDRICAL_SURFACE ( 'NONE', #1765, 3.000000000000000444 ) ;
#28 = AXIS2_PLACEMENT_3D ( 'NONE', #1068, #240, #1434 ) ;
#29 =( NAMED_UNIT ( * ) SI_UNIT ( $, .STERADIAN. ) SOLID_ANGLE_UNIT ( ) );
#30 = STYLED_ITEM ( 'NONE', ( #343 ), #1312 ) ;
#31 = PRESENTATION_STYLE_ASSIGNMENT (( #1670 ) ) ;
#32 = SURFACE_SIDE_STYLE ('',( #250 ) ) ;
#33 = VECTOR ( 'NONE', #353, 1000.000000000000000 ) ;
#34 = CARTESIAN_POINT ( 'NONE',  ( 0.000000000000000000, 1.925000000070364425, 0.000000000000000000 ) ) ;
#35 =( NAMED_UNIT ( * ) PLANE_ANGLE_UNIT ( ) SI_UNIT ( $, .RADIAN. ) );
#36 = PRESENTATION_LAYER_ASSIGNMENT (  '', '', ( #2297 ) ) ;
#37 = UNCERTAINTY_MEASURE_WITH_UNIT (LENGTH_MEASURE( 1.000000000000000082E-05 ), #161, 'distance_accuracy_value', 'NONE');
#38 = DIRECTION ( 'NONE',  ( 0.000000000000000000, 0.000000000000000000, 1.000000000000000000 ) ) ;
#39 = VERTEX_POINT ( 'NONE', #1826 ) ;
#40 = COLOUR_RGB ( '',0.7921568627450980005, 0.8196078431372548767, 0.9333333333333333481 ) ;
#41 = DIRECTION ( 'NONE',  ( -0.000000000000000000, -1.000000000000000000, -0.000000000000000000 ) ) ;
#42 =( NAMED_UNIT ( * ) PLANE_ANGLE_UNIT ( ) SI_UNIT ( $, .RADIAN. ) );
#43 = FILL_AREA_STYLE ('',( #477 ) ) ;
#44 =( NAMED_UNIT ( * ) PLANE_ANGLE_UNIT ( ) SI_UNIT ( $, .RADIAN. ) );
#45 = FILL_AREA_STYLE_COLOUR ( '', #2467 ) ;
#46 = ORIENTED_EDGE ( 'NONE', *, *, #1046, .T. ) ;
#47 = STYLED_ITEM ( 'NONE', ( #481 ), #1273 ) ;
#48 = CARTESIAN_POINT ( 'NONE',  ( 3.482608520892553905, 1.282439063489152931, -1.505455537391894305 ) ) ;
#49 =( GEOMETRIC_REPRESENTATION_CONTEXT ( 3 ) GLOBAL_UNCERTAINTY_ASSIGNED_CONTEXT ( ( #2110 ) ) GLOBAL_UNIT_ASSIGNED_CONTEXT ( ( #677, #1442, #463 ) ) REPRESENTATION_CONTEXT ( 'NONE', 'WORKASPACE' ) );
#50 = DIRECTION ( 'NONE',  ( -0.000000000000000000, 1.000000000000000000, -0.000000000000000000 ) ) ;
#51 = ORIENTED_EDGE ( 'NONE', *, *, #319, .F. ) ;
#52 = CARTESIAN_POINT ( 'NONE',  ( 3.363395257536170746, 1.410489443494369111, 1.506459615267566443 ) ) ;
#53 = CARTESIAN_POINT ( 'NONE',  ( 1.750000000000000000, -0.09999999999999999167, 0.000000000000000000 ) ) ;
#54 = FILL_AREA_STYLE_COLOUR ( '', #2292 ) ;
#55 = EDGE_CURVE ( 'NONE', #1923, #1466, #880, .T. ) ;
#56 = DIRECTION ( 'NONE',  ( 0.000000000000000000, 0.000000000000000000, 1.000000000000000000 ) ) ;
#57 = SURFACE_SIDE_STYLE ('',( #1854 ) ) ;
#58 = SURFACE_SIDE_STYLE ('',( #706 ) ) ;
#59 = ORIENTED_EDGE ( 'NONE', *, *, #1113, .T. ) ;
#60 =( NAMED_UNIT ( * ) SI_UNIT ( $, .STERADIAN. ) SOLID_ANGLE_UNIT ( ) );
#61 = DIRECTION ( 'NONE',  ( -0.000000000000000000, 1.000000000000000000, -0.000000000000000000 ) ) ;
#62 = ORIENTED_EDGE ( 'NONE', *, *, #1956, .F. ) ;
#63 = DIRECTION ( 'NONE',  ( 0.000000000000000000, 0.000000000000000000, 1.000000000000000000 ) ) ;
#64 = PRESENTATION_LAYER_ASSIGNMENT (  '', '', ( #870 ) ) ;
#65 =( LENGTH_UNIT ( ) NAMED_UNIT ( * ) SI_UNIT ( .MILLI., .METRE. ) );
#66 = VECTOR ( 'NONE', #245, 1000.000000000000000 ) ;
#67 = FACE_BOUND ( 'NONE', #1622, .T. ) ;
#68 = SURFACE_STYLE_USAGE ( .BOTH. , #32 ) ;
#69 = PRESENTATION_STYLE_ASSIGNMENT (( #2298 ) ) ;
#70 = ADVANCED_FACE ( 'NONE', ( #1461 ), #669, .T. ) ;
#71 = CARTESIAN_POINT ( 'NONE',  ( 3.834370253539925777, 11.50000000000000000, -1.507317073170665989 ) ) ;
#72 = CARTESIAN_POINT ( 'NONE',  ( 3.756367646711784580, 0.3634732767330902115, -1.506677355910945648 ) ) ;
#73 = EDGE_LOOP ( 'NONE', ( #2428, #1409, #345, #2480 ) ) ;
#74 = PRESENTATION_LAYER_ASSIGNMENT (  '', '', ( #2123 ) ) ;
#75 = LINE ( 'NONE', #884, #2469 ) ;
#76 = ORIENTED_EDGE ( 'NONE', *, *, #1494, .T. ) ;
#77 = FILL_AREA_STYLE_COLOUR ( '', #22 ) ;
#78 = SURFACE_STYLE_USAGE ( .BOTH. , #2558 ) ;
#79 = DIRECTION ( 'NONE',  ( 0.000000000000000000, 1.000000000000000000, 0.000000000000000000 ) ) ;
#80 = COLOUR_RGB ( '',0.2509803921568627416, 0.2509803921568627416, 0.2509803921568627416 ) ;
#81 = SURFACE_SIDE_STYLE ('',( #1287 ) ) ;
#82 = ORIENTED_EDGE ( 'NONE', *, *, #1718, .T. ) ;
#83 = ADVANCED_FACE ( 'NONE', ( #2070 ), #805, .F. ) ;
#84 = DIRECTION ( 'NONE',  ( 0.000000000000000000, 1.000000000000000000, 0.000000000000000000 ) ) ;
#85 = CARTESIAN_POINT ( 'NONE',  ( 3.547381568833485765, 2.614637937994687356, -1.504851653158774560 ) ) ;
#86 = CARTESIAN_POINT ( 'NONE',  ( 3.561534150578319124, 0.1379082952693077291, -1.504988989940585942 ) ) ;
#87 = DIRECTION ( 'NONE',  ( 1.224646799147352468E-16, 0.000000000000000000, -1.000000000000000000 ) ) ;
#88 = ORIENTED_EDGE ( 'NONE', *, *, #1305, .T. ) ;
#89 = PRESENTATION_LAYER_ASSIGNMENT (  '', '', ( #478 ) ) ;
#90 = SURFACE_STYLE_FILL_AREA ( #1508 ) ;
#91 = UNCERTAINTY_MEASURE_WITH_UNIT (LENGTH_MEASURE( 1.000000000000000082E-05 ), #637, 'distance_accuracy_value', 'NONE');
#92 = VERTEX_POINT ( 'NONE', #238 ) ;
#93 = AXIS2_PLACEMENT_3D ( 'NONE', #2482, #1047, #1456 ) ;
#94 = CARTESIAN_POINT ( 'NONE',  ( 0.000000000000000000, 12.00000000000000000, 2.799999999999999822 ) ) ;
#95 = CARTESIAN_POINT ( 'NONE',  ( -2.076655965700000106, 0.4000000000000000222, 0.9999999999999995559 ) ) ;
#96 = CIRCLE ( 'NONE', #768, 1.000000000000000000 ) ;
#97 = EDGE_CURVE ( 'NONE', #1786, #2182, #75, .T. ) ;
#98 = VECTOR ( 'NONE', #618, 1000.000000000000000 ) ;
#99 = SURFACE_SIDE_STYLE ('',( #2102 ) ) ;
#100 = DIRECTION ( 'NONE',  ( -0.000000000000000000, -1.000000000000000000, -0.000000000000000000 ) ) ;
#101 = VECTOR ( 'NONE', #1290, 1000.000000000000000 ) ;
#102 = MECHANICAL_DESIGN_GEOMETRIC_PRESENTATION_REPRESENTATION (  '', ( #1139 ), #1394 ) ;
#103 = CARTESIAN_POINT ( 'NONE',  ( 0.000000000000000000, 11.50000000000000000, 0.000000000000000000 ) ) ;
#104 = CARTESIAN_POINT ( 'NONE',  ( 3.271931330890228473, 2.297212844825474942, -1.507581720659727509 ) ) ;
#105 = SURFACE_STYLE_FILL_AREA ( #881 ) ;
#106 = EDGE_LOOP ( 'NONE', ( #792, #1644 ) ) ;
#107 = CARTESIAN_POINT ( 'NONE',  ( 3.547381568864383272, 1.235362062123641191, -1.504851653158235880 ) ) ;
#108 = DIRECTION ( 'NONE',  ( 0.000000000000000000, 0.000000000000000000, 1.000000000000000000 ) ) ;
#109 = DIRECTION ( 'NONE',  ( 0.000000000000000000, 0.000000000000000000, -1.000000000000000000 ) ) ;
#110 = ADVANCED_FACE ( 'NONE', ( #485 ), #1219, .F. ) ;
#111 = STYLED_ITEM ( 'NONE', ( #1671 ), #70 ) ;
#112 = AXIS2_PLACEMENT_3D ( 'NONE', #2148, #1740, #1569 ) ;
#113 =( GEOMETRIC_REPRESENTATION_CONTEXT ( 3 ) GLOBAL_UNCERTAINTY_ASSIGNED_CONTEXT ( ( #1926 ) ) GLOBAL_UNIT_ASSIGNED_CONTEXT ( ( #646, #1623, #604 ) ) REPRESENTATION_CONTEXT ( 'NONE', 'WORKASPACE' ) );
#114 = FACE_OUTER_BOUND ( 'NONE', #73, .T. ) ;
#115 =( GEOMETRIC_REPRESENTATION_CONTEXT ( 3 ) GLOBAL_UNCERTAINTY_ASSIGNED_CONTEXT ( ( #1509 ) ) GLOBAL_UNIT_ASSIGNED_CONTEXT ( ( #2269, #874, #1665 ) ) REPRESENTATION_CONTEXT ( 'NONE', 'WORKASPACE' ) );
#116 = CARTESIAN_POINT ( 'NONE',  ( 0.000000000000000000, 12.00000000000000000, 0.000000000000000000 ) ) ;
#117 =( NAMED_UNIT ( * ) SI_UNIT ( $, .STERADIAN. ) SOLID_ANGLE_UNIT ( ) );
#118 = DIRECTION ( 'NONE',  ( 0.000000000000000000, 0.000000000000000000, -1.000000000000000000 ) ) ;
#119 = CARTESIAN_POINT ( 'NONE',  ( 3.311516032781587349, 12.02000000000000135, 1.500570549965271949 ) ) ;
#120 = ORIENTED_EDGE ( 'NONE', *, *, #2014, .F. ) ;
#121 = PRESENTATION_LAYER_ASSIGNMENT (  '', '', ( #1365 ) ) ;
#122 = CARTESIAN_POINT ( 'NONE',  ( -1.750000000000000000, -2.149999999999999911, -0.2999999999999996558 ) ) ;
#123 = EDGE_CURVE ( 'NONE', #1304, #1281, #1501, .T. ) ;
#124 = DIRECTION ( 'NONE',  ( 0.000000000000000000, 0.7071067811865489050, 0.7071067811865462405 ) ) ;
#125 = PRESENTATION_LAYER_ASSIGNMENT (  '', '', ( #2367 ) ) ;
#126 = LINE ( 'NONE', #1452, #1155 ) ;
#127 = CARTESIAN_POINT ( 'NONE',  ( 3.429011037612588783E-16, 11.90000000000000036, -2.799999999999999822 ) ) ;
#128 = AXIS2_PLACEMENT_3D ( 'NONE', #1232, #244, #459 ) ;
#129 = FILL_AREA_STYLE ('',( #340 ) ) ;
#130 = DIRECTION ( 'NONE',  ( 0.000000000000000000, 0.000000000000000000, -1.000000000000000000 ) ) ;
#131 = STYLED_ITEM ( 'NONE', ( #1852 ), #1745 ) ;
#132 = SURFACE_SIDE_STYLE ('',( #1731 ) ) ;
#133 = DIRECTION ( 'NONE',  ( 0.000000000000000000, 0.000000000000000000, 1.000000000000000000 ) ) ;
#134 = VERTEX_POINT ( 'NONE', #904 ) ;
#135 = EDGE_CURVE ( 'NONE', #1244, #962, #1858, .T. ) ;
#136 = CARTESIAN_POINT ( 'NONE',  ( 3.834370253539925333, 3.166195264044802560, -1.507317073170666433 ) ) ;
#137 = CARTESIAN_POINT ( 'NONE',  ( 3.428910579834055117, 2.516194714744018679, 1.505792566195585103 ) ) ;
#138 = CARTESIAN_POINT ( 'NONE',  ( 3.272613634431247309, 12.01999999999999957, -1.500000000000000000 ) ) ;
#139 = COLOUR_RGB ( '',0.7803921568627451011, 0.7607843137254901578, 0.7411764705882353255 ) ;
#140 = CIRCLE ( 'NONE', #2021, 0.5999999999999995337 ) ;
#141 = STYLED_ITEM ( 'NONE', ( #899 ), #2588 ) ;
#142 = LINE ( 'NONE', #1514, #1768 ) ;
#143 = CARTESIAN_POINT ( 'NONE',  ( 3.813015190718704428, 0.5023152273557527359, 1.507144892810388548 ) ) ;
#144 = ORIENTED_EDGE ( 'NONE', *, *, #1132, .T. ) ;
#145 = CIRCLE ( 'NONE', #658, 0.2999999999999997113 ) ;
#146 = CARTESIAN_POINT ( 'NONE',  ( -2.076655965710604512, -0.09999999999999999167, -1.000000000006638912 ) ) ;
#147 = CARTESIAN_POINT ( 'NONE',  ( 3.539677935111256613, 11.95878017225100010, -1.503707698291131045 ) ) ;
#148 = UNCERTAINTY_MEASURE_WITH_UNIT (LENGTH_MEASURE( 1.000000000000000082E-05 ), #1183, 'distance_accuracy_value', 'NONE');
#149 = CARTESIAN_POINT ( 'NONE',  ( 0.000000000000000000, -0.09999999999999999167, 0.000000000000000000 ) ) ;
#150 = FACE_OUTER_BOUND ( 'NONE', #1177, .T. ) ;
#151 = DIRECTION ( 'NONE',  ( 0.000000000000000000, 0.000000000000000000, -1.000000000000000000 ) ) ;
#152 = SURFACE_STYLE_FILL_AREA ( #996 ) ;
#153 =( GEOMETRIC_REPRESENTATION_CONTEXT ( 3 ) GLOBAL_UNCERTAINTY_ASSIGNED_CONTEXT ( ( #1903 ) ) GLOBAL_UNIT_ASSIGNED_CONTEXT ( ( #1289, #717, #857 ) ) REPRESENTATION_CONTEXT ( 'NONE', 'WORKASPACE' ) );
#154 = CARTESIAN_POINT ( 'NONE',  ( 3.645603302772959964, 0.2171651361041087025, 1.505758336988981316 ) ) ;
#155 = EDGE_LOOP ( 'NONE', ( #439, #2076, #2004, #863 ) ) ;
#156 = UNCERTAINTY_MEASURE_WITH_UNIT (LENGTH_MEASURE( 1.000000000000000082E-05 ), #2415, 'distance_accuracy_value', 'NONE');
#157 = AXIS2_PLACEMENT_3D ( 'NONE', #1605, #641, #844 ) ;
#158 = DIRECTION ( 'NONE',  ( 0.000000000000000000, 1.000000000000000000, 0.000000000000000000 ) ) ;
#159 = SURFACE_STYLE_USAGE ( .BOTH. , #2134 ) ;
#160 = MECHANICAL_DESIGN_GEOMETRIC_PRESENTATION_REPRESENTATION (  '', ( #381 ), #878 ) ;
#161 =( LENGTH_UNIT ( ) NAMED_UNIT ( * ) SI_UNIT ( .MILLI., .METRE. ) );
#162 = STYLED_ITEM ( 'NONE', ( #755 ), #1473 ) ;
#163 = ORIENTED_EDGE ( 'NONE', *, *, #754, .T. ) ;
#164 = CYLINDRICAL_SURFACE ( 'NONE', #2574, 2.799999999999999822 ) ;
#165 = SURFACE_STYLE_USAGE ( .BOTH. , #1151 ) ;
#166 = EDGE_LOOP ( 'NONE', ( #2342, #1701, #2418, #1821 ) ) ;
#167 =( NAMED_UNIT ( * ) SI_UNIT ( $, .STERADIAN. ) SOLID_ANGLE_UNIT ( ) );
#168 = ORIENTED_EDGE ( 'NONE', *, *, #1195, .F. ) ;
#169 = FILL_AREA_STYLE ('',( #281 ) ) ;
#170 = CARTESIAN_POINT ( 'NONE',  ( 0.000000000000000000, -0.09999999999999999167, 0.000000000000000000 ) ) ;
#171 = CYLINDRICAL_SURFACE ( 'NONE', #786, 0.2999999999999996558 ) ;
#172 = AXIS2_PLACEMENT_3D ( 'NONE', #488, #1065, #2279 ) ;
#173 = DIRECTION ( 'NONE',  ( -0.000000000000000000, -1.000000000000000000, -0.000000000000000000 ) ) ;
#174 = ORIENTED_EDGE ( 'NONE', *, *, #601, .T. ) ;
#175 =( NAMED_UNIT ( * ) SI_UNIT ( $, .STERADIAN. ) SOLID_ANGLE_UNIT ( ) );
#176 = ADVANCED_FACE ( 'NONE', ( #1062 ), #1663, .F. ) ;
#177 = CIRCLE ( 'NONE', #1218, 3.416195264053370373 ) ;
#178 = EDGE_LOOP ( 'NONE', ( #1200, #2194, #1162, #144 ) ) ;
#179 = FACE_OUTER_BOUND ( 'NONE', #1966, .T. ) ;
#180 = VECTOR ( 'NONE', #2337, 1000.000000000000000 ) ;
#181 = ORIENTED_EDGE ( 'NONE', *, *, #1664, .T. ) ;
#182 = UNCERTAINTY_MEASURE_WITH_UNIT (LENGTH_MEASURE( 1.000000000000000082E-05 ), #275, 'distance_accuracy_value', 'NONE');
#183 = SURFACE_STYLE_FILL_AREA ( #1927 ) ;
#184 = COLOUR_RGB ( '',0.7803921568627451011, 0.7607843137254901578, 0.7411764705882353255 ) ;
#185 = AXIS2_PLACEMENT_3D ( 'NONE', #579, #1364, #385 ) ;
#186 = LINE ( 'NONE', #750, #1702 ) ;
#187 = EDGE_CURVE ( 'NONE', #2015, #1599, #729, .T. ) ;
#188 = EDGE_LOOP ( 'NONE', ( #1607, #1388, #720, #1256 ) ) ;
#189 = FILL_AREA_STYLE_COLOUR ( '', #1098 ) ;
#190 = DIRECTION ( 'NONE',  ( 0.000000000000000000, 0.000000000000000000, 1.000000000000000000 ) ) ;
#191 = CARTESIAN_POINT ( 'NONE',  ( 0.000000000000000000, 2.614637937994197969, 0.000000000000000000 ) ) ;
#192 = SURFACE_STYLE_USAGE ( .BOTH. , #2581 ) ;
#193 = EDGE_CURVE ( 'NONE', #772, #1860, #2536, .T. ) ;
#194 = MECHANICAL_DESIGN_GEOMETRIC_PRESENTATION_REPRESENTATION (  '', ( #111 ), #1106 ) ;
#195 = ORIENTED_EDGE ( 'NONE', *, *, #545, .T. ) ;
#196 =( GEOMETRIC_REPRESENTATION_CONTEXT ( 3 ) GLOBAL_UNCERTAINTY_ASSIGNED_CONTEXT ( ( #1692 ) ) GLOBAL_UNIT_ASSIGNED_CONTEXT ( ( #1462, #1067, #2488 ) ) REPRESENTATION_CONTEXT ( 'NONE', 'WORKASPACE' ) );
#197 = AXIS2_PLACEMENT_3D ( 'NONE', #280, #686, #676 ) ;
#198 = DIRECTION ( 'NONE',  ( 0.000000000000000000, 0.000000000000000000, -1.000000000000000000 ) ) ;
#199 = CIRCLE ( 'NONE', #580, 0.8999999999739867196 ) ;
#200 = DIRECTION ( 'NONE',  ( -0.000000000000000000, 1.000000000000000000, -0.000000000000000000 ) ) ;
#201 = DIRECTION ( 'NONE',  ( 0.000000000000000000, -1.000000000000000000, 0.000000000000000000 ) ) ;
#202 = ADVANCED_FACE ( 'NONE', ( #1925 ), #1120, .T. ) ;
#203 = FACE_OUTER_BOUND ( 'NONE', #1458, .T. ) ;
#204 = ORIENTED_EDGE ( 'NONE', *, *, #1284, .T. ) ;
#205 = CARTESIAN_POINT ( 'NONE',  ( 0.000000000000000000, 3.166195264044802560, 0.000000000000000000 ) ) ;
#206 = CARTESIAN_POINT ( 'NONE',  ( 1.750000000000000000, 0.7500000000000007772, -0.5999999999999995337 ) ) ;
#207 =( GEOMETRIC_REPRESENTATION_CONTEXT ( 3 ) GLOBAL_UNCERTAINTY_ASSIGNED_CONTEXT ( ( #2348 ) ) GLOBAL_UNIT_ASSIGNED_CONTEXT ( ( #451, #701, #29 ) ) REPRESENTATION_CONTEXT ( 'NONE', 'WORKASPACE' ) );
#208 = ORIENTED_EDGE ( 'NONE', *, *, #816, .T. ) ;
#209 = CARTESIAN_POINT ( 'NONE',  ( 1.750000000000000000, 0.4000000000000000222, 0.000000000000000000 ) ) ;
#210 = SURFACE_STYLE_FILL_AREA ( #1601 ) ;
#211 = EDGE_LOOP ( 'NONE', ( #1848, #959, #1784, #59, #371, #1746, #1405, #794 ) ) ;
#212 = UNCERTAINTY_MEASURE_WITH_UNIT (LENGTH_MEASURE( 1.000000000000000082E-05 ), #565, 'distance_accuracy_value', 'NONE');
#213 = DIRECTION ( 'NONE',  ( -0.000000000000000000, -1.000000000000000000, -0.000000000000000000 ) ) ;
#214 = COLOUR_RGB ( '',0.9607843137254902244, 0.9607843137254902244, 0.7843137254901960675 ) ;
#215 = EDGE_CURVE ( 'NONE', #1190, #1022, #2302, .T. ) ;
#216 = PRESENTATION_STYLE_ASSIGNMENT (( #1579 ) ) ;
#217 = MECHANICAL_DESIGN_GEOMETRIC_PRESENTATION_REPRESENTATION (  '', ( #2261 ), #2333 ) ;
#218 = PRESENTATION_STYLE_ASSIGNMENT (( #1092 ) ) ;
#219 = DIRECTION ( 'NONE',  ( 0.000000000000000000, 0.000000000000000000, -1.000000000000000000 ) ) ;
#220 = EDGE_LOOP ( 'NONE', ( #1773, #2157, #985, #2128, #661, #2555, #1086, #2200, #620, #1570, #279, #895, #2257 ) ) ;
#221 = DIRECTION ( 'NONE',  ( 0.000000000000000000, 0.000000000000000000, -1.000000000000000000 ) ) ;
#222 = VERTEX_POINT ( 'NONE', #761 ) ;
#223 = DIRECTION ( 'NONE',  ( -0.000000000000000000, -1.000000000000000000, -0.000000000000000000 ) ) ;
#224 = AXIS2_PLACEMENT_3D ( 'NONE', #2018, #1383, #1413 ) ;
#225 = ORIENTED_EDGE ( 'NONE', *, *, #97, .F. ) ;
#226 = SURFACE_STYLE_FILL_AREA ( #824 ) ;
#227 = STYLED_ITEM ( 'NONE', ( #2453 ), #110 ) ;
#228 = CARTESIAN_POINT ( 'NONE',  ( -2.330940369677495738, 0.4000000000000000222, -1.459183673476008636 ) ) ;
#229 = CARTESIAN_POINT ( 'NONE',  ( 0.000000000000000000, -2.873135757086586750E-14, 0.000000000000000000 ) ) ;
#230 = FACE_OUTER_BOUND ( 'NONE', #1873, .T. ) ;
#231 = DIRECTION ( 'NONE',  ( -0.000000000000000000, -1.000000000000000000, -0.000000000000000000 ) ) ;
#232 = CIRCLE ( 'NONE', #2071, 0.6838047360777960160 ) ;
#233 = PRODUCT_DEFINITION_CONTEXT ( 'detailed design', #606, 'design' ) ;
#234 = CARTESIAN_POINT ( 'NONE',  ( 0.000000000000000000, 2.630311527492930068, -3.840951120943168373 ) ) ;
#235 = ORIENTED_EDGE ( 'NONE', *, *, #292, .F. ) ;
#236 = CARTESIAN_POINT ( 'NONE',  ( 0.000000000000000000, 0.000000000000000000, 0.000000000000000000 ) ) ;
#237 = PRESENTATION_STYLE_ASSIGNMENT (( #2029 ) ) ;
#238 = CARTESIAN_POINT ( 'NONE',  ( 1.750000000000000000, 0.4000000000000000222, -0.5999999999999995337 ) ) ;
#239 = DIRECTION ( 'NONE',  ( 0.000000000000000000, 0.000000000000000000, -1.000000000000000000 ) ) ;
#240 = DIRECTION ( 'NONE',  ( -1.000000000000000000, 0.000000000000000000, 0.000000000000000000 ) ) ;
#241 = DIRECTION ( 'NONE',  ( 0.000000000000000000, -0.000000000000000000, -1.000000000000000000 ) ) ;
#242 = CIRCLE ( 'NONE', #23, 3.600000000036846615 ) ;
#243 = CIRCLE ( 'NONE', #2486, 0.6838047360238981298 ) ;
#244 = DIRECTION ( 'NONE',  ( 0.000000000000000000, -1.000000000000000000, 0.000000000000000000 ) ) ;
#245 = DIRECTION ( 'NONE',  ( -0.000000000000000000, -1.000000000000000000, -0.000000000000000000 ) ) ;
#246 = ORIENTED_EDGE ( 'NONE', *, *, #55, .F. ) ;
#247 = FILL_AREA_STYLE ('',( #2405 ) ) ;
#248 = FILL_AREA_STYLE ('',( #1862 ) ) ;
#249 = CIRCLE ( 'NONE', #1918, 4.100000000036846615 ) ;
#250 = SURFACE_STYLE_FILL_AREA ( #856 ) ;
#251 = PRESENTATION_STYLE_ASSIGNMENT (( #1816 ) ) ;
#252 = DIRECTION ( 'NONE',  ( 0.000000000000000000, 1.000000000000000000, 0.000000000000000000 ) ) ;
#253 = CARTESIAN_POINT ( 'NONE',  ( 1.750000000000000222, 0.4000000000000000222, 1.000000000000000000 ) ) ;
#254 = VERTEX_POINT ( 'NONE', #775 ) ;
#255 = DIRECTION ( 'NONE',  ( 0.000000000000000000, -1.000000000000000000, 0.000000000000000000 ) ) ;
#256 = EDGE_CURVE ( 'NONE', #1759, #222, #1133, .T. ) ;
#257 = VERTEX_POINT ( 'NONE', #122 ) ;
#258 = DIRECTION ( 'NONE',  ( -1.224646799147353454E-16, 0.000000000000000000, -1.000000000000000000 ) ) ;
#259 = DIRECTION ( 'NONE',  ( -0.000000000000000000, -1.000000000000000000, -0.000000000000000000 ) ) ;
#260 =( GEOMETRIC_REPRESENTATION_CONTEXT ( 3 ) GLOBAL_UNCERTAINTY_ASSIGNED_CONTEXT ( ( #2201 ) ) GLOBAL_UNIT_ASSIGNED_CONTEXT ( ( #713, #2514, #1541 ) ) REPRESENTATION_CONTEXT ( 'NONE', 'WORKASPACE' ) );
#261 = DIRECTION ( 'NONE',  ( 1.000000000000000000, 0.000000000000000000, 1.327637987767512773E-15 ) ) ;
#262 = CARTESIAN_POINT ( 'NONE',  ( 3.849581926208192950, 0.7270298832286908874, -1.507440681492546064 ) ) ;
#263 = ORIENTED_EDGE ( 'NONE', *, *, #932, .T. ) ;
#264 = AXIS2_PLACEMENT_3D ( 'NONE', #652, #2573, #1630 ) ;
#265 = CARTESIAN_POINT ( 'NONE',  ( 3.180347818318411512, 1.925000000070364425, -1.508571428570475215 ) ) ;
#266 = CARTESIAN_POINT ( 'NONE',  ( 0.000000000000000000, 0.000000000000000000, -3.000000000000000444 ) ) ;
#267 = VERTEX_POINT ( 'NONE', #2160 ) ;
#268 = DIRECTION ( 'NONE',  ( 0.000000000000000000, 0.000000000000000000, 1.000000000000000000 ) ) ;
#269 =( GEOMETRIC_REPRESENTATION_CONTEXT ( 3 ) GLOBAL_UNCERTAINTY_ASSIGNED_CONTEXT ( ( #2161 ) ) GLOBAL_UNIT_ASSIGNED_CONTEXT ( ( #1930, #1376, #2578 ) ) REPRESENTATION_CONTEXT ( 'NONE', 'WORKASPACE' ) );
#270 = EDGE_CURVE ( 'NONE', #413, #2252, #703, .T. ) ;
#271 =( LENGTH_UNIT ( ) NAMED_UNIT ( * ) SI_UNIT ( .MILLI., .METRE. ) );
#272 =( NAMED_UNIT ( * ) SI_UNIT ( $, .STERADIAN. ) SOLID_ANGLE_UNIT ( ) );
#273 = VERTEX_POINT ( 'NONE', #136 ) ;
#274 = SURFACE_SIDE_STYLE ('',( #2045 ) ) ;
#275 =( LENGTH_UNIT ( ) NAMED_UNIT ( * ) SI_UNIT ( .MILLI., .METRE. ) );
#276 = EDGE_CURVE ( 'NONE', #1197, #2002, #888, .T. ) ;
#277 = ORIENTED_EDGE ( 'NONE', *, *, #380, .T. ) ;
#278 = PRESENTATION_LAYER_ASSIGNMENT (  '', '', ( #2082 ) ) ;
#279 = ORIENTED_EDGE ( 'NONE', *, *, #2326, .F. ) ;
#280 = CARTESIAN_POINT ( 'NONE',  ( 1.750000000000000000, 0.4500000000000000111, 0.000000000000000000 ) ) ;
#281 = FILL_AREA_STYLE_COLOUR ( '', #3 ) ;
#282 =( NAMED_UNIT ( * ) SI_UNIT ( $, .STERADIAN. ) SOLID_ANGLE_UNIT ( ) );
#283 = ADVANCED_FACE ( 'NONE', ( #230 ), #1230, .T. ) ;
#284 = DIRECTION ( 'NONE',  ( 0.000000000000000000, 0.000000000000000000, 1.000000000000000000 ) ) ;
#285 = VECTOR ( 'NONE', #978, 1000.000000000000000 ) ;
#286 = FILL_AREA_STYLE ('',( #2434 ) ) ;
#287 = DIRECTION ( 'NONE',  ( 0.000000000000000000, 0.000000000000000000, 1.000000000000000000 ) ) ;
#288 = DIRECTION ( 'NONE',  ( 0.000000000000000000, 0.000000000000000000, 1.000000000000000000 ) ) ;
#289 = ORIENTED_EDGE ( 'NONE', *, *, #909, .F. ) ;
#290 = COLOUR_RGB ( '',0.2509803921568627416, 0.2509803921568627416, 0.2509803921568627416 ) ;
#291 = ADVANCED_FACE ( 'NONE', ( #829 ), #1994, .T. ) ;
#292 = EDGE_CURVE ( 'NONE', #2424, #1759, #2400, .T. ) ;
#293 = VERTEX_POINT ( 'NONE', #391 ) ;
#294 = DIRECTION ( 'NONE',  ( 0.000000000000000000, 1.000000000000000000, 0.000000000000000000 ) ) ;
#295 = CARTESIAN_POINT ( 'NONE',  ( -1.750000000000000000, -0.09999999999999999167, 1.000000000000000000 ) ) ;
#296 = FILL_AREA_STYLE ('',( #2294 ) ) ;
#297 =( LENGTH_UNIT ( ) NAMED_UNIT ( * ) SI_UNIT ( .MILLI., .METRE. ) );
#298 = DIRECTION ( 'NONE',  ( 0.000000000000000000, 0.000000000000000000, -1.000000000000000000 ) ) ;
#299 = VECTOR ( 'NONE', #1763, 1000.000000000000000 ) ;
#300 = FILL_AREA_STYLE ('',( #45 ) ) ;
#301 = SURFACE_STYLE_FILL_AREA ( #630 ) ;
#302 = ORIENTED_EDGE ( 'NONE', *, *, #135, .T. ) ;
#303 = MECHANICAL_DESIGN_GEOMETRIC_PRESENTATION_REPRESENTATION (  '', ( #478 ), #1591 ) ;
#304 = EDGE_CURVE ( 'NONE', #2592, #2577, #2289, .T. ) ;
#305 = CIRCLE ( 'NONE', #763, 2.749999999987490895 ) ;
#306 = DIRECTION ( 'NONE',  ( 0.000000000000000000, 0.000000000000000000, -1.000000000000000000 ) ) ;
#307 = B_SPLINE_CURVE_WITH_KNOTS ( 'NONE', 3,
 ( #1758, #119, #344, #1129, #921, #1516, #1103, #1909, #1922, #913, #1712, #1937, #2506, #2520, #1523, #1733, #1531, #2532 ),
 .UNSPECIFIED., .F., .F.,
 ( 4, 2, 2, 2, 2, 2, 2, 2, 4 ),
 ( 0.000000000000000000, 0.1249999999999979461, 0.1874999999999956146, 0.2187499999999944766, 0.2499999999999932832, 0.3749999999999959477, 0.4374999999999981681, 0.5000000000000004441, 1.000000000000000000 ),
 .UNSPECIFIED. ) ;
#308 = SURFACE_STYLE_USAGE ( .BOTH. , #1271 ) ;
#309 = CARTESIAN_POINT ( 'NONE',  ( 1.750000000000000000, 0.4000000000000000222, 0.000000000000000000 ) ) ;
#310 = MECHANICAL_DESIGN_GEOMETRIC_PRESENTATION_REPRESENTATION (  '', ( #2426 ), #2068 ) ;
#311 = SURFACE_STYLE_FILL_AREA ( #1669 ) ;
#312 = DIRECTION ( 'NONE',  ( -0.000000000000000000, -1.000000000000000000, -0.000000000000000000 ) ) ;
#313 =( LENGTH_UNIT ( ) NAMED_UNIT ( * ) SI_UNIT ( .MILLI., .METRE. ) );
#314 = CIRCLE ( 'NONE', #2350, 2.799999999999999822 ) ;
#315 = AXIS2_PLACEMENT_3D ( 'NONE', #2097, #316, #1311 ) ;
#316 = DIRECTION ( 'NONE',  ( -0.000000000000000000, -1.000000000000000000, -0.000000000000000000 ) ) ;
#317 = DIRECTION ( 'NONE',  ( 0.000000000000000000, -1.000000000000000000, 0.000000000000000000 ) ) ;
#318 = DIRECTION ( 'NONE',  ( -0.000000000000000000, -1.000000000000000000, -0.000000000000000000 ) ) ;
#319 = EDGE_CURVE ( 'NONE', #257, #1015, #617, .T. ) ;
#320 = VERTEX_POINT ( 'NONE', #1210 ) ;
#321 = CARTESIAN_POINT ( 'NONE',  ( 3.713640153351071227, 11.82369336375180779, -1.505911618131576812 ) ) ;
#322 = LINE ( 'NONE', #1913, #537 ) ;
#323 = SURFACE_SIDE_STYLE ('',( #1471 ) ) ;
#324 = AXIS2_PLACEMENT_3D ( 'NONE', #704, #1853, #840 ) ;
#325 = TOROIDAL_SURFACE ( 'NONE', #984, 3.600000000036846615, 0.5000000000000000000 ) ;
#326 = PRESENTATION_LAYER_ASSIGNMENT (  '', '', ( #535 ) ) ;
#327 = STYLED_ITEM ( 'NONE', ( #791 ), #2133 ) ;
#328 = DIRECTION ( 'NONE',  ( 0.000000000000000000, -1.000000000000000000, 0.000000000000000000 ) ) ;
#329 = FILL_AREA_STYLE ('',( #741 ) ) ;
#330 = ORIENTED_EDGE ( 'NONE', *, *, #1916, .F. ) ;
#331 = AXIS2_PLACEMENT_3D ( 'NONE', #1251, #2081, #284 ) ;
#332 = CARTESIAN_POINT ( 'NONE',  ( 3.350465638574284366, 12.02000000000000135, -1.501141792283863019 ) ) ;
#333 = UNCERTAINTY_MEASURE_WITH_UNIT (LENGTH_MEASURE( 1.000000000000000082E-05 ), #666, 'distance_accuracy_value', 'NONE');
#334 = AXIS2_PLACEMENT_3D ( 'NONE', #1300, #100, #130 ) ;
#335 = CARTESIAN_POINT ( 'NONE',  ( 1.750000000000000000, -2.149999999999999911, 0.2999999999999998779 ) ) ;
#336 = CARTESIAN_POINT ( 'NONE',  ( -1.750000000000000000, -2.149999999999999911, 0.2999999999999996558 ) ) ;
#337 = ADVANCED_FACE ( 'NONE', ( #1424 ), #1827, .T. ) ;
#338 = LINE ( 'NONE', #943, #2572 ) ;
#339 = CIRCLE ( 'NONE', #793, 0.2999999999999996558 ) ;
#340 = FILL_AREA_STYLE_COLOUR ( '', #2267 ) ;
#341 = MECHANICAL_DESIGN_GEOMETRIC_PRESENTATION_REPRESENTATION (  '', ( #1465 ), #2115 ) ;
#342 = DIRECTION ( 'NONE',  ( -0.000000000000000000, -1.000000000000000000, -0.000000000000000000 ) ) ;
#343 = PRESENTATION_STYLE_ASSIGNMENT (( #920 ) ) ;
#344 = CARTESIAN_POINT ( 'NONE',  ( 3.348617894367078573, 12.01634138665201945, 1.501130243717467394 ) ) ;
#345 = ORIENTED_EDGE ( 'NONE', *, *, #1321, .T. ) ;
#346 = FILL_AREA_STYLE ('',( #2144 ) ) ;
#347 =( GEOMETRIC_REPRESENTATION_CONTEXT ( 3 ) GLOBAL_UNCERTAINTY_ASSIGNED_CONTEXT ( ( #1589 ) ) GLOBAL_UNIT_ASSIGNED_CONTEXT ( ( #1283, #1142, #585 ) ) REPRESENTATION_CONTEXT ( 'NONE', 'WORKASPACE' ) );
#348 = CARTESIAN_POINT ( 'NONE',  ( 0.000000000000000000, 0.4000000000000000222, -3.000000000000000444 ) ) ;
#349 = AXIS2_PLACEMENT_3D ( 'NONE', #757, #317, #118 ) ;
#350 = FACE_OUTER_BOUND ( 'NONE', #1440, .T. ) ;
#351 = COLOUR_RGB ( '',0.2509803921568627416, 0.2509803921568627416, 0.2509803921568627416 ) ;
#352 = SURFACE_SIDE_STYLE ('',( #183 ) ) ;
#353 = DIRECTION ( 'NONE',  ( -0.000000000000000000, 1.000000000000000000, -0.000000000000000000 ) ) ;
#354 = ADVANCED_FACE ( 'NONE', ( #428 ), #171, .T. ) ;
#355 = COLOUR_RGB ( '',0.2509803921568627416, 0.2509803921568627416, 0.2509803921568627416 ) ;
#356 = CARTESIAN_POINT ( 'NONE',  ( 3.709770962287160412, 2.764802130972797478, -1.506336612440908329 ) ) ;
#357 = CARTESIAN_POINT ( 'NONE',  ( 0.000000000000000000, 11.50000000000000000, 0.000000000000000000 ) ) ;
#358 = ORIENTED_EDGE ( 'NONE', *, *, #1208, .F. ) ;
#359 = CIRCLE ( 'NONE', #976, 0.5000000000000000000 ) ;
#360 =( NAMED_UNIT ( * ) SI_UNIT ( $, .STERADIAN. ) SOLID_ANGLE_UNIT ( ) );
#361 = UNCERTAINTY_MEASURE_WITH_UNIT (LENGTH_MEASURE( 1.000000000000000082E-05 ), #1422, 'distance_accuracy_value', 'NONE');
#362 =( LENGTH_UNIT ( ) NAMED_UNIT ( * ) SI_UNIT ( .MILLI., .METRE. ) );
#363 = FILL_AREA_STYLE ('',( #2324 ) ) ;
#364 = DIRECTION ( 'NONE',  ( 0.000000000000000000, 0.000000000000000000, 1.000000000000000000 ) ) ;
#365 = VERTEX_POINT ( 'NONE', #335 ) ;
#366 = SURFACE_STYLE_USAGE ( .BOTH. , #1974 ) ;
#367 = EDGE_CURVE ( 'NONE', #2464, #1583, #1876, .T. ) ;
#368 = SURFACE_STYLE_USAGE ( .BOTH. , #352 ) ;
#369 = FILL_AREA_STYLE ('',( #1754 ) ) ;
#370 = AXIS2_PLACEMENT_3D ( 'NONE', #2497, #864, #63 ) ;
#371 = ORIENTED_EDGE ( 'NONE', *, *, #828, .T. ) ;
#372 = PRESENTATION_LAYER_ASSIGNMENT (  '', '', ( #2282 ) ) ;
#373 = SURFACE_STYLE_FILL_AREA ( #329 ) ;
#374 = ORIENTED_EDGE ( 'NONE', *, *, #1586, .T. ) ;
#375 = UNCERTAINTY_MEASURE_WITH_UNIT (LENGTH_MEASURE( 1.000000000000000082E-05 ), #2184, 'distance_accuracy_value', 'NONE');
#376 = SURFACE_STYLE_FILL_AREA ( #1761 ) ;
#377 =( GEOMETRIC_REPRESENTATION_CONTEXT ( 3 ) GLOBAL_UNCERTAINTY_ASSIGNED_CONTEXT ( ( #926 ) ) GLOBAL_UNIT_ASSIGNED_CONTEXT ( ( #1738, #2352, #1726 ) ) REPRESENTATION_CONTEXT ( 'NONE', 'WORKASPACE' ) );
#378 = CARTESIAN_POINT ( 'NONE',  ( 3.819483346427399617, 11.63844085944674056, -1.507215773286128657 ) ) ;
#379 = CIRCLE ( 'NONE', #2363, 0.5999999999999999778 ) ;
#380 = EDGE_CURVE ( 'NONE', #273, #413, #126, .T. ) ;
#381 = STYLED_ITEM ( 'NONE', ( #2198 ), #1389 ) ;
#382 = DIRECTION ( 'NONE',  ( 0.000000000000000000, 0.000000000000000000, 1.000000000000000000 ) ) ;
#383 =( GEOMETRIC_REPRESENTATION_CONTEXT ( 3 ) GLOBAL_UNCERTAINTY_ASSIGNED_CONTEXT ( ( #1776 ) ) GLOBAL_UNIT_ASSIGNED_CONTEXT ( ( #313, #1892, #2296 ) ) REPRESENTATION_CONTEXT ( 'NONE', 'WORKASPACE' ) );
#384 = CARTESIAN_POINT ( 'NONE',  ( 1.750000000000000000, 0.4000000000000000222, 0.5999999999999995337 ) ) ;
#385 = DIRECTION ( 'NONE',  ( 0.000000000000000000, 0.000000000000000000, -1.000000000000000000 ) ) ;
#386 =( NAMED_UNIT ( * ) PLANE_ANGLE_UNIT ( ) SI_UNIT ( $, .RADIAN. ) );
#387 =( LENGTH_UNIT ( ) NAMED_UNIT ( * ) SI_UNIT ( .MILLI., .METRE. ) );
#388 = EDGE_LOOP ( 'NONE', ( #2521, #1, #2396, #1783 ) ) ;
#389 = FILL_AREA_STYLE_COLOUR ( '', #431 ) ;
#390 = LINE ( 'NONE', #1192, #1007 ) ;
#391 = CARTESIAN_POINT ( 'NONE',  ( 2.330940369705265969, 0.4000000000000000222, 1.459183673455226371 ) ) ;
#392 = EDGE_CURVE ( 'NONE', #426, #1988, #2251, .T. ) ;
#393 = PRESENTATION_STYLE_ASSIGNMENT (( #2376 ) ) ;
#394 = CIRCLE ( 'NONE', #1131, 0.2999999999999998779 ) ;
#395 = ORIENTED_EDGE ( 'NONE', *, *, #2326, .T. ) ;
#396 = EDGE_CURVE ( 'NONE', #994, #222, #379, .T. ) ;
#397 = MECHANICAL_DESIGN_GEOMETRIC_PRESENTATION_REPRESENTATION (  '', ( #47 ), #1053 ) ;
#398 = ORIENTED_EDGE ( 'NONE', *, *, #2319, .T. ) ;
#399 = CARTESIAN_POINT ( 'NONE',  ( -1.750000000000000000, 0.4500000000000000111, -0.2999999999999997113 ) ) ;
#400 = SURFACE_SIDE_STYLE ('',( #210 ) ) ;
#401 = AXIS2_PLACEMENT_3D ( 'NONE', #2314, #2472, #533 ) ;
#402 = EDGE_LOOP ( 'NONE', ( #1558, #448, #1887, #208 ) ) ;
#403 = UNCERTAINTY_MEASURE_WITH_UNIT (LENGTH_MEASURE( 1.000000000000000082E-05 ), #1371, 'distance_accuracy_value', 'NONE');
#404 =( LENGTH_UNIT ( ) NAMED_UNIT ( * ) SI_UNIT ( .MILLI., .METRE. ) );
#405 =( LENGTH_UNIT ( ) NAMED_UNIT ( * ) SI_UNIT ( .MILLI., .METRE. ) );
#406 = EDGE_CURVE ( 'NONE', #2078, #2550, #2493, .T. ) ;
#407 = SURFACE_SIDE_STYLE ('',( #2576 ) ) ;
#408 = ORIENTED_EDGE ( 'NONE', *, *, #2048, .T. ) ;
#409 = FILL_AREA_STYLE ('',( #2052 ) ) ;
#410 = ORIENTED_EDGE ( 'NONE', *, *, #2108, .F. ) ;
#411 = ADVANCED_FACE ( 'NONE', ( #1829 ), #1867, .T. ) ;
#412 = CARTESIAN_POINT ( 'NONE',  ( 5.388445916317711650E-16, 1.925000000070364425, 4.400000000056635052 ) ) ;
#413 = VERTEX_POINT ( 'NONE', #71 ) ;
#414 = SURFACE_SIDE_STYLE ('',( #226 ) ) ;
#415 = CIRCLE ( 'NONE', #1071, 4.100000000036846615 ) ;
#416 = DIRECTION ( 'NONE',  ( 0.000000000000000000, 0.000000000000000000, -1.000000000000000000 ) ) ;
#417 = AXIS2_PLACEMENT_3D ( 'NONE', #2064, #847, #1806 ) ;
#418 = DIRECTION ( 'NONE',  ( -0.000000000000000000, 1.000000000000000000, -0.000000000000000000 ) ) ;
#419 = DIRECTION ( 'NONE',  ( 0.000000000000000000, -0.000000000000000000, 1.000000000000000000 ) ) ;
#420 = EDGE_LOOP ( 'NONE', ( #2392, #675, #2309, #2012 ) ) ;
#421 = DIRECTION ( 'NONE',  ( -0.000000000000000000, 1.000000000000000000, -0.000000000000000000 ) ) ;
#422 = FACE_BOUND ( 'NONE', #106, .T. ) ;
#423 = MECHANICAL_DESIGN_GEOMETRIC_PRESENTATION_REPRESENTATION (  '', ( #991 ), #207 ) ;
#424 = EDGE_LOOP ( 'NONE', ( #980, #2263, #1148, #570 ) ) ;
#425 = CARTESIAN_POINT ( 'NONE',  ( 0.000000000000000000, 0.4000000000000000222, 0.000000000000000000 ) ) ;
#426 = VERTEX_POINT ( 'NONE', #842 ) ;
#427 =( NAMED_UNIT ( * ) PLANE_ANGLE_UNIT ( ) SI_UNIT ( $, .RADIAN. ) );
#428 = FACE_OUTER_BOUND ( 'NONE', #469, .T. ) ;
#429 = STYLED_ITEM ( 'NONE', ( #1396 ), #1694 ) ;
#430 = SURFACE_SIDE_STYLE ('',( #2575 ) ) ;
#431 = COLOUR_RGB ( '',0.2509803921568627416, 0.2509803921568627416, 0.2509803921568627416 ) ;
#432 = SURFACE_STYLE_FILL_AREA ( #10 ) ;
#433 = VECTOR ( 'NONE', #952, 1000.000000000000000 ) ;
#434 = ORIENTED_EDGE ( 'NONE', *, *, #2419, .T. ) ;
#435 = CARTESIAN_POINT ( 'NONE',  ( 3.287671461955834484, 1.523737845134465418, 1.507415552135793924 ) ) ;
#436 = TOROIDAL_SURFACE ( 'NONE', #1931, 3.416195264012948485, 0.6838047360238982408 ) ;
#437 = CIRCLE ( 'NONE', #264, 3.000000000000000444 ) ;
#438 =( NAMED_UNIT ( * ) SI_UNIT ( $, .STERADIAN. ) SOLID_ANGLE_UNIT ( ) );
#439 = ORIENTED_EDGE ( 'NONE', *, *, #1122, .F. ) ;
#440 = DIRECTION ( 'NONE',  ( -1.000000000000000000, 0.000000000000000000, -2.032348231608532942E-11 ) ) ;
#441 = CARTESIAN_POINT ( 'NONE',  ( 0.000000000000000000, 0.4000000000000000222, 0.000000000000000000 ) ) ;
#442 = DIRECTION ( 'NONE',  ( 0.000000000000000000, -1.000000000000000000, 0.000000000000000000 ) ) ;
#443 = DIRECTION ( 'NONE',  ( -1.000000000000000000, 0.000000000000000000, 0.000000000000000000 ) ) ;
#444 = CIRCLE ( 'NONE', #1898, 1.000000000000000000 ) ;
#445 = DIRECTION ( 'NONE',  ( -0.000000000000000000, 1.000000000000000000, -0.000000000000000000 ) ) ;
#446 = AXIS2_PLACEMENT_3D ( 'NONE', #1529, #342, #1128 ) ;
#447 = CARTESIAN_POINT ( 'NONE',  ( 1.750000000000000000, 1.050000000000000044, -0.5999999999999995337 ) ) ;
#448 = ORIENTED_EDGE ( 'NONE', *, *, #2525, .F. ) ;
#449 = SURFACE_STYLE_FILL_AREA ( #247 ) ;
#450 = PLANE ( 'NONE',  #1342 ) ;
#451 =( LENGTH_UNIT ( ) NAMED_UNIT ( * ) SI_UNIT ( .MILLI., .METRE. ) );
#452 =( NAMED_UNIT ( * ) PLANE_ANGLE_UNIT ( ) SI_UNIT ( $, .RADIAN. ) );
#453 = FACE_OUTER_BOUND ( 'NONE', #766, .T. ) ;
#454 = FACE_OUTER_BOUND ( 'NONE', #1588, .T. ) ;
#455 = CIRCLE ( 'NONE', #324, 0.8999999999739867196 ) ;
#456 = ADVANCED_FACE ( 'NONE', ( #2227 ), #1266, .T. ) ;
#457 = ORIENTED_EDGE ( 'NONE', *, *, #276, .T. ) ;
#458 = COLOUR_RGB ( '',0.9607843137254902244, 0.9607843137254902244, 0.7843137254901960675 ) ;
#459 = DIRECTION ( 'NONE',  ( 0.000000000000000000, 0.000000000000000000, -1.000000000000000000 ) ) ;
#460 = DIRECTION ( 'NONE',  ( 0.000000000000000000, -1.000000000000000000, 0.000000000000000000 ) ) ;
#461 = EDGE_LOOP ( 'NONE', ( #1354, #1270, #434, #2278, #1495 ) ) ;
#462 = CARTESIAN_POINT ( 'NONE',  ( 3.482663953888835984, 1.282398774830181942, 1.505455020585654724 ) ) ;
#463 =( NAMED_UNIT ( * ) SI_UNIT ( $, .STERADIAN. ) SOLID_ANGLE_UNIT ( ) );
#464 = CYLINDRICAL_SURFACE ( 'NONE', #331, 2.749999999987490895 ) ;
#465 = AXIS2_PLACEMENT_3D ( 'NONE', #1302, #1711, #2139 ) ;
#466 = FILL_AREA_STYLE_COLOUR ( '', #1864 ) ;
#467 = COLOUR_RGB ( '',0.9607843137254902244, 0.9607843137254902244, 0.7843137254901960675 ) ;
#468 = DIRECTION ( 'NONE',  ( 0.000000000000000000, 0.000000000000000000, -1.000000000000000000 ) ) ;
#469 = EDGE_LOOP ( 'NONE', ( #51, #1807, #2320, #174 ) ) ;
#470 = AXIS2_PLACEMENT_3D ( 'NONE', #1819, #1805, #288 ) ;
#471 = COLOUR_RGB ( '',0.000000000000000000, 0.5019607843137254832, 0.5019607843137254832 ) ;
#472 = PRESENTATION_STYLE_ASSIGNMENT (( #1021 ) ) ;
#473 = VERTEX_POINT ( 'NONE', #228 ) ;
#474 = CARTESIAN_POINT ( 'NONE',  ( 0.000000000000000000, 0.000000000000000000, -4.100000000036846615 ) ) ;
#475 = EDGE_CURVE ( 'NONE', #13, #293, #638, .T. ) ;
#476 = CARTESIAN_POINT ( 'NONE',  ( -2.076655965710605400, -0.09999999999999999167, -1.300000000006638290 ) ) ;
#477 = FILL_AREA_STYLE_COLOUR ( '', #1235 ) ;
#478 = STYLED_ITEM ( 'NONE', ( #1736 ), #1057 ) ;
#479 = CARTESIAN_POINT ( 'NONE',  ( -2.076655965700000106, -0.09999999999999999167, 0.9999999999999995559 ) ) ;
#480 =( GEOMETRIC_REPRESENTATION_CONTEXT ( 3 ) GLOBAL_UNCERTAINTY_ASSIGNED_CONTEXT ( ( #2335 ) ) GLOBAL_UNIT_ASSIGNED_CONTEXT ( ( #2495, #510, #1094 ) ) REPRESENTATION_CONTEXT ( 'NONE', 'WORKASPACE' ) );
#481 = PRESENTATION_STYLE_ASSIGNMENT (( #1435 ) ) ;
#482 = ORIENTED_EDGE ( 'NONE', *, *, #276, .F. ) ;
#483 = PRESENTATION_LAYER_ASSIGNMENT (  '', '', ( #1592 ) ) ;
#484 = EDGE_CURVE ( 'NONE', #1869, #2078, #1934, .T. ) ;
#485 = FACE_OUTER_BOUND ( 'NONE', #624, .T. ) ;
#486 = STYLED_ITEM ( 'NONE', ( #393 ), #2508 ) ;
#487 = VERTEX_POINT ( 'NONE', #85 ) ;
#488 = CARTESIAN_POINT ( 'NONE',  ( 0.000000000000000000, 0.000000000000000000, 0.000000000000000000 ) ) ;
#489 = VECTOR ( 'NONE', #1335, 1000.000000000000000 ) ;
#490 = SURFACE_STYLE_USAGE ( .BOTH. , #689 ) ;
#491 = FACE_OUTER_BOUND ( 'NONE', #1811, .T. ) ;
#492 = VERTEX_POINT ( 'NONE', #1116 ) ;
#493 = EDGE_CURVE ( 'NONE', #1361, #2332, #314, .T. ) ;
#494 = FILL_AREA_STYLE_COLOUR ( '', #184 ) ;
#495 =( NAMED_UNIT ( * ) PLANE_ANGLE_UNIT ( ) SI_UNIT ( $, .RADIAN. ) );
#496 = EDGE_LOOP ( 'NONE', ( #1585, #195, #2366, #2186 ) ) ;
#497 = AXIS2_PLACEMENT_3D ( 'NONE', #1248, #421, #1638 ) ;
#498 = COLOUR_RGB ( '',0.7803921568627451011, 0.7607843137254901578, 0.7411764705882353255 ) ;
#499 = ORIENTED_EDGE ( 'NONE', *, *, #392, .T. ) ;
#500 = DIRECTION ( 'NONE',  ( 0.000000000000000000, 0.000000000000000000, -1.000000000000000000 ) ) ;
#501 = CARTESIAN_POINT ( 'NONE',  ( -1.750000000000000000, 0.4500000000000000111, 0.000000000000000000 ) ) ;
#502 = VECTOR ( 'NONE', #200, 1000.000000000000000 ) ;
#503 = CARTESIAN_POINT ( 'NONE',  ( 0.000000000000000000, 0.000000000000000000, 0.000000000000000000 ) ) ;
#504 = DIRECTION ( 'NONE',  ( 0.000000000000000000, 0.000000000000000000, 1.000000000000000000 ) ) ;
#505 = CARTESIAN_POINT ( 'NONE',  ( 1.750000000000000000, 0.4500000000000000111, 0.000000000000000000 ) ) ;
#506 = CARTESIAN_POINT ( 'NONE',  ( 3.188161224635022162, 2.054200763444710809, -1.508361550273259910 ) ) ;
#507 = CARTESIAN_POINT ( 'NONE',  ( 3.765310549096267501, 1.013262915866858904, -1.506808842252169711 ) ) ;
#508 = VERTEX_POINT ( 'NONE', #1920 ) ;
#509 = AXIS2_PLACEMENT_3D ( 'NONE', #116, #2340, #933 ) ;
#510 =( NAMED_UNIT ( * ) PLANE_ANGLE_UNIT ( ) SI_UNIT ( $, .RADIAN. ) );
#511 = CARTESIAN_POINT ( 'NONE',  ( 1.750000000000000000, 0.4500000000000000111, 0.000000000000000000 ) ) ;
#512 = LINE ( 'NONE', #1112, #2513 ) ;
#513 =( GEOMETRIC_REPRESENTATION_CONTEXT ( 3 ) GLOBAL_UNCERTAINTY_ASSIGNED_CONTEXT ( ( #963 ) ) GLOBAL_UNIT_ASSIGNED_CONTEXT ( ( #2479, #35, #831 ) ) REPRESENTATION_CONTEXT ( 'NONE', 'WORKASPACE' ) );
#514 = CARTESIAN_POINT ( 'NONE',  ( 0.000000000000000000, 3.166195263962105599, 0.000000000000000000 ) ) ;
#515 = SURFACE_STYLE_USAGE ( .BOTH. , #1127 ) ;
#516 = MECHANICAL_DESIGN_GEOMETRIC_PRESENTATION_REPRESENTATION (  '', ( #2548 ), #2420 ) ;
#517 = CARTESIAN_POINT ( 'NONE',  ( 4.443720545682972358E-16, -2.873135757086586750E-14, 3.416195264053370373 ) ) ;
#518 = DIRECTION ( 'NONE',  ( -0.000000000000000000, -1.000000000000000000, -0.000000000000000000 ) ) ;
#519 = ORIENTED_EDGE ( 'NONE', *, *, #2419, .F. ) ;
#520 = STYLED_ITEM ( 'NONE', ( #628 ), #1080 ) ;
#521 = CIRCLE ( 'NONE', #854, 1.000000000000000000 ) ;
#522 = UNCERTAINTY_MEASURE_WITH_UNIT (LENGTH_MEASURE( 1.000000000000000082E-05 ), #753, 'distance_accuracy_value', 'NONE');
#523 = SURFACE_SIDE_STYLE ('',( #2272 ) ) ;
#524 = PRESENTATION_LAYER_ASSIGNMENT (  '', '', ( #1135 ) ) ;
#525 = PLANE ( 'NONE',  #2254 ) ;
#526 = STYLED_ITEM ( 'NONE', ( #1698 ), #558 ) ;
#527 = CARTESIAN_POINT ( 'NONE',  ( 3.333246863659784953, 2.410381740755220825, -1.506939771008220186 ) ) ;
#528 = CARTESIAN_POINT ( 'NONE',  ( 3.618750894156667286, 0.1904081001943163931, 1.505518359433499986 ) ) ;
#529 = ORIENTED_EDGE ( 'NONE', *, *, #270, .T. ) ;
#530 = SURFACE_SIDE_STYLE ('',( #2570 ) ) ;
#531 = EDGE_CURVE ( 'NONE', #1197, #1838, #1646, .T. ) ;
#532 = CARTESIAN_POINT ( 'NONE',  ( 3.497741717321822819, 11.97707860613895292, -1.503145562412431024 ) ) ;
#533 = DIRECTION ( 'NONE',  ( 0.000000000000000000, 0.000000000000000000, -1.000000000000000000 ) ) ;
#534 = TOROIDAL_SURFACE ( 'NONE', #1824, 3.600000000036846615, 0.5000000000000000000 ) ;
#535 = STYLED_ITEM ( 'NONE', ( #2258 ), #939 ) ;
#536 = DIRECTION ( 'NONE',  ( 0.000000000000000000, -1.000000000000000000, 0.000000000000000000 ) ) ;
#537 = VECTOR ( 'NONE', #124, 1000.000000000000000 ) ;
#538 = SURFACE_STYLE_FILL_AREA ( #732 ) ;
#539 = CARTESIAN_POINT ( 'NONE',  ( 1.750000000000000222, 0.1999999999999999833, 1.000000000000000000 ) ) ;
#540 = CARTESIAN_POINT ( 'NONE',  ( 0.000000000000000000, 0.4000000000000000222, 0.000000000000000000 ) ) ;
#541 = VERTEX_POINT ( 'NONE', #1492 ) ;
#542 =( NAMED_UNIT ( * ) SI_UNIT ( $, .STERADIAN. ) SOLID_ANGLE_UNIT ( ) );
#543 = UNCERTAINTY_MEASURE_WITH_UNIT (LENGTH_MEASURE( 1.000000000000000082E-05 ), #1414, 'distance_accuracy_value', 'NONE');
#544 = PRESENTATION_STYLE_ASSIGNMENT (( #159 ) ) ;
#545 = EDGE_CURVE ( 'NONE', #1190, #14, #142, .T. ) ;
#546 = SURFACE_SIDE_STYLE ('',( #1171 ) ) ;
#547 = DIRECTION ( 'NONE',  ( 0.000000000000000000, 1.000000000000000000, 0.000000000000000000 ) ) ;
#548 = CARTESIAN_POINT ( 'NONE',  ( 0.000000000000000000, -0.02000000000001436740, 0.000000000000000000 ) ) ;
#549 = CIRCLE ( 'NONE', #128, 0.2999999999999999334 ) ;
#550 = PRESENTATION_STYLE_ASSIGNMENT (( #2153 ) ) ;
#551 =( GEOMETRIC_REPRESENTATION_CONTEXT ( 3 ) GLOBAL_UNCERTAINTY_ASSIGNED_CONTEXT ( ( #584 ) ) GLOBAL_UNIT_ASSIGNED_CONTEXT ( ( #297, #1262, #272 ) ) REPRESENTATION_CONTEXT ( 'NONE', 'WORKASPACE' ) );
#552 = CARTESIAN_POINT ( 'NONE',  ( 3.636978731072458615, 2.680268638949141025, -1.505668936108250699 ) ) ;
#553 = CARTESIAN_POINT ( 'NONE',  ( 3.560207777607125479, 0.1415483044750623642, 1.504978220935490940 ) ) ;
#554 = DIRECTION ( 'NONE',  ( 0.000000000000000000, 0.000000000000000000, 1.000000000000000000 ) ) ;
#555 = ORIENTED_EDGE ( 'NONE', *, *, #1115, .T. ) ;
#556 = FILL_AREA_STYLE ('',( #1486 ) ) ;
#557 = CARTESIAN_POINT ( 'NONE',  ( 0.000000000000000000, -0.02000000000001436740, -1.500000000000000000 ) ) ;
#558 = ADVANCED_FACE ( 'NONE', ( #1719 ), #773, .T. ) ;
#559 = DIRECTION ( 'NONE',  ( -0.000000000000000000, 1.000000000000000000, -0.000000000000000000 ) ) ;
#560 = LINE ( 'NONE', #1946, #1430 ) ;
#561 = VECTOR ( 'NONE', #639, 1000.000000000000000 ) ;
#562 = CYLINDRICAL_SURFACE ( 'NONE', #577, 0.5999999999999995337 ) ;
#563 = CARTESIAN_POINT ( 'NONE',  ( 3.180348106676801123, 1.862404451052997567, 1.508570759649279225 ) ) ;
#564 = VECTOR ( 'NONE', #1511, 1000.000000000000000 ) ;
#565 =( LENGTH_UNIT ( ) NAMED_UNIT ( * ) SI_UNIT ( .MILLI., .METRE. ) );
#566 = CIRCLE ( 'NONE', #1390, 0.2999999999999998779 ) ;
#567 = VERTEX_POINT ( 'NONE', #517 ) ;
#568 = CARTESIAN_POINT ( 'NONE',  ( 3.808501301172355191, 2.955021529820683668, -1.507143228147922454 ) ) ;
#569 = CARTESIAN_POINT ( 'NONE',  ( 3.575246205500626662, 0.1533758371895667938, 1.505118183425654399 ) ) ;
#570 = ORIENTED_EDGE ( 'NONE', *, *, #193, .T. ) ;
#571 = EDGE_CURVE ( 'NONE', #1281, #487, #1914, .T. ) ;
#572 = SURFACE_SIDE_STYLE ('',( #2358 ) ) ;
#573 = CARTESIAN_POINT ( 'NONE',  ( -1.750000000000000000, 0.4500000000000000111, 0.2999999999999997113 ) ) ;
#574 = PLANE ( 'NONE',  #1908 ) ;
#575 = ORIENTED_EDGE ( 'NONE', *, *, #2485, .T. ) ;
#576 = VECTOR ( 'NONE', #259, 1000.000000000000000 ) ;
#577 = AXIS2_PLACEMENT_3D ( 'NONE', #1360, #2391, #2591 ) ;
#578 = VERTEX_POINT ( 'NONE', #539 ) ;
#579 = CARTESIAN_POINT ( 'NONE',  ( -1.750000000000000000, 1.050000000000000044, 0.000000000000000000 ) ) ;
#580 = AXIS2_PLACEMENT_3D ( 'NONE', #1391, #2151, #1753 ) ;
#581 =( NAMED_UNIT ( * ) PLANE_ANGLE_UNIT ( ) SI_UNIT ( $, .RADIAN. ) );
#582 = EDGE_CURVE ( 'NONE', #1988, #1714, #700, .T. ) ;
#583 = ORIENTED_EDGE ( 'NONE', *, *, #1368, .F. ) ;
#584 = UNCERTAINTY_MEASURE_WITH_UNIT (LENGTH_MEASURE( 1.000000000000000082E-05 ), #297, 'distance_accuracy_value', 'NONE');
#585 =( NAMED_UNIT ( * ) SI_UNIT ( $, .STERADIAN. ) SOLID_ANGLE_UNIT ( ) );
#586 = FILL_AREA_STYLE ('',( #2230 ) ) ;
#587 = STYLED_ITEM ( 'NONE', ( #748 ), #354 ) ;
#588 = COLOUR_RGB ( '',0.2509803921568627416, 0.2509803921568627416, 0.2509803921568627416 ) ;
#589 = LINE ( 'NONE', #1374, #180 ) ;
#590 = CARTESIAN_POINT ( 'NONE',  ( -1.750000000000000000, 0.4000000000000000222, -0.5999999999999999778 ) ) ;
#591 = EDGE_LOOP ( 'NONE', ( #1517, #2455, #632, #1182 ) ) ;
#592 = AXIS2_PLACEMENT_3D ( 'NONE', #2217, #231, #1019 ) ;
#593 = EDGE_CURVE ( 'NONE', #134, #962, #1324, .T. ) ;
#594 = CARTESIAN_POINT ( 'NONE',  ( 3.834370253551815821, 3.060578097983131407, -1.507317073175333588 ) ) ;
#595 = SURFACE_STYLE_USAGE ( .BOTH. , #400 ) ;
#596 = CIRCLE ( 'NONE', #2056, 3.000000000000000444 ) ;
#597 = ORIENTED_EDGE ( 'NONE', *, *, #2108, .T. ) ;
#598 = FILL_AREA_STYLE_COLOUR ( '', #471 ) ;
#599 = DIRECTION ( 'NONE',  ( -0.000000000000000000, 1.000000000000000000, -0.000000000000000000 ) ) ;
#600 = DIRECTION ( 'NONE',  ( 0.000000000000000000, -1.000000000000000000, 0.000000000000000000 ) ) ;
#601 = EDGE_CURVE ( 'NONE', #1759, #1015, #145, .T. ) ;
#602 = SURFACE_SIDE_STYLE ('',( #1582 ) ) ;
#603 = ORIENTED_EDGE ( 'NONE', *, *, #776, .T. ) ;
#604 =( NAMED_UNIT ( * ) SI_UNIT ( $, .STERADIAN. ) SOLID_ANGLE_UNIT ( ) );
#605 = CARTESIAN_POINT ( 'NONE',  ( 0.000000000000000000, -2.873135757086586750E-14, -3.416195264053370373 ) ) ;
#606 = APPLICATION_CONTEXT ( 'automotive_design' ) ;
#607 = ORIENTED_EDGE ( 'NONE', *, *, #2027, .T. ) ;
#608 = STYLED_ITEM ( 'NONE', ( #865 ), #2240 ) ;
#609 = DIRECTION ( 'NONE',  ( 0.000000000000000000, 0.000000000000000000, -1.000000000000000000 ) ) ;
#610 = SURFACE_STYLE_USAGE ( .BOTH. , #2212 ) ;
#611 = PRESENTATION_LAYER_ASSIGNMENT (  '', '', ( #141 ) ) ;
#612 = ORIENTED_EDGE ( 'NONE', *, *, #1835, .F. ) ;
#613 = UNCERTAINTY_MEASURE_WITH_UNIT (LENGTH_MEASURE( 1.000000000000000082E-05 ), #692, 'distance_accuracy_value', 'NONE');
#614 = CARTESIAN_POINT ( 'NONE',  ( -2.076655965710604512, -0.09999999999999999167, -1.000000000006638912 ) ) ;
#615 = SURFACE_STYLE_FILL_AREA ( #1777 ) ;
#616 = AXIS2_PLACEMENT_3D ( 'NONE', #1896, #1277, #1522 ) ;
#617 = LINE ( 'NONE', #1632, #285 ) ;
#618 = DIRECTION ( 'NONE',  ( -0.000000000000000000, 1.000000000000000000, -0.000000000000000000 ) ) ;
#619 = FILL_AREA_STYLE_COLOUR ( '', #498 ) ;
#620 = ORIENTED_EDGE ( 'NONE', *, *, #1969, .F. ) ;
#621 = DIRECTION ( 'NONE',  ( 0.000000000000000000, 1.000000000000000000, 0.000000000000000000 ) ) ;
#622 = ORIENTED_EDGE ( 'NONE', *, *, #932, .F. ) ;
#623 = FACE_OUTER_BOUND ( 'NONE', #424, .T. ) ;
#624 = EDGE_LOOP ( 'NONE', ( #2507, #2347, #482, #1722 ) ) ;
#625 =( NAMED_UNIT ( * ) PLANE_ANGLE_UNIT ( ) SI_UNIT ( $, .RADIAN. ) );
#626 = MECHANICAL_DESIGN_GEOMETRIC_PRESENTATION_REPRESENTATION (  '', ( #2082 ), #2487 ) ;
#627 = SURFACE_SIDE_STYLE ('',( #376 ) ) ;
#628 = PRESENTATION_STYLE_ASSIGNMENT (( #1618 ) ) ;
#629 = FILL_AREA_STYLE ('',( #990 ) ) ;
#630 = FILL_AREA_STYLE ('',( #1213 ) ) ;
#631 = EDGE_CURVE ( 'NONE', #1992, #2550, #1951, .T. ) ;
#632 = ORIENTED_EDGE ( 'NONE', *, *, #2566, .T. ) ;
#633 = SURFACE_STYLE_USAGE ( .BOTH. , #836 ) ;
#634 = SURFACE_SIDE_STYLE ('',( #1403 ) ) ;
#635 = COLOUR_RGB ( '',0.2509803921568627416, 0.2509803921568627416, 0.2509803921568627416 ) ;
#636 = ORIENTED_EDGE ( 'NONE', *, *, #1321, .F. ) ;
#637 =( LENGTH_UNIT ( ) NAMED_UNIT ( * ) SI_UNIT ( .MILLI., .METRE. ) );
#638 = LINE ( 'NONE', #1227, #2560 ) ;
#639 = DIRECTION ( 'NONE',  ( -1.000000000000000000, -0.000000000000000000, -2.032348231608532619E-11 ) ) ;
#640 = MECHANICAL_DESIGN_GEOMETRIC_PRESENTATION_REPRESENTATION (  '', ( #429 ), #1161 ) ;
#641 = DIRECTION ( 'NONE',  ( 0.000000000000000000, -1.000000000000000000, 0.000000000000000000 ) ) ;
#642 = CARTESIAN_POINT ( 'NONE',  ( 3.180347818387204928, 1.925000367649051025, 1.508571428425624417 ) ) ;
#643 = PRESENTATION_LAYER_ASSIGNMENT (  '', '', ( #1298 ) ) ;
#644 = LINE ( 'NONE', #1836, #1107 ) ;
#645 = EDGE_LOOP ( 'NONE', ( #17, #1083, #2030, #410 ) ) ;
#646 =( LENGTH_UNIT ( ) NAMED_UNIT ( * ) SI_UNIT ( .MILLI., .METRE. ) );
#647 =( NAMED_UNIT ( * ) SI_UNIT ( $, .STERADIAN. ) SOLID_ANGLE_UNIT ( ) );
#648 = MECHANICAL_DESIGN_GEOMETRIC_PRESENTATION_REPRESENTATION (  '', ( #851 ), #260 ) ;
#649 = AXIS2_PLACEMENT_3D ( 'NONE', #1059, #2490, #858 ) ;
#650 = DIRECTION ( 'NONE',  ( 0.000000000000000000, -1.000000000000000000, 0.000000000000000000 ) ) ;
#651 = DIRECTION ( 'NONE',  ( 0.000000000000000000, -1.000000000000000000, 0.000000000000000000 ) ) ;
#652 = CARTESIAN_POINT ( 'NONE',  ( 0.000000000000000000, 0.4000000000000000222, 0.000000000000000000 ) ) ;
#653 = AXIS2_PLACEMENT_3D ( 'NONE', #1520, #1487, #1693 ) ;
#654 = EDGE_CURVE ( 'NONE', #487, #2464, #2275, .T. ) ;
#655 = ORIENTED_EDGE ( 'NONE', *, *, #1984, .T. ) ;
#656 = CARTESIAN_POINT ( 'NONE',  ( 4.408728476975595474E-16, 11.50000000000000000, -3.600000000036846615 ) ) ;
#657 = COLOUR_RGB ( '',0.000000000000000000, 0.5019607843137254832, 0.5019607843137254832 ) ;
#658 = AXIS2_PLACEMENT_3D ( 'NONE', #2114, #328, #1544 ) ;
#659 = UNCERTAINTY_MEASURE_WITH_UNIT (LENGTH_MEASURE( 1.000000000000000082E-05 ), #1695, 'distance_accuracy_value', 'NONE');
#660 = LINE ( 'NONE', #2454, #2571 ) ;
#661 = ORIENTED_EDGE ( 'NONE', *, *, #828, .F. ) ;
#662 = DIRECTION ( 'NONE',  ( -0.000000000000000000, 1.000000000000000000, -0.000000000000000000 ) ) ;
#663 = SURFACE_STYLE_FILL_AREA ( #1431 ) ;
#664 = CARTESIAN_POINT ( 'NONE',  ( -1.750000000000000222, 0.1999999999999999833, -1.000000000000000000 ) ) ;
#665 =( NAMED_UNIT ( * ) PLANE_ANGLE_UNIT ( ) SI_UNIT ( $, .RADIAN. ) );
#666 =( LENGTH_UNIT ( ) NAMED_UNIT ( * ) SI_UNIT ( .MILLI., .METRE. ) );
#667 = EDGE_CURVE ( 'NONE', #487, #273, #1446, .T. ) ;
#668 = CARTESIAN_POINT ( 'NONE',  ( 3.418834429477700443, 0.05607439108524577692, -1.503699338303317479 ) ) ;
#669 = CONICAL_SURFACE ( 'NONE', #2113, 0.2999999999999999334, 0.7853981633974463916 ) ;
#670 = ORIENTED_EDGE ( 'NONE', *, *, #2073, .T. ) ;
#671 = AXIS2_PLACEMENT_3D ( 'NONE', #1948, #536, #151 ) ;
#672 = AXIS2_PLACEMENT_3D ( 'NONE', #1636, #255, #2403 ) ;
#673 = EDGE_CURVE ( 'NONE', #1015, #994, #1378, .T. ) ;
#674 = FILL_AREA_STYLE_COLOUR ( '', #1072 ) ;
#675 = ORIENTED_EDGE ( 'NONE', *, *, #601, .F. ) ;
#676 = DIRECTION ( 'NONE',  ( 0.000000000000000000, 0.000000000000000000, -1.000000000000000000 ) ) ;
#677 =( LENGTH_UNIT ( ) NAMED_UNIT ( * ) SI_UNIT ( .MILLI., .METRE. ) );
#678 = COLOUR_RGB ( '',0.9607843137254902244, 0.9607843137254902244, 0.7843137254901960675 ) ;
#679 = EDGE_CURVE ( 'NONE', #1159, #1244, #2028, .T. ) ;
#680 = DIRECTION ( 'NONE',  ( 1.000000000000000000, -0.000000000000000000, -0.000000000000000000 ) ) ;
#681 = ORIENTED_EDGE ( 'NONE', *, *, #2512, .T. ) ;
#682 = AXIS2_PLACEMENT_3D ( 'NONE', #1408, #1814, #1366 ) ;
#683 = CARTESIAN_POINT ( 'NONE',  ( 3.363264732483406849, 1.410652853666444440, -1.506460421151763152 ) ) ;
#684 = CARTESIAN_POINT ( 'NONE',  ( -2.076655965710605400, 0.4000000000000000222, -1.300000000006638290 ) ) ;
#685 = VERTEX_POINT ( 'NONE', #1978 ) ;
#686 = DIRECTION ( 'NONE',  ( 0.000000000000000000, -1.000000000000000000, 0.000000000000000000 ) ) ;
#687 = LINE ( 'NONE', #95, #564 ) ;
#688 = EDGE_CURVE ( 'NONE', #1838, #567, #232, .T. ) ;
#689 = SURFACE_SIDE_STYLE ('',( #1040 ) ) ;
#690 = CARTESIAN_POINT ( 'NONE',  ( 2.330940369705265969, -0.09999999999999999167, 1.459183673455226371 ) ) ;
#691 = SURFACE_SIDE_STYLE ('',( #1138 ) ) ;
#692 =( LENGTH_UNIT ( ) NAMED_UNIT ( * ) SI_UNIT ( .MILLI., .METRE. ) );
#693 = CIRCLE ( 'NONE', #1547, 0.5999999999999999778 ) ;
#694 = PRESENTATION_LAYER_ASSIGNMENT (  '', '', ( #1938 ) ) ;
#695 = CARTESIAN_POINT ( 'NONE',  ( 3.180347765936720972, 1.797426244528955275, -1.508571539000775452 ) ) ;
#696 =( GEOMETRIC_REPRESENTATION_CONTEXT ( 3 ) GLOBAL_UNCERTAINTY_ASSIGNED_CONTEXT ( ( #37 ) ) GLOBAL_UNIT_ASSIGNED_CONTEXT ( ( #161, #2549, #2562 ) ) REPRESENTATION_CONTEXT ( 'NONE', 'WORKASPACE' ) );
#697 = ORIENTED_EDGE ( 'NONE', *, *, #2219, .T. ) ;
#698 = CARTESIAN_POINT ( 'NONE',  ( 1.750000000000000222, -0.09999999999999999167, 1.000000000000000000 ) ) ;
#699 = CARTESIAN_POINT ( 'NONE',  ( 3.636978731073704729, 2.680268638950057181, 1.505668936108277123 ) ) ;
#700 = CIRCLE ( 'NONE', #315, 3.840951120943168373 ) ;
#701 =( NAMED_UNIT ( * ) PLANE_ANGLE_UNIT ( ) SI_UNIT ( $, .RADIAN. ) );
#702 = DIRECTION ( 'NONE',  ( 0.000000000000000000, -1.000000000000000000, -0.000000000000000000 ) ) ;
#703 = B_SPLINE_CURVE_WITH_KNOTS ( 'NONE', 3,
 ( #2546, #2509, #378, #1550, #1307, #2559, #321, #2360, #1108, #2131, #1912, #1944, #147, #938, #532, #1316, #2120, #332, #1737 ),
 .UNSPECIFIED., .F., .F.,
 ( 4, 2, 2, 2, 2, 2, 1, 2, 2, 4 ),
 ( 0.000000000000000000, 0.2499999999999956701, 0.3749999999999938383, 0.4374999999999952816, 0.4999999999999967804, 0.6249999999999984457, 0.6874999999999987788, 0.7187499999999988898, 0.7499999999999990008, 1.000000000000000000 ),
 .UNSPECIFIED. ) ;
#704 = CARTESIAN_POINT ( 'NONE',  ( 5.388445916317711650E-16, 1.925000000070364425, 4.400000000056635052 ) ) ;
#705 = FILL_AREA_STYLE ('',( #466 ) ) ;
#706 = SURFACE_STYLE_FILL_AREA ( #300 ) ;
#707 = FACE_OUTER_BOUND ( 'NONE', #155, .T. ) ;
#708 = ORIENTED_EDGE ( 'NONE', *, *, #2489, .T. ) ;
#709 = AXIS2_PLACEMENT_3D ( 'NONE', #511, #294, #108 ) ;
#710 = AXIS2_PLACEMENT_3D ( 'NONE', #1233, #833, #38 ) ;
#711 = FACE_OUTER_BOUND ( 'NONE', #1350, .T. ) ;
#712 = CARTESIAN_POINT ( 'NONE',  ( 0.000000000000000000, -2.873135757086586750E-14, 0.000000000000000000 ) ) ;
#713 =( LENGTH_UNIT ( ) NAMED_UNIT ( * ) SI_UNIT ( .MILLI., .METRE. ) );
#714 =( GEOMETRIC_REPRESENTATION_CONTEXT ( 3 ) GLOBAL_UNCERTAINTY_ASSIGNED_CONTEXT ( ( #543 ) ) GLOBAL_UNIT_ASSIGNED_CONTEXT ( ( #1414, #1030, #1831 ) ) REPRESENTATION_CONTEXT ( 'NONE', 'WORKASPACE' ) );
#715 =( NAMED_UNIT ( * ) PLANE_ANGLE_UNIT ( ) SI_UNIT ( $, .RADIAN. ) );
#716 = PRESENTATION_LAYER_ASSIGNMENT (  '', '', ( #587 ) ) ;
#717 =( NAMED_UNIT ( * ) PLANE_ANGLE_UNIT ( ) SI_UNIT ( $, .RADIAN. ) );
#718 =( GEOMETRIC_REPRESENTATION_CONTEXT ( 3 ) GLOBAL_UNCERTAINTY_ASSIGNED_CONTEXT ( ( #1191 ) ) GLOBAL_UNIT_ASSIGNED_CONTEXT ( ( #1799, #2381, #1612 ) ) REPRESENTATION_CONTEXT ( 'NONE', 'WORKASPACE' ) );
#719 = DIRECTION ( 'NONE',  ( 0.000000000000000000, 1.000000000000000000, 0.000000000000000000 ) ) ;
#720 = ORIENTED_EDGE ( 'NONE', *, *, #2055, .F. ) ;
#721 =( GEOMETRIC_REPRESENTATION_CONTEXT ( 3 ) GLOBAL_UNCERTAINTY_ASSIGNED_CONTEXT ( ( #212 ) ) GLOBAL_UNIT_ASSIGNED_CONTEXT ( ( #565, #715, #944 ) ) REPRESENTATION_CONTEXT ( 'NONE', 'WORKASPACE' ) );
#722 = CARTESIAN_POINT ( 'NONE',  ( -1.750000000000000000, 0.1999999999999999833, 1.000000000000000000 ) ) ;
#723 = CARTESIAN_POINT ( 'NONE',  ( 1.750000000000000000, 0.7500000000000007772, 0.000000000000000000 ) ) ;
#724 = EDGE_CURVE ( 'NONE', #1990, #1714, #1901, .T. ) ;
#725 = DIRECTION ( 'NONE',  ( 1.000000000000000000, 0.000000000000000000, -0.000000000000000000 ) ) ;
#726 =( NAMED_UNIT ( * ) PLANE_ANGLE_UNIT ( ) SI_UNIT ( $, .RADIAN. ) );
#727 = VERTEX_POINT ( 'NONE', #2155 ) ;
#728 = PRESENTATION_LAYER_ASSIGNMENT (  '', '', ( #923 ) ) ;
#729 = LINE ( 'NONE', #925, #1975 ) ;
#730 = DIRECTION ( 'NONE',  ( 0.000000000000000000, -1.000000000000000000, 0.000000000000000000 ) ) ;
#731 = AXIS2_PLACEMENT_3D ( 'NONE', #53, #662, #268 ) ;
#732 = FILL_AREA_STYLE ('',( #1730 ) ) ;
#733 = CARTESIAN_POINT ( 'NONE',  ( 3.180347844509257005, 1.988786877841069556, -1.508571373355324985 ) ) ;
#734 = SURFACE_SIDE_STYLE ('',( #373 ) ) ;
#735 = ORIENTED_EDGE ( 'NONE', *, *, #11, .F. ) ;
#736 =( NAMED_UNIT ( * ) PLANE_ANGLE_UNIT ( ) SI_UNIT ( $, .RADIAN. ) );
#737 = CARTESIAN_POINT ( 'NONE',  ( 3.305486328420678355, 2.356609380643078566, 1.507194292943074165 ) ) ;
#738 = ADVANCED_FACE ( 'NONE', ( #1964 ), #1140, .F. ) ;
#739 = COLOUR_RGB ( '',0.7803921568627451011, 0.7607843137254901578, 0.7411764705882353255 ) ;
#740 = CARTESIAN_POINT ( 'NONE',  ( -2.330940369677495738, -0.09999999999999999167, -1.459183673476008636 ) ) ;
#741 = FILL_AREA_STYLE_COLOUR ( '', #290 ) ;
#742 = CARTESIAN_POINT ( 'NONE',  ( 0.000000000000000000, 12.00000000000000000, 0.000000000000000000 ) ) ;
#743 = EDGE_CURVE ( 'NONE', #1953, #134, #1163, .T. ) ;
#744 = ORIENTED_EDGE ( 'NONE', *, *, #2319, .F. ) ;
#745 = DIRECTION ( 'NONE',  ( 0.000000000000000000, 1.000000000000000000, 0.000000000000000000 ) ) ;
#746 =( NAMED_UNIT ( * ) SI_UNIT ( $, .STERADIAN. ) SOLID_ANGLE_UNIT ( ) );
#747 = UNCERTAINTY_MEASURE_WITH_UNIT (LENGTH_MEASURE( 1.000000000000000082E-05 ), #2181, 'distance_accuracy_value', 'NONE');
#748 = PRESENTATION_STYLE_ASSIGNMENT (( #1945 ) ) ;
#749 = FACE_OUTER_BOUND ( 'NONE', #1794, .T. ) ;
#750 = CARTESIAN_POINT ( 'NONE',  ( 0.000000000000000000, 11.90000000000000036, 2.799999999999999822 ) ) ;
#751 = DIRECTION ( 'NONE',  ( 0.000000000000000000, -1.000000000000000000, 0.000000000000000000 ) ) ;
#752 = PRESENTATION_LAYER_ASSIGNMENT (  '', '', ( #1535 ) ) ;
#753 =( LENGTH_UNIT ( ) NAMED_UNIT ( * ) SI_UNIT ( .MILLI., .METRE. ) );
#754 = EDGE_CURVE ( 'NONE', #473, #1338, #814, .T. ) ;
#755 = PRESENTATION_STYLE_ASSIGNMENT (( #1322 ) ) ;
#756 = STYLED_ITEM ( 'NONE', ( #7 ), #1755 ) ;
#757 = CARTESIAN_POINT ( 'NONE',  ( 1.750000000000000000, 0.4000000000000000222, 0.000000000000000000 ) ) ;
#758 = ORIENTED_EDGE ( 'NONE', *, *, #2229, .T. ) ;
#759 = UNCERTAINTY_MEASURE_WITH_UNIT (LENGTH_MEASURE( 1.000000000000000082E-05 ), #271, 'distance_accuracy_value', 'NONE');
#760 = CARTESIAN_POINT ( 'NONE',  ( 2.364318083507377377, 12.01999999999999957, -1.500000000000000000 ) ) ;
#761 = CARTESIAN_POINT ( 'NONE',  ( -1.750000000000000000, 0.7500000000000012212, 0.5999999999999999778 ) ) ;
#762 = CYLINDRICAL_SURFACE ( 'NONE', #1223, 0.3000000000000005440 ) ;
#763 = AXIS2_PLACEMENT_3D ( 'NONE', #1993, #1789, #1590 ) ;
#764 = CARTESIAN_POINT ( 'NONE',  ( 0.000000000000000000, 11.50000000000000000, 0.000000000000000000 ) ) ;
#765 = ADVANCED_FACE ( 'NONE', ( #623 ), #1320, .T. ) ;
#766 = EDGE_LOOP ( 'NONE', ( #2221, #1402, #1259, #330 ) ) ;
#767 = FILL_AREA_STYLE ('',( #971 ) ) ;
#768 = AXIS2_PLACEMENT_3D ( 'NONE', #907, #1706, #1125 ) ;
#769 =( GEOMETRIC_REPRESENTATION_CONTEXT ( 3 ) GLOBAL_UNCERTAINTY_ASSIGNED_CONTEXT ( ( #1034 ) ) GLOBAL_UNIT_ASSIGNED_CONTEXT ( ( #1180, #1986, #2135 ) ) REPRESENTATION_CONTEXT ( 'NONE', 'WORKASPACE' ) );
#770 =( NAMED_UNIT ( * ) SI_UNIT ( $, .STERADIAN. ) SOLID_ANGLE_UNIT ( ) );
#771 = PRESENTATION_LAYER_ASSIGNMENT (  '', '', ( #1433 ) ) ;
#772 = VERTEX_POINT ( 'NONE', #1571 ) ;
#773 = TOROIDAL_SURFACE ( 'NONE', #616, 3.416195264053362823, 0.6838047360777961270 ) ;
#774 = FILL_AREA_STYLE_COLOUR ( '', #40 ) ;
#775 = CARTESIAN_POINT ( 'NONE',  ( 2.076655965689395700, 0.4000000000000000222, -1.000000000006638912 ) ) ;
#776 = EDGE_CURVE ( 'NONE', #1786, #1596, #359, .T. ) ;
#777 = SURFACE_STYLE_USAGE ( .BOTH. , #407 ) ;
#778 = DIRECTION ( 'NONE',  ( 0.000000000000000000, 0.000000000000000000, -1.000000000000000000 ) ) ;
#779 = AXIS2_PLACEMENT_3D ( 'NONE', #1782, #942, #2538 ) ;
#780 = TOROIDAL_SURFACE ( 'NONE', #2158, 4.400000000056635052, 0.8799999999739865908 ) ;
#781 = AXIS2_PLACEMENT_3D ( 'NONE', #2427, #1048, #306 ) ;
#782 = ORIENTED_EDGE ( 'NONE', *, *, #1594, .F. ) ;
#783 = PLANE ( 'NONE',  #1584 ) ;
#784 =( NAMED_UNIT ( * ) SI_UNIT ( $, .STERADIAN. ) SOLID_ANGLE_UNIT ( ) );
#785 = SURFACE_STYLE_FILL_AREA ( #629 ) ;
#786 = AXIS2_PLACEMENT_3D ( 'NONE', #1536, #559, #1124 ) ;
#787 = AXIS2_PLACEMENT_3D ( 'NONE', #1286, #41, #853 ) ;
#788 = CARTESIAN_POINT ( 'NONE',  ( 0.000000000000000000, 0.000000000000000000, 0.000000000000000000 ) ) ;
#789 = ORIENTED_EDGE ( 'NONE', *, *, #1046, .F. ) ;
#790 = CARTESIAN_POINT ( 'NONE',  ( -1.750000000000000000, 0.1999999999999999833, 0.000000000000000000 ) ) ;
#791 = PRESENTATION_STYLE_ASSIGNMENT (( #368 ) ) ;
#792 = ORIENTED_EDGE ( 'NONE', *, *, #1491, .F. ) ;
#793 = AXIS2_PLACEMENT_3D ( 'NONE', #2242, #2085, #1325 ) ;
#794 = ORIENTED_EDGE ( 'NONE', *, *, #1956, .T. ) ;
#795 = ADVANCED_FACE ( 'NONE', ( #2539 ), #1160, .T. ) ;
#796 =( LENGTH_UNIT ( ) NAMED_UNIT ( * ) SI_UNIT ( .MILLI., .METRE. ) );
#797 = SHAPE_DEFINITION_REPRESENTATION ( #2515, #813 ) ;
#798 = LINE ( 'NONE', #1016, #561 ) ;
#799 = CARTESIAN_POINT ( 'NONE',  ( -2.076655965710605400, -0.09999999999999999167, -1.300000000006638290 ) ) ;
#800 = CARTESIAN_POINT ( 'NONE',  ( 0.000000000000000000, 0.4000000000000000222, -3.000000000000000444 ) ) ;
#801 =( LENGTH_UNIT ( ) NAMED_UNIT ( * ) SI_UNIT ( .MILLI., .METRE. ) );
#802 = ORIENTED_EDGE ( 'NONE', *, *, #531, .F. ) ;
#803 = PRESENTATION_STYLE_ASSIGNMENT (( #633 ) ) ;
#804 = SURFACE_STYLE_USAGE ( .BOTH. , #1797 ) ;
#805 = TOROIDAL_SURFACE ( 'NONE', #2138, 4.400000000056635052, 0.8999999999739866086 ) ;
#806 = EDGE_LOOP ( 'NONE', ( #1481, #2553, #2266, #1815 ) ) ;
#807 = AXIS2_PLACEMENT_3D ( 'NONE', #2259, #621, #2406 ) ;
#808 = CARTESIAN_POINT ( 'NONE',  ( -2.076655965700000106, 0.4000000000000000222, 0.9999999999999995559 ) ) ;
#809 = SURFACE_STYLE_USAGE ( .BOTH. , #2185 ) ;
#810 = ORIENTED_EDGE ( 'NONE', *, *, #2582, .F. ) ;
#811 = CARTESIAN_POINT ( 'NONE',  ( 0.000000000000000000, 0.000000000000000000, 0.000000000000000000 ) ) ;
#812 = CARTESIAN_POINT ( 'NONE',  ( 0.000000000000000000, 1.925000000070364647, 0.000000000000000000 ) ) ;
#813 = MANIFOLD_SURFACE_SHAPE_REPRESENTATION ( 'CAP_ALU_THT_3P5_8D_12H', ( #1503, #1167 ), #2304 ) ;
#814 = CIRCLE ( 'NONE', #1348, 2.749999999987490895 ) ;
#815 =( LENGTH_UNIT ( ) NAMED_UNIT ( * ) SI_UNIT ( .MILLI., .METRE. ) );
#816 = EDGE_CURVE ( 'NONE', #293, #2078, #1025, .T. ) ;
#817 = SURFACE_SIDE_STYLE ('',( #2440 ) ) ;
#818 = ORIENTED_EDGE ( 'NONE', *, *, #838, .T. ) ;
#819 = SURFACE_SIDE_STYLE ('',( #1667 ) ) ;
#820 = ORIENTED_EDGE ( 'NONE', *, *, #2388, .F. ) ;
#821 =( NAMED_UNIT ( * ) SI_UNIT ( $, .STERADIAN. ) SOLID_ANGLE_UNIT ( ) );
#822 = FILL_AREA_STYLE ('',( #16 ) ) ;
#823 = ORIENTED_EDGE ( 'NONE', *, *, #2373, .T. ) ;
#824 = FILL_AREA_STYLE ('',( #598 ) ) ;
#825 = PRESENTATION_LAYER_ASSIGNMENT (  '', '', ( #1359 ) ) ;
#826 = DIRECTION ( 'NONE',  ( 0.000000000000000000, -0.000000000000000000, -1.000000000000000000 ) ) ;
#827 = CARTESIAN_POINT ( 'NONE',  ( -1.750000000000000000, 0.4000000000000000222, 0.000000000000000000 ) ) ;
#828 = EDGE_CURVE ( 'NONE', #254, #1159, #338, .T. ) ;
#829 = FACE_OUTER_BOUND ( 'NONE', #1421, .T. ) ;
#830 = PRESENTATION_LAYER_ASSIGNMENT (  '', '', ( #1280 ) ) ;
#831 =( NAMED_UNIT ( * ) SI_UNIT ( $, .STERADIAN. ) SOLID_ANGLE_UNIT ( ) );
#832 = UNCERTAINTY_MEASURE_WITH_UNIT (LENGTH_MEASURE( 1.000000000000000082E-05 ), #1293, 'distance_accuracy_value', 'NONE');
#833 = DIRECTION ( 'NONE',  ( 0.000000000000000000, 1.000000000000000000, 0.000000000000000000 ) ) ;
#834 =( GEOMETRIC_REPRESENTATION_CONTEXT ( 3 ) GLOBAL_UNCERTAINTY_ASSIGNED_CONTEXT ( ( #1967 ) ) GLOBAL_UNIT_ASSIGNED_CONTEXT ( ( #1420, #386, #821 ) ) REPRESENTATION_CONTEXT ( 'NONE', 'WORKASPACE' ) );
#835 = EDGE_LOOP ( 'NONE', ( #1883, #1045, #818, #2491 ) ) ;
#836 = SURFACE_SIDE_STYLE ('',( #1822 ) ) ;
#837 = DIRECTION ( 'NONE',  ( -0.000000000000000000, -1.000000000000000000, -0.000000000000000000 ) ) ;
#838 = EDGE_CURVE ( 'NONE', #1583, #868, #1231, .T. ) ;
#839 = FACE_BOUND ( 'NONE', #220, .T. ) ;
#840 = DIRECTION ( 'NONE',  ( -1.224646799147353454E-16, 0.000000000000000000, -1.000000000000000000 ) ) ;
#841 = FILL_AREA_STYLE_COLOUR ( '', #1204 ) ;
#842 = CARTESIAN_POINT ( 'NONE',  ( 0.000000000000000000, 3.166195264044802560, -4.100000000036846615 ) ) ;
#843 = COLOUR_RGB ( '',0.000000000000000000, 0.5019607843137254832, 0.5019607843137254832 ) ;
#844 = DIRECTION ( 'NONE',  ( 0.000000000000000000, -0.000000000000000000, -1.000000000000000000 ) ) ;
#845 =( NAMED_UNIT ( * ) PLANE_ANGLE_UNIT ( ) SI_UNIT ( $, .RADIAN. ) );
#846 = COLOUR_RGB ( '',0.2509803921568627416, 0.2509803921568627416, 0.2509803921568627416 ) ;
#847 = DIRECTION ( 'NONE',  ( 0.000000000000000000, -1.000000000000000000, 0.000000000000000000 ) ) ;
#848 = EDGE_LOOP ( 'NONE', ( #1666, #575, #1556, #936 ) ) ;
#849 = CARTESIAN_POINT ( 'NONE',  ( 3.285240779186233251, 1.528019387445882504, 1.507444396596280933 ) ) ;
#850 = FACE_OUTER_BOUND ( 'NONE', #2061, .T. ) ;
#851 = STYLED_ITEM ( 'NONE', ( #2152 ), #1010 ) ;
#852 = EDGE_CURVE ( 'NONE', #2182, #1714, #243, .T. ) ;
#853 = DIRECTION ( 'NONE',  ( 0.000000000000000000, 0.000000000000000000, -1.000000000000000000 ) ) ;
#854 = AXIS2_PLACEMENT_3D ( 'NONE', #2414, #1207, #198 ) ;
#855 =( NAMED_UNIT ( * ) SI_UNIT ( $, .STERADIAN. ) SOLID_ANGLE_UNIT ( ) );
#856 = FILL_AREA_STYLE ('',( #1026 ) ) ;
#857 =( NAMED_UNIT ( * ) SI_UNIT ( $, .STERADIAN. ) SOLID_ANGLE_UNIT ( ) );
#858 = DIRECTION ( 'NONE',  ( 0.000000000000000000, 0.000000000000000000, -1.000000000000000000 ) ) ;
#859 = MECHANICAL_DESIGN_GEOMETRIC_PRESENTATION_REPRESENTATION (  '', ( #608 ), #49 ) ;
#860 = ORIENTED_EDGE ( 'NONE', *, *, #1482, .T. ) ;
#861 = PRESENTATION_LAYER_ASSIGNMENT (  '', '', ( #526 ) ) ;
#862 = CARTESIAN_POINT ( 'NONE',  ( -2.076655965700000106, -0.09999999999999999167, 0.9999999999999995559 ) ) ;
#863 = ORIENTED_EDGE ( 'NONE', *, *, #367, .T. ) ;
#864 = DIRECTION ( 'NONE',  ( 0.000000000000000000, 1.000000000000000000, 0.000000000000000000 ) ) ;
#865 = PRESENTATION_STYLE_ASSIGNMENT (( #1024 ) ) ;
#866 = ADVANCED_FACE ( 'NONE', ( #1795 ), #1038, .T. ) ;
#867 = FILL_AREA_STYLE ('',( #54 ) ) ;
#868 = VERTEX_POINT ( 'NONE', #26 ) ;
#869 =( GEOMETRIC_REPRESENTATION_CONTEXT ( 3 ) GLOBAL_UNCERTAINTY_ASSIGNED_CONTEXT ( ( #906 ) ) GLOBAL_UNIT_ASSIGNED_CONTEXT ( ( #1973, #1196, #1345 ) ) REPRESENTATION_CONTEXT ( 'NONE', 'WORKASPACE' ) );
#870 = STYLED_ITEM ( 'NONE', ( #2470 ), #1001 ) ;
#871 = ADVANCED_FACE ( 'NONE', ( #2429 ), #780, .F. ) ;
#872 = MECHANICAL_DESIGN_GEOMETRIC_PRESENTATION_REPRESENTATION (  '', ( #1866 ), #115 ) ;
#873 = SURFACE_SIDE_STYLE ('',( #90 ) ) ;
#874 =( NAMED_UNIT ( * ) PLANE_ANGLE_UNIT ( ) SI_UNIT ( $, .RADIAN. ) );
#875 = ORIENTED_EDGE ( 'NONE', *, *, #1113, .F. ) ;
#876 = SURFACE_STYLE_FILL_AREA ( #1651 ) ;
#877 = FILL_AREA_STYLE_COLOUR ( '', #1723 ) ;
#878 =( GEOMETRIC_REPRESENTATION_CONTEXT ( 3 ) GLOBAL_UNCERTAINTY_ASSIGNED_CONTEXT ( ( #375 ) ) GLOBAL_UNIT_ASSIGNED_CONTEXT ( ( #2184, #581, #15 ) ) REPRESENTATION_CONTEXT ( 'NONE', 'WORKASPACE' ) );
#879 = FILL_AREA_STYLE_COLOUR ( '', #1924 ) ;
#880 = LINE ( 'NONE', #2448, #1315 ) ;
#881 = FILL_AREA_STYLE ('',( #1043 ) ) ;
#882 = ORIENTED_EDGE ( 'NONE', *, *, #1917, .F. ) ;
#883 =( GEOMETRIC_REPRESENTATION_CONTEXT ( 3 ) GLOBAL_UNCERTAINTY_ASSIGNED_CONTEXT ( ( #156 ) ) GLOBAL_UNIT_ASSIGNED_CONTEXT ( ( #2415, #845, #24 ) ) REPRESENTATION_CONTEXT ( 'NONE', 'WORKASPACE' ) );
#884 = CARTESIAN_POINT ( 'NONE',  ( 5.021051876549273187E-16, 0.000000000000000000, 4.100000000036846615 ) ) ;
#885 = MECHANICAL_DESIGN_GEOMETRIC_PRESENTATION_REPRESENTATION (  '', ( #756 ), #2011 ) ;
#886 = ORIENTED_EDGE ( 'NONE', *, *, #1941, .F. ) ;
#887 = CARTESIAN_POINT ( 'NONE',  ( 3.429011037612588783E-16, 11.90000000000000036, -2.799999999999999822 ) ) ;
#888 = CIRCLE ( 'NONE', #2336, 0.8999999999739867196 ) ;
#889 = LINE ( 'NONE', #1683, #576 ) ;
#890 = FILL_AREA_STYLE_COLOUR ( '', #214 ) ;
#891 = VERTEX_POINT ( 'NONE', #2195 ) ;
#892 = CIRCLE ( 'NONE', #401, 0.3000000000000005440 ) ;
#893 = PRESENTATION_STYLE_ASSIGNMENT (( #1468 ) ) ;
#894 = MECHANICAL_DESIGN_GEOMETRIC_PRESENTATION_REPRESENTATION (  '', ( #1480 ), #696 ) ;
#895 = ORIENTED_EDGE ( 'NONE', *, *, #2260, .F. ) ;
#896 = FILL_AREA_STYLE ('',( #2271 ) ) ;
#897 = DIRECTION ( 'NONE',  ( -0.000000000000000000, 1.000000000000000000, -0.000000000000000000 ) ) ;
#898 = AXIS2_PLACEMENT_3D ( 'NONE', #548, #1960, #778 ) ;
#899 = PRESENTATION_STYLE_ASSIGNMENT (( #2092 ) ) ;
#900 = DIRECTION ( 'NONE',  ( 0.000000000000000000, -0.000000000000000000, -1.000000000000000000 ) ) ;
#901 = DIRECTION ( 'NONE',  ( 0.000000000000000000, 0.000000000000000000, -1.000000000000000000 ) ) ;
#902 = CARTESIAN_POINT ( 'NONE',  ( 0.000000000000000000, -0.09999999999999999167, 2.750000000000002220 ) ) ;
#903 = ORIENTED_EDGE ( 'NONE', *, *, #1949, .F. ) ;
#904 = CARTESIAN_POINT ( 'NONE',  ( 2.076655965700000106, -0.09999999999999999167, 1.000000000000000222 ) ) ;
#905 = AXIS2_PLACEMENT_3D ( 'NONE', #205, #1006, #1808 ) ;
#906 = UNCERTAINTY_MEASURE_WITH_UNIT (LENGTH_MEASURE( 1.000000000000000082E-05 ), #1973, 'distance_accuracy_value', 'NONE');
#907 = CARTESIAN_POINT ( 'NONE',  ( -1.750000000000000000, 0.4000000000000000222, 0.000000000000000000 ) ) ;
#908 =( GEOMETRIC_REPRESENTATION_CONTEXT ( 3 ) GLOBAL_UNCERTAINTY_ASSIGNED_CONTEXT ( ( #2524 ) ) GLOBAL_UNIT_ASSIGNED_CONTEXT ( ( #362, #2313, #1957 ) ) REPRESENTATION_CONTEXT ( 'NONE', 'WORKASPACE' ) );
#909 = EDGE_CURVE ( 'NONE', #2182, #426, #2039, .T. ) ;
#910 =( GEOMETRIC_REPRESENTATION_CONTEXT ( 3 ) GLOBAL_UNCERTAINTY_ASSIGNED_CONTEXT ( ( #759 ) ) GLOBAL_UNIT_ASSIGNED_CONTEXT ( ( #271, #1475, #2069 ) ) REPRESENTATION_CONTEXT ( 'NONE', 'WORKASPACE' ) );
#911 = CARTESIAN_POINT ( 'NONE',  ( 3.180347818318411512, 1.925000000070364425, -1.508571428570475215 ) ) ;
#912 = CARTESIAN_POINT ( 'NONE',  ( 3.837241332775365166, 0.7250990600176517864, 1.507339069828262268 ) ) ;
#913 = CARTESIAN_POINT ( 'NONE',  ( 3.515185653907491048, 11.97095921880286973, 1.503378805010417985 ) ) ;
#914 = EDGE_LOOP ( 'NONE', ( #1152, #2197, #499, #1572 ) ) ;
#915 = PRESENTATION_LAYER_ASSIGNMENT (  '', '', ( #1500 ) ) ;
#916 =( NAMED_UNIT ( * ) SI_UNIT ( $, .STERADIAN. ) SOLID_ANGLE_UNIT ( ) );
#917 = FACE_OUTER_BOUND ( 'NONE', #806, .T. ) ;
#918 = DIRECTION ( 'NONE',  ( -0.000000000000000000, -1.000000000000000000, -0.000000000000000000 ) ) ;
#919 = DIRECTION ( 'NONE',  ( 0.000000000000000000, -1.000000000000000000, 0.000000000000000000 ) ) ;
#920 = SURFACE_STYLE_USAGE ( .BOTH. , #734 ) ;
#921 = CARTESIAN_POINT ( 'NONE',  ( 3.417528819341406621, 12.00292859287685943, 1.502083013014412716 ) ) ;
#922 = EDGE_LOOP ( 'NONE', ( #2086, #1602, #597, #820 ) ) ;
#923 = STYLED_ITEM ( 'NONE', ( #1889 ), #1033 ) ;
#924 = EDGE_CURVE ( 'NONE', #1596, #541, #1567, .T. ) ;
#925 = CARTESIAN_POINT ( 'NONE',  ( 0.000000000000000000, -0.02000000000001436740, 1.500000000000000000 ) ) ;
#926 = UNCERTAINTY_MEASURE_WITH_UNIT (LENGTH_MEASURE( 1.000000000000000082E-05 ), #1738, 'distance_accuracy_value', 'NONE');
#927 = VECTOR ( 'NONE', #1472, 1000.000000000000000 ) ;
#928 = CARTESIAN_POINT ( 'NONE',  ( 3.317657186719605633, 2.375477104716923638, 1.507032451005110074 ) ) ;
#929 = CARTESIAN_POINT ( 'NONE',  ( 0.000000000000000000, 12.01999999999999957, -1.500000000000000000 ) ) ;
#930 = MECHANICAL_DESIGN_GEOMETRIC_PRESENTATION_REPRESENTATION (  '', ( #141 ), #1633 ) ;
#931 = SURFACE_SIDE_STYLE ('',( #2124 ) ) ;
#932 = EDGE_CURVE ( 'NONE', #578, #39, #1874, .T. ) ;
#933 = DIRECTION ( 'NONE',  ( 0.000000000000000000, 0.000000000000000000, 1.000000000000000000 ) ) ;
#934 = FILL_AREA_STYLE_COLOUR ( '', #657 ) ;
#935 = DIRECTION ( 'NONE',  ( 0.000000000000000000, -1.000000000000000000, 0.000000000000000000 ) ) ;
#936 = ORIENTED_EDGE ( 'NONE', *, *, #2393, .F. ) ;
#937 = DIRECTION ( 'NONE',  ( -0.000000000000000000, 1.000000000000000000, -0.000000000000000000 ) ) ;
#938 = CARTESIAN_POINT ( 'NONE',  ( 3.514678115056643293, 11.96997435861856118, -1.503372843413568916 ) ) ;
#939 = ADVANCED_FACE ( 'NONE', ( #1296 ), #2117, .T. ) ;
#940 = DIRECTION ( 'NONE',  ( -0.000000000000000000, -1.000000000000000000, -0.000000000000000000 ) ) ;
#941 = STYLED_ITEM ( 'NONE', ( #803 ), #866 ) ;
#942 = DIRECTION ( 'NONE',  ( -0.000000000000000000, -1.000000000000000000, -0.000000000000000000 ) ) ;
#943 = CARTESIAN_POINT ( 'NONE',  ( 1.749999999999999778, 0.4000000000000000222, -1.000000000000000000 ) ) ;
#944 =( NAMED_UNIT ( * ) SI_UNIT ( $, .STERADIAN. ) SOLID_ANGLE_UNIT ( ) );
#945 = MECHANICAL_DESIGN_GEOMETRIC_PRESENTATION_REPRESENTATION (  '', ( #1959 ), #714 ) ;
#946 =( LENGTH_UNIT ( ) NAMED_UNIT ( * ) SI_UNIT ( .MILLI., .METRE. ) );
#947 = DIRECTION ( 'NONE',  ( -0.000000000000000000, -1.000000000000000000, -0.000000000000000000 ) ) ;
#948 = VERTEX_POINT ( 'NONE', #2100 ) ;
#949 = STYLED_ITEM ( 'NONE', ( #973 ), #1399 ) ;
#950 = SURFACE_STYLE_FILL_AREA ( #169 ) ;
#951 = MECHANICAL_DESIGN_GEOMETRIC_PRESENTATION_REPRESENTATION (  '', ( #162 ), #721 ) ;
#952 = DIRECTION ( 'NONE',  ( 1.000000000000000000, -0.000000000000000000, 0.000000000000000000 ) ) ;
#953 = UNCERTAINTY_MEASURE_WITH_UNIT (LENGTH_MEASURE( 1.000000000000000082E-05 ), #1484, 'distance_accuracy_value', 'NONE');
#954 = FILL_AREA_STYLE ('',( #1526 ) ) ;
#955 = VERTEX_POINT ( 'NONE', #1904 ) ;
#956 =( NAMED_UNIT ( * ) PLANE_ANGLE_UNIT ( ) SI_UNIT ( $, .RADIAN. ) );
#957 = AXIS2_PLACEMENT_3D ( 'NONE', #1353, #318, #1965 ) ;
#958 = CYLINDRICAL_SURFACE ( 'NONE', #2183, 0.5999999999999999778 ) ;
#959 = ORIENTED_EDGE ( 'NONE', *, *, #1189, .F. ) ;
#960 = DIRECTION ( 'NONE',  ( 0.000000000000000000, 0.000000000000000000, -1.000000000000000000 ) ) ;
#961 = CYLINDRICAL_SURFACE ( 'NONE', #1707, 0.3000000000000001554 ) ;
#962 = VERTEX_POINT ( 'NONE', #1510 ) ;
#963 = UNCERTAINTY_MEASURE_WITH_UNIT (LENGTH_MEASURE( 1.000000000000000082E-05 ), #2479, 'distance_accuracy_value', 'NONE');
#964 = PRESENTATION_LAYER_ASSIGNMENT (  '', '', ( #2548 ) ) ;
#965 = DIRECTION ( 'NONE',  ( -0.000000000000000000, 1.000000000000000000, -0.000000000000000000 ) ) ;
#966 = CARTESIAN_POINT ( 'NONE',  ( 3.363130994921887051, 2.439179850970745189, 1.506461766782655420 ) ) ;
#967 = PRESENTATION_STYLE_ASSIGNMENT (( #1356 ) ) ;
#968 = CIRCLE ( 'NONE', #2101, 3.520000000082648128 ) ;
#969 = FILL_AREA_STYLE_COLOUR ( '', #2205 ) ;
#970 = ORIENTED_EDGE ( 'NONE', *, *, #1660, .T. ) ;
#971 = FILL_AREA_STYLE_COLOUR ( '', #2351 ) ;
#972 = ORIENTED_EDGE ( 'NONE', *, *, #1863, .F. ) ;
#973 = PRESENTATION_STYLE_ASSIGNMENT (( #595 ) ) ;
#974 = MECHANICAL_DESIGN_GEOMETRIC_PRESENTATION_REPRESENTATION (  '', ( #1433 ), #2235 ) ;
#975 = ORIENTED_EDGE ( 'NONE', *, *, #2301, .T. ) ;
#976 = AXIS2_PLACEMENT_3D ( 'NONE', #1989, #2339, #1362 ) ;
#977 = FACE_OUTER_BOUND ( 'NONE', #1326, .T. ) ;
#978 = DIRECTION ( 'NONE',  ( -0.000000000000000000, 1.000000000000000000, -0.000000000000000000 ) ) ;
#979 = DIRECTION ( 'NONE',  ( -0.000000000000000000, -1.000000000000000000, -0.000000000000000000 ) ) ;
#980 = ORIENTED_EDGE ( 'NONE', *, *, #1576, .T. ) ;
#981 = PRESENTATION_STYLE_ASSIGNMENT (( #1333 ) ) ;
#982 = COLOUR_RGB ( '',0.000000000000000000, 0.5019607843137254832, 0.5019607843137254832 ) ;
#983 = EDGE_CURVE ( 'NONE', #1216, #2379, #1823, .T. ) ;
#984 = AXIS2_PLACEMENT_3D ( 'NONE', #103, #1056, #287 ) ;
#985 = ORIENTED_EDGE ( 'NONE', *, *, #135, .F. ) ;
#986 = FILL_AREA_STYLE ('',( #1154 ) ) ;
#987 = AXIS2_PLACEMENT_3D ( 'NONE', #2050, #1063, #12 ) ;
#988 = VERTEX_POINT ( 'NONE', #94 ) ;
#989 = DIRECTION ( 'NONE',  ( 0.000000000000000000, 0.000000000000000000, -1.000000000000000000 ) ) ;
#990 = FILL_AREA_STYLE_COLOUR ( '', #1631 ) ;
#991 = STYLED_ITEM ( 'NONE', ( #2262 ), #1455 ) ;
#992 = DIRECTION ( 'NONE',  ( 0.000000000000000000, 0.000000000000000000, -1.000000000000000000 ) ) ;
#993 = DIRECTION ( 'NONE',  ( -0.000000000000000000, 1.000000000000000000, -0.000000000000000000 ) ) ;
#994 = VERTEX_POINT ( 'NONE', #1888 ) ;
#995 = CARTESIAN_POINT ( 'NONE',  ( 3.429103540368002356, 1.333621289950379651, 1.505791513947844384 ) ) ;
#996 = FILL_AREA_STYLE ('',( #2196 ) ) ;
#997 = DIRECTION ( 'NONE',  ( 0.000000000000000000, 0.000000000000000000, -1.000000000000000000 ) ) ;
#998 = ORIENTED_EDGE ( 'NONE', *, *, #1679, .T. ) ;
#999 = DIRECTION ( 'NONE',  ( 1.000000000000000000, 0.000000000000000000, -1.224646799147353207E-16 ) ) ;
#1000 = FACE_OUTER_BOUND ( 'NONE', #2364, .T. ) ;
#1001 = ADVANCED_FACE ( 'NONE', ( #1459 ), #2111, .T. ) ;
#1002 = ORIENTED_EDGE ( 'NONE', *, *, #679, .T. ) ;
#1003 = SURFACE_STYLE_USAGE ( .BOTH. , #430 ) ;
#1004 = EDGE_CURVE ( 'NONE', #727, #365, #394, .T. ) ;
#1005 = CARTESIAN_POINT ( 'NONE',  ( 0.000000000000000000, 12.01999999999999957, 0.000000000000000000 ) ) ;
#1006 = DIRECTION ( 'NONE',  ( -0.000000000000000000, -1.000000000000000000, -0.000000000000000000 ) ) ;
#1007 = VECTOR ( 'NONE', #599, 1000.000000000000000 ) ;
#1008 = DIRECTION ( 'NONE',  ( -0.000000000000000000, -1.000000000000000000, -0.000000000000000000 ) ) ;
#1009 = ORIENTED_EDGE ( 'NONE', *, *, #776, .F. ) ;
#1010 = ADVANCED_FACE ( 'NONE', ( #711 ), #436, .T. ) ;
#1011 = PRESENTATION_LAYER_ASSIGNMENT (  '', '', ( #2426 ) ) ;
#1012 = CYLINDRICAL_SURFACE ( 'NONE', #1528, 0.2999999999999999334 ) ;
#1013 = FACE_OUTER_BOUND ( 'NONE', #1239, .T. ) ;
#1014 = MECHANICAL_DESIGN_GEOMETRIC_PRESENTATION_REPRESENTATION (  '', ( #486 ), #769 ) ;
#1015 = VERTEX_POINT ( 'NONE', #2295 ) ;
#1016 = CARTESIAN_POINT ( 'NONE',  ( -2.076655965710604512, -0.09999999999999999167, -1.000000000006638912 ) ) ;
#1017 = VECTOR ( 'NONE', #2343, 1000.000000000000000 ) ;
#1018 = FILL_AREA_STYLE_COLOUR ( '', #1363 ) ;
#1019 = DIRECTION ( 'NONE',  ( 0.000000000000000000, 0.000000000000000000, -1.000000000000000000 ) ) ;
#1020 = ADVANCED_FACE ( 'NONE', ( #114 ), #958, .F. ) ;
#1021 = SURFACE_STYLE_USAGE ( .BOTH. , #817 ) ;
#1022 = VERTEX_POINT ( 'NONE', #760 ) ;
#1023 = CARTESIAN_POINT ( 'NONE',  ( 3.294769607831562030, 1.511450333058051321, 1.507329946477618199 ) ) ;
#1024 = SURFACE_STYLE_USAGE ( .BOTH. , #634 ) ;
#1025 = CIRCLE ( 'NONE', #671, 2.750000000000002220 ) ;
#1026 = FILL_AREA_STYLE_COLOUR ( '', #982 ) ;
#1027 = PRESENTATION_LAYER_ASSIGNMENT (  '', '', ( #2441 ) ) ;
#1028 = CARTESIAN_POINT ( 'NONE',  ( 2.076655965729520936, -0.09999999999999999167, 1.300000000000000266 ) ) ;
#1029 = DIRECTION ( 'NONE',  ( 0.000000000000000000, 0.000000000000000000, -1.000000000000000000 ) ) ;
#1030 =( NAMED_UNIT ( * ) PLANE_ANGLE_UNIT ( ) SI_UNIT ( $, .RADIAN. ) );
#1031 = MECHANICAL_DESIGN_GEOMETRIC_PRESENTATION_REPRESENTATION (  '', ( #1280 ), #377 ) ;
#1032 = CARTESIAN_POINT ( 'NONE',  ( 0.000000000000000000, 12.00000000000000000, 3.600000000036846615 ) ) ;
#1033 = ADVANCED_FACE ( 'NONE', ( #1762 ), #2522, .F. ) ;
#1034 = UNCERTAINTY_MEASURE_WITH_UNIT (LENGTH_MEASURE( 1.000000000000000082E-05 ), #1180, 'distance_accuracy_value', 'NONE');
#1035 = CARTESIAN_POINT ( 'NONE',  ( 0.000000000000000000, 1.925000000070364647, -3.500000000082648111 ) ) ;
#1036 = AXIS2_PLACEMENT_3D ( 'NONE', #476, #2274, #2447 ) ;
#1037 = ORIENTED_EDGE ( 'NONE', *, *, #2311, .T. ) ;
#1038 = CYLINDRICAL_SURFACE ( 'NONE', #497, 0.2999999999999996558 ) ;
#1039 = TOROIDAL_SURFACE ( 'NONE', #334, 3.416195264012948485, 0.7038047360238983696 ) ;
#1040 = SURFACE_STYLE_FILL_AREA ( #2459 ) ;
#1041 = TOROIDAL_SURFACE ( 'NONE', #682, 4.400000000056635052, 0.8999999999739866086 ) ;
#1042 = DIRECTION ( 'NONE',  ( 0.000000000000000000, 0.000000000000000000, -1.000000000000000000 ) ) ;
#1043 = FILL_AREA_STYLE_COLOUR ( '', #1303 ) ;
#1044 = CIRCLE ( 'NONE', #592, 3.416195264053370373 ) ;
#1045 = ORIENTED_EDGE ( 'NONE', *, *, #1122, .T. ) ;
#1046 = EDGE_CURVE ( 'NONE', #39, #1775, #1548, .T. ) ;
#1047 = DIRECTION ( 'NONE',  ( -0.000000000000000000, -1.000000000000000000, -0.000000000000000000 ) ) ;
#1048 = DIRECTION ( 'NONE',  ( -0.000000000000000000, -1.000000000000000000, -0.000000000000000000 ) ) ;
#1049 = ORIENTED_EDGE ( 'NONE', *, *, #1181, .F. ) ;
#1050 = SURFACE_STYLE_USAGE ( .BOTH. , #819 ) ;
#1051 =( GEOMETRIC_REPRESENTATION_CONTEXT ( 3 ) GLOBAL_UNCERTAINTY_ASSIGNED_CONTEXT ( ( #1134 ) ) GLOBAL_UNIT_ASSIGNED_CONTEXT ( ( #1087, #1260, #1705 ) ) REPRESENTATION_CONTEXT ( 'NONE', 'WORKASPACE' ) );
#1052 = FACE_OUTER_BOUND ( 'NONE', #1865, .T. ) ;
#1053 =( GEOMETRIC_REPRESENTATION_CONTEXT ( 3 ) GLOBAL_UNCERTAINTY_ASSIGNED_CONTEXT ( ( #613 ) ) GLOBAL_UNIT_ASSIGNED_CONTEXT ( ( #692, #495, #1505 ) ) REPRESENTATION_CONTEXT ( 'NONE', 'WORKASPACE' ) );
#1054 = SURFACE_STYLE_USAGE ( .BOTH. , #81 ) ;
#1055 = EDGE_LOOP ( 'NONE', ( #1532, #882, #603, #612 ) ) ;
#1056 = DIRECTION ( 'NONE',  ( 0.000000000000000000, 1.000000000000000000, 0.000000000000000000 ) ) ;
#1057 = ADVANCED_FACE ( 'NONE', ( #1075 ), #2130, .T. ) ;
#1058 =( NAMED_UNIT ( * ) SI_UNIT ( $, .STERADIAN. ) SOLID_ANGLE_UNIT ( ) );
#1059 = CARTESIAN_POINT ( 'NONE',  ( 0.000000000000000000, 0.000000000000000000, 0.000000000000000000 ) ) ;
#1060 = VECTOR ( 'NONE', #1890, 1000.000000000000000 ) ;
#1061 = ORIENTED_EDGE ( 'NONE', *, *, #392, .F. ) ;
#1062 = FACE_OUTER_BOUND ( 'NONE', #1675, .T. ) ;
#1063 = DIRECTION ( 'NONE',  ( 0.000000000000000000, 1.000000000000000000, 0.000000000000000000 ) ) ;
#1064 = EDGE_LOOP ( 'NONE', ( #1637, #2394 ) ) ;
#1065 = DIRECTION ( 'NONE',  ( -0.000000000000000000, -1.000000000000000000, -0.000000000000000000 ) ) ;
#1066 = ORIENTED_EDGE ( 'NONE', *, *, #493, .T. ) ;
#1067 =( NAMED_UNIT ( * ) PLANE_ANGLE_UNIT ( ) SI_UNIT ( $, .RADIAN. ) );
#1068 = CARTESIAN_POINT ( 'NONE',  ( 0.000000000000000000, 3.166195263962105599, -3.416195264012948485 ) ) ;
#1069 = CARTESIAN_POINT ( 'NONE',  ( 3.335139326525648595, 0.02199063135807894850, -1.502953554332809416 ) ) ;
#1070 = EDGE_LOOP ( 'NONE', ( #1845, #374, #1002, #2355 ) ) ;
#1071 = AXIS2_PLACEMENT_3D ( 'NONE', #764, #173, #364 ) ;
#1072 = COLOUR_RGB ( '',0.9607843137254902244, 0.9607843137254902244, 0.7843137254901960675 ) ;
#1073 = ORIENTED_EDGE ( 'NONE', *, *, #2431, .T. ) ;
#1074 = DIRECTION ( 'NONE',  ( -1.000000000000000000, -0.000000000000000000, -0.000000000000000000 ) ) ;
#1075 = FACE_OUTER_BOUND ( 'NONE', #591, .T. ) ;
#1076 = LINE ( 'NONE', #1875, #927 ) ;
#1077 = SURFACE_STYLE_USAGE ( .BOTH. , #1236 ) ;
#1078 = CIRCLE ( 'NONE', #1457, 0.5999999999999999778 ) ;
#1079 =( LENGTH_UNIT ( ) NAMED_UNIT ( * ) SI_UNIT ( .MILLI., .METRE. ) );
#1080 = ADVANCED_FACE ( 'NONE', ( #977 ), #2341, .F. ) ;
#1081 = CARTESIAN_POINT ( 'NONE',  ( 1.750000000000000000, 0.4500000000000000111, 0.2999999999999999334 ) ) ;
#1082 = PRESENTATION_STYLE_ASSIGNMENT (( #1899 ) ) ;
#1083 = ORIENTED_EDGE ( 'NONE', *, *, #2481, .T. ) ;
#1084 = DIRECTION ( 'NONE',  ( 1.000000000000000000, 0.000000000000000000, 6.638189938837562877E-16 ) ) ;
#1085 = UNCERTAINTY_MEASURE_WITH_UNIT (LENGTH_MEASURE( 1.000000000000000082E-05 ), #65, 'distance_accuracy_value', 'NONE');
#1086 = ORIENTED_EDGE ( 'NONE', *, *, #754, .F. ) ;
#1087 =( LENGTH_UNIT ( ) NAMED_UNIT ( * ) SI_UNIT ( .MILLI., .METRE. ) );
#1088 = AXIS2_PLACEMENT_3D ( 'NONE', #1328, #158, #1968 ) ;
#1089 = SURFACE_STYLE_USAGE ( .BOTH. , #132 ) ;
#1090 = CYLINDRICAL_SURFACE ( 'NONE', #649, 4.100000000036846615 ) ;
#1091 =( GEOMETRIC_REPRESENTATION_CONTEXT ( 3 ) GLOBAL_UNCERTAINTY_ASSIGNED_CONTEXT ( ( #182 ) ) GLOBAL_UNIT_ASSIGNED_CONTEXT ( ( #275, #2437, #2059 ) ) REPRESENTATION_CONTEXT ( 'NONE', 'WORKASPACE' ) );
#1092 = SURFACE_STYLE_USAGE ( .BOTH. , #1634 ) ;
#1093 = ORIENTED_EDGE ( 'NONE', *, *, #2168, .F. ) ;
#1094 =( NAMED_UNIT ( * ) SI_UNIT ( $, .STERADIAN. ) SOLID_ANGLE_UNIT ( ) );
#1095 = CARTESIAN_POINT ( 'NONE',  ( 0.000000000000000000, 0.4000000000000000222, 2.750000000000002220 ) ) ;
#1096 = AXIS2_PLACEMENT_3D ( 'NONE', #2449, #1617, #2017 ) ;
#1097 = DIRECTION ( 'NONE',  ( 0.000000000000000000, 0.000000000000000000, -1.000000000000000000 ) ) ;
#1098 = COLOUR_RGB ( '',0.9607843137254902244, 0.9607843137254902244, 0.7843137254901960675 ) ;
#1099 = EDGE_CURVE ( 'NONE', #2154, #567, #177, .T. ) ;
#1100 = DIRECTION ( 'NONE',  ( 0.000000000000000000, 0.000000000000000000, -1.000000000000000000 ) ) ;
#1101 = DIRECTION ( 'NONE',  ( -0.000000000000000000, 1.000000000000000000, -0.000000000000000000 ) ) ;
#1102 = CARTESIAN_POINT ( 'NONE',  ( 3.069265397801349327, -0.02000000000004190093, 1.500000000000000000 ) ) ;
#1103 = CARTESIAN_POINT ( 'NONE',  ( 3.449703920260221768, 11.99394670547836661, 1.502507393377861877 ) ) ;
#1104 = ORIENTED_EDGE ( 'NONE', *, *, #2229, .F. ) ;
#1105 = DIRECTION ( 'NONE',  ( 0.000000000000000000, 0.000000000000000000, 1.000000000000000000 ) ) ;
#1106 =( GEOMETRIC_REPRESENTATION_CONTEXT ( 3 ) GLOBAL_UNCERTAINTY_ASSIGNED_CONTEXT ( ( #1341 ) ) GLOBAL_UNIT_ASSIGNED_CONTEXT ( ( #1449, #665, #2237 ) ) REPRESENTATION_CONTEXT ( 'NONE', 'WORKASPACE' ) );
#1107 = VECTOR ( 'NONE', #50, 1000.000000000000000 ) ;
#1108 = CARTESIAN_POINT ( 'NONE',  ( 3.674662653621331820, 11.86465069277442730, -1.505410831418068307 ) ) ;
#1109 = MECHANICAL_DESIGN_GEOMETRIC_PRESENTATION_REPRESENTATION (  '', ( #535 ), #1448 ) ;
#1110 =( GEOMETRIC_REPRESENTATION_CONTEXT ( 3 ) GLOBAL_UNCERTAINTY_ASSIGNED_CONTEXT ( ( #2496 ) ) GLOBAL_UNIT_ASSIGNED_CONTEXT ( ( #2564, #1377, #1150 ) ) REPRESENTATION_CONTEXT ( 'NONE', 'WORKASPACE' ) );
#1111 =( NAMED_UNIT ( * ) SI_UNIT ( $, .STERADIAN. ) SOLID_ANGLE_UNIT ( ) );
#1112 = CARTESIAN_POINT ( 'NONE',  ( -1.750000000000000000, 1.050000000000000044, -0.5999999999999999778 ) ) ;
#1113 = EDGE_CURVE ( 'NONE', #1546, #254, #2203, .T. ) ;
#1114 = SURFACE_STYLE_USAGE ( .BOTH. , #99 ) ;
#1115 = EDGE_CURVE ( 'NONE', #948, #1546, #1760, .T. ) ;
#1116 = CARTESIAN_POINT ( 'NONE',  ( 0.000000000000000000, 11.50000000000000000, -4.100000000036846615 ) ) ;
#1117 =( LENGTH_UNIT ( ) NAMED_UNIT ( * ) SI_UNIT ( .MILLI., .METRE. ) );
#1118 = ORIENTED_EDGE ( 'NONE', *, *, #1305, .F. ) ;
#1119 = CIRCLE ( 'NONE', #2579, 3.000000000000000444 ) ;
#1120 = CYLINDRICAL_SURFACE ( 'NONE', #2222, 2.750000000000002220 ) ;
#1121 = AXIS2_PLACEMENT_3D ( 'NONE', #1438, #1245, #1194 ) ;
#1122 = EDGE_CURVE ( 'NONE', #1281, #1583, #968, .T. ) ;
#1123 = FILL_AREA_STYLE_COLOUR ( '', #739 ) ;
#1124 = DIRECTION ( 'NONE',  ( 0.000000000000000000, 0.000000000000000000, 1.000000000000000000 ) ) ;
#1125 = DIRECTION ( 'NONE',  ( 0.000000000000000000, 0.000000000000000000, -1.000000000000000000 ) ) ;
#1126 = PRODUCT_DEFINITION ( 'UNKNOWN', '', #1756, #233 ) ;
#1127 = SURFACE_SIDE_STYLE ('',( #538 ) ) ;
#1128 = DIRECTION ( 'NONE',  ( 0.000000000000000000, 0.000000000000000000, -1.000000000000000000 ) ) ;
#1129 = CARTESIAN_POINT ( 'NONE',  ( 3.400738763928720765, 12.00678950202728323, 1.501857099968208820 ) ) ;
#1130 = ORIENTED_EDGE ( 'NONE', *, *, #1580, .T. ) ;
#1131 = AXIS2_PLACEMENT_3D ( 'NONE', #1282, #1861, #2483 ) ;
#1132 = EDGE_CURVE ( 'NONE', #1939, #685, #693, .T. ) ;
#1133 = LINE ( 'NONE', #573, #299 ) ;
#1134 = UNCERTAINTY_MEASURE_WITH_UNIT (LENGTH_MEASURE( 1.000000000000000082E-05 ), #1087, 'distance_accuracy_value', 'NONE');
#1135 = STYLED_ITEM ( 'NONE', ( #1598 ), #2192 ) ;
#1136 = PRODUCT ( 'CAP_ALU_THT_3P5_8D_12H', 'CAP_ALU_THT_3P5_8D_12H', '', ( #1982 ) ) ;
#1137 = CIRCLE ( 'NONE', #2143, 3.000000000000000444 ) ;
#1138 = SURFACE_STYLE_FILL_AREA ( #2072 ) ;
#1139 = STYLED_ITEM ( 'NONE', ( #2541 ), #738 ) ;
#1140 = CYLINDRICAL_SURFACE ( 'NONE', #185, 0.5999999999999999778 ) ;
#1141 = EDGE_LOOP ( 'NONE', ( #1156, #697, #670, #204 ) ) ;
#1142 =( NAMED_UNIT ( * ) PLANE_ANGLE_UNIT ( ) SI_UNIT ( $, .RADIAN. ) );
#1143 = DIRECTION ( 'NONE',  ( 0.000000000000000000, 0.000000000000000000, 1.000000000000000000 ) ) ;
#1144 = SURFACE_STYLE_FILL_AREA ( #363 ) ;
#1145 = COLOUR_RGB ( '',0.7803921568627451011, 0.7607843137254901578, 0.7411764705882353255 ) ;
#1146 = AXIS2_PLACEMENT_3D ( 'NONE', #788, #1469, #1820 ) ;
#1147 = PRESENTATION_STYLE_ASSIGNMENT (( #777 ) ) ;
#1148 = ORIENTED_EDGE ( 'NONE', *, *, #2502, .F. ) ;
#1149 = CARTESIAN_POINT ( 'NONE',  ( 3.221290318226912586, 1.664426858646331997, 1.507995653998251750 ) ) ;
#1150 =( NAMED_UNIT ( * ) SI_UNIT ( $, .STERADIAN. ) SOLID_ANGLE_UNIT ( ) );
#1151 = SURFACE_SIDE_STYLE ('',( #1961 ) ) ;
#1152 = ORIENTED_EDGE ( 'NONE', *, *, #852, .F. ) ;
#1153 = PRESENTATION_LAYER_ASSIGNMENT (  '', '', ( #1959 ) ) ;
#1154 = FILL_AREA_STYLE_COLOUR ( '', #2107 ) ;
#1155 = VECTOR ( 'NONE', #252, 1000.000000000000000 ) ;
#1156 = ORIENTED_EDGE ( 'NONE', *, *, #2465, .F. ) ;
#1157 = DIRECTION ( 'NONE',  ( -0.000000000000000000, -1.000000000000000000, -0.000000000000000000 ) ) ;
#1158 = CIRCLE ( 'NONE', #1963, 0.2999999999999997113 ) ;
#1159 = VERTEX_POINT ( 'NONE', #1830 ) ;
#1160 = PLANE ( 'NONE',  #1238 ) ;
#1161 =( GEOMETRIC_REPRESENTATION_CONTEXT ( 3 ) GLOBAL_UNCERTAINTY_ASSIGNED_CONTEXT ( ( #2372 ) ) GLOBAL_UNIT_ASSIGNED_CONTEXT ( ( #2224, #2199, #438 ) ) REPRESENTATION_CONTEXT ( 'NONE', 'WORKASPACE' ) );
#1162 = ORIENTED_EDGE ( 'NONE', *, *, #2399, .T. ) ;
#1163 = LINE ( 'NONE', #1407, #2475 ) ;
#1164 = FILL_AREA_STYLE_COLOUR ( '', #2452 ) ;
#1165 = ORIENTED_EDGE ( 'NONE', *, *, #724, .F. ) ;
#1166 = UNCERTAINTY_MEASURE_WITH_UNIT (LENGTH_MEASURE( 1.000000000000000082E-05 ), #405, 'distance_accuracy_value', 'NONE');
#1167 = AXIS2_PLACEMENT_3D ( 'NONE', #811, #2174, #1603 ) ;
#1168 = APPLICATION_PROTOCOL_DEFINITION ( 'draft international standard', 'automotive_design', 1998, #1172 ) ;
#1169 = SURFACE_SIDE_STYLE ('',( #615 ) ) ;
#1170 = EDGE_CURVE ( 'NONE', #320, #578, #521, .T. ) ;
#1171 = SURFACE_STYLE_FILL_AREA ( #2147 ) ;
#1172 = APPLICATION_CONTEXT ( 'automotive_design' ) ;
#1173 = PRESENTATION_LAYER_ASSIGNMENT (  '', '', ( #608 ) ) ;
#1174 = EDGE_LOOP ( 'NONE', ( #2090, #2098, #2356, #235 ) ) ;
#1175 = DIRECTION ( 'NONE',  ( -0.000000000000000000, 1.000000000000000000, -0.000000000000000000 ) ) ;
#1176 = FILL_AREA_STYLE_COLOUR ( '', #1749 ) ;
#1177 = EDGE_LOOP ( 'NONE', ( #1066, #655 ) ) ;
#1178 = DIRECTION ( 'NONE',  ( -0.000000000000000000, -1.000000000000000000, -0.000000000000000000 ) ) ;
#1179 =( NAMED_UNIT ( * ) SI_UNIT ( $, .STERADIAN. ) SOLID_ANGLE_UNIT ( ) );
#1180 =( LENGTH_UNIT ( ) NAMED_UNIT ( * ) SI_UNIT ( .MILLI., .METRE. ) );
#1181 = EDGE_CURVE ( 'NONE', #2567, #1923, #437, .T. ) ;
#1182 = ORIENTED_EDGE ( 'NONE', *, *, #983, .T. ) ;
#1183 =( LENGTH_UNIT ( ) NAMED_UNIT ( * ) SI_UNIT ( .MILLI., .METRE. ) );
#1184 = DIRECTION ( 'NONE',  ( -0.000000000000000000, -1.000000000000000000, -0.000000000000000000 ) ) ;
#1185 = DIRECTION ( 'NONE',  ( -0.000000000000000000, -1.000000000000000000, -0.000000000000000000 ) ) ;
#1186 = EDGE_LOOP ( 'NONE', ( #2046, #1648 ) ) ;
#1187 = CARTESIAN_POINT ( 'NONE',  ( 3.547381568833485765, 2.614637937994687356, -1.504851653158774560 ) ) ;
#1188 = CIRCLE ( 'NONE', #987, 0.5999999999999999778 ) ;
#1189 = EDGE_CURVE ( 'NONE', #2592, #1689, #390, .T. ) ;
#1190 = VERTEX_POINT ( 'NONE', #2189 ) ;
#1191 = UNCERTAINTY_MEASURE_WITH_UNIT (LENGTH_MEASURE( 1.000000000000000082E-05 ), #1799, 'distance_accuracy_value', 'NONE');
#1192 = CARTESIAN_POINT ( 'NONE',  ( -2.076655965710604512, -0.09999999999999999167, -1.000000000006638912 ) ) ;
#1193 = CARTESIAN_POINT ( 'NONE',  ( 1.750000000000000000, -2.149999999999999911, 0.2999999999999998779 ) ) ;
#1194 = DIRECTION ( 'NONE',  ( 0.000000000000000000, 0.000000000000000000, -1.000000000000000000 ) ) ;
#1195 = EDGE_CURVE ( 'NONE', #2577, #948, #305, .T. ) ;
#1196 =( NAMED_UNIT ( * ) PLANE_ANGLE_UNIT ( ) SI_UNIT ( $, .RADIAN. ) );
#1197 = VERTEX_POINT ( 'NONE', #2585 ) ;
#1198 = PRESENTATION_STYLE_ASSIGNMENT (( #2001 ) ) ;
#1199 =( NAMED_UNIT ( * ) SI_UNIT ( $, .STERADIAN. ) SOLID_ANGLE_UNIT ( ) );
#1200 = ORIENTED_EDGE ( 'NONE', *, *, #2315, .F. ) ;
#1201 = CIRCLE ( 'NONE', #957, 4.100000000036846615 ) ;
#1202 = DIRECTION ( 'NONE',  ( 1.000000000000000000, 0.000000000000000000, 1.327637987767512575E-15 ) ) ;
#1203 = FACE_OUTER_BOUND ( 'NONE', #188, .T. ) ;
#1204 = COLOUR_RGB ( '',0.2509803921568627416, 0.2509803921568627416, 0.2509803921568627416 ) ;
#1205 = EDGE_LOOP ( 'NONE', ( #225, #2474, #758, #289 ) ) ;
#1206 = FILL_AREA_STYLE ('',( #841 ) ) ;
#1207 = DIRECTION ( 'NONE',  ( -0.000000000000000000, 1.000000000000000000, -0.000000000000000000 ) ) ;
#1208 = EDGE_CURVE ( 'NONE', #2002, #1990, #1680, .T. ) ;
#1209 = MECHANICAL_DESIGN_GEOMETRIC_PRESENTATION_REPRESENTATION (  '', ( #1298 ), #2492 ) ;
#1210 = CARTESIAN_POINT ( 'NONE',  ( 1.749999999999999778, 0.1999999999999999833, -1.000000000000000000 ) ) ;
#1211 = EDGE_CURVE ( 'NONE', #1546, #2592, #798, .T. ) ;
#1212 = PRESENTATION_LAYER_ASSIGNMENT (  '', '', ( #1717 ) ) ;
#1213 = FILL_AREA_STYLE_COLOUR ( '', #80 ) ;
#1214 = UNCERTAINTY_MEASURE_WITH_UNIT (LENGTH_MEASURE( 1.000000000000000082E-05 ), #1748, 'distance_accuracy_value', 'NONE');
#1215 = CARTESIAN_POINT ( 'NONE',  ( 4.286263797116950900E-16, 1.925000000070364647, 3.500000000082648111 ) ) ;
#1216 = VERTEX_POINT ( 'NONE', #1081 ) ;
#1217 = CARTESIAN_POINT ( 'NONE',  ( 4.183632595335804804E-16, 3.166195263962105599, 3.416195264012948485 ) ) ;
#1218 = AXIS2_PLACEMENT_3D ( 'NONE', #229, #1178, #20 ) ;
#1219 = TOROIDAL_SURFACE ( 'NONE', #93, 4.400000000056635052, 0.8999999999739866086 ) ;
#1220 = CIRCLE ( 'NONE', #807, 0.5999999999999995337 ) ;
#1221 = DIRECTION ( 'NONE',  ( 0.000000000000000000, 0.000000000000000000, 1.000000000000000000 ) ) ;
#1222 = SURFACE_STYLE_FILL_AREA ( #822 ) ;
#1223 = AXIS2_PLACEMENT_3D ( 'NONE', #1972, #1996, #382 ) ;
#1224 = EDGE_LOOP ( 'NONE', ( #1454, #2225, #1910, #1104 ) ) ;
#1225 =( NAMED_UNIT ( * ) PLANE_ANGLE_UNIT ( ) SI_UNIT ( $, .RADIAN. ) );
#1226 = AXIS2_PLACEMENT_3D ( 'NONE', #1028, #1242, #826 ) ;
#1227 = CARTESIAN_POINT ( 'NONE',  ( 2.330940369705265969, -0.09999999999999999167, 1.459183673455226371 ) ) ;
#1228 = ADVANCED_FACE ( 'NONE', ( #1493 ), #1090, .T. ) ;
#1229 = PRESENTATION_LAYER_ASSIGNMENT (  '', '', ( #1139 ) ) ;
#1230 = PLANE ( 'NONE',  #2087 ) ;
#1231 = B_SPLINE_CURVE_WITH_KNOTS ( 'NONE', 3,
 ( #1540, #563, #2150, #1149, #2551, #849, #435, #1023, #1441, #1418, #2593, #52, #995, #462, #1608 ),
 .UNSPECIFIED., .F., .F.,
 ( 4, 2, 2, 2, 1, 2, 2, 4 ),
 ( 0.5003659664338113711, 0.6252744748253586948, 0.7501829832169060186, 0.7657965467658494063, 0.7814101103147930161, 0.8126372374126799025, 0.8750914916084533424, 1.000000000000000000 ),
 .UNSPECIFIED. ) ;
#1232 = CARTESIAN_POINT ( 'NONE',  ( 2.076655965729520936, -0.09999999999999999167, 1.300000000000000266 ) ) ;
#1233 = CARTESIAN_POINT ( 'NONE',  ( 0.000000000000000000, 11.90000000000000036, 0.000000000000000000 ) ) ;
#1234 = ORIENTED_EDGE ( 'NONE', *, *, #582, .T. ) ;
#1235 = COLOUR_RGB ( '',0.7803921568627451011, 0.7607843137254901578, 0.7411764705882353255 ) ;
#1236 = SURFACE_SIDE_STYLE ('',( #663 ) ) ;
#1237 = MECHANICAL_DESIGN_GEOMETRIC_PRESENTATION_REPRESENTATION (  '', ( #1359 ), #153 ) ;
#1238 = AXIS2_PLACEMENT_3D ( 'NONE', #790, #751, #2316 ) ;
#1239 = EDGE_LOOP ( 'NONE', ( #457, #1278, #735, #802 ) ) ;
#1240 = EDGE_CURVE ( 'NONE', #1860, #1304, #1832, .T. ) ;
#1241 = AXIS2_PLACEMENT_3D ( 'NONE', #1005, #1621, #1847 ) ;
#1242 = DIRECTION ( 'NONE',  ( 0.000000000000000000, -1.000000000000000000, 0.000000000000000000 ) ) ;
#1243 = CARTESIAN_POINT ( 'NONE',  ( 3.369625644854251423, 0.03446601830926795257, -1.503269132710983724 ) ) ;
#1244 = VERTEX_POINT ( 'NONE', #253 ) ;
#1245 = DIRECTION ( 'NONE',  ( -0.000000000000000000, -1.000000000000000000, -0.000000000000000000 ) ) ;
#1246 = COLOUR_RGB ( '',0.2509803921568627416, 0.2509803921568627416, 0.2509803921568627416 ) ;
#1247 = ORIENTED_EDGE ( 'NONE', *, *, #1211, .T. ) ;
#1248 = CARTESIAN_POINT ( 'NONE',  ( -1.750000000000000000, -2.149999999999999911, 0.000000000000000000 ) ) ;
#1249 = CARTESIAN_POINT ( 'NONE',  ( 0.000000000000000000, 12.00000000000000000, 0.000000000000000000 ) ) ;
#1250 = AXIS2_PLACEMENT_3D ( 'NONE', #1772, #1185, #997 ) ;
#1251 = CARTESIAN_POINT ( 'NONE',  ( 0.000000000000000000, -0.09999999999999999167, 0.000000000000000000 ) ) ;
#1252 =( LENGTH_UNIT ( ) NAMED_UNIT ( * ) SI_UNIT ( .MILLI., .METRE. ) );
#1253 = AXIS2_PLACEMENT_3D ( 'NONE', #1841, #1275, #1682 ) ;
#1254 = CARTESIAN_POINT ( 'NONE',  ( 3.465897400819822671, 0.08000889799469938779, -1.504105219002073612 ) ) ;
#1255 = AXIS2_PLACEMENT_3D ( 'NONE', #1488, #702, #1627 ) ;
#1256 = ORIENTED_EDGE ( 'NONE', *, *, #256, .F. ) ;
#1257 = FACE_OUTER_BOUND ( 'NONE', #496, .T. ) ;
#1258 = EDGE_CURVE ( 'NONE', #1734, #320, #1897, .T. ) ;
#1259 = ORIENTED_EDGE ( 'NONE', *, *, #1099, .F. ) ;
#1260 =( NAMED_UNIT ( * ) PLANE_ANGLE_UNIT ( ) SI_UNIT ( $, .RADIAN. ) );
#1261 = DIRECTION ( 'NONE',  ( 0.000000000000000000, -0.000000000000000000, 1.000000000000000000 ) ) ;
#1262 =( NAMED_UNIT ( * ) PLANE_ANGLE_UNIT ( ) SI_UNIT ( $, .RADIAN. ) );
#1263 = CARTESIAN_POINT ( 'NONE',  ( 3.272613634431247309, 12.01999999999999957, 1.500000000000000000 ) ) ;
#1264 = AXIS2_PLACEMENT_3D ( 'NONE', #712, #1498, #1297 ) ;
#1265 = DIRECTION ( 'NONE',  ( 0.000000000000000000, 0.000000000000000000, 1.000000000000000000 ) ) ;
#1266 = PLANE ( 'NONE',  #1096 ) ;
#1267 = SURFACE_STYLE_USAGE ( .BOTH. , #58 ) ;
#1268 = ORIENTED_EDGE ( 'NONE', *, *, #1984, .F. ) ;
#1269 = VECTOR ( 'NONE', #2125, 1000.000000000000000 ) ;
#1270 = ORIENTED_EDGE ( 'NONE', *, *, #2062, .T. ) ;
#1271 = SURFACE_SIDE_STYLE ('',( #876 ) ) ;
#1272 =( NAMED_UNIT ( * ) PLANE_ANGLE_UNIT ( ) SI_UNIT ( $, .RADIAN. ) );
#1273 = ADVANCED_FACE ( 'NONE', ( #454 ), #1464, .F. ) ;
#1274 =( NAMED_UNIT ( * ) PLANE_ANGLE_UNIT ( ) SI_UNIT ( $, .RADIAN. ) );
#1275 = DIRECTION ( 'NONE',  ( 0.000000000000000000, -1.000000000000000000, 0.000000000000000000 ) ) ;
#1276 = DIRECTION ( 'NONE',  ( 0.000000000000000000, 0.000000000000000000, 1.000000000000000000 ) ) ;
#1277 = DIRECTION ( 'NONE',  ( -0.000000000000000000, -1.000000000000000000, -0.000000000000000000 ) ) ;
#1278 = ORIENTED_EDGE ( 'NONE', *, *, #1208, .T. ) ;
#1279 = CARTESIAN_POINT ( 'NONE',  ( 3.285080879790018837, 1.528305817563360369, -1.507446073757401583 ) ) ;
#1280 = STYLED_ITEM ( 'NONE', ( #544 ), #337 ) ;
#1281 = VERTEX_POINT ( 'NONE', #1732 ) ;
#1282 = CARTESIAN_POINT ( 'NONE',  ( 1.750000000000000000, -2.149999999999999911, 0.000000000000000000 ) ) ;
#1283 =( LENGTH_UNIT ( ) NAMED_UNIT ( * ) SI_UNIT ( .MILLI., .METRE. ) );
#1284 = EDGE_CURVE ( 'NONE', #92, #1857, #1720, .T. ) ;
#1285 = AXIS2_PLACEMENT_3D ( 'NONE', #236, #223, #2568 ) ;
#1286 = CARTESIAN_POINT ( 'NONE',  ( 0.000000000000000000, 0.6838047360777542716, 0.000000000000000000 ) ) ;
#1287 = SURFACE_STYLE_FILL_AREA ( #1432 ) ;
#1288 = SURFACE_SIDE_STYLE ('',( #1489 ) ) ;
#1289 =( LENGTH_UNIT ( ) NAMED_UNIT ( * ) SI_UNIT ( .MILLI., .METRE. ) );
#1290 = DIRECTION ( 'NONE',  ( -0.000000000000000000, 1.000000000000000000, -0.000000000000000000 ) ) ;
#1291 = CARTESIAN_POINT ( 'NONE',  ( 3.673232212720076717, 1.143175370447008232, -1.505999631317659126 ) ) ;
#1292 = EDGE_LOOP ( 'NONE', ( #2038, #181, #1118, #529 ) ) ;
#1293 =( LENGTH_UNIT ( ) NAMED_UNIT ( * ) SI_UNIT ( .MILLI., .METRE. ) );
#1294 = EDGE_CURVE ( 'NONE', #868, #2015, #1358, .T. ) ;
#1295 = CARTESIAN_POINT ( 'NONE',  ( 3.294617208343133985, 1.511709454738871639, -1.507331495906696794 ) ) ;
#1296 = FACE_OUTER_BOUND ( 'NONE', #922, .T. ) ;
#1297 = DIRECTION ( 'NONE',  ( 0.000000000000000000, 0.000000000000000000, -1.000000000000000000 ) ) ;
#1298 = STYLED_ITEM ( 'NONE', ( #216 ), #283 ) ;
#1299 = COLOUR_RGB ( '',0.000000000000000000, 0.5019607843137254832, 0.5019607843137254832 ) ;
#1300 = CARTESIAN_POINT ( 'NONE',  ( 0.000000000000000000, 3.166195263962105599, 0.000000000000000000 ) ) ;
#1301 = CARTESIAN_POINT ( 'NONE',  ( 0.000000000000000000, 11.90000000000000036, 0.000000000000000000 ) ) ;
#1302 = CARTESIAN_POINT ( 'NONE',  ( 0.000000000000000000, 11.50000000000000000, 0.000000000000000000 ) ) ;
#1303 = COLOUR_RGB ( '',0.2509803921568627416, 0.2509803921568627416, 0.2509803921568627416 ) ;
#1304 = VERTEX_POINT ( 'NONE', #2156 ) ;
#1305 = EDGE_CURVE ( 'NONE', #413, #955, #1804, .T. ) ;
#1306 = VECTOR ( 'NONE', #897, 1000.000000000000000 ) ;
#1307 = CARTESIAN_POINT ( 'NONE',  ( 3.757402804904613092, 11.76609944561678667, -1.506476740075077370 ) ) ;
#1308 = PRESENTATION_STYLE_ASSIGNMENT (( #1678 ) ) ;
#1309 = FACE_OUTER_BOUND ( 'NONE', #420, .T. ) ;
#1310 = PRESENTATION_STYLE_ASSIGNMENT (( #515 ) ) ;
#1311 = DIRECTION ( 'NONE',  ( 0.000000000000000000, 0.000000000000000000, -1.000000000000000000 ) ) ;
#1312 = ADVANCED_FACE ( 'NONE', ( #2531 ), #961, .T. ) ;
#1313 = ORIENTED_EDGE ( 'NONE', *, *, #1115, .F. ) ;
#1314 = SURFACE_STYLE_USAGE ( .BOTH. , #530 ) ;
#1315 = VECTOR ( 'NONE', #1478, 1000.000000000000000 ) ;
#1316 = CARTESIAN_POINT ( 'NONE',  ( 3.487857300180513320, 11.98091873569653387, -1.503012699508642136 ) ) ;
#1317 = MECHANICAL_DESIGN_GEOMETRIC_PRESENTATION_REPRESENTATION (  '', ( #2444 ), #113 ) ;
#1318 = UNCERTAINTY_MEASURE_WITH_UNIT (LENGTH_MEASURE( 1.000000000000000082E-05 ), #1716, 'distance_accuracy_value', 'NONE');
#1319 = CARTESIAN_POINT ( 'NONE',  ( -1.750000000000000000, 1.050000000000000044, 0.5999999999999999778 ) ) ;
#1320 = PLANE ( 'NONE',  #898 ) ;
#1321 = EDGE_CURVE ( 'NONE', #685, #1939, #1078, .T. ) ;
#1322 = SURFACE_STYLE_USAGE ( .BOTH. , #2540 ) ;
#1323 = PRESENTATION_LAYER_ASSIGNMENT (  '', '', ( #991 ) ) ;
#1324 = LINE ( 'NONE', #2504, #1269 ) ;
#1325 = DIRECTION ( 'NONE',  ( 0.000000000000000000, 0.000000000000000000, -1.000000000000000000 ) ) ;
#1326 = EDGE_LOOP ( 'NONE', ( #1093, #2213, #975, #1367 ) ) ;
#1327 =( LENGTH_UNIT ( ) NAMED_UNIT ( * ) SI_UNIT ( .MILLI., .METRE. ) );
#1328 = CARTESIAN_POINT ( 'NONE',  ( 0.000000000000000000, 12.01999999999999957, 0.000000000000000000 ) ) ;
#1329 = AXIS2_PLACEMENT_3D ( 'NONE', #2410, #2283, #56 ) ;
#1330 = CARTESIAN_POINT ( 'NONE',  ( 3.180347240963358857, 2.050375599111323499, 1.508572767937747638 ) ) ;
#1331 = PRESENTATION_LAYER_ASSIGNMENT (  '', '', ( #2261 ) ) ;
#1332 = DIRECTION ( 'NONE',  ( 0.000000000000000000, 0.000000000000000000, 1.000000000000000000 ) ) ;
#1333 = SURFACE_STYLE_USAGE ( .BOTH. , #931 ) ;
#1334 = CARTESIAN_POINT ( 'NONE',  ( 0.000000000000000000, 0.4000000000000000222, 0.000000000000000000 ) ) ;
#1335 = DIRECTION ( 'NONE',  ( 8.659560562354920532E-17, 0.7071067811865486830, -0.7071067811865464625 ) ) ;
#1336 = CARTESIAN_POINT ( 'NONE',  ( 0.000000000000000000, 11.90000000000000036, 2.799999999999999822 ) ) ;
#1337 = LINE ( 'NONE', #2370, #2586 ) ;
#1338 = VERTEX_POINT ( 'NONE', #1936 ) ;
#1339 =( GEOMETRIC_REPRESENTATION_CONTEXT ( 3 ) GLOBAL_UNCERTAINTY_ASSIGNED_CONTEXT ( ( #2361 ) ) GLOBAL_UNIT_ASSIGNED_CONTEXT ( ( #1252, #452, #1842 ) ) REPRESENTATION_CONTEXT ( 'NONE', 'WORKASPACE' ) );
#1340 = DIRECTION ( 'NONE',  ( -0.000000000000000000, 1.000000000000000000, -0.000000000000000000 ) ) ;
#1341 = UNCERTAINTY_MEASURE_WITH_UNIT (LENGTH_MEASURE( 1.000000000000000082E-05 ), #1449, 'distance_accuracy_value', 'NONE');
#1342 = AXIS2_PLACEMENT_3D ( 'NONE', #1249, #1460, #1261 ) ;
#1343 = CARTESIAN_POINT ( 'NONE',  ( 0.000000000000000000, -0.02000000000000000042, 0.000000000000000000 ) ) ;
#1344 = VECTOR ( 'NONE', #1527, 1000.000000000000000 ) ;
#1345 =( NAMED_UNIT ( * ) SI_UNIT ( $, .STERADIAN. ) SOLID_ANGLE_UNIT ( ) );
#1346 = EDGE_LOOP ( 'NONE', ( #395, #789, #622, #823, #302, #2569, #1650, #2244 ) ) ;
#1347 = CARTESIAN_POINT ( 'NONE',  ( 0.000000000000000000, 11.90000000000000036, 0.000000000000000000 ) ) ;
#1348 = AXIS2_PLACEMENT_3D ( 'NONE', #425, #2211, #2395 ) ;
#1349 = DIRECTION ( 'NONE',  ( 0.000000000000000000, 0.000000000000000000, -1.000000000000000000 ) ) ;
#1350 = EDGE_LOOP ( 'NONE', ( #970, #2435, #1417, #1061 ) ) ;
#1351 = CARTESIAN_POINT ( 'NONE',  ( 3.834370253539925333, 3.166195264044802560, -1.507317073170666433 ) ) ;
#1352 = CARTESIAN_POINT ( 'NONE',  ( 3.511275325896898725, 0.1071548460144520348, 1.504520167943466102 ) ) ;
#1353 = CARTESIAN_POINT ( 'NONE',  ( 0.000000000000000000, 3.166195264044802560, 0.000000000000000000 ) ) ;
#1354 = ORIENTED_EDGE ( 'NONE', *, *, #2525, .T. ) ;
#1355 = UNCERTAINTY_MEASURE_WITH_UNIT (LENGTH_MEASURE( 1.000000000000000082E-05 ), #1117, 'distance_accuracy_value', 'NONE');
#1356 = SURFACE_STYLE_USAGE ( .BOTH. , #1958 ) ;
#1357 = PRESENTATION_LAYER_ASSIGNMENT (  '', '', ( #941 ) ) ;
#1358 = B_SPLINE_CURVE_WITH_KNOTS ( 'NONE', 3,
 ( #1530, #2542, #1545, #2329, #912, #2105, #143, #2299, #1952, #154, #528, #569, #553, #2345, #1352, #2116, #2519, #1102 ),
 .UNSPECIFIED., .F., .F.,
 ( 4, 2, 2, 2, 2, 2, 2, 2, 4 ),
 ( 0.000000000000000000, 0.2499999999999993894, 0.3749999999999991118, 0.4999999999999987788, 0.6249999999999985567, 0.6874999999999987788, 0.7187499999999987788, 0.7499999999999987788, 1.000000000000000000 ),
 .UNSPECIFIED. ) ;
#1359 = STYLED_ITEM ( 'NONE', ( #1450 ), #1790 ) ;
#1360 = CARTESIAN_POINT ( 'NONE',  ( 1.750000000000000000, 1.050000000000000044, 0.000000000000000000 ) ) ;
#1361 = VERTEX_POINT ( 'NONE', #1336 ) ;
#1362 = DIRECTION ( 'NONE',  ( 0.000000000000000000, 0.000000000000000000, 1.000000000000000000 ) ) ;
#1363 = COLOUR_RGB ( '',0.2509803921568627416, 0.2509803921568627416, 0.2509803921568627416 ) ;
#1364 = DIRECTION ( 'NONE',  ( -0.000000000000000000, -1.000000000000000000, -0.000000000000000000 ) ) ;
#1365 = STYLED_ITEM ( 'NONE', ( #19 ), #411 ) ;
#1366 = DIRECTION ( 'NONE',  ( 0.000000000000000000, 0.000000000000000000, -1.000000000000000000 ) ) ;
#1367 = ORIENTED_EDGE ( 'NONE', *, *, #2142, .F. ) ;
#1368 = EDGE_CURVE ( 'NONE', #492, #1786, #249, .T. ) ;
#1369 = FACE_OUTER_BOUND ( 'NONE', #211, .T. ) ;
#1370 = PRESENTATION_LAYER_ASSIGNMENT (  '', '', ( #2494 ) ) ;
#1371 =( LENGTH_UNIT ( ) NAMED_UNIT ( * ) SI_UNIT ( .MILLI., .METRE. ) );
#1372 = MECHANICAL_DESIGN_GEOMETRIC_PRESENTATION_REPRESENTATION (  '', ( #2367 ), #2047 ) ;
#1373 = ADVANCED_FACE ( 'NONE', ( #2013 ), #1395, .T. ) ;
#1374 = CARTESIAN_POINT ( 'NONE',  ( 1.750000000000000000, 0.4500000000000000111, -0.2999999999999999334 ) ) ;
#1375 = ORIENTED_EDGE ( 'NONE', *, *, #2036, .T. ) ;
#1376 =( NAMED_UNIT ( * ) PLANE_ANGLE_UNIT ( ) SI_UNIT ( $, .RADIAN. ) );
#1377 =( NAMED_UNIT ( * ) PLANE_ANGLE_UNIT ( ) SI_UNIT ( $, .RADIAN. ) );
#1378 = LINE ( 'NONE', #399, #489 ) ;
#1379 = FILL_AREA_STYLE ('',( #2171 ) ) ;
#1380 = FILL_AREA_STYLE ('',( #1176 ) ) ;
#1381 = ORIENTED_EDGE ( 'NONE', *, *, #2393, .T. ) ;
#1382 = UNCERTAINTY_MEASURE_WITH_UNIT (LENGTH_MEASURE( 1.000000000000000082E-05 ), #404, 'distance_accuracy_value', 'NONE');
#1383 = DIRECTION ( 'NONE',  ( 0.000000000000000000, -1.000000000000000000, 0.000000000000000000 ) ) ;
#1384 = PRESENTATION_LAYER_ASSIGNMENT (  '', '', ( #851 ) ) ;
#1385 = DIRECTION ( 'NONE',  ( 0.000000000000000000, 0.000000000000000000, -1.000000000000000000 ) ) ;
#1386 = AXIS2_PLACEMENT_3D ( 'NONE', #1398, #1802, #1029 ) ;
#1387 = FILL_AREA_STYLE ('',( #969 ) ) ;
#1388 = ORIENTED_EDGE ( 'NONE', *, *, #673, .T. ) ;
#1389 = ADVANCED_FACE ( 'NONE', ( #1000 ), #1012, .T. ) ;
#1390 = AXIS2_PLACEMENT_3D ( 'NONE', #1538, #600, #1385 ) ;
#1391 = CARTESIAN_POINT ( 'NONE',  ( 0.000000000000000000, 1.925000000070364425, -4.400000000056635052 ) ) ;
#1392 =( NAMED_UNIT ( * ) SI_UNIT ( $, .STERADIAN. ) SOLID_ANGLE_UNIT ( ) );
#1393 = VERTEX_POINT ( 'NONE', #808 ) ;
#1394 =( GEOMETRIC_REPRESENTATION_CONTEXT ( 3 ) GLOBAL_UNCERTAINTY_ASSIGNED_CONTEXT ( ( #2547 ) ) GLOBAL_UNIT_ASSIGNED_CONTEXT ( ( #946, #1743, #770 ) ) REPRESENTATION_CONTEXT ( 'NONE', 'WORKASPACE' ) );
#1395 = CYLINDRICAL_SURFACE ( 'NONE', #1285, 4.100000000036846615 ) ;
#1396 = PRESENTATION_STYLE_ASSIGNMENT (( #809 ) ) ;
#1397 = ORIENTED_EDGE ( 'NONE', *, *, #1181, .T. ) ;
#1398 = CARTESIAN_POINT ( 'NONE',  ( 0.000000000000000000, 1.925000000070364425, 0.000000000000000000 ) ) ;
#1399 = ADVANCED_FACE ( 'NONE', ( #179 ), #2408, .T. ) ;
#1400 = DIRECTION ( 'NONE',  ( -0.000000000000000000, -1.000000000000000000, -0.000000000000000000 ) ) ;
#1401 = CYLINDRICAL_SURFACE ( 'NONE', #470, 2.750000000000002220 ) ;
#1402 = ORIENTED_EDGE ( 'NONE', *, *, #688, .T. ) ;
#1403 = SURFACE_STYLE_FILL_AREA ( #1610 ) ;
#1404 = COLOUR_RGB ( '',0.000000000000000000, 0.5019607843137254832, 0.5019607843137254832 ) ;
#1405 = ORIENTED_EDGE ( 'NONE', *, *, #1258, .F. ) ;
#1406 = ADVANCED_FACE ( 'NONE', ( #1641 ), #464, .T. ) ;
#1407 = CARTESIAN_POINT ( 'NONE',  ( -2.076655965700000106, -0.09999999999999999167, 0.9999999999999995559 ) ) ;
#1408 = CARTESIAN_POINT ( 'NONE',  ( 0.000000000000000000, 1.925000000070364425, 0.000000000000000000 ) ) ;
#1409 = ORIENTED_EDGE ( 'NONE', *, *, #2315, .T. ) ;
#1410 = AXIS2_PLACEMENT_3D ( 'NONE', #799, #2387, #2216 ) ;
#1411 = FACE_OUTER_BOUND ( 'NONE', #1346, .T. ) ;
#1412 = CARTESIAN_POINT ( 'NONE',  ( 3.284889003662657903, 2.321350187427392964, 1.507448148929931842 ) ) ;
#1413 = DIRECTION ( 'NONE',  ( 0.000000000000000000, 0.000000000000000000, -1.000000000000000000 ) ) ;
#1414 =( LENGTH_UNIT ( ) NAMED_UNIT ( * ) SI_UNIT ( .MILLI., .METRE. ) );
#1415 = FACE_OUTER_BOUND ( 'NONE', #388, .T. ) ;
#1416 = PLANE ( 'NONE',  #1241 ) ;
#1417 = ORIENTED_EDGE ( 'NONE', *, *, #582, .F. ) ;
#1418 = CARTESIAN_POINT ( 'NONE',  ( 3.317952730974535136, 1.474074436119457765, 1.507029333202132060 ) ) ;
#1419 = STYLED_ITEM ( 'NONE', ( #1082 ), #1560 ) ;
#1420 =( LENGTH_UNIT ( ) NAMED_UNIT ( * ) SI_UNIT ( .MILLI., .METRE. ) );
#1421 = EDGE_LOOP ( 'NONE', ( #2544, #1524, #555, #1247 ) ) ;
#1422 =( LENGTH_UNIT ( ) NAMED_UNIT ( * ) SI_UNIT ( .MILLI., .METRE. ) );
#1423 = DIRECTION ( 'NONE',  ( 0.000000000000000000, 0.000000000000000000, 1.000000000000000000 ) ) ;
#1424 = FACE_OUTER_BOUND ( 'NONE', #1292, .T. ) ;
#1425 = COLOUR_RGB ( '',0.7803921568627451011, 0.7607843137254901578, 0.7411764705882353255 ) ;
#1426 = LINE ( 'NONE', #2231, #2054 ) ;
#1427 = CARTESIAN_POINT ( 'NONE',  ( -2.076655965700000106, -0.09999999999999999167, 0.9999999999999995559 ) ) ;
#1428 = EDGE_LOOP ( 'NONE', ( #2276, #636 ) ) ;
#1429 = VECTOR ( 'NONE', #680, 1000.000000000000000 ) ;
#1430 = VECTOR ( 'NONE', #979, 1000.000000000000000 ) ;
#1431 = FILL_AREA_STYLE ('',( #1825 ) ) ;
#1432 = FILL_AREA_STYLE ('',( #879 ) ) ;
#1433 = STYLED_ITEM ( 'NONE', ( #2462 ), #456 ) ;
#1434 = DIRECTION ( 'NONE',  ( 0.000000000000000000, 0.000000000000000000, 1.000000000000000000 ) ) ;
#1435 = SURFACE_STYLE_USAGE ( .BOTH. , #2265 ) ;
#1436 = STYLED_ITEM ( 'NONE', ( #1729 ), #765 ) ;
#1437 = EDGE_LOOP ( 'NONE', ( #2010, #2023, #2233, #263 ) ) ;
#1438 = CARTESIAN_POINT ( 'NONE',  ( 0.000000000000000000, 1.925000000070364425, 0.000000000000000000 ) ) ;
#1439 = CARTESIAN_POINT ( 'NONE',  ( -2.330940369696681280, -0.09999999999999999167, 1.459183673468939402 ) ) ;
#1440 = EDGE_LOOP ( 'NONE', ( #583, #1130, #2000, #1009 ) ) ;
#1441 = CARTESIAN_POINT ( 'NONE',  ( 3.305787034549975800, 1.492908266832690733, 1.507190973057492611 ) ) ;
#1442 =( NAMED_UNIT ( * ) PLANE_ANGLE_UNIT ( ) SI_UNIT ( $, .RADIAN. ) );
#1443 = CARTESIAN_POINT ( 'NONE',  ( 3.709770962288565510, 2.764802130974568062, 1.506336612440558831 ) ) ;
#1444 = DIRECTION ( 'NONE',  ( 0.000000000000000000, -1.000000000000000000, 0.000000000000000000 ) ) ;
#1445 = CIRCLE ( 'NONE', #710, 2.799999999999999822 ) ;
#1446 = B_SPLINE_CURVE_WITH_KNOTS ( 'NONE', 3,
 ( #1187, #552, #356, #568, #594, #1351 ),
 .UNSPECIFIED., .F., .F.,
 ( 4, 2, 4 ),
 ( 0.000000000000000000, 0.5000000000000000000, 1.000000000000000000 ),
 .UNSPECIFIED. ) ;
#1447 = FACE_OUTER_BOUND ( 'NONE', #2438, .T. ) ;
#1448 =( GEOMETRIC_REPRESENTATION_CONTEXT ( 3 ) GLOBAL_UNCERTAINTY_ASSIGNED_CONTEXT ( ( #2132 ) ) GLOBAL_UNIT_ASSIGNED_CONTEXT ( ( #2443, #2293, #1111 ) ) REPRESENTATION_CONTEXT ( 'NONE', 'WORKASPACE' ) );
#1449 =( LENGTH_UNIT ( ) NAMED_UNIT ( * ) SI_UNIT ( .MILLI., .METRE. ) );
#1450 = PRESENTATION_STYLE_ASSIGNMENT (( #2476 ) ) ;
#1451 = CIRCLE ( 'NONE', #417, 0.2999999999999999334 ) ;
#1452 = CARTESIAN_POINT ( 'NONE',  ( 3.834370253539925333, 0.000000000000000000, -1.507317073170666433 ) ) ;
#1453 = CARTESIAN_POINT ( 'NONE',  ( 3.620172120898371926, 0.1877272239209158700, -1.505538959974444202 ) ) ;
#1454 = ORIENTED_EDGE ( 'NONE', *, *, #1368, .T. ) ;
#1455 = ADVANCED_FACE ( 'NONE', ( #2057 ), #1872, .T. ) ;
#1456 = DIRECTION ( 'NONE',  ( 0.000000000000000000, 0.000000000000000000, -1.000000000000000000 ) ) ;
#1457 = AXIS2_PLACEMENT_3D ( 'NONE', #2318, #935, #2126 ) ;
#1458 = EDGE_LOOP ( 'NONE', ( #1980, #2065, #1800, #1752 ) ) ;
#1459 = FACE_OUTER_BOUND ( 'NONE', #2300, .T. ) ;
#1460 = DIRECTION ( 'NONE',  ( 0.000000000000000000, 1.000000000000000000, 0.000000000000000000 ) ) ;
#1461 = FACE_OUTER_BOUND ( 'NONE', #645, .T. ) ;
#1462 =( LENGTH_UNIT ( ) NAMED_UNIT ( * ) SI_UNIT ( .MILLI., .METRE. ) );
#1463 =( NAMED_UNIT ( * ) PLANE_ANGLE_UNIT ( ) SI_UNIT ( $, .RADIAN. ) );
#1464 = CYLINDRICAL_SURFACE ( 'NONE', #2066, 3.000000000000000444 ) ;
#1465 = STYLED_ITEM ( 'NONE', ( #251 ), #1780 ) ;
#1466 = VERTEX_POINT ( 'NONE', #2281 ) ;
#1467 = EDGE_CURVE ( 'NONE', #1015, #1759, #1158, .T. ) ;
#1468 = SURFACE_STYLE_USAGE ( .BOTH. , #873 ) ;
#1469 = DIRECTION ( 'NONE',  ( 0.000000000000000000, -1.000000000000000000, 0.000000000000000000 ) ) ;
#1470 = ORIENTED_EDGE ( 'NONE', *, *, #1189, .T. ) ;
#1471 = SURFACE_STYLE_FILL_AREA ( #896 ) ;
#1472 = DIRECTION ( 'NONE',  ( -0.000000000000000000, 1.000000000000000000, -0.000000000000000000 ) ) ;
#1473 = ADVANCED_FACE ( 'NONE', ( #1052, #839, #1851, #2093 ), #525, .T. ) ;
#1474 = SURFACE_SIDE_STYLE ('',( #311 ) ) ;
#1475 =( NAMED_UNIT ( * ) PLANE_ANGLE_UNIT ( ) SI_UNIT ( $, .RADIAN. ) );
#1476 = MECHANICAL_DESIGN_GEOMETRIC_PRESENTATION_REPRESENTATION (  '', ( #227 ), #2344 ) ;
#1477 = SURFACE_SIDE_STYLE ('',( #2473 ) ) ;
#1478 = DIRECTION ( 'NONE',  ( -0.000000000000000000, -1.000000000000000000, -0.000000000000000000 ) ) ;
#1479 = COLOUR_RGB ( '',0.000000000000000000, 0.5019607843137254832, 0.5019607843137254832 ) ;
#1480 = STYLED_ITEM ( 'NONE', ( #967 ), #2528 ) ;
#1481 = ORIENTED_EDGE ( 'NONE', *, *, #2311, .F. ) ;
#1482 = EDGE_CURVE ( 'NONE', #2577, #473, #1542, .T. ) ;
#1483 =( GEOMETRIC_REPRESENTATION_CONTEXT ( 3 ) GLOBAL_UNCERTAINTY_ASSIGNED_CONTEXT ( ( #747 ) ) GLOBAL_UNIT_ASSIGNED_CONTEXT ( ( #2181, #956, #175 ) ) REPRESENTATION_CONTEXT ( 'NONE', 'WORKASPACE' ) );
#1484 =( LENGTH_UNIT ( ) NAMED_UNIT ( * ) SI_UNIT ( .MILLI., .METRE. ) );
#1485 = EDGE_LOOP ( 'NONE', ( #168, #860, #163, #744 ) ) ;
#1486 = FILL_AREA_STYLE_COLOUR ( '', #1425 ) ;
#1487 = DIRECTION ( 'NONE',  ( -0.000000000000000000, -1.000000000000000000, -0.000000000000000000 ) ) ;
#1488 = CARTESIAN_POINT ( 'NONE',  ( 0.000000000000000000, -1.436567878543293375E-14, 0.000000000000000000 ) ) ;
#1489 = SURFACE_STYLE_FILL_AREA ( #43 ) ;
#1490 = CARTESIAN_POINT ( 'NONE',  ( 5.021051876549273187E-16, 11.50000000000000000, 4.100000000036846615 ) ) ;
#1491 = EDGE_CURVE ( 'NONE', #988, #508, #1578, .T. ) ;
#1492 = CARTESIAN_POINT ( 'NONE',  ( 4.714890176762434331E-16, 12.00000000000000000, -3.600000000036846615 ) ) ;
#1493 = FACE_OUTER_BOUND ( 'NONE', #1224, .T. ) ;
#1494 = EDGE_CURVE ( 'NONE', #1923, #2567, #1119, .T. ) ;
#1495 = ORIENTED_EDGE ( 'NONE', *, *, #1594, .T. ) ;
#1496 = MECHANICAL_DESIGN_GEOMETRIC_PRESENTATION_REPRESENTATION (  '', ( #2282 ), #869 ) ;
#1497 = FILL_AREA_STYLE_COLOUR ( '', #2020 ) ;
#1498 = DIRECTION ( 'NONE',  ( -0.000000000000000000, -1.000000000000000000, -0.000000000000000000 ) ) ;
#1499 = MECHANICAL_DESIGN_GEOMETRIC_PRESENTATION_REPRESENTATION (  '', ( #2123 ), #834 ) ;
#1500 = STYLED_ITEM ( 'NONE', ( #550 ), #1502 ) ;
#1501 = B_SPLINE_CURVE_WITH_KNOTS ( 'NONE', 3,
 ( #107, #48, #2049, #683, #2277, #2088, #2063, #1295, #2466, #1279, #1902, #695, #265 ),
 .UNSPECIFIED., .F., .F.,
 ( 4, 2, 2, 1, 2, 2, 4 ),
 ( 0.000000000000000000, 0.1250000000000001110, 0.1874999999999997502, 0.2187499999999997502, 0.2343749999999999445, 0.2500000000000001665, 0.5000000000000000000 ),
 .UNSPECIFIED. ) ;
#1502 = ADVANCED_FACE ( 'NONE', ( #1932 ), #1039, .T. ) ;
#1503 = SHELL_BASED_SURFACE_MODEL ( 'NONE', ( #1653, #1563 ) );
#1504 =( LENGTH_UNIT ( ) NAMED_UNIT ( * ) SI_UNIT ( .MILLI., .METRE. ) );
#1505 =( NAMED_UNIT ( * ) SI_UNIT ( $, .STERADIAN. ) SOLID_ANGLE_UNIT ( ) );
#1506 = EDGE_LOOP ( 'NONE', ( #810, #46, #1073, #62 ) ) ;
#1507 = MECHANICAL_DESIGN_GEOMETRIC_PRESENTATION_REPRESENTATION (  '', ( #2297 ), #1882 ) ;
#1508 = FILL_AREA_STYLE ('',( #2268 ) ) ;
#1509 = UNCERTAINTY_MEASURE_WITH_UNIT (LENGTH_MEASURE( 1.000000000000000082E-05 ), #2269, 'distance_accuracy_value', 'NONE');
#1510 = CARTESIAN_POINT ( 'NONE',  ( 2.076655965700000106, 0.4000000000000000222, 1.000000000000000222 ) ) ;
#1511 = DIRECTION ( 'NONE',  ( 1.000000000000000000, 0.000000000000000000, 1.327637987767512575E-15 ) ) ;
#1512 = CONICAL_SURFACE ( 'NONE', #1543, 0.2999999999999997113, 0.7853981633974467247 ) ;
#1513 = ADVANCED_FACE ( 'NONE', ( #2516 ), #2412, .T. ) ;
#1514 = CARTESIAN_POINT ( 'NONE',  ( 0.000000000000000000, 12.01999999999999957, 1.500000000000000000 ) ) ;
#1515 = PRESENTATION_LAYER_ASSIGNMENT (  '', '', ( #47 ) ) ;
#1516 = CARTESIAN_POINT ( 'NONE',  ( 3.441777045479592623, 11.99629721624802769, 1.502403513332001728 ) ) ;
#1517 = ORIENTED_EDGE ( 'NONE', *, *, #1679, .F. ) ;
#1518 =( GEOMETRIC_REPRESENTATION_CONTEXT ( 3 ) GLOBAL_UNCERTAINTY_ASSIGNED_CONTEXT ( ( #1085 ) ) GLOBAL_UNIT_ASSIGNED_CONTEXT ( ( #65, #2208, #647 ) ) REPRESENTATION_CONTEXT ( 'NONE', 'WORKASPACE' ) );
#1519 = DIRECTION ( 'NONE',  ( 0.000000000000000000, 0.000000000000000000, 1.000000000000000000 ) ) ;
#1520 = CARTESIAN_POINT ( 'NONE',  ( 0.000000000000000000, 2.630311527492930068, 0.000000000000000000 ) ) ;
#1521 = FILL_AREA_STYLE_COLOUR ( '', #467 ) ;
#1522 = DIRECTION ( 'NONE',  ( 0.000000000000000000, 0.000000000000000000, -1.000000000000000000 ) ) ;
#1523 = CARTESIAN_POINT ( 'NONE',  ( 3.648008354047171498, 11.88832888409546129, 1.505080229214185605 ) ) ;
#1524 = ORIENTED_EDGE ( 'NONE', *, *, #1195, .T. ) ;
#1525 = EDGE_CURVE ( 'NONE', #267, #2464, #1995, .T. ) ;
#1526 = FILL_AREA_STYLE_COLOUR ( '', #1828 ) ;
#1527 = DIRECTION ( 'NONE',  ( -0.000000000000000000, -1.000000000000000000, -0.000000000000000000 ) ) ;
#1528 = AXIS2_PLACEMENT_3D ( 'NONE', #1574, #1813, #1221 ) ;
#1529 = CARTESIAN_POINT ( 'NONE',  ( 0.000000000000000000, 1.219688472624365083, 0.000000000000000000 ) ) ;
#1530 = CARTESIAN_POINT ( 'NONE',  ( 3.547381568864383272, 1.235362062123641191, 1.504851653158236324 ) ) ;
#1531 = CARTESIAN_POINT ( 'NONE',  ( 3.834370253539979956, 11.63799502032841460, 1.507317073170535204 ) ) ;
#1532 = ORIENTED_EDGE ( 'NONE', *, *, #1580, .F. ) ;
#1533 = FILL_AREA_STYLE ('',( #389 ) ) ;
#1534 = CARTESIAN_POINT ( 'NONE',  ( -1.750000000000000000, 1.050000000000000044, 0.000000000000000000 ) ) ;
#1535 = STYLED_ITEM ( 'NONE', ( #218 ), #1537 ) ;
#1536 = CARTESIAN_POINT ( 'NONE',  ( -1.750000000000000000, -2.149999999999999911, 0.000000000000000000 ) ) ;
#1537 = ADVANCED_FACE ( 'NONE', ( #1415 ), #1401, .T. ) ;
#1538 = CARTESIAN_POINT ( 'NONE',  ( 1.750000000000000000, -2.149999999999999911, 0.000000000000000000 ) ) ;
#1539 = SURFACE_STYLE_USAGE ( .BOTH. , #602 ) ;
#1540 = CARTESIAN_POINT ( 'NONE',  ( 3.180347818387204928, 1.925000367649051025, 1.508571428425624417 ) ) ;
#1541 =( NAMED_UNIT ( * ) SI_UNIT ( $, .STERADIAN. ) SOLID_ANGLE_UNIT ( ) );
#1542 = LINE ( 'NONE', #740, #33 ) ;
#1543 = AXIS2_PLACEMENT_3D ( 'NONE', #2290, #745, #1105 ) ;
#1544 = DIRECTION ( 'NONE',  ( 0.000000000000000000, 0.000000000000000000, -1.000000000000000000 ) ) ;
#1545 = CARTESIAN_POINT ( 'NONE',  ( 3.764947732988523921, 1.013785090994856253, 1.506806058460550712 ) ) ;
#1546 = VERTEX_POINT ( 'NONE', #2034 ) ;
#1547 = AXIS2_PLACEMENT_3D ( 'NONE', #827, #442, #416 ) ;
#1548 = LINE ( 'NONE', #295, #2510 ) ;
#1549 = VECTOR ( 'NONE', #1084, 1000.000000000000000 ) ;
#1550 = CARTESIAN_POINT ( 'NONE',  ( 3.775591685224400251, 11.73513011446148369, -1.506704233426454653 ) ) ;
#1551 = MECHANICAL_DESIGN_GEOMETRIC_PRESENTATION_REPRESENTATION (  '', ( #1135 ), #8 ) ;
#1552 = LINE ( 'NONE', #348, #1344 ) ;
#1553 = AXIS2_PLACEMENT_3D ( 'NONE', #2163, #940, #1565 ) ;
#1554 = DIRECTION ( 'NONE',  ( 0.000000000000000000, 0.000000000000000000, -1.000000000000000000 ) ) ;
#1555 = PRESENTATION_LAYER_ASSIGNMENT (  '', '', ( #1725 ) ) ;
#1556 = ORIENTED_EDGE ( 'NONE', *, *, #1916, .T. ) ;
#1557 = DIRECTION ( 'NONE',  ( 1.000000000000000000, 0.000000000000000000, -1.224646799147353207E-16 ) ) ;
#1558 = ORIENTED_EDGE ( 'NONE', *, *, #484, .F. ) ;
#1559 = UNCERTAINTY_MEASURE_WITH_UNIT (LENGTH_MEASURE( 1.000000000000000082E-05 ), #1079, 'distance_accuracy_value', 'NONE');
#1560 = ADVANCED_FACE ( 'NONE', ( #707 ), #1713, .F. ) ;
#1561 = PRESENTATION_STYLE_ASSIGNMENT (( #2202 ) ) ;
#1562 = PRESENTATION_STYLE_ASSIGNMENT (( #2523 ) ) ;
#1563 = OPEN_SHELL ( 'NONE', ( #871, #765, #1455, #1560, #1502, #1001, #337, #2033 ) ) ;
#1564 = DIRECTION ( 'NONE',  ( 0.000000000000000000, 1.000000000000000000, 0.000000000000000000 ) ) ;
#1565 = DIRECTION ( 'NONE',  ( 0.000000000000000000, 0.000000000000000000, -1.000000000000000000 ) ) ;
#1566 = MECHANICAL_DESIGN_GEOMETRIC_PRESENTATION_REPRESENTATION (  '', ( #2441 ), #196 ) ;
#1567 = CIRCLE ( 'NONE', #370, 3.600000000036846615 ) ;
#1568 = AXIS2_PLACEMENT_3D ( 'NONE', #684, #2417, #219 ) ;
#1569 = DIRECTION ( 'NONE',  ( 0.000000000000000000, 0.000000000000000000, 1.000000000000000000 ) ) ;
#1570 = ORIENTED_EDGE ( 'NONE', *, *, #2431, .F. ) ;
#1571 = CARTESIAN_POINT ( 'NONE',  ( 2.598076211353316900, -0.02000000000000000042, -1.500000000000000000 ) ) ;
#1572 = ORIENTED_EDGE ( 'NONE', *, *, #2301, .F. ) ;
#1573 = CARTESIAN_POINT ( 'NONE',  ( -2.330940369696681280, -0.09999999999999999167, 1.459183673468939402 ) ) ;
#1574 = CARTESIAN_POINT ( 'NONE',  ( 2.076655965729520936, -0.09999999999999999167, 1.300000000000000266 ) ) ;
#1575 = MECHANICAL_DESIGN_GEOMETRIC_PRESENTATION_REPRESENTATION (  '', ( #1365 ), #1900 ) ;
#1576 = EDGE_CURVE ( 'NONE', #1860, #2015, #1044, .T. ) ;
#1577 = ORIENTED_EDGE ( 'NONE', *, *, #2, .T. ) ;
#1578 = CIRCLE ( 'NONE', #509, 2.799999999999999822 ) ;
#1579 = SURFACE_STYLE_USAGE ( .BOTH. , #1985 ) ;
#1580 = EDGE_CURVE ( 'NONE', #492, #541, #1672, .T. ) ;
#1581 = CARTESIAN_POINT ( 'NONE',  ( 3.547381568833486210, 2.614637937994687356, 1.504851653158774116 ) ) ;
#1582 = SURFACE_STYLE_FILL_AREA ( #1387 ) ;
#1583 = VERTEX_POINT ( 'NONE', #642 ) ;
#1584 = AXIS2_PLACEMENT_3D ( 'NONE', #614, #2238, #440 ) ;
#1585 = ORIENTED_EDGE ( 'NONE', *, *, #215, .F. ) ;
#1586 = EDGE_CURVE ( 'NONE', #320, #1159, #1426, .T. ) ;
#1587 = DIRECTION ( 'NONE',  ( -0.000000000000000000, 1.000000000000000000, -0.000000000000000000 ) ) ;
#1588 = EDGE_LOOP ( 'NONE', ( #246, #1049, #681, #2533 ) ) ;
#1589 = UNCERTAINTY_MEASURE_WITH_UNIT (LENGTH_MEASURE( 1.000000000000000082E-05 ), #1283, 'distance_accuracy_value', 'NONE');
#1590 = DIRECTION ( 'NONE',  ( 0.000000000000000000, 0.000000000000000000, -1.000000000000000000 ) ) ;
#1591 =( GEOMETRIC_REPRESENTATION_CONTEXT ( 3 ) GLOBAL_UNCERTAINTY_ASSIGNED_CONTEXT ( ( #403 ) ) GLOBAL_UNIT_ASSIGNED_CONTEXT ( ( #1371, #2535, #542 ) ) REPRESENTATION_CONTEXT ( 'NONE', 'WORKASPACE' ) );
#1592 = STYLED_ITEM ( 'NONE', ( #893 ), #176 ) ;
#1593 = COLOUR_RGB ( '',0.2509803921568627416, 0.2509803921568627416, 0.2509803921568627416 ) ;
#1594 = EDGE_CURVE ( 'NONE', #134, #13, #549, .T. ) ;
#1595 = CARTESIAN_POINT ( 'NONE',  ( 3.673940397442060361E-16, 0.4000000000000000222, 3.000000000000000444 ) ) ;
#1596 = VERTEX_POINT ( 'NONE', #1032 ) ;
#1597 =( NAMED_UNIT ( * ) SI_UNIT ( $, .STERADIAN. ) SOLID_ANGLE_UNIT ( ) );
#1598 = PRESENTATION_STYLE_ASSIGNMENT (( #804 ) ) ;
#1599 = VERTEX_POINT ( 'NONE', #1834 ) ;
#1600 = AXIS2_PLACEMENT_3D ( 'NONE', #191, #2368, #960 ) ;
#1601 = FILL_AREA_STYLE ('',( #1164 ) ) ;
#1602 = ORIENTED_EDGE ( 'NONE', *, *, #983, .F. ) ;
#1603 = DIRECTION ( 'NONE',  ( 1.000000000000000000, 0.000000000000000000, 0.000000000000000000 ) ) ;
#1604 = DIRECTION ( 'NONE',  ( -0.000000000000000000, 1.000000000000000000, -0.000000000000000000 ) ) ;
#1605 = CARTESIAN_POINT ( 'NONE',  ( 2.076655965729520936, -0.09999999999999999167, 1.300000000000000266 ) ) ;
#1606 = DIRECTION ( 'NONE',  ( -1.000000000000000000, -0.000000000000000000, -2.032348231608532619E-11 ) ) ;
#1607 = ORIENTED_EDGE ( 'NONE', *, *, #1467, .F. ) ;
#1608 = CARTESIAN_POINT ( 'NONE',  ( 3.547381568864383272, 1.235362062123641191, 1.504851653158236324 ) ) ;
#1609 = MECHANICAL_DESIGN_GEOMETRIC_PRESENTATION_REPRESENTATION (  '', ( #941 ), #2357 ) ;
#1610 = FILL_AREA_STYLE ('',( #2040 ) ) ;
#1611 = AXIS2_PLACEMENT_3D ( 'NONE', #1697, #547, #1332 ) ;
#1612 =( NAMED_UNIT ( * ) SI_UNIT ( $, .STERADIAN. ) SOLID_ANGLE_UNIT ( ) );
#1613 = SURFACE_SIDE_STYLE ('',( #1222 ) ) ;
#1614 = ORIENTED_EDGE ( 'NONE', *, *, #2075, .T. ) ;
#1615 = COLOUR_RGB ( '',0.9607843137254902244, 0.9607843137254902244, 0.7843137254901960675 ) ;
#1616 = SURFACE_STYLE_USAGE ( .BOTH. , #414 ) ;
#1617 = DIRECTION ( 'NONE',  ( 0.000000000000000000, -1.000000000000000000, 0.000000000000000000 ) ) ;
#1618 = SURFACE_STYLE_USAGE ( .BOTH. , #1169 ) ;
#1619 = MECHANICAL_DESIGN_GEOMETRIC_PRESENTATION_REPRESENTATION (  '', ( #949 ), #718 ) ;
#1620 = DIRECTION ( 'NONE',  ( 1.000000000000000000, -0.000000000000000000, 1.224646799147353207E-16 ) ) ;
#1621 = DIRECTION ( 'NONE',  ( 0.000000000000000000, 1.000000000000000000, 0.000000000000000000 ) ) ;
#1622 = EDGE_LOOP ( 'NONE', ( #903, #2383 ) ) ;
#1623 =( NAMED_UNIT ( * ) PLANE_ANGLE_UNIT ( ) SI_UNIT ( $, .RADIAN. ) );
#1624 = LINE ( 'NONE', #474, #2140 ) ;
#1625 = CONICAL_SURFACE ( 'NONE', #1329, 0.2999999999999997113, 0.7853981633974467247 ) ;
#1626 = FILL_AREA_STYLE_COLOUR ( '', #588 ) ;
#1627 = DIRECTION ( 'NONE',  ( 0.000000000000000000, 0.000000000000000000, -1.000000000000000000 ) ) ;
#1628 = DIRECTION ( 'NONE',  ( 0.000000000000000000, 1.000000000000000000, 0.000000000000000000 ) ) ;
#1629 = CARTESIAN_POINT ( 'NONE',  ( -1.750000000000000000, 0.4000000000000000222, 1.000000000000000000 ) ) ;
#1630 = DIRECTION ( 'NONE',  ( 0.000000000000000000, 0.000000000000000000, -1.000000000000000000 ) ) ;
#1631 = COLOUR_RGB ( '',0.7803921568627451011, 0.7607843137254901578, 0.7411764705882353255 ) ;
#1632 = CARTESIAN_POINT ( 'NONE',  ( -1.750000000000000000, -2.149999999999999911, -0.2999999999999996558 ) ) ;
#1633 =( GEOMETRIC_REPRESENTATION_CONTEXT ( 3 ) GLOBAL_UNCERTAINTY_ASSIGNED_CONTEXT ( ( #659 ) ) GLOBAL_UNIT_ASSIGNED_CONTEXT ( ( #1695, #1274, #2080 ) ) REPRESENTATION_CONTEXT ( 'NONE', 'WORKASPACE' ) );
#1634 = SURFACE_SIDE_STYLE ('',( #301 ) ) ;
#1635 = UNCERTAINTY_MEASURE_WITH_UNIT (LENGTH_MEASURE( 1.000000000000000082E-05 ), #2484, 'distance_accuracy_value', 'NONE');
#1636 = CARTESIAN_POINT ( 'NONE',  ( 0.000000000000000000, -0.09999999999999999167, 0.000000000000000000 ) ) ;
#1637 = ORIENTED_EDGE ( 'NONE', *, *, #924, .T. ) ;
#1638 = DIRECTION ( 'NONE',  ( 0.000000000000000000, 0.000000000000000000, 1.000000000000000000 ) ) ;
#1639 =( GEOMETRIC_REPRESENTATION_CONTEXT ( 3 ) GLOBAL_UNCERTAINTY_ASSIGNED_CONTEXT ( ( #1166 ) ) GLOBAL_UNIT_ASSIGNED_CONTEXT ( ( #405, #1983, #2398 ) ) REPRESENTATION_CONTEXT ( 'NONE', 'WORKASPACE' ) );
#1640 = CIRCLE ( 'NONE', #1553, 3.840951120972684762 ) ;
#1641 = FACE_OUTER_BOUND ( 'NONE', #1485, .T. ) ;
#1642 = EDGE_CURVE ( 'NONE', #2424, #257, #339, .T. ) ;
#1643 = CARTESIAN_POINT ( 'NONE',  ( 4.703808495944489832E-16, 2.630311527492930068, 3.840951120943168373 ) ) ;
#1644 = ORIENTED_EDGE ( 'NONE', *, *, #1673, .F. ) ;
#1645 = FILL_AREA_STYLE_COLOUR ( '', #1404 ) ;
#1646 = CIRCLE ( 'NONE', #446, 3.840951120972684762 ) ;
#1647 =( NAMED_UNIT ( * ) PLANE_ANGLE_UNIT ( ) SI_UNIT ( $, .RADIAN. ) );
#1648 = ORIENTED_EDGE ( 'NONE', *, *, #2407, .F. ) ;
#1649 = FILL_AREA_STYLE ('',( #674 ) ) ;
#1650 = ORIENTED_EDGE ( 'NONE', *, *, #743, .F. ) ;
#1651 = FILL_AREA_STYLE ('',( #77 ) ) ;
#1652 = PRESENTATION_STYLE_ASSIGNMENT (( #1050 ) ) ;
#1653 = CLOSED_SHELL ( 'NONE', ( #1694, #110, #1745, #866, #70, #1704, #1870, #1020, #1537, #176, #1837, #2249, #1228, #1010, #1080, #1769, #202, #411, #1933, #2133, #1790, #2240, #1273, #1373, #1513, #83, #558, #1728, #1473, #795, #1033, #738, #2192, #1780, #2528, #1389, #2508, #1399, #1755, #1312, #1406, #291, #2588, #939, #354, #456, #1057, #283 ) ) ;
#1654 = SURFACE_STYLE_FILL_AREA ( #867 ) ;
#1655 = AXIS2_PLACEMENT_3D ( 'NONE', #479, #1947, #261 ) ;
#1656 = COLOUR_RGB ( '',0.9607843137254902244, 0.9607843137254902244, 0.7843137254901960675 ) ;
#1657 = ORIENTED_EDGE ( 'NONE', *, *, #1240, .T. ) ;
#1658 = FACE_OUTER_BOUND ( 'NONE', #1055, .T. ) ;
#1659 = CIRCLE ( 'NONE', #781, 3.853374429397123269 ) ;
#1660 = EDGE_CURVE ( 'NONE', #426, #2182, #1201, .T. ) ;
#1661 = CARTESIAN_POINT ( 'NONE',  ( 3.149801547646986943, -0.02000000000004112724, -1.500907809871606435 ) ) ;
#1662 = ORIENTED_EDGE ( 'NONE', *, *, #1004, .T. ) ;
#1663 = CYLINDRICAL_SURFACE ( 'NONE', #1884, 2.799999999999999822 ) ;
#1664 = EDGE_CURVE ( 'NONE', #14, #955, #307, .T. ) ;
#1665 =( NAMED_UNIT ( * ) SI_UNIT ( $, .STERADIAN. ) SOLID_ANGLE_UNIT ( ) );
#1666 = ORIENTED_EDGE ( 'NONE', *, *, #688, .F. ) ;
#1667 = SURFACE_STYLE_FILL_AREA ( #248 ) ;
#1668 = CARTESIAN_POINT ( 'NONE',  ( 3.808501301173298881, 2.955021529822297932, 1.507143228146810010 ) ) ;
#1669 = FILL_AREA_STYLE ('',( #877 ) ) ;
#1670 = SURFACE_STYLE_USAGE ( .BOTH. , #1477 ) ;
#1671 = PRESENTATION_STYLE_ASSIGNMENT (( #2284 ) ) ;
#1672 = CIRCLE ( 'NONE', #2331, 0.5000000000000000000 ) ;
#1673 = EDGE_CURVE ( 'NONE', #508, #988, #2374, .T. ) ;
#1674 = SURFACE_STYLE_USAGE ( .BOTH. , #274 ) ;
#1675 = EDGE_LOOP ( 'NONE', ( #1268, #1037, #2180, #972 ) ) ;
#1676 = EDGE_LOOP ( 'NONE', ( #607, #875, #1313, #398 ) ) ;
#1677 = SURFACE_STYLE_USAGE ( .BOTH. , #323 ) ;
#1678 = SURFACE_STYLE_USAGE ( .BOTH. , #523 ) ;
#1679 = EDGE_CURVE ( 'NONE', #727, #2379, #1337, .T. ) ;
#1680 = CIRCLE ( 'NONE', #1981, 3.500000000082648111 ) ;
#1681 = PRESENTATION_LAYER_ASSIGNMENT (  '', '', ( #227 ) ) ;
#1682 = DIRECTION ( 'NONE',  ( 0.000000000000000000, 0.000000000000000000, -1.000000000000000000 ) ) ;
#1683 = CARTESIAN_POINT ( 'NONE',  ( 3.834370253539925777, 0.000000000000000000, 1.507317073170665989 ) ) ;
#1684 = AXIS2_PLACEMENT_3D ( 'NONE', #723, #79, #500 ) ;
#1685 =( NAMED_UNIT ( * ) SI_UNIT ( $, .STERADIAN. ) SOLID_ANGLE_UNIT ( ) );
#1686 = CARTESIAN_POINT ( 'NONE',  ( 3.252394499104910519, 2.257435995452472532, -1.507761318360233416 ) ) ;
#1687 = CARTESIAN_POINT ( 'NONE',  ( 3.227399814932913724, -0.008655603656463397091, -1.501865520312390956 ) ) ;
#1688 = AXIS2_PLACEMENT_3D ( 'NONE', #2008, #1400, #992 ) ;
#1689 = VERTEX_POINT ( 'NONE', #5 ) ;
#1690 = PRESENTATION_LAYER_ASSIGNMENT (  '', '', ( #1436 ) ) ;
#1691 = SURFACE_STYLE_USAGE ( .BOTH. , #2303 ) ;
#1692 = UNCERTAINTY_MEASURE_WITH_UNIT (LENGTH_MEASURE( 1.000000000000000082E-05 ), #1462, 'distance_accuracy_value', 'NONE');
#1693 = DIRECTION ( 'NONE',  ( 0.000000000000000000, 0.000000000000000000, -1.000000000000000000 ) ) ;
#1694 = ADVANCED_FACE ( 'NONE', ( #1013 ), #1041, .F. ) ;
#1695 =( LENGTH_UNIT ( ) NAMED_UNIT ( * ) SI_UNIT ( .MILLI., .METRE. ) );
#1696 = MECHANICAL_DESIGN_GEOMETRIC_PRESENTATION_REPRESENTATION (  '', ( #2035 ), #1339 ) ;
#1697 = CARTESIAN_POINT ( 'NONE',  ( 0.000000000000000000, 12.01999999999999957, 0.000000000000000000 ) ) ;
#1698 = PRESENTATION_STYLE_ASSIGNMENT (( #1089 ) ) ;
#1699 = CIRCLE ( 'NONE', #779, 4.120000000036847077 ) ;
#1700 = CARTESIAN_POINT ( 'NONE',  ( 3.069265397801349327, -0.02000000000004190093, -1.499999999999999778 ) ) ;
#1701 = ORIENTED_EDGE ( 'NONE', *, *, #1525, .T. ) ;
#1702 = VECTOR ( 'NONE', #993, 1000.000000000000000 ) ;
#1703 = CARTESIAN_POINT ( 'NONE',  ( 1.750000000000000000, 0.4000000000000000222, 1.000000000000000000 ) ) ;
#1704 = ADVANCED_FACE ( 'NONE', ( #1203 ), #1625, .T. ) ;
#1705 =( NAMED_UNIT ( * ) SI_UNIT ( $, .STERADIAN. ) SOLID_ANGLE_UNIT ( ) );
#1706 = DIRECTION ( 'NONE',  ( -0.000000000000000000, 1.000000000000000000, -0.000000000000000000 ) ) ;
#1707 = AXIS2_PLACEMENT_3D ( 'NONE', #1921, #1757, #133 ) ;
#1708 = PRESENTATION_LAYER_ASSIGNMENT (  '', '', ( #162 ) ) ;
#1709 = SURFACE_STYLE_FILL_AREA ( #2501 ) ;
#1710 = CARTESIAN_POINT ( 'NONE',  ( 3.277033517100982785, 2.306901802638293031, -1.507530653330757753 ) ) ;
#1711 = DIRECTION ( 'NONE',  ( -0.000000000000000000, -1.000000000000000000, -0.000000000000000000 ) ) ;
#1712 = CARTESIAN_POINT ( 'NONE',  ( 3.548030946182366474, 11.95522793163470432, 1.503821300709713427 ) ) ;
#1713 = TOROIDAL_SURFACE ( 'NONE', #1121, 4.400000000056635052, 0.8799999999739865908 ) ;
#1714 = VERTEX_POINT ( 'NONE', #1643 ) ;
#1715 = PRESENTATION_LAYER_ASSIGNMENT (  '', '', ( #131 ) ) ;
#1716 =( LENGTH_UNIT ( ) NAMED_UNIT ( * ) SI_UNIT ( .MILLI., .METRE. ) );
#1717 = STYLED_ITEM ( 'NONE', ( #2545 ), #1020 ) ;
#1718 = EDGE_CURVE ( 'NONE', #257, #2424, #2543, .T. ) ;
#1719 = FACE_OUTER_BOUND ( 'NONE', #848, .T. ) ;
#1720 = CIRCLE ( 'NONE', #349, 0.5999999999999995337 ) ;
#1721 = VECTOR ( 'NONE', #2498, 1000.000000000000000 ) ;
#1722 = ORIENTED_EDGE ( 'NONE', *, *, #2485, .F. ) ;
#1723 = COLOUR_RGB ( '',0.7803921568627451011, 0.7607843137254901578, 0.7411764705882353255 ) ;
#1724 = CARTESIAN_POINT ( 'NONE',  ( 0.000000000000000000, 1.925000000070364425, -4.400000000056635052 ) ) ;
#1725 = STYLED_ITEM ( 'NONE', ( #981 ), #795 ) ;
#1726 =( NAMED_UNIT ( * ) SI_UNIT ( $, .STERADIAN. ) SOLID_ANGLE_UNIT ( ) );
#1727 = DIRECTION ( 'NONE',  ( 0.000000000000000000, -1.000000000000000000, 0.000000000000000000 ) ) ;
#1728 = ADVANCED_FACE ( 'NONE', ( #491, #67 ), #2058, .T. ) ;
#1729 = PRESENTATION_STYLE_ASSIGNMENT (( #366 ) ) ;
#1730 = FILL_AREA_STYLE_COLOUR ( '', #1833 ) ;
#1731 = SURFACE_STYLE_FILL_AREA ( #2328 ) ;
#1732 = CARTESIAN_POINT ( 'NONE',  ( 3.180347818318411512, 1.925000000070364425, -1.508571428570475215 ) ) ;
#1733 = CARTESIAN_POINT ( 'NONE',  ( 3.772494200505990936, 11.77780491674986330, 1.506624341847307758 ) ) ;
#1734 = VERTEX_POINT ( 'NONE', #664 ) ;
#1735 = EDGE_CURVE ( 'NONE', #1466, #2051, #596, .T. ) ;
#1736 = PRESENTATION_STYLE_ASSIGNMENT (( #1943 ) ) ;
#1737 = CARTESIAN_POINT ( 'NONE',  ( 3.272613634431247309, 12.01999999999999957, -1.500000000000000000 ) ) ;
#1738 =( LENGTH_UNIT ( ) NAMED_UNIT ( * ) SI_UNIT ( .MILLI., .METRE. ) );
#1739 = FILL_AREA_STYLE_COLOUR ( '', #1809 ) ;
#1740 = DIRECTION ( 'NONE',  ( -1.000000000000000000, 0.000000000000000000, 0.000000000000000000 ) ) ;
#1741 = DIRECTION ( 'NONE',  ( -1.000000000000000000, -0.000000000000000000, 2.032348231740484082E-11 ) ) ;
#1742 = COLOUR_RGB ( '',0.000000000000000000, 0.5019607843137254832, 0.5019607843137254832 ) ;
#1743 =( NAMED_UNIT ( * ) PLANE_ANGLE_UNIT ( ) SI_UNIT ( $, .RADIAN. ) );
#1744 = DIRECTION ( 'NONE',  ( 0.000000000000000000, 0.000000000000000000, 1.000000000000000000 ) ) ;
#1745 = ADVANCED_FACE ( 'NONE', ( #1447 ), #2460, .T. ) ;
#1746 = ORIENTED_EDGE ( 'NONE', *, *, #1586, .F. ) ;
#1747 = UNCERTAINTY_MEASURE_WITH_UNIT (LENGTH_MEASURE( 1.000000000000000082E-05 ), #1327, 'distance_accuracy_value', 'NONE');
#1748 =( LENGTH_UNIT ( ) NAMED_UNIT ( * ) SI_UNIT ( .MILLI., .METRE. ) );
#1749 = COLOUR_RGB ( '',0.000000000000000000, 0.5019607843137254832, 0.5019607843137254832 ) ;
#1750 = CARTESIAN_POINT ( 'NONE',  ( 3.180347818387204928, 1.925000367649051025, 1.508571428425624417 ) ) ;
#1751 = PRESENTATION_STYLE_ASSIGNMENT (( #1539 ) ) ;
#1752 = ORIENTED_EDGE ( 'NONE', *, *, #2073, .F. ) ;
#1753 = DIRECTION ( 'NONE',  ( 0.000000000000000000, 0.000000000000000000, 1.000000000000000000 ) ) ;
#1754 = FILL_AREA_STYLE_COLOUR ( '', #2305 ) ;
#1755 = ADVANCED_FACE ( 'NONE', ( #1369 ), #783, .F. ) ;
#1756 = PRODUCT_DEFINITION_FORMATION_WITH_SPECIFIED_SOURCE ( 'ANY', '', #1136, .NOT_KNOWN. ) ;
#1757 = DIRECTION ( 'NONE',  ( -0.000000000000000000, 1.000000000000000000, -0.000000000000000000 ) ) ;
#1758 = CARTESIAN_POINT ( 'NONE',  ( 3.272613634431247309, 12.01999999999999957, 1.500000000000000000 ) ) ;
#1759 = VERTEX_POINT ( 'NONE', #2397 ) ;
#1760 = CIRCLE ( 'NONE', #224, 0.3000000000000001554 ) ;
#1761 = FILL_AREA_STYLE ('',( #774 ) ) ;
#1762 = FACE_OUTER_BOUND ( 'NONE', #1506, .T. ) ;
#1763 = DIRECTION ( 'NONE',  ( 0.000000000000000000, 0.7071067811865486830, 0.7071067811865464625 ) ) ;
#1764 = UNCERTAINTY_MEASURE_WITH_UNIT (LENGTH_MEASURE( 1.000000000000000082E-05 ), #815, 'distance_accuracy_value', 'NONE');
#1765 = AXIS2_PLACEMENT_3D ( 'NONE', #2430, #1008, #1810 ) ;
#1766 = DIRECTION ( 'NONE',  ( 0.000000000000000000, 0.000000000000000000, -1.000000000000000000 ) ) ;
#1767 =( NAMED_UNIT ( * ) SI_UNIT ( $, .STERADIAN. ) SOLID_ANGLE_UNIT ( ) );
#1768 = VECTOR ( 'NONE', #725, 1000.000000000000000 ) ;
#1769 = ADVANCED_FACE ( 'NONE', ( #453 ), #2129, .T. ) ;
#1770 = ORIENTED_EDGE ( 'NONE', *, *, #631, .T. ) ;
#1771 = FILL_AREA_STYLE ('',( #189 ) ) ;
#1772 = CARTESIAN_POINT ( 'NONE',  ( 0.000000000000000000, 3.166195263962105599, 0.000000000000000000 ) ) ;
#1773 = ORIENTED_EDGE ( 'NONE', *, *, #816, .F. ) ;
#1774 = SURFACE_SIDE_STYLE ('',( #2170 ) ) ;
#1775 = VERTEX_POINT ( 'NONE', #1629 ) ;
#1776 = UNCERTAINTY_MEASURE_WITH_UNIT (LENGTH_MEASURE( 1.000000000000000082E-05 ), #313, 'distance_accuracy_value', 'NONE');
#1777 = FILL_AREA_STYLE ('',( #2228 ) ) ;
#1778 = SURFACE_STYLE_FILL_AREA ( #586 ) ;
#1779 = PRESENTATION_LAYER_ASSIGNMENT (  '', '', ( #2444 ) ) ;
#1780 = ADVANCED_FACE ( 'NONE', ( #1411 ), #1787, .F. ) ;
#1781 = AXIS2_PLACEMENT_3D ( 'NONE', #2552, #1184, #1554 ) ;
#1782 = CARTESIAN_POINT ( 'NONE',  ( 0.000000000000000000, 3.166195264047221070, 0.000000000000000000 ) ) ;
#1783 = ORIENTED_EDGE ( 'NONE', *, *, #631, .F. ) ;
#1784 = ORIENTED_EDGE ( 'NONE', *, *, #1211, .F. ) ;
#1785 = SURFACE_STYLE_USAGE ( .BOTH. , #1774 ) ;
#1786 = VERTEX_POINT ( 'NONE', #1490 ) ;
#1787 = PLANE ( 'NONE',  #1655 ) ;
#1788 =( GEOMETRIC_REPRESENTATION_CONTEXT ( 3 ) GLOBAL_UNCERTAINTY_ASSIGNED_CONTEXT ( ( #1355 ) ) GLOBAL_UNIT_ASSIGNED_CONTEXT ( ( #1117, #726, #167 ) ) REPRESENTATION_CONTEXT ( 'NONE', 'WORKASPACE' ) );
#1789 = DIRECTION ( 'NONE',  ( 0.000000000000000000, -1.000000000000000000, 0.000000000000000000 ) ) ;
#1790 = ADVANCED_FACE ( 'NONE', ( #1658 ), #325, .T. ) ;
#1791 =( NAMED_UNIT ( * ) PLANE_ANGLE_UNIT ( ) SI_UNIT ( $, .RADIAN. ) );
#1792 = CARTESIAN_POINT ( 'NONE',  ( -1.750000000000000000, 0.1999999999999999833, 0.000000000000000000 ) ) ;
#1793 = MECHANICAL_DESIGN_GEOMETRIC_PRESENTATION_REPRESENTATION (  '', ( #1535 ), #513 ) ;
#1794 = EDGE_LOOP ( 'NONE', ( #2106, #120, #519, #1770 ) ) ;
#1795 = FACE_OUTER_BOUND ( 'NONE', #1174, .T. ) ;
#1796 = MECHANICAL_DESIGN_GEOMETRIC_PRESENTATION_REPRESENTATION (  '', ( #131 ), #551 ) ;
#1797 = SURFACE_SIDE_STYLE ('',( #152 ) ) ;
#1798 = ORIENTED_EDGE ( 'NONE', *, *, #475, .F. ) ;
#1799 =( LENGTH_UNIT ( ) NAMED_UNIT ( * ) SI_UNIT ( .MILLI., .METRE. ) );
#1800 = ORIENTED_EDGE ( 'NONE', *, *, #2407, .T. ) ;
#1801 = UNCERTAINTY_MEASURE_WITH_UNIT (LENGTH_MEASURE( 1.000000000000000082E-05 ), #1950, 'distance_accuracy_value', 'NONE');
#1802 = DIRECTION ( 'NONE',  ( -0.000000000000000000, -1.000000000000000000, -0.000000000000000000 ) ) ;
#1803 = DIRECTION ( 'NONE',  ( 0.000000000000000000, -1.000000000000000000, 0.000000000000000000 ) ) ;
#1804 = CIRCLE ( 'NONE', #465, 4.120000000036847077 ) ;
#1805 = DIRECTION ( 'NONE',  ( -0.000000000000000000, 1.000000000000000000, -0.000000000000000000 ) ) ;
#1806 = DIRECTION ( 'NONE',  ( 0.000000000000000000, 0.000000000000000000, -1.000000000000000000 ) ) ;
#1807 = ORIENTED_EDGE ( 'NONE', *, *, #1642, .F. ) ;
#1808 = DIRECTION ( 'NONE',  ( 0.000000000000000000, 0.000000000000000000, -1.000000000000000000 ) ) ;
#1809 = COLOUR_RGB ( '',0.2509803921568627416, 0.2509803921568627416, 0.2509803921568627416 ) ;
#1810 = DIRECTION ( 'NONE',  ( 0.000000000000000000, 0.000000000000000000, -1.000000000000000000 ) ) ;
#1811 = EDGE_LOOP ( 'NONE', ( #2288, #1381 ) ) ;
#1812 = MECHANICAL_DESIGN_GEOMETRIC_PRESENTATION_REPRESENTATION (  '', ( #1436 ), #1483 ) ;
#1813 = DIRECTION ( 'NONE',  ( -0.000000000000000000, 1.000000000000000000, -0.000000000000000000 ) ) ;
#1814 = DIRECTION ( 'NONE',  ( -0.000000000000000000, -1.000000000000000000, -0.000000000000000000 ) ) ;
#1815 = ORIENTED_EDGE ( 'NONE', *, *, #1491, .T. ) ;
#1816 = SURFACE_STYLE_USAGE ( .BOTH. , #2384 ) ;
#1817 = CARTESIAN_POINT ( 'NONE',  ( -1.750000000000000000, 0.7500000000000012212, 0.000000000000000000 ) ) ;
#1818 = CARTESIAN_POINT ( 'NONE',  ( 1.750000000000000000, -2.149999999999999911, 0.000000000000000000 ) ) ;
#1819 = CARTESIAN_POINT ( 'NONE',  ( 0.000000000000000000, -0.09999999999999999167, 0.000000000000000000 ) ) ;
#1820 = DIRECTION ( 'NONE',  ( 0.000000000000000000, 0.000000000000000000, -1.000000000000000000 ) ) ;
#1821 = ORIENTED_EDGE ( 'NONE', *, *, #667, .T. ) ;
#1822 = SURFACE_STYLE_FILL_AREA ( #409 ) ;
#1823 = CIRCLE ( 'NONE', #197, 0.2999999999999999334 ) ;
#1824 = AXIS2_PLACEMENT_3D ( 'NONE', #2250, #2285, #1276 ) ;
#1825 = FILL_AREA_STYLE_COLOUR ( '', #678 ) ;
#1826 = CARTESIAN_POINT ( 'NONE',  ( -1.750000000000000000, 0.1999999999999999833, 1.000000000000000000 ) ) ;
#1827 = TOROIDAL_SURFACE ( 'NONE', #2044, 3.600000000036846615, 0.5200000000000000178 ) ;
#1828 = COLOUR_RGB ( '',0.7803921568627451011, 0.7607843137254901578, 0.7411764705882353255 ) ;
#1829 = FACE_OUTER_BOUND ( 'NONE', #461, .T. ) ;
#1830 = CARTESIAN_POINT ( 'NONE',  ( 1.749999999999999778, 0.4000000000000000222, -1.000000000000000000 ) ) ;
#1831 =( NAMED_UNIT ( * ) SI_UNIT ( $, .STERADIAN. ) SOLID_ANGLE_UNIT ( ) );
#1832 = B_SPLINE_CURVE_WITH_KNOTS ( 'NONE', 3,
 ( #1700, #1661, #1687, #1069, #1243, #668, #1881, #1254, #2478, #86, #1453, #1868, #72, #2450, #262, #507, #1291, #1855 ),
 .UNSPECIFIED., .F., .F.,
 ( 4, 2, 2, 2, 2, 2, 2, 2, 4 ),
 ( 0.000000000000000000, 0.1250000000000000555, 0.1874999999999997502, 0.2187499999999995837, 0.2499999999999994449, 0.3749999999999993894, 0.4999999999999993339, 0.7499999999999996669, 1.000000000000000000 ),
 .UNSPECIFIED. ) ;
#1833 = COLOUR_RGB ( '',0.000000000000000000, 0.5019607843137254832, 0.5019607843137254832 ) ;
#1834 = CARTESIAN_POINT ( 'NONE',  ( 2.598076211353316900, -0.02000000000000000042, 1.500000000000000000 ) ) ;
#1835 = EDGE_CURVE ( 'NONE', #541, #1596, #242, .T. ) ;
#1836 = CARTESIAN_POINT ( 'NONE',  ( -1.750000000000000000, -0.09999999999999999167, -1.000000000000000000 ) ) ;
#1837 = ADVANCED_FACE ( 'NONE', ( #350 ), #534, .T. ) ;
#1838 = VERTEX_POINT ( 'NONE', #1879 ) ;
#1839 = SURFACE_SIDE_STYLE ('',( #449 ) ) ;
#1840 = EDGE_CURVE ( 'NONE', #2379, #1216, #2530, .T. ) ;
#1841 = CARTESIAN_POINT ( 'NONE',  ( -1.750000000000000000, -2.149999999999999911, 0.000000000000000000 ) ) ;
#1842 =( NAMED_UNIT ( * ) SI_UNIT ( $, .STERADIAN. ) SOLID_ANGLE_UNIT ( ) );
#1843 = SURFACE_SIDE_STYLE ('',( #2239 ) ) ;
#1844 = PRESENTATION_STYLE_ASSIGNMENT (( #1267 ) ) ;
#1845 = ORIENTED_EDGE ( 'NONE', *, *, #1170, .F. ) ;
#1846 = FILL_AREA_STYLE ('',( #1497 ) ) ;
#1847 = DIRECTION ( 'NONE',  ( 0.000000000000000000, -0.000000000000000000, 1.000000000000000000 ) ) ;
#1848 = ORIENTED_EDGE ( 'NONE', *, *, #1969, .T. ) ;
#1849 = CARTESIAN_POINT ( 'NONE',  ( 0.000000000000000000, 1.925000000070364425, 0.000000000000000000 ) ) ;
#1850 = COLOUR_RGB ( '',0.7921568627450980005, 0.8196078431372548767, 0.9333333333333333481 ) ;
#1851 = FACE_BOUND ( 'NONE', #1428, .T. ) ;
#1852 = PRESENTATION_STYLE_ASSIGNMENT (( #1054 ) ) ;
#1853 = DIRECTION ( 'NONE',  ( 1.000000000000000000, 0.000000000000000000, -1.224646799147353207E-16 ) ) ;
#1854 = SURFACE_STYLE_FILL_AREA ( #705 ) ;
#1855 = CARTESIAN_POINT ( 'NONE',  ( 3.547381568864383272, 1.235362062123641191, -1.504851653158235880 ) ) ;
#1856 = EDGE_CURVE ( 'NONE', #14, #2252, #2402, .T. ) ;
#1857 = VERTEX_POINT ( 'NONE', #384 ) ;
#1858 = LINE ( 'NONE', #1703, #1549 ) ;
#1859 = LINE ( 'NONE', #1427, #2159 ) ;
#1860 = VERTEX_POINT ( 'NONE', #1999 ) ;
#1861 = DIRECTION ( 'NONE',  ( 0.000000000000000000, -1.000000000000000000, 0.000000000000000000 ) ) ;
#1862 = FILL_AREA_STYLE_COLOUR ( '', #351 ) ;
#1863 = EDGE_CURVE ( 'NONE', #1361, #988, #186, .T. ) ;
#1864 = COLOUR_RGB ( '',0.000000000000000000, 0.5019607843137254832, 0.5019607843137254832 ) ;
#1865 = EDGE_LOOP ( 'NONE', ( #1397, #76 ) ) ;
#1866 = STYLED_ITEM ( 'NONE', ( #472 ), #2033 ) ;
#1867 = PLANE ( 'NONE',  #1226 ) ;
#1868 = CARTESIAN_POINT ( 'NONE',  ( 3.717933268131542679, 0.3013434203720636861, -1.506381977000974537 ) ) ;
#1869 = VERTEX_POINT ( 'NONE', #2179 ) ;
#1870 = ADVANCED_FACE ( 'NONE', ( #203 ), #562, .F. ) ;
#1871 = DIRECTION ( 'NONE',  ( -0.000000000000000000, -1.000000000000000000, -0.000000000000000000 ) ) ;
#1872 = TOROIDAL_SURFACE ( 'NONE', #787, 3.416195264053362823, 0.7038047360777961448 ) ;
#1873 = EDGE_LOOP ( 'NONE', ( #708, #1662 ) ) ;
#1874 = LINE ( 'NONE', #722, #2246 ) ;
#1875 = CARTESIAN_POINT ( 'NONE',  ( 2.330940369686079539, -0.09999999999999999167, -1.459183673462296493 ) ) ;
#1876 = B_SPLINE_CURVE_WITH_KNOTS ( 'NONE', 3,
 ( #1971, #1928, #137, #966, #2146, #928, #737, #2162, #2323, #1412, #2215, #1330, #1750 ),
 .UNSPECIFIED., .F., .F.,
 ( 4, 2, 2, 1, 2, 2, 4 ),
 ( 0.000000000000000000, 0.1250914916084537865, 0.1876372374126806797, 0.2189101103147941541, 0.2345465467658502112, 0.2501829832169062962, 0.5003659664338113711 ),
 .UNSPECIFIED. ) ;
#1877 = CARTESIAN_POINT ( 'NONE',  ( 1.750000000000000000, 0.4500000000000000111, 0.000000000000000000 ) ) ;
#1878 = STYLED_ITEM ( 'NONE', ( #237 ), #1704 ) ;
#1879 = CARTESIAN_POINT ( 'NONE',  ( 4.703808495980636425E-16, 1.219688472624365083, 3.840951120972684762 ) ) ;
#1880 = CARTESIAN_POINT ( 'NONE',  ( 3.223204501526726329, 2.184790504810700362, -1.508000775554480644 ) ) ;
#1881 = CARTESIAN_POINT ( 'NONE',  ( 3.434818317485681227, 0.06375941477158204862, -1.503836004611092125 ) ) ;
#1882 =( GEOMETRIC_REPRESENTATION_CONTEXT ( 3 ) GLOBAL_UNCERTAINTY_ASSIGNED_CONTEXT ( ( #1559 ) ) GLOBAL_UNIT_ASSIGNED_CONTEXT ( ( #1079, #42, #2236 ) ) REPRESENTATION_CONTEXT ( 'NONE', 'WORKASPACE' ) );
#1883 = ORIENTED_EDGE ( 'NONE', *, *, #123, .T. ) ;
#1884 = AXIS2_PLACEMENT_3D ( 'NONE', #1885, #1340, #1519 ) ;
#1885 = CARTESIAN_POINT ( 'NONE',  ( 0.000000000000000000, 11.90000000000000036, 0.000000000000000000 ) ) ;
#1886 = MECHANICAL_DESIGN_GEOMETRIC_PRESENTATION_REPRESENTATION (  '', ( #1717 ), #2380 ) ;
#1887 = ORIENTED_EDGE ( 'NONE', *, *, #475, .T. ) ;
#1888 = CARTESIAN_POINT ( 'NONE',  ( -1.750000000000000000, 0.7500000000000012212, -0.5999999999999999778 ) ) ;
#1889 = PRESENTATION_STYLE_ASSIGNMENT (( #78 ) ) ;
#1890 = DIRECTION ( 'NONE',  ( -0.000000000000000000, 1.000000000000000000, -0.000000000000000000 ) ) ;
#1891 = VECTOR ( 'NONE', #2385, 1000.000000000000000 ) ;
#1892 =( NAMED_UNIT ( * ) PLANE_ANGLE_UNIT ( ) SI_UNIT ( $, .RADIAN. ) );
#1893 = CARTESIAN_POINT ( 'NONE',  ( 0.000000000000000000, 1.925000000070364425, 0.000000000000000000 ) ) ;
#1894 = CIRCLE ( 'NONE', #2346, 0.3000000000000005440 ) ;
#1895 = DIRECTION ( 'NONE',  ( 0.000000000000000000, -1.000000000000000000, 0.000000000000000000 ) ) ;
#1896 = CARTESIAN_POINT ( 'NONE',  ( 0.000000000000000000, 0.6838047360777542716, 0.000000000000000000 ) ) ;
#1897 = LINE ( 'NONE', #2084, #1429 ) ;
#1898 = AXIS2_PLACEMENT_3D ( 'NONE', #1792, #418, #2499 ) ;
#1899 = SURFACE_STYLE_USAGE ( .BOTH. , #2287 ) ;
#1900 =( GEOMETRIC_REPRESENTATION_CONTEXT ( 3 ) GLOBAL_UNCERTAINTY_ASSIGNED_CONTEXT ( ( #361 ) ) GLOBAL_UNIT_ASSIGNED_CONTEXT ( ( #1422, #1647, #1058 ) ) REPRESENTATION_CONTEXT ( 'NONE', 'WORKASPACE' ) );
#1901 = CIRCLE ( 'NONE', #2145, 0.8999999999739867196 ) ;
#1902 = CARTESIAN_POINT ( 'NONE',  ( 3.212066762795416253, 1.662365070544038259, -1.508213399851143333 ) ) ;
#1903 = UNCERTAINTY_MEASURE_WITH_UNIT (LENGTH_MEASURE( 1.000000000000000082E-05 ), #1289, 'distance_accuracy_value', 'NONE');
#1904 = CARTESIAN_POINT ( 'NONE',  ( 3.834370253539925333, 11.50000000000000000, 1.507317073170666433 ) ) ;
#1905 = DIRECTION ( 'NONE',  ( 0.000000000000000000, -1.000000000000000000, 0.000000000000000000 ) ) ;
#1906 = CARTESIAN_POINT ( 'NONE',  ( 0.000000000000000000, 0.4000000000000000222, 0.000000000000000000 ) ) ;
#1907 = PRESENTATION_LAYER_ASSIGNMENT (  '', '', ( #111 ) ) ;
#1908 = AXIS2_PLACEMENT_3D ( 'NONE', #2164, #2206, #419 ) ;
#1909 = CARTESIAN_POINT ( 'NONE',  ( 3.465238822904691762, 11.98899403054359425, 1.502711444752710124 ) ) ;
#1910 = ORIENTED_EDGE ( 'NONE', *, *, #1660, .F. ) ;
#1911 = CIRCLE ( 'NONE', #672, 2.750000000000002220 ) ;
#1912 = CARTESIAN_POINT ( 'NONE',  ( 3.608989351702790671, 11.91879775342748005, -1.504603893627865174 ) ) ;
#1913 = CARTESIAN_POINT ( 'NONE',  ( 1.750000000000000000, 0.4500000000000000111, 0.2999999999999999334 ) ) ;
#1914 = B_SPLINE_CURVE_WITH_KNOTS ( 'NONE', 3,
 ( #911, #733, #506, #2308, #1880, #2104, #1686, #2317, #104, #1710, #527, #2477, #2286 ),
 .UNSPECIFIED., .F., .F.,
 ( 4, 2, 2, 1, 2, 2, 4 ),
 ( 0.5000000000000000000, 0.6250000000000024425, 0.6875000000000033307, 0.7187500000000039968, 0.7343750000000042188, 0.7500000000000044409, 1.000000000000000000 ),
 .UNSPECIFIED. ) ;
#1915 = AXIS2_PLACEMENT_3D ( 'NONE', #441, #651, #1042 ) ;
#1916 = EDGE_CURVE ( 'NONE', #1197, #2154, #2037, .T. ) ;
#1917 = EDGE_CURVE ( 'NONE', #1786, #492, #415, .T. ) ;
#1918 = AXIS2_PLACEMENT_3D ( 'NONE', #357, #947, #1744 ) ;
#1919 = CARTESIAN_POINT ( 'NONE',  ( 3.834370253539925777, 3.166195264044802560, 1.507317073170665989 ) ) ;
#1920 = CARTESIAN_POINT ( 'NONE',  ( 3.429011037612588783E-16, 12.00000000000000000, -2.799999999999999822 ) ) ;
#1921 = CARTESIAN_POINT ( 'NONE',  ( 2.076655965710604956, -0.09999999999999999167, -1.300000000006638956 ) ) ;
#1922 = CARTESIAN_POINT ( 'NONE',  ( 3.471569680477283537, 11.98685740515340470, 1.502794509615516860 ) ) ;
#1923 = VERTEX_POINT ( 'NONE', #1595 ) ;
#1924 = COLOUR_RGB ( '',0.7803921568627451011, 0.7607843137254901578, 0.7411764705882353255 ) ;
#1925 = FACE_OUTER_BOUND ( 'NONE', #402, .T. ) ;
#1926 = UNCERTAINTY_MEASURE_WITH_UNIT (LENGTH_MEASURE( 1.000000000000000082E-05 ), #646, 'distance_accuracy_value', 'NONE');
#1927 = FILL_AREA_STYLE ('',( #1123 ) ) ;
#1928 = CARTESIAN_POINT ( 'NONE',  ( 3.482548972312283109, 2.567517656785305302, 1.505456092567969417 ) ) ;
#1929 = LINE ( 'NONE', #929, #2232 ) ;
#1930 =( LENGTH_UNIT ( ) NAMED_UNIT ( * ) SI_UNIT ( .MILLI., .METRE. ) );
#1931 = AXIS2_PLACEMENT_3D ( 'NONE', #514, #312, #1100 ) ;
#1932 = FACE_OUTER_BOUND ( 'NONE', #166, .T. ) ;
#1933 = ADVANCED_FACE ( 'NONE', ( #150 ), #574, .T. ) ;
#1934 = LINE ( 'NONE', #902, #101 ) ;
#1935 = MECHANICAL_DESIGN_GEOMETRIC_PRESENTATION_REPRESENTATION (  '', ( #1592 ), #480 ) ;
#1936 = CARTESIAN_POINT ( 'NONE',  ( 2.330940369686079539, 0.4000000000000000222, -1.459183673462296493 ) ) ;
#1937 = CARTESIAN_POINT ( 'NONE',  ( 3.593590719457806060, 11.92801257907683699, 1.504406199055511317 ) ) ;
#1938 = STYLED_ITEM ( 'NONE', ( #1652 ), #2249 ) ;
#1939 = VERTEX_POINT ( 'NONE', #590 ) ;
#1940 =( NAMED_UNIT ( * ) PLANE_ANGLE_UNIT ( ) SI_UNIT ( $, .RADIAN. ) );
#1941 = EDGE_CURVE ( 'NONE', #273, #267, #1699, .T. ) ;
#1942 = PRESENTATION_LAYER_ASSIGNMENT (  '', '', ( #486 ) ) ;
#1943 = SURFACE_STYLE_USAGE ( .BOTH. , #572 ) ;
#1944 = CARTESIAN_POINT ( 'NONE',  ( 3.563398581310307733, 11.94605609711783956, -1.504018646119854807 ) ) ;
#1945 = SURFACE_STYLE_USAGE ( .BOTH. , #2362 ) ;
#1946 = CARTESIAN_POINT ( 'NONE',  ( 1.750000000000000000, 1.050000000000000044, 0.5999999999999995337 ) ) ;
#1947 = DIRECTION ( 'NONE',  ( -1.327637987767512773E-15, 0.000000000000000000, 1.000000000000000000 ) ) ;
#1948 = CARTESIAN_POINT ( 'NONE',  ( 0.000000000000000000, 0.4000000000000000222, 0.000000000000000000 ) ) ;
#1949 = EDGE_CURVE ( 'NONE', #2051, #1466, #2243, .T. ) ;
#1950 =( LENGTH_UNIT ( ) NAMED_UNIT ( * ) SI_UNIT ( .MILLI., .METRE. ) );
#1951 = LINE ( 'NONE', #1573, #1017 ) ;
#1952 = CARTESIAN_POINT ( 'NONE',  ( 3.718846171144883694, 0.3026469474770969725, 1.506389653319686772 ) ) ;
#1953 = VERTEX_POINT ( 'NONE', #862 ) ;
#1954 = DIRECTION ( 'NONE',  ( 0.000000000000000000, 0.000000000000000000, 1.000000000000000000 ) ) ;
#1955 = UNCERTAINTY_MEASURE_WITH_UNIT (LENGTH_MEASURE( 1.000000000000000082E-05 ), #1504, 'distance_accuracy_value', 'NONE');
#1956 = EDGE_CURVE ( 'NONE', #1734, #891, #644, .T. ) ;
#1957 =( NAMED_UNIT ( * ) SI_UNIT ( $, .STERADIAN. ) SOLID_ANGLE_UNIT ( ) );
#1958 = SURFACE_SIDE_STYLE ('',( #1144 ) ) ;
#1959 = STYLED_ITEM ( 'NONE', ( #2190 ), #291 ) ;
#1960 = DIRECTION ( 'NONE',  ( 0.000000000000000000, -1.000000000000000000, -0.000000000000000000 ) ) ;
#1961 = SURFACE_STYLE_FILL_AREA ( #369 ) ;
#1962 = ORIENTED_EDGE ( 'NONE', *, *, #1494, .F. ) ;
#1963 = AXIS2_PLACEMENT_3D ( 'NONE', #501, #1444, #2433 ) ;
#1964 = FACE_OUTER_BOUND ( 'NONE', #178, .T. ) ;
#1965 = DIRECTION ( 'NONE',  ( 0.000000000000000000, 0.000000000000000000, -1.000000000000000000 ) ) ;
#1966 = EDGE_LOOP ( 'NONE', ( #1375, #2583, #2371, #1470 ) ) ;
#1967 = UNCERTAINTY_MEASURE_WITH_UNIT (LENGTH_MEASURE( 1.000000000000000082E-05 ), #1420, 'distance_accuracy_value', 'NONE');
#1968 = DIRECTION ( 'NONE',  ( 0.000000000000000000, 0.000000000000000000, 1.000000000000000000 ) ) ;
#1969 = EDGE_CURVE ( 'NONE', #891, #1689, #660, .T. ) ;
#1970 = COLOUR_RGB ( '',0.7803921568627451011, 0.7607843137254901578, 0.7411764705882353255 ) ;
#1971 = CARTESIAN_POINT ( 'NONE',  ( 3.547381568833486210, 2.614637937994687356, 1.504851653158774116 ) ) ;
#1972 = CARTESIAN_POINT ( 'NONE',  ( -2.076655965729520936, -0.09999999999999999167, 1.300000000000000266 ) ) ;
#1973 =( LENGTH_UNIT ( ) NAMED_UNIT ( * ) SI_UNIT ( .MILLI., .METRE. ) );
#1974 = SURFACE_SIDE_STYLE ('',( #2166 ) ) ;
#1975 = VECTOR ( 'NONE', #2334, 1000.000000000000000 ) ;
#1976 = ORIENTED_EDGE ( 'NONE', *, *, #1576, .F. ) ;
#1977 = PRESENTATION_LAYER_ASSIGNMENT (  '', '', ( #520 ) ) ;
#1978 = CARTESIAN_POINT ( 'NONE',  ( -1.750000000000000000, 0.4000000000000000222, 0.5999999999999999778 ) ) ;
#1979 = SURFACE_STYLE_FILL_AREA ( #1379 ) ;
#1980 = ORIENTED_EDGE ( 'NONE', *, *, #2388, .T. ) ;
#1981 = AXIS2_PLACEMENT_3D ( 'NONE', #812, #213, #2006 ) ;
#1982 = PRODUCT_CONTEXT ( 'NONE', #1172, 'mechanical' ) ;
#1983 =( NAMED_UNIT ( * ) PLANE_ANGLE_UNIT ( ) SI_UNIT ( $, .RADIAN. ) );
#1984 = EDGE_CURVE ( 'NONE', #2332, #1361, #1445, .T. ) ;
#1985 = SURFACE_SIDE_STYLE ('',( #785 ) ) ;
#1986 =( NAMED_UNIT ( * ) PLANE_ANGLE_UNIT ( ) SI_UNIT ( $, .RADIAN. ) );
#1987 =( NAMED_UNIT ( * ) PLANE_ANGLE_UNIT ( ) SI_UNIT ( $, .RADIAN. ) );
#1988 = VERTEX_POINT ( 'NONE', #234 ) ;
#1989 = CARTESIAN_POINT ( 'NONE',  ( 0.000000000000000000, 11.50000000000000000, 3.600000000036846615 ) ) ;
#1990 = VERTEX_POINT ( 'NONE', #1215 ) ;
#1991 = CARTESIAN_POINT ( 'NONE',  ( 4.183632595385297938E-16, 0.6838047360777542716, 3.416195264053362823 ) ) ;
#1992 = VERTEX_POINT ( 'NONE', #1439 ) ;
#1993 = CARTESIAN_POINT ( 'NONE',  ( 0.000000000000000000, -0.09999999999999999167, 0.000000000000000000 ) ) ;
#1994 = PLANE ( 'NONE',  #157 ) ;
#1995 = B_SPLINE_CURVE_WITH_KNOTS ( 'NONE', 3,
 ( #1919, #2365, #1668, #1443, #699, #2026 ),
 .UNSPECIFIED., .F., .F.,
 ( 4, 2, 4 ),
 ( 0.000000000000000000, 0.5000000000000000000, 1.000000000000000000 ),
 .UNSPECIFIED. ) ;
#1996 = DIRECTION ( 'NONE',  ( -0.000000000000000000, 1.000000000000000000, -0.000000000000000000 ) ) ;
#1997 = AXIS2_PLACEMENT_3D ( 'NONE', #505, #1895, #901 ) ;
#1998 = CIRCLE ( 'NONE', #2119, 0.3000000000000001554 ) ;
#1999 = CARTESIAN_POINT ( 'NONE',  ( 3.069265397801349327, -0.02000000000004190093, -1.499999999999999778 ) ) ;
#2000 = ORIENTED_EDGE ( 'NONE', *, *, #924, .F. ) ;
#2001 = SURFACE_STYLE_USAGE ( .BOTH. , #1839 ) ;
#2002 = VERTEX_POINT ( 'NONE', #1035 ) ;
#2003 = PRESENTATION_STYLE_ASSIGNMENT (( #610 ) ) ;
#2004 = ORIENTED_EDGE ( 'NONE', *, *, #654, .T. ) ;
#2005 =( NAMED_UNIT ( * ) SI_UNIT ( $, .STERADIAN. ) SOLID_ANGLE_UNIT ( ) );
#2006 = DIRECTION ( 'NONE',  ( 0.000000000000000000, 0.000000000000000000, -1.000000000000000000 ) ) ;
#2007 = FILL_AREA_STYLE ('',( #1018 ) ) ;
#2008 = CARTESIAN_POINT ( 'NONE',  ( 1.750000000000000000, 1.050000000000000044, 0.000000000000000000 ) ) ;
#2009 = DIRECTION ( 'NONE',  ( 0.000000000000000000, 0.000000000000000000, -1.000000000000000000 ) ) ;
#2010 = ORIENTED_EDGE ( 'NONE', *, *, #2582, .T. ) ;
#2011 =( GEOMETRIC_REPRESENTATION_CONTEXT ( 3 ) GLOBAL_UNCERTAINTY_ASSIGNED_CONTEXT ( ( #2173 ) ) GLOBAL_UNIT_ASSIGNED_CONTEXT ( ( #796, #1225, #18 ) ) REPRESENTATION_CONTEXT ( 'NONE', 'WORKASPACE' ) );
#2012 = ORIENTED_EDGE ( 'NONE', *, *, #396, .F. ) ;
#2013 = FACE_OUTER_BOUND ( 'NONE', #1205, .T. ) ;
#2014 = EDGE_CURVE ( 'NONE', #1953, #1393, #1859, .T. ) ;
#2015 = VERTEX_POINT ( 'NONE', #2256 ) ;
#2016 = SURFACE_STYLE_FILL_AREA ( #1206 ) ;
#2017 = DIRECTION ( 'NONE',  ( 0.000000000000000000, -0.000000000000000000, -1.000000000000000000 ) ) ;
#2018 = CARTESIAN_POINT ( 'NONE',  ( 2.076655965710604956, -0.09999999999999999167, -1.300000000006638956 ) ) ;
#2019 = MECHANICAL_DESIGN_GEOMETRIC_PRESENTATION_REPRESENTATION (  '', ( #520 ), #1639 ) ;
#2020 = COLOUR_RGB ( '',0.000000000000000000, 0.5019607843137254832, 0.5019607843137254832 ) ;
#2021 = AXIS2_PLACEMENT_3D ( 'NONE', #309, #730, #1097 ) ;
#2022 = CARTESIAN_POINT ( 'NONE',  ( 2.076655965710604956, 0.4000000000000000222, -1.300000000006638956 ) ) ;
#2023 = ORIENTED_EDGE ( 'NONE', *, *, #1258, .T. ) ;
#2024 =( NAMED_UNIT ( * ) PLANE_ANGLE_UNIT ( ) SI_UNIT ( $, .RADIAN. ) );
#2025 = PRESENTATION_LAYER_ASSIGNMENT (  '', '', ( #1480 ) ) ;
#2026 = CARTESIAN_POINT ( 'NONE',  ( 3.547381568833486210, 2.614637937994687356, 1.504851653158774116 ) ) ;
#2027 = EDGE_CURVE ( 'NONE', #1338, #254, #1998, .T. ) ;
#2028 = CIRCLE ( 'NONE', #2561, 1.000000000000000000 ) ;
#2029 = SURFACE_STYLE_USAGE ( .BOTH. , #1613 ) ;
#2030 = ORIENTED_EDGE ( 'NONE', *, *, #2219, .F. ) ;
#2031 = DIRECTION ( 'NONE',  ( 0.000000000000000000, 1.000000000000000000, 0.000000000000000000 ) ) ;
#2032 = CARTESIAN_POINT ( 'NONE',  ( 2.076655965689395700, -0.09999999999999999167, -1.000000000006638912 ) ) ;
#2033 = ADVANCED_FACE ( 'NONE', ( #1257 ), #1416, .T. ) ;
#2034 = CARTESIAN_POINT ( 'NONE',  ( 2.076655965689395700, -0.09999999999999999167, -1.000000000006638912 ) ) ;
#2035 = STYLED_ITEM ( 'NONE', ( #2421 ), #83 ) ;
#2036 = EDGE_CURVE ( 'NONE', #1689, #473, #2359, .T. ) ;
#2037 = CIRCLE ( 'NONE', #112, 0.6838047360777960160 ) ;
#2038 = ORIENTED_EDGE ( 'NONE', *, *, #1856, .F. ) ;
#2039 = CIRCLE ( 'NONE', #905, 4.100000000036846615 ) ;
#2040 = FILL_AREA_STYLE_COLOUR ( '', #1479 ) ;
#2041 = CIRCLE ( 'NONE', #1781, 3.500000000082648111 ) ;
#2042 = CARTESIAN_POINT ( 'NONE',  ( 1.750000000000000000, -2.149999999999999911, 0.000000000000000000 ) ) ;
#2043 = CARTESIAN_POINT ( 'NONE',  ( 0.000000000000000000, 0.6838047360777542716, 0.000000000000000000 ) ) ;
#2044 = AXIS2_PLACEMENT_3D ( 'NONE', #2121, #1564, #2537 ) ;
#2045 = SURFACE_STYLE_FILL_AREA ( #2436 ) ;
#2046 = ORIENTED_EDGE ( 'NONE', *, *, #1284, .F. ) ;
#2047 =( GEOMETRIC_REPRESENTATION_CONTEXT ( 3 ) GLOBAL_UNCERTAINTY_ASSIGNED_CONTEXT ( ( #1801 ) ) GLOBAL_UNIT_ASSIGNED_CONTEXT ( ( #1950, #2209, #1392 ) ) REPRESENTATION_CONTEXT ( 'NONE', 'WORKASPACE' ) );
#2048 = EDGE_CURVE ( 'NONE', #962, #293, #1451, .T. ) ;
#2049 = CARTESIAN_POINT ( 'NONE',  ( 3.429009504840781375, 1.333710797405918580, -1.505791886947275282 ) ) ;
#2050 = CARTESIAN_POINT ( 'NONE',  ( -1.750000000000000000, 0.7500000000000012212, 0.000000000000000000 ) ) ;
#2051 = VERTEX_POINT ( 'NONE', #266 ) ;
#2052 = FILL_AREA_STYLE_COLOUR ( '', #1145 ) ;
#2053 = FACE_OUTER_BOUND ( 'NONE', #1064, .T. ) ;
#2054 = VECTOR ( 'NONE', #445, 1000.000000000000000 ) ;
#2055 = EDGE_CURVE ( 'NONE', #222, #994, #1188, .T. ) ;
#2056 = AXIS2_PLACEMENT_3D ( 'NONE', #503, #650, #2083 ) ;
#2057 = FACE_OUTER_BOUND ( 'NONE', #2411, .T. ) ;
#2058 = PLANE ( 'NONE',  #1255 ) ;
#2059 =( NAMED_UNIT ( * ) SI_UNIT ( $, .STERADIAN. ) SOLID_ANGLE_UNIT ( ) );
#2060 =( GEOMETRIC_REPRESENTATION_CONTEXT ( 3 ) GLOBAL_UNCERTAINTY_ASSIGNED_CONTEXT ( ( #1214 ) ) GLOBAL_UNIT_ASSIGNED_CONTEXT ( ( #1748, #427, #784 ) ) REPRESENTATION_CONTEXT ( 'NONE', 'WORKASPACE' ) );
#2061 = EDGE_LOOP ( 'NONE', ( #1962, #2270, #2468, #2210 ) ) ;
#2062 = EDGE_CURVE ( 'NONE', #1869, #1992, #1911, .T. ) ;
#2063 = CARTESIAN_POINT ( 'NONE',  ( 3.305636243708543365, 1.493150171240339885, -1.507192429285551416 ) ) ;
#2064 = CARTESIAN_POINT ( 'NONE',  ( 2.076655965729520936, 0.4000000000000000222, 1.300000000000000266 ) ) ;
#2065 = ORIENTED_EDGE ( 'NONE', *, *, #2465, .T. ) ;
#2066 = AXIS2_PLACEMENT_3D ( 'NONE', #540, #518, #2505 ) ;
#2067 = CARTESIAN_POINT ( 'NONE',  ( 1.750000000000000000, 0.7500000000000007772, 0.5999999999999995337 ) ) ;
#2068 =( GEOMETRIC_REPRESENTATION_CONTEXT ( 3 ) GLOBAL_UNCERTAINTY_ASSIGNED_CONTEXT ( ( #1635 ) ) GLOBAL_UNIT_ASSIGNED_CONTEXT ( ( #2484, #1272, #282 ) ) REPRESENTATION_CONTEXT ( 'NONE', 'WORKASPACE' ) );
#2069 =( NAMED_UNIT ( * ) SI_UNIT ( $, .STERADIAN. ) SOLID_ANGLE_UNIT ( ) );
#2070 = FACE_OUTER_BOUND ( 'NONE', #2172, .T. ) ;
#2071 = AXIS2_PLACEMENT_3D ( 'NONE', #1991, #999, #2137 ) ;
#2072 = FILL_AREA_STYLE ('',( #1645 ) ) ;
#2073 = EDGE_CURVE ( 'NONE', #2141, #92, #2220, .T. ) ;
#2074 = FILL_AREA_STYLE_COLOUR ( '', #1246 ) ;
#2075 = EDGE_CURVE ( 'NONE', #1304, #868, #1659, .T. ) ;
#2076 = ORIENTED_EDGE ( 'NONE', *, *, #571, .T. ) ;
#2077 = SURFACE_STYLE_FILL_AREA ( #1846 ) ;
#2078 = VERTEX_POINT ( 'NONE', #1095 ) ;
#2079 = LINE ( 'NONE', #127, #1060 ) ;
#2080 =( NAMED_UNIT ( * ) SI_UNIT ( $, .STERADIAN. ) SOLID_ANGLE_UNIT ( ) );
#2081 = DIRECTION ( 'NONE',  ( -0.000000000000000000, 1.000000000000000000, -0.000000000000000000 ) ) ;
#2082 = STYLED_ITEM ( 'NONE', ( #1147 ), #1933 ) ;
#2083 = DIRECTION ( 'NONE',  ( 0.000000000000000000, 0.000000000000000000, -1.000000000000000000 ) ) ;
#2084 = CARTESIAN_POINT ( 'NONE',  ( 1.749999999999999778, 0.1999999999999999833, -1.000000000000000000 ) ) ;
#2085 = DIRECTION ( 'NONE',  ( 0.000000000000000000, -1.000000000000000000, 0.000000000000000000 ) ) ;
#2086 = ORIENTED_EDGE ( 'NONE', *, *, #2481, .F. ) ;
#2087 = AXIS2_PLACEMENT_3D ( 'NONE', #2587, #1803, #241 ) ;
#2088 = CARTESIAN_POINT ( 'NONE',  ( 3.317805067069279801, 1.474298578990819841, -1.507030646264606366 ) ) ;
#2089 = PRESENTATION_LAYER_ASSIGNMENT (  '', '', ( #381 ) ) ;
#2090 = ORIENTED_EDGE ( 'NONE', *, *, #1718, .F. ) ;
#2091 = CARTESIAN_POINT ( 'NONE',  ( -1.750000000000000000, -0.09999999999999999167, 0.000000000000000000 ) ) ;
#2092 = SURFACE_STYLE_USAGE ( .BOTH. , #1474 ) ;
#2093 = FACE_BOUND ( 'NONE', #1186, .T. ) ;
#2094 = DIRECTION ( 'NONE',  ( -0.000000000000000000, 1.000000000000000000, -0.000000000000000000 ) ) ;
#2095 = DIRECTION ( 'NONE',  ( -0.000000000000000000, -1.000000000000000000, -0.000000000000000000 ) ) ;
#2096 = MECHANICAL_DESIGN_GEOMETRIC_PRESENTATION_REPRESENTATION (  '', ( #1878 ), #2457 ) ;
#2097 = CARTESIAN_POINT ( 'NONE',  ( 0.000000000000000000, 2.630311527492930068, 0.000000000000000000 ) ) ;
#2098 = ORIENTED_EDGE ( 'NONE', *, *, #319, .T. ) ;
#2099 = AXIS2_PLACEMENT_3D ( 'NONE', #2091, #2349, #1954 ) ;
#2100 = CARTESIAN_POINT ( 'NONE',  ( 2.330940369686079539, -0.09999999999999999167, -1.459183673462296493 ) ) ;
#2101 = AXIS2_PLACEMENT_3D ( 'NONE', #34, #2175, #989 ) ;
#2102 = SURFACE_STYLE_FILL_AREA ( #129 ) ;
#2103 = SURFACE_SIDE_STYLE ('',( #1709 ) ) ;
#2104 = CARTESIAN_POINT ( 'NONE',  ( 3.242108298438341141, 2.233293179558682340, -1.507845145706479872 ) ) ;
#2105 = CARTESIAN_POINT ( 'NONE',  ( 3.829875789418797805, 0.5771400443156204929, 1.507273421926162316 ) ) ;
#2106 = ORIENTED_EDGE ( 'NONE', *, *, #2260, .T. ) ;
#2107 = COLOUR_RGB ( '',0.2509803921568627416, 0.2509803921568627416, 0.2509803921568627416 ) ;
#2108 = EDGE_CURVE ( 'NONE', #1216, #2241, #322, .T. ) ;
#2109 = SURFACE_SIDE_STYLE ('',( #2312 ) ) ;
#2110 = UNCERTAINTY_MEASURE_WITH_UNIT (LENGTH_MEASURE( 1.000000000000000082E-05 ), #677, 'distance_accuracy_value', 'NONE');
#2111 = CYLINDRICAL_SURFACE ( 'NONE', #172, 4.120000000036847077 ) ;
#2112 = LINE ( 'NONE', #698, #1306 ) ;
#2113 = AXIS2_PLACEMENT_3D ( 'NONE', #1877, #1628, #504 ) ;
#2114 = CARTESIAN_POINT ( 'NONE',  ( -1.750000000000000000, 0.4500000000000000111, 0.000000000000000000 ) ) ;
#2115 =( GEOMETRIC_REPRESENTATION_CONTEXT ( 3 ) GLOBAL_UNCERTAINTY_ASSIGNED_CONTEXT ( ( #91 ) ) GLOBAL_UNIT_ASSIGNED_CONTEXT ( ( #637, #44, #1685 ) ) REPRESENTATION_CONTEXT ( 'NONE', 'WORKASPACE' ) );
#2116 = CARTESIAN_POINT ( 'NONE',  ( 3.379400708295961397, 0.02609675672528745036, 1.503290711907377508 ) ) ;
#2117 = CONICAL_SURFACE ( 'NONE', #709, 0.2999999999999999334, 0.7853981633974463916 ) ;
#2118 = ORIENTED_EDGE ( 'NONE', *, *, #2566, .F. ) ;
#2119 = AXIS2_PLACEMENT_3D ( 'NONE', #2022, #460, #2009 ) ;
#2120 = CARTESIAN_POINT ( 'NONE',  ( 3.420811983160997549, 12.00537282126157201, -1.502114580485228501 ) ) ;
#2121 = CARTESIAN_POINT ( 'NONE',  ( 0.000000000000000000, 11.50000000000000000, 0.000000000000000000 ) ) ;
#2122 = CARTESIAN_POINT ( 'NONE',  ( -2.076655965729520936, -0.09999999999999999167, 1.300000000000000266 ) ) ;
#2123 = STYLED_ITEM ( 'NONE', ( #2003 ), #1373 ) ;
#2124 = SURFACE_STYLE_FILL_AREA ( #767 ) ;
#2125 = DIRECTION ( 'NONE',  ( -0.000000000000000000, 1.000000000000000000, -0.000000000000000000 ) ) ;
#2126 = DIRECTION ( 'NONE',  ( 0.000000000000000000, 0.000000000000000000, -1.000000000000000000 ) ) ;
#2127 = PRESENTATION_LAYER_ASSIGNMENT (  '', '', ( #1878 ) ) ;
#2128 = ORIENTED_EDGE ( 'NONE', *, *, #679, .F. ) ;
#2129 = TOROIDAL_SURFACE ( 'NONE', #2458, 3.416195264053362823, 0.6838047360777961270 ) ;
#2130 = CYLINDRICAL_SURFACE ( 'NONE', #2422, 0.2999999999999998779 ) ;
#2131 = CARTESIAN_POINT ( 'NONE',  ( 3.636906361375304542, 11.89821202612171192, -1.504942551790784400 ) ) ;
#2132 = UNCERTAINTY_MEASURE_WITH_UNIT (LENGTH_MEASURE( 1.000000000000000082E-05 ), #2443, 'distance_accuracy_value', 'NONE');
#2133 = ADVANCED_FACE ( 'NONE', ( #917 ), #164, .F. ) ;
#2134 = SURFACE_SIDE_STYLE ('',( #1778 ) ) ;
#2135 =( NAMED_UNIT ( * ) SI_UNIT ( $, .STERADIAN. ) SOLID_ANGLE_UNIT ( ) );
#2136 = CYLINDRICAL_SURFACE ( 'NONE', #731, 1.000000000000000000 ) ;
#2137 = DIRECTION ( 'NONE',  ( -1.224646799147353700E-16, 0.000000000000000000, -1.000000000000000000 ) ) ;
#2138 = AXIS2_PLACEMENT_3D ( 'NONE', #1893, #2095, #298 ) ;
#2139 = DIRECTION ( 'NONE',  ( 0.000000000000000000, 0.000000000000000000, -1.000000000000000000 ) ) ;
#2140 = VECTOR ( 'NONE', #837, 1000.000000000000000 ) ;
#2141 = VERTEX_POINT ( 'NONE', #206 ) ;
#2142 = EDGE_CURVE ( 'NONE', #2002, #1988, #199, .T. ) ;
#2143 = AXIS2_PLACEMENT_3D ( 'NONE', #1343, #201, #2178 ) ;
#2144 = FILL_AREA_STYLE_COLOUR ( '', #846 ) ;
#2145 = AXIS2_PLACEMENT_3D ( 'NONE', #412, #1557, #2580 ) ;
#2146 = CARTESIAN_POINT ( 'NONE',  ( 3.343633037194785551, 2.413480853533642723, 1.506697532038977272 ) ) ;
#2147 = FILL_AREA_STYLE ('',( #1739 ) ) ;
#2148 = CARTESIAN_POINT ( 'NONE',  ( 0.000000000000000000, 0.6838047360777542716, -3.416195264053362823 ) ) ;
#2149 = ORIENTED_EDGE ( 'NONE', *, *, #1004, .F. ) ;
#2150 = CARTESIAN_POINT ( 'NONE',  ( 3.188205911770762846, 1.795428853760599797, 1.508358900795500057 ) ) ;
#2151 = DIRECTION ( 'NONE',  ( -1.000000000000000000, 0.000000000000000000, 0.000000000000000000 ) ) ;
#2152 = PRESENTATION_STYLE_ASSIGNMENT (( #1114 ) ) ;
#2153 = SURFACE_STYLE_USAGE ( .BOTH. , #2103 ) ;
#2154 = VERTEX_POINT ( 'NONE', #605 ) ;
#2155 = CARTESIAN_POINT ( 'NONE',  ( 1.750000000000000000, -2.149999999999999911, -0.2999999999999998779 ) ) ;
#2156 = CARTESIAN_POINT ( 'NONE',  ( 3.547381568864383272, 1.235362062123641191, -1.504851653158235880 ) ) ;
#2157 = ORIENTED_EDGE ( 'NONE', *, *, #2048, .F. ) ;
#2158 = AXIS2_PLACEMENT_3D ( 'NONE', #1849, #2234, #221 ) ;
#2159 = VECTOR ( 'NONE', #61, 1000.000000000000000 ) ;
#2160 = CARTESIAN_POINT ( 'NONE',  ( 3.834370253539925777, 3.166195264044802560, 1.507317073170665989 ) ) ;
#2161 = UNCERTAINTY_MEASURE_WITH_UNIT (LENGTH_MEASURE( 1.000000000000000082E-05 ), #1930, 'distance_accuracy_value', 'NONE');
#2162 = CARTESIAN_POINT ( 'NONE',  ( 3.294466890507111057, 2.338034956946096532, 1.507333290410904025 ) ) ;
#2163 = CARTESIAN_POINT ( 'NONE',  ( 0.000000000000000000, 1.219688472624365083, 0.000000000000000000 ) ) ;
#2164 = CARTESIAN_POINT ( 'NONE',  ( 0.000000000000000000, 11.90000000000000036, 0.000000000000000000 ) ) ;
#2165 = MECHANICAL_DESIGN_GEOMETRIC_PRESENTATION_REPRESENTATION (  '', ( #587 ), #908 ) ;
#2166 = SURFACE_STYLE_FILL_AREA ( #1771 ) ;
#2167 = FACE_OUTER_BOUND ( 'NONE', #1070, .T. ) ;
#2168 = EDGE_CURVE ( 'NONE', #1990, #2002, #2041, .T. ) ;
#2169 = MECHANICAL_DESIGN_GEOMETRIC_PRESENTATION_REPRESENTATION (  '', ( #1500 ), #383 ) ;
#2170 = SURFACE_STYLE_FILL_AREA ( #986 ) ;
#2171 = FILL_AREA_STYLE_COLOUR ( '', #1742 ) ;
#2172 = EDGE_LOOP ( 'NONE', ( #358, #2207, #1234, #1165 ) ) ;
#2173 = UNCERTAINTY_MEASURE_WITH_UNIT (LENGTH_MEASURE( 1.000000000000000082E-05 ), #796, 'distance_accuracy_value', 'NONE');
#2174 = DIRECTION ( 'NONE',  ( 0.000000000000000000, 0.000000000000000000, 1.000000000000000000 ) ) ;
#2175 = DIRECTION ( 'NONE',  ( -0.000000000000000000, -1.000000000000000000, -0.000000000000000000 ) ) ;
#2176 = PRESENTATION_LAYER_ASSIGNMENT (  '', '', ( #1419 ) ) ;
#2177 = DIRECTION ( 'NONE',  ( 0.000000000000000000, 0.000000000000000000, 1.000000000000000000 ) ) ;
#2178 = DIRECTION ( 'NONE',  ( 0.000000000000000000, 0.000000000000000000, -1.000000000000000000 ) ) ;
#2179 = CARTESIAN_POINT ( 'NONE',  ( 0.000000000000000000, -0.09999999999999999167, 2.750000000000002220 ) ) ;
#2180 = ORIENTED_EDGE ( 'NONE', *, *, #1673, .T. ) ;
#2181 =( LENGTH_UNIT ( ) NAMED_UNIT ( * ) SI_UNIT ( .MILLI., .METRE. ) );
#2182 = VERTEX_POINT ( 'NONE', #2354 ) ;
#2183 = AXIS2_PLACEMENT_3D ( 'NONE', #1534, #1157, #2471 ) ;
#2184 =( LENGTH_UNIT ( ) NAMED_UNIT ( * ) SI_UNIT ( .MILLI., .METRE. ) );
#2185 = SURFACE_SIDE_STYLE ('',( #2382 ) ) ;
#2186 = ORIENTED_EDGE ( 'NONE', *, *, #2451, .T. ) ;
#2187 = PRESENTATION_STYLE_ASSIGNMENT (( #1616 ) ) ;
#2188 = APPLICATION_PROTOCOL_DEFINITION ( 'draft international standard', 'automotive_design', 1998, #606 ) ;
#2189 = CARTESIAN_POINT ( 'NONE',  ( 2.364318083507377377, 12.01999999999999957, 1.500000000000000000 ) ) ;
#2190 = PRESENTATION_STYLE_ASSIGNMENT (( #1003 ) ) ;
#2191 = CIRCLE ( 'NONE', #653, 3.840951120943168373 ) ;
#2192 = ADVANCED_FACE ( 'NONE', ( #2167 ), #2136, .F. ) ;
#2193 = FILL_AREA_STYLE ('',( #619 ) ) ;
#2194 = ORIENTED_EDGE ( 'NONE', *, *, #2055, .T. ) ;
#2195 = CARTESIAN_POINT ( 'NONE',  ( -1.750000000000000000, 0.4000000000000000222, -1.000000000000000000 ) ) ;
#2196 = FILL_AREA_STYLE_COLOUR ( '', #1593 ) ;
#2197 = ORIENTED_EDGE ( 'NONE', *, *, #909, .T. ) ;
#2198 = PRESENTATION_STYLE_ASSIGNMENT (( #192 ) ) ;
#2199 =( NAMED_UNIT ( * ) PLANE_ANGLE_UNIT ( ) SI_UNIT ( $, .RADIAN. ) );
#2200 = ORIENTED_EDGE ( 'NONE', *, *, #2036, .F. ) ;
#2201 = UNCERTAINTY_MEASURE_WITH_UNIT (LENGTH_MEASURE( 1.000000000000000082E-05 ), #713, 'distance_accuracy_value', 'NONE');
#2202 = SURFACE_STYLE_USAGE ( .BOTH. , #627 ) ;
#2203 = LINE ( 'NONE', #2032, #1891 ) ;
#2204 = CARTESIAN_POINT ( 'NONE',  ( -2.330940369677495738, -0.09999999999999999167, -1.459183673476008636 ) ) ;
#2205 = COLOUR_RGB ( '',0.2509803921568627416, 0.2509803921568627416, 0.2509803921568627416 ) ;
#2206 = DIRECTION ( 'NONE',  ( 0.000000000000000000, 1.000000000000000000, 0.000000000000000000 ) ) ;
#2207 = ORIENTED_EDGE ( 'NONE', *, *, #2142, .T. ) ;
#2208 =( NAMED_UNIT ( * ) PLANE_ANGLE_UNIT ( ) SI_UNIT ( $, .RADIAN. ) );
#2209 =( NAMED_UNIT ( * ) PLANE_ANGLE_UNIT ( ) SI_UNIT ( $, .RADIAN. ) );
#2210 = ORIENTED_EDGE ( 'NONE', *, *, #2512, .F. ) ;
#2211 = DIRECTION ( 'NONE',  ( 0.000000000000000000, -1.000000000000000000, 0.000000000000000000 ) ) ;
#2212 = SURFACE_SIDE_STYLE ('',( #1979 ) ) ;
#2213 = ORIENTED_EDGE ( 'NONE', *, *, #724, .T. ) ;
#2214 = PRESENTATION_LAYER_ASSIGNMENT (  '', '', ( #30 ) ) ;
#2215 = CARTESIAN_POINT ( 'NONE',  ( 3.212006604740889060, 2.187388527262825733, 1.508213075415569371 ) ) ;
#2216 = DIRECTION ( 'NONE',  ( 0.000000000000000000, 0.000000000000000000, -1.000000000000000000 ) ) ;
#2217 = CARTESIAN_POINT ( 'NONE',  ( 0.000000000000000000, -0.02000000000004190093, 0.000000000000000000 ) ) ;
#2218 = PRESENTATION_LAYER_ASSIGNMENT (  '', '', ( #429 ) ) ;
#2219 = EDGE_CURVE ( 'NONE', #2241, #2141, #1220, .T. ) ;
#2220 = LINE ( 'NONE', #447, #66 ) ;
#2221 = ORIENTED_EDGE ( 'NONE', *, *, #531, .T. ) ;
#2222 = AXIS2_PLACEMENT_3D ( 'NONE', #170, #965, #1143 ) ;
#2223 = SURFACE_STYLE_FILL_AREA ( #2369 ) ;
#2224 =( LENGTH_UNIT ( ) NAMED_UNIT ( * ) SI_UNIT ( .MILLI., .METRE. ) );
#2225 = ORIENTED_EDGE ( 'NONE', *, *, #97, .T. ) ;
#2226 = MECHANICAL_DESIGN_GEOMETRIC_PRESENTATION_REPRESENTATION (  '', ( #923 ), #347 ) ;
#2227 = FACE_OUTER_BOUND ( 'NONE', #6, .T. ) ;
#2228 = FILL_AREA_STYLE_COLOUR ( '', #1299 ) ;
#2229 = EDGE_CURVE ( 'NONE', #492, #426, #1624, .T. ) ;
#2230 = FILL_AREA_STYLE_COLOUR ( '', #1615 ) ;
#2231 = CARTESIAN_POINT ( 'NONE',  ( 1.749999999999999778, -0.09999999999999999167, -1.000000000000000000 ) ) ;
#2232 = VECTOR ( 'NONE', #2456, 1000.000000000000000 ) ;
#2233 = ORIENTED_EDGE ( 'NONE', *, *, #1170, .T. ) ;
#2234 = DIRECTION ( 'NONE',  ( -0.000000000000000000, -1.000000000000000000, -0.000000000000000000 ) ) ;
#2235 =( GEOMETRIC_REPRESENTATION_CONTEXT ( 3 ) GLOBAL_UNCERTAINTY_ASSIGNED_CONTEXT ( ( #333 ) ) GLOBAL_UNIT_ASSIGNED_CONTEXT ( ( #666, #1463, #2413 ) ) REPRESENTATION_CONTEXT ( 'NONE', 'WORKASPACE' ) );
#2236 =( NAMED_UNIT ( * ) SI_UNIT ( $, .STERADIAN. ) SOLID_ANGLE_UNIT ( ) );
#2237 =( NAMED_UNIT ( * ) SI_UNIT ( $, .STERADIAN. ) SOLID_ANGLE_UNIT ( ) );
#2238 = DIRECTION ( 'NONE',  ( 2.032348231608532942E-11, 0.000000000000000000, -1.000000000000000000 ) ) ;
#2239 = SURFACE_STYLE_FILL_AREA ( #2264 ) ;
#2240 = ADVANCED_FACE ( 'NONE', ( #422, #2053 ), #450, .T. ) ;
#2241 = VERTEX_POINT ( 'NONE', #2067 ) ;
#2242 = CARTESIAN_POINT ( 'NONE',  ( -1.750000000000000000, -2.149999999999999911, 0.000000000000000000 ) ) ;
#2243 = CIRCLE ( 'NONE', #1146, 3.000000000000000444 ) ;
#2244 = ORIENTED_EDGE ( 'NONE', *, *, #2014, .T. ) ;
#2245 = DIRECTION ( 'NONE',  ( 1.000000000000000000, 0.000000000000000000, -1.224646799147353207E-16 ) ) ;
#2246 = VECTOR ( 'NONE', #1074, 1000.000000000000000 ) ;
#2247 = PRESENTATION_STYLE_ASSIGNMENT (( #490 ) ) ;
#2248 =( NAMED_UNIT ( * ) PLANE_ANGLE_UNIT ( ) SI_UNIT ( $, .RADIAN. ) );
#2249 = ADVANCED_FACE ( 'NONE', ( #850 ), #27, .F. ) ;
#2250 = CARTESIAN_POINT ( 'NONE',  ( 0.000000000000000000, 11.50000000000000000, 0.000000000000000000 ) ) ;
#2251 = CIRCLE ( 'NONE', #28, 0.6838047360238981298 ) ;
#2252 = VERTEX_POINT ( 'NONE', #138 ) ;
#2253 = MECHANICAL_DESIGN_GEOMETRIC_PRESENTATION_REPRESENTATION (  '', ( #2494 ), #910 ) ;
#2254 = AXIS2_PLACEMENT_3D ( 'NONE', #1334, #919, #900 ) ;
#2255 =( NAMED_UNIT ( * ) PLANE_ANGLE_UNIT ( ) SI_UNIT ( $, .RADIAN. ) );
#2256 = CARTESIAN_POINT ( 'NONE',  ( 3.069265397801349327, -0.02000000000004190093, 1.500000000000000000 ) ) ;
#2257 = ORIENTED_EDGE ( 'NONE', *, *, #406, .F. ) ;
#2258 = PRESENTATION_STYLE_ASSIGNMENT (( #308 ) ) ;
#2259 = CARTESIAN_POINT ( 'NONE',  ( 1.750000000000000000, 0.7500000000000007772, 0.000000000000000000 ) ) ;
#2260 = EDGE_CURVE ( 'NONE', #2550, #1393, #892, .T. ) ;
#2261 = STYLED_ITEM ( 'NONE', ( #2187 ), #1769 ) ;
#2262 = PRESENTATION_STYLE_ASSIGNMENT (( #1077 ) ) ;
#2263 = ORIENTED_EDGE ( 'NONE', *, *, #187, .T. ) ;
#2264 = FILL_AREA_STYLE ('',( #2074 ) ) ;
#2265 = SURFACE_SIDE_STYLE ('',( #105 ) ) ;
#2266 = ORIENTED_EDGE ( 'NONE', *, *, #1863, .T. ) ;
#2267 = COLOUR_RGB ( '',0.000000000000000000, 0.5019607843137254832, 0.5019607843137254832 ) ;
#2268 = FILL_AREA_STYLE_COLOUR ( '', #139 ) ;
#2269 =( LENGTH_UNIT ( ) NAMED_UNIT ( * ) SI_UNIT ( .MILLI., .METRE. ) );
#2270 = ORIENTED_EDGE ( 'NONE', *, *, #55, .T. ) ;
#2271 = FILL_AREA_STYLE_COLOUR ( '', #1656 ) ;
#2272 = SURFACE_STYLE_FILL_AREA ( #296 ) ;
#2273 = CIRCLE ( 'NONE', #9, 2.750000000000002220 ) ;
#2274 = DIRECTION ( 'NONE',  ( -0.000000000000000000, 1.000000000000000000, -0.000000000000000000 ) ) ;
#2275 = CIRCLE ( 'NONE', #1600, 3.853374429368271237 ) ;
#2276 = ORIENTED_EDGE ( 'NONE', *, *, #1132, .F. ) ;
#2277 = CARTESIAN_POINT ( 'NONE',  ( 3.343774395832842750, 1.436328170380597014, -1.506695935208514525 ) ) ;
#2278 = ORIENTED_EDGE ( 'NONE', *, *, #743, .T. ) ;
#2279 = DIRECTION ( 'NONE',  ( 0.000000000000000000, 0.000000000000000000, -1.000000000000000000 ) ) ;
#2280 = CARTESIAN_POINT ( 'NONE',  ( 1.750000000000000000, 0.4500000000000000111, -0.2999999999999999334 ) ) ;
#2281 = CARTESIAN_POINT ( 'NONE',  ( 3.673940397442060361E-16, 0.000000000000000000, 3.000000000000000444 ) ) ;
#2282 = STYLED_ITEM ( 'NONE', ( #1751 ), #1870 ) ;
#2283 = DIRECTION ( 'NONE',  ( 0.000000000000000000, 1.000000000000000000, 0.000000000000000000 ) ) ;
#2284 = SURFACE_STYLE_USAGE ( .BOTH. , #1288 ) ;
#2285 = DIRECTION ( 'NONE',  ( 0.000000000000000000, 1.000000000000000000, 0.000000000000000000 ) ) ;
#2286 = CARTESIAN_POINT ( 'NONE',  ( 3.547381568833485765, 2.614637937994687356, -1.504851653158774560 ) ) ;
#2287 = SURFACE_SIDE_STYLE ('',( #432 ) ) ;
#2288 = ORIENTED_EDGE ( 'NONE', *, *, #1099, .T. ) ;
#2289 = CIRCLE ( 'NONE', #1410, 0.2999999999999994893 ) ;
#2290 = CARTESIAN_POINT ( 'NONE',  ( -1.750000000000000000, 0.4500000000000000111, 0.000000000000000000 ) ) ;
#2291 = UNCERTAINTY_MEASURE_WITH_UNIT (LENGTH_MEASURE( 1.000000000000000082E-05 ), #801, 'distance_accuracy_value', 'NONE');
#2292 = COLOUR_RGB ( '',0.2509803921568627416, 0.2509803921568627416, 0.2509803921568627416 ) ;
#2293 =( NAMED_UNIT ( * ) PLANE_ANGLE_UNIT ( ) SI_UNIT ( $, .RADIAN. ) );
#2294 = FILL_AREA_STYLE_COLOUR ( '', #1850 ) ;
#2295 = CARTESIAN_POINT ( 'NONE',  ( -1.750000000000000000, 0.4500000000000000111, -0.2999999999999997113 ) ) ;
#2296 =( NAMED_UNIT ( * ) SI_UNIT ( $, .STERADIAN. ) SOLID_ANGLE_UNIT ( ) );
#2297 = STYLED_ITEM ( 'NONE', ( #31 ), #1728 ) ;
#2298 = SURFACE_STYLE_USAGE ( .BOTH. , #57 ) ;
#2299 = CARTESIAN_POINT ( 'NONE',  ( 3.757860616942885201, 0.3666099317532033330, 1.506689742725157100 ) ) ;
#2300 = EDGE_LOOP ( 'NONE', ( #88, #1577, #886, #277 ) ) ;
#2301 = EDGE_CURVE ( 'NONE', #1714, #1988, #2191, .T. ) ;
#2302 = CIRCLE ( 'NONE', #1088, 2.799999999999999822 ) ;
#2303 = SURFACE_SIDE_STYLE ('',( #2077 ) ) ;
#2304 =( GEOMETRIC_REPRESENTATION_CONTEXT ( 3 ) GLOBAL_UNCERTAINTY_ASSIGNED_CONTEXT ( ( #832 ) ) GLOBAL_UNIT_ASSIGNED_CONTEXT ( ( #1293, #1940, #916 ) ) REPRESENTATION_CONTEXT ( 'NONE', 'WORKASPACE' ) );
#2305 = COLOUR_RGB ( '',0.2509803921568627416, 0.2509803921568627416, 0.2509803921568627416 ) ;
#2306 = LINE ( 'NONE', #1319, #1721 ) ;
#2307 = MECHANICAL_DESIGN_GEOMETRIC_PRESENTATION_REPRESENTATION (  '', ( #2425 ), #1091 ) ;
#2308 = CARTESIAN_POINT ( 'NONE',  ( 3.212828236348080679, 2.152167534657954739, -1.508090498850569450 ) ) ;
#2309 = ORIENTED_EDGE ( 'NONE', *, *, #256, .T. ) ;
#2310 = MECHANICAL_DESIGN_GEOMETRIC_PRESENTATION_REPRESENTATION (  '', ( #526 ), #2390 ) ;
#2311 = EDGE_CURVE ( 'NONE', #2332, #508, #2079, .T. ) ;
#2312 = SURFACE_STYLE_FILL_AREA ( #346 ) ;
#2313 =( NAMED_UNIT ( * ) PLANE_ANGLE_UNIT ( ) SI_UNIT ( $, .RADIAN. ) );
#2314 = CARTESIAN_POINT ( 'NONE',  ( -2.076655965729520936, 0.4000000000000000222, 1.300000000000000266 ) ) ;
#2315 = EDGE_CURVE ( 'NONE', #222, #685, #2306, .T. ) ;
#2316 = DIRECTION ( 'NONE',  ( 0.000000000000000000, -0.000000000000000000, -1.000000000000000000 ) ) ;
#2317 = CARTESIAN_POINT ( 'NONE',  ( 3.263947018214233164, 2.281339335805378621, -1.507657300598853833 ) ) ;
#2318 = CARTESIAN_POINT ( 'NONE',  ( -1.750000000000000000, 0.4000000000000000222, 0.000000000000000000 ) ) ;
#2319 = EDGE_CURVE ( 'NONE', #948, #1338, #1076, .T. ) ;
#2320 = ORIENTED_EDGE ( 'NONE', *, *, #292, .T. ) ;
#2321 = PRESENTATION_LAYER_ASSIGNMENT (  '', '', ( #1866 ) ) ;
#2322 =( NAMED_UNIT ( * ) PLANE_ANGLE_UNIT ( ) SI_UNIT ( $, .RADIAN. ) );
#2323 = CARTESIAN_POINT ( 'NONE',  ( 3.287368063089040060, 2.325726246595524849, 1.507418859154279644 ) ) ;
#2324 = FILL_AREA_STYLE_COLOUR ( '', #355 ) ;
#2325 = PRESENTATION_LAYER_ASSIGNMENT (  '', '', ( #949 ) ) ;
#2326 = EDGE_CURVE ( 'NONE', #1393, #1775, #687, .T. ) ;
#2327 = DIRECTION ( 'NONE',  ( 0.000000000000000000, -1.000000000000000000, 0.000000000000000000 ) ) ;
#2328 = FILL_AREA_STYLE ('',( #934 ) ) ;
#2329 = CARTESIAN_POINT ( 'NONE',  ( 3.828315779298159249, 0.7996131666364219015, 1.507281572325301688 ) ) ;
#2330 = DIRECTION ( 'NONE',  ( 0.000000000000000000, 1.000000000000000000, 0.000000000000000000 ) ) ;
#2331 = AXIS2_PLACEMENT_3D ( 'NONE', #656, #1620, #87 ) ;
#2332 = VERTEX_POINT ( 'NONE', #887 ) ;
#2333 =( GEOMETRIC_REPRESENTATION_CONTEXT ( 3 ) GLOBAL_UNCERTAINTY_ASSIGNED_CONTEXT ( ( #1382 ) ) GLOBAL_UNIT_ASSIGNED_CONTEXT ( ( #404, #625, #2005 ) ) REPRESENTATION_CONTEXT ( 'NONE', 'WORKASPACE' ) );
#2334 = DIRECTION ( 'NONE',  ( -1.000000000000000000, 0.000000000000000000, -0.000000000000000000 ) ) ;
#2335 = UNCERTAINTY_MEASURE_WITH_UNIT (LENGTH_MEASURE( 1.000000000000000082E-05 ), #2495, 'distance_accuracy_value', 'NONE');
#2336 = AXIS2_PLACEMENT_3D ( 'NONE', #1724, #443, #2177 ) ;
#2337 = DIRECTION ( 'NONE',  ( 8.659560562354916834E-17, 0.7071067811865489050, -0.7071067811865462405 ) ) ;
#2338 = STYLED_ITEM ( 'NONE', ( #1561 ), #813 ) ;
#2339 = DIRECTION ( 'NONE',  ( -1.000000000000000000, 0.000000000000000000, 0.000000000000000000 ) ) ;
#2340 = DIRECTION ( 'NONE',  ( 0.000000000000000000, 1.000000000000000000, 0.000000000000000000 ) ) ;
#2341 = TOROIDAL_SURFACE ( 'NONE', #1386, 4.400000000056635052, 0.8999999999739866086 ) ;
#2342 = ORIENTED_EDGE ( 'NONE', *, *, #1941, .T. ) ;
#2343 = DIRECTION ( 'NONE',  ( -0.000000000000000000, 1.000000000000000000, -0.000000000000000000 ) ) ;
#2344 =( GEOMETRIC_REPRESENTATION_CONTEXT ( 3 ) GLOBAL_UNCERTAINTY_ASSIGNED_CONTEXT ( ( #953 ) ) GLOBAL_UNIT_ASSIGNED_CONTEXT ( ( #1484, #2255, #60 ) ) REPRESENTATION_CONTEXT ( 'NONE', 'WORKASPACE' ) );
#2345 = CARTESIAN_POINT ( 'NONE',  ( 3.529138148909649608, 0.1190007194476587621, 1.504687755690697903 ) ) ;
#2346 = AXIS2_PLACEMENT_3D ( 'NONE', #2122, #1905, #109 ) ;
#2347 = ORIENTED_EDGE ( 'NONE', *, *, #2168, .T. ) ;
#2348 = UNCERTAINTY_MEASURE_WITH_UNIT (LENGTH_MEASURE( 1.000000000000000082E-05 ), #451, 'distance_accuracy_value', 'NONE');
#2349 = DIRECTION ( 'NONE',  ( -0.000000000000000000, 1.000000000000000000, -0.000000000000000000 ) ) ;
#2350 = AXIS2_PLACEMENT_3D ( 'NONE', #1301, #719, #2518 ) ;
#2351 = COLOUR_RGB ( '',0.2509803921568627416, 0.2509803921568627416, 0.2509803921568627416 ) ;
#2352 =( NAMED_UNIT ( * ) PLANE_ANGLE_UNIT ( ) SI_UNIT ( $, .RADIAN. ) );
#2353 = CYLINDRICAL_SURFACE ( 'NONE', #1688, 0.5999999999999995337 ) ;
#2354 = CARTESIAN_POINT ( 'NONE',  ( 5.021051876549273187E-16, 3.166195264044802560, 4.100000000036846615 ) ) ;
#2355 = ORIENTED_EDGE ( 'NONE', *, *, #2373, .F. ) ;
#2356 = ORIENTED_EDGE ( 'NONE', *, *, #1467, .T. ) ;
#2357 =( GEOMETRIC_REPRESENTATION_CONTEXT ( 3 ) GLOBAL_UNCERTAINTY_ASSIGNED_CONTEXT ( ( #148 ) ) GLOBAL_UNIT_ASSIGNED_CONTEXT ( ( #1183, #2024, #1597 ) ) REPRESENTATION_CONTEXT ( 'NONE', 'WORKASPACE' ) );
#2358 = SURFACE_STYLE_FILL_AREA ( #556 ) ;
#2359 = CIRCLE ( 'NONE', #1568, 0.2999999999999994893 ) ;
#2360 = CARTESIAN_POINT ( 'NONE',  ( 3.688988118372662939, 11.85064465803077738, -1.505593727882085897 ) ) ;
#2361 = UNCERTAINTY_MEASURE_WITH_UNIT (LENGTH_MEASURE( 1.000000000000000082E-05 ), #1252, 'distance_accuracy_value', 'NONE');
#2362 = SURFACE_SIDE_STYLE ('',( #2526 ) ) ;
#2363 = AXIS2_PLACEMENT_3D ( 'NONE', #1817, #2031, #468 ) ;
#2364 = EDGE_LOOP ( 'NONE', ( #408, #1798, #782, #25 ) ) ;
#2365 = CARTESIAN_POINT ( 'NONE',  ( 3.834370253552183971, 3.060578097983712720, 1.507317073173844779 ) ) ;
#2366 = ORIENTED_EDGE ( 'NONE', *, *, #1856, .T. ) ;
#2367 = STYLED_ITEM ( 'NONE', ( #1310 ), #1513 ) ;
#2368 = DIRECTION ( 'NONE',  ( -0.000000000000000000, -1.000000000000000000, -0.000000000000000000 ) ) ;
#2369 = FILL_AREA_STYLE ('',( #4 ) ) ;
#2370 = CARTESIAN_POINT ( 'NONE',  ( 1.750000000000000000, -2.149999999999999911, -0.2999999999999998779 ) ) ;
#2371 = ORIENTED_EDGE ( 'NONE', *, *, #304, .F. ) ;
#2372 = UNCERTAINTY_MEASURE_WITH_UNIT (LENGTH_MEASURE( 1.000000000000000082E-05 ), #2224, 'distance_accuracy_value', 'NONE');
#2373 = EDGE_CURVE ( 'NONE', #578, #1244, #2112, .T. ) ;
#2374 = CIRCLE ( 'NONE', #2416, 2.799999999999999822 ) ;
#2375 = AXIS2_PLACEMENT_3D ( 'NONE', #2042, #2094, #2557 ) ;
#2376 = SURFACE_STYLE_USAGE ( .BOTH. , #546 ) ;
#2377 = PRESENTATION_LAYER_ASSIGNMENT (  '', '', ( #2338 ) ) ;
#2378 = DIRECTION ( 'NONE',  ( -0.000000000000000000, 1.000000000000000000, -0.000000000000000000 ) ) ;
#2379 = VERTEX_POINT ( 'NONE', #2280 ) ;
#2380 =( GEOMETRIC_REPRESENTATION_CONTEXT ( 3 ) GLOBAL_UNCERTAINTY_ASSIGNED_CONTEXT ( ( #1747 ) ) GLOBAL_UNIT_ASSIGNED_CONTEXT ( ( #1327, #2322, #360 ) ) REPRESENTATION_CONTEXT ( 'NONE', 'WORKASPACE' ) );
#2381 =( NAMED_UNIT ( * ) PLANE_ANGLE_UNIT ( ) SI_UNIT ( $, .RADIAN. ) );
#2382 = SURFACE_STYLE_FILL_AREA ( #1380 ) ;
#2383 = ORIENTED_EDGE ( 'NONE', *, *, #1735, .F. ) ;
#2384 = SURFACE_SIDE_STYLE ('',( #2016 ) ) ;
#2385 = DIRECTION ( 'NONE',  ( -0.000000000000000000, 1.000000000000000000, -0.000000000000000000 ) ) ;
#2386 = CIRCLE ( 'NONE', #1264, 3.416195264053370373 ) ;
#2387 = DIRECTION ( 'NONE',  ( 0.000000000000000000, -1.000000000000000000, 0.000000000000000000 ) ) ;
#2388 = EDGE_CURVE ( 'NONE', #2141, #2241, #2517, .T. ) ;
#2389 = LINE ( 'NONE', #1193, #98 ) ;
#2390 =( GEOMETRIC_REPRESENTATION_CONTEXT ( 3 ) GLOBAL_UNCERTAINTY_ASSIGNED_CONTEXT ( ( #1955 ) ) GLOBAL_UNIT_ASSIGNED_CONTEXT ( ( #1504, #2529, #117 ) ) REPRESENTATION_CONTEXT ( 'NONE', 'WORKASPACE' ) );
#2391 = DIRECTION ( 'NONE',  ( -0.000000000000000000, -1.000000000000000000, -0.000000000000000000 ) ) ;
#2392 = ORIENTED_EDGE ( 'NONE', *, *, #673, .F. ) ;
#2393 = EDGE_CURVE ( 'NONE', #567, #2154, #2386, .T. ) ;
#2394 = ORIENTED_EDGE ( 'NONE', *, *, #1835, .T. ) ;
#2395 = DIRECTION ( 'NONE',  ( 0.000000000000000000, 0.000000000000000000, -1.000000000000000000 ) ) ;
#2396 = ORIENTED_EDGE ( 'NONE', *, *, #406, .T. ) ;
#2397 = CARTESIAN_POINT ( 'NONE',  ( -1.750000000000000000, 0.4500000000000000111, 0.2999999999999997113 ) ) ;
#2398 =( NAMED_UNIT ( * ) SI_UNIT ( $, .STERADIAN. ) SOLID_ANGLE_UNIT ( ) );
#2399 = EDGE_CURVE ( 'NONE', #994, #1939, #512, .T. ) ;
#2400 = LINE ( 'NONE', #21, #502 ) ;
#2401 = MECHANICAL_DESIGN_GEOMETRIC_PRESENTATION_REPRESENTATION (  '', ( #870 ), #1051 ) ;
#2402 = CIRCLE ( 'NONE', #1611, 3.600000000036846615 ) ;
#2403 = DIRECTION ( 'NONE',  ( 0.000000000000000000, 0.000000000000000000, -1.000000000000000000 ) ) ;
#2404 = ORIENTED_EDGE ( 'NONE', *, *, #1642, .T. ) ;
#2405 = FILL_AREA_STYLE_COLOUR ( '', #458 ) ;
#2406 = DIRECTION ( 'NONE',  ( 0.000000000000000000, 0.000000000000000000, -1.000000000000000000 ) ) ;
#2407 = EDGE_CURVE ( 'NONE', #1857, #92, #140, .T. ) ;
#2408 = CYLINDRICAL_SURFACE ( 'NONE', #1036, 0.2999999999999994893 ) ;
#2409 = MECHANICAL_DESIGN_GEOMETRIC_PRESENTATION_REPRESENTATION (  '', ( #30 ), #1788 ) ;
#2410 = CARTESIAN_POINT ( 'NONE',  ( -1.750000000000000000, 0.4500000000000000111, 0.000000000000000000 ) ) ;
#2411 = EDGE_LOOP ( 'NONE', ( #1614, #2563, #1976, #1657 ) ) ;
#2412 = TOROIDAL_SURFACE ( 'NONE', #1250, 3.416195264012948485, 0.6838047360238982408 ) ;
#2413 =( NAMED_UNIT ( * ) SI_UNIT ( $, .STERADIAN. ) SOLID_ANGLE_UNIT ( ) );
#2414 = CARTESIAN_POINT ( 'NONE',  ( 1.750000000000000000, 0.1999999999999999833, 0.000000000000000000 ) ) ;
#2415 =( LENGTH_UNIT ( ) NAMED_UNIT ( * ) SI_UNIT ( .MILLI., .METRE. ) );
#2416 = AXIS2_PLACEMENT_3D ( 'NONE', #742, #2330, #554 ) ;
#2417 = DIRECTION ( 'NONE',  ( 0.000000000000000000, -1.000000000000000000, 0.000000000000000000 ) ) ;
#2418 = ORIENTED_EDGE ( 'NONE', *, *, #654, .F. ) ;
#2419 = EDGE_CURVE ( 'NONE', #1992, #1953, #1894, .T. ) ;
#2420 =( GEOMETRIC_REPRESENTATION_CONTEXT ( 3 ) GLOBAL_UNCERTAINTY_ASSIGNED_CONTEXT ( ( #1318 ) ) GLOBAL_UNIT_ASSIGNED_CONTEXT ( ( #1716, #736, #746 ) ) REPRESENTATION_CONTEXT ( 'NONE', 'WORKASPACE' ) );
#2421 = PRESENTATION_STYLE_ASSIGNMENT (( #68 ) ) ;
#2422 = AXIS2_PLACEMENT_3D ( 'NONE', #1818, #1604, #1423 ) ;
#2423 = SURFACE_STYLE_USAGE ( .BOTH. , #1843 ) ;
#2424 = VERTEX_POINT ( 'NONE', #336 ) ;
#2425 = STYLED_ITEM ( 'NONE', ( #1844 ), #1228 ) ;
#2426 = STYLED_ITEM ( 'NONE', ( #1308 ), #1503 ) ;
#2427 = CARTESIAN_POINT ( 'NONE',  ( 0.000000000000000000, 1.235362062123623650, 0.000000000000000000 ) ) ;
#2428 = ORIENTED_EDGE ( 'NONE', *, *, #396, .T. ) ;
#2429 = FACE_OUTER_BOUND ( 'NONE', #835, .T. ) ;
#2430 = CARTESIAN_POINT ( 'NONE',  ( 0.000000000000000000, 0.4000000000000000222, 0.000000000000000000 ) ) ;
#2431 = EDGE_CURVE ( 'NONE', #1775, #891, #96, .T. ) ;
#2432 = MECHANICAL_DESIGN_GEOMETRIC_PRESENTATION_REPRESENTATION (  '', ( #1725 ), #269 ) ;
#2433 = DIRECTION ( 'NONE',  ( 0.000000000000000000, 0.000000000000000000, -1.000000000000000000 ) ) ;
#2434 = FILL_AREA_STYLE_COLOUR ( '', #843 ) ;
#2435 = ORIENTED_EDGE ( 'NONE', *, *, #852, .T. ) ;
#2436 = FILL_AREA_STYLE ('',( #494 ) ) ;
#2437 =( NAMED_UNIT ( * ) PLANE_ANGLE_UNIT ( ) SI_UNIT ( $, .RADIAN. ) );
#2438 = EDGE_LOOP ( 'NONE', ( #2149, #998, #2442, #2118 ) ) ;
#2439 = PRESENTATION_LAYER_ASSIGNMENT (  '', '', ( #2035 ) ) ;
#2440 = SURFACE_STYLE_FILL_AREA ( #1649 ) ;
#2441 = STYLED_ITEM ( 'NONE', ( #69 ), #1837 ) ;
#2442 = ORIENTED_EDGE ( 'NONE', *, *, #1840, .T. ) ;
#2443 =( LENGTH_UNIT ( ) NAMED_UNIT ( * ) SI_UNIT ( .MILLI., .METRE. ) );
#2444 = STYLED_ITEM ( 'NONE', ( #1198 ), #871 ) ;
#2445 =( NAMED_UNIT ( * ) PLANE_ANGLE_UNIT ( ) SI_UNIT ( $, .RADIAN. ) );
#2446 = MECHANICAL_DESIGN_GEOMETRIC_PRESENTATION_REPRESENTATION (  '', ( #327 ), #1110 ) ;
#2447 = DIRECTION ( 'NONE',  ( 0.000000000000000000, 0.000000000000000000, 1.000000000000000000 ) ) ;
#2448 = CARTESIAN_POINT ( 'NONE',  ( 3.673940397442060361E-16, 0.4000000000000000222, 3.000000000000000444 ) ) ;
#2449 = CARTESIAN_POINT ( 'NONE',  ( -1.750000000000000000, -2.149999999999999911, 0.000000000000000000 ) ) ;
#2450 = CARTESIAN_POINT ( 'NONE',  ( 3.841545711781385819, 0.5714588534216484828, -1.507380464703235168 ) ) ;
#2451 = EDGE_CURVE ( 'NONE', #2252, #1022, #1929, .T. ) ;
#2452 = COLOUR_RGB ( '',0.2509803921568627416, 0.2509803921568627416, 0.2509803921568627416 ) ;
#2453 = PRESENTATION_STYLE_ASSIGNMENT (( #1691 ) ) ;
#2454 = CARTESIAN_POINT ( 'NONE',  ( -2.076655965710604512, 0.4000000000000000222, -1.000000000006638912 ) ) ;
#2455 = ORIENTED_EDGE ( 'NONE', *, *, #2489, .F. ) ;
#2456 = DIRECTION ( 'NONE',  ( -1.000000000000000000, -0.000000000000000000, 0.000000000000000000 ) ) ;
#2457 =( GEOMETRIC_REPRESENTATION_CONTEXT ( 3 ) GLOBAL_UNCERTAINTY_ASSIGNED_CONTEXT ( ( #2556 ) ) GLOBAL_UNIT_ASSIGNED_CONTEXT ( ( #387, #2248, #855 ) ) REPRESENTATION_CONTEXT ( 'NONE', 'WORKASPACE' ) );
#2458 = AXIS2_PLACEMENT_3D ( 'NONE', #2043, #2584, #239 ) ;
#2459 = FILL_AREA_STYLE ('',( #1626 ) ) ;
#2460 = CYLINDRICAL_SURFACE ( 'NONE', #2375, 0.2999999999999998779 ) ;
#2461 = CARTESIAN_POINT ( 'NONE',  ( 0.000000000000000000, 12.00000000000000000, 0.000000000000000000 ) ) ;
#2462 = PRESENTATION_STYLE_ASSIGNMENT (( #1674 ) ) ;
#2463 = MECHANICAL_DESIGN_GEOMETRIC_PRESENTATION_REPRESENTATION (  '', ( #2338 ), #2060 ) ;
#2464 = VERTEX_POINT ( 'NONE', #1581 ) ;
#2465 = EDGE_CURVE ( 'NONE', #2241, #1857, #560, .T. ) ;
#2466 = CARTESIAN_POINT ( 'NONE',  ( 3.287518309411199713, 1.524008308671553680, -1.507417146987474421 ) ) ;
#2467 = COLOUR_RGB ( '',0.000000000000000000, 0.5019607843137254832, 0.5019607843137254832 ) ;
#2468 = ORIENTED_EDGE ( 'NONE', *, *, #1735, .T. ) ;
#2469 = VECTOR ( 'NONE', #1871, 1000.000000000000000 ) ;
#2470 = PRESENTATION_STYLE_ASSIGNMENT (( #1677 ) ) ;
#2471 = DIRECTION ( 'NONE',  ( 0.000000000000000000, 0.000000000000000000, -1.000000000000000000 ) ) ;
#2472 = DIRECTION ( 'NONE',  ( 0.000000000000000000, -1.000000000000000000, 0.000000000000000000 ) ) ;
#2473 = SURFACE_STYLE_FILL_AREA ( #286 ) ;
#2474 = ORIENTED_EDGE ( 'NONE', *, *, #1917, .T. ) ;
#2475 = VECTOR ( 'NONE', #1202, 1000.000000000000000 ) ;
#2476 = SURFACE_STYLE_USAGE ( .BOTH. , #691 ) ;
#2477 = CARTESIAN_POINT ( 'NONE',  ( 3.417512913107678685, 2.520249499054417974, -1.506062428876058235 ) ) ;
#2478 = CARTESIAN_POINT ( 'NONE',  ( 3.479144376535787675, 0.08744121707578189628, -1.504220545479503013 ) ) ;
#2479 =( LENGTH_UNIT ( ) NAMED_UNIT ( * ) SI_UNIT ( .MILLI., .METRE. ) );
#2480 = ORIENTED_EDGE ( 'NONE', *, *, #2399, .F. ) ;
#2481 = EDGE_CURVE ( 'NONE', #2379, #2141, #589, .T. ) ;
#2482 = CARTESIAN_POINT ( 'NONE',  ( 0.000000000000000000, 1.925000000070364425, 0.000000000000000000 ) ) ;
#2483 = DIRECTION ( 'NONE',  ( 0.000000000000000000, 0.000000000000000000, -1.000000000000000000 ) ) ;
#2484 =( LENGTH_UNIT ( ) NAMED_UNIT ( * ) SI_UNIT ( .MILLI., .METRE. ) );
#2485 = EDGE_CURVE ( 'NONE', #1838, #1197, #1640, .T. ) ;
#2486 = AXIS2_PLACEMENT_3D ( 'NONE', #1217, #2245, #258 ) ;
#2487 =( GEOMETRIC_REPRESENTATION_CONTEXT ( 3 ) GLOBAL_UNCERTAINTY_ASSIGNED_CONTEXT ( ( #2291 ) ) GLOBAL_UNIT_ASSIGNED_CONTEXT ( ( #801, #1987, #1767 ) ) REPRESENTATION_CONTEXT ( 'NONE', 'WORKASPACE' ) );
#2488 =( NAMED_UNIT ( * ) SI_UNIT ( $, .STERADIAN. ) SOLID_ANGLE_UNIT ( ) );
#2489 = EDGE_CURVE ( 'NONE', #365, #727, #566, .T. ) ;
#2490 = DIRECTION ( 'NONE',  ( -0.000000000000000000, -1.000000000000000000, -0.000000000000000000 ) ) ;
#2491 = ORIENTED_EDGE ( 'NONE', *, *, #2075, .F. ) ;
#2492 =( GEOMETRIC_REPRESENTATION_CONTEXT ( 3 ) GLOBAL_UNCERTAINTY_ASSIGNED_CONTEXT ( ( #1764 ) ) GLOBAL_UNIT_ASSIGNED_CONTEXT ( ( #815, #1791, #1179 ) ) REPRESENTATION_CONTEXT ( 'NONE', 'WORKASPACE' ) );
#2493 = CIRCLE ( 'NONE', #1915, 2.750000000000002220 ) ;
#2494 = STYLED_ITEM ( 'NONE', ( #2247 ), #1406 ) ;
#2495 =( LENGTH_UNIT ( ) NAMED_UNIT ( * ) SI_UNIT ( .MILLI., .METRE. ) );
#2496 = UNCERTAINTY_MEASURE_WITH_UNIT (LENGTH_MEASURE( 1.000000000000000082E-05 ), #2564, 'distance_accuracy_value', 'NONE');
#2497 = CARTESIAN_POINT ( 'NONE',  ( 0.000000000000000000, 12.00000000000000000, 0.000000000000000000 ) ) ;
#2498 = DIRECTION ( 'NONE',  ( -0.000000000000000000, -1.000000000000000000, -0.000000000000000000 ) ) ;
#2499 = DIRECTION ( 'NONE',  ( 0.000000000000000000, 0.000000000000000000, -1.000000000000000000 ) ) ;
#2500 = MECHANICAL_DESIGN_GEOMETRIC_PRESENTATION_REPRESENTATION (  '', ( #1419 ), #883 ) ;
#2501 = FILL_AREA_STYLE ('',( #1521 ) ) ;
#2502 = EDGE_CURVE ( 'NONE', #772, #1599, #1137, .T. ) ;
#2503 = PRESENTATION_LAYER_ASSIGNMENT (  '', '', ( #756 ) ) ;
#2504 = CARTESIAN_POINT ( 'NONE',  ( 2.076655965700000106, -0.09999999999999999167, 1.000000000000000222 ) ) ;
#2505 = DIRECTION ( 'NONE',  ( 0.000000000000000000, 0.000000000000000000, -1.000000000000000000 ) ) ;
#2506 = CARTESIAN_POINT ( 'NONE',  ( 3.608161777633648981, 11.91833847758560161, 1.504589010975899033 ) ) ;
#2507 = ORIENTED_EDGE ( 'NONE', *, *, #11, .T. ) ;
#2508 = ADVANCED_FACE ( 'NONE', ( #749 ), #762, .T. ) ;
#2509 = CARTESIAN_POINT ( 'NONE',  ( 3.834370253539924445, 11.56894939227199082, -1.507317073170664434 ) ) ;
#2510 = VECTOR ( 'NONE', #937, 1000.000000000000000 ) ;
#2511 = PRESENTATION_LAYER_ASSIGNMENT (  '', '', ( #2425 ) ) ;
#2512 = EDGE_CURVE ( 'NONE', #2567, #2051, #1552, .T. ) ;
#2513 = VECTOR ( 'NONE', #918, 1000.000000000000000 ) ;
#2514 =( NAMED_UNIT ( * ) PLANE_ANGLE_UNIT ( ) SI_UNIT ( $, .RADIAN. ) );
#2515 = PRODUCT_DEFINITION_SHAPE ( 'NONE', 'NONE',  #1126 ) ;
#2516 = FACE_OUTER_BOUND ( 'NONE', #914, .T. ) ;
#2517 = CIRCLE ( 'NONE', #1684, 0.5999999999999995337 ) ;
#2518 = DIRECTION ( 'NONE',  ( 0.000000000000000000, 0.000000000000000000, 1.000000000000000000 ) ) ;
#2519 = CARTESIAN_POINT ( 'NONE',  ( 3.230773371479003675, -0.02000000000003995804, 1.501820530694957245 ) ) ;
#2520 = CARTESIAN_POINT ( 'NONE',  ( 3.635996148567099517, 11.89794118627348318, 1.504933768095296109 ) ) ;
#2521 = ORIENTED_EDGE ( 'NONE', *, *, #2062, .F. ) ;
#2522 = CYLINDRICAL_SURFACE ( 'NONE', #2099, 1.000000000000000000 ) ;
#2523 = SURFACE_STYLE_USAGE ( .BOTH. , #2109 ) ;
#2524 = UNCERTAINTY_MEASURE_WITH_UNIT (LENGTH_MEASURE( 1.000000000000000082E-05 ), #362, 'distance_accuracy_value', 'NONE');
#2525 = EDGE_CURVE ( 'NONE', #13, #1869, #2273, .T. ) ;
#2526 = SURFACE_STYLE_FILL_AREA ( #954 ) ;
#2527 = FACE_OUTER_BOUND ( 'NONE', #1141, .T. ) ;
#2528 = ADVANCED_FACE ( 'NONE', ( #2527 ), #2353, .F. ) ;
#2529 =( NAMED_UNIT ( * ) PLANE_ANGLE_UNIT ( ) SI_UNIT ( $, .RADIAN. ) );
#2530 = CIRCLE ( 'NONE', #1997, 0.2999999999999999334 ) ;
#2531 = FACE_OUTER_BOUND ( 'NONE', #1676, .T. ) ;
#2532 = CARTESIAN_POINT ( 'NONE',  ( 3.834370253539925333, 11.50000000000000000, 1.507317073170666433 ) ) ;
#2533 = ORIENTED_EDGE ( 'NONE', *, *, #1949, .T. ) ;
#2534 = PRESENTATION_LAYER_ASSIGNMENT (  '', '', ( #327 ) ) ;
#2535 =( NAMED_UNIT ( * ) PLANE_ANGLE_UNIT ( ) SI_UNIT ( $, .RADIAN. ) );
#2536 = LINE ( 'NONE', #557, #433 ) ;
#2537 = DIRECTION ( 'NONE',  ( 0.000000000000000000, 0.000000000000000000, 1.000000000000000000 ) ) ;
#2538 = DIRECTION ( 'NONE',  ( 0.000000000000000000, 0.000000000000000000, -1.000000000000000000 ) ) ;
#2539 = FACE_OUTER_BOUND ( 'NONE', #1437, .T. ) ;
#2540 = SURFACE_SIDE_STYLE ('',( #1654 ) ) ;
#2541 = PRESENTATION_STYLE_ASSIGNMENT (( #1785 ) ) ;
#2542 = CARTESIAN_POINT ( 'NONE',  ( 3.672980589860512790, 1.143359686381061113, 1.505997336076749127 ) ) ;
#2543 = CIRCLE ( 'NONE', #1253, 0.2999999999999996558 ) ;
#2544 = ORIENTED_EDGE ( 'NONE', *, *, #304, .T. ) ;
#2545 = PRESENTATION_STYLE_ASSIGNMENT (( #165 ) ) ;
#2546 = CARTESIAN_POINT ( 'NONE',  ( 3.834370253539925777, 11.50000000000000000, -1.507317073170665989 ) ) ;
#2547 = UNCERTAINTY_MEASURE_WITH_UNIT (LENGTH_MEASURE( 1.000000000000000082E-05 ), #946, 'distance_accuracy_value', 'NONE');
#2548 = STYLED_ITEM ( 'NONE', ( #1562 ), #202 ) ;
#2549 =( NAMED_UNIT ( * ) PLANE_ANGLE_UNIT ( ) SI_UNIT ( $, .RADIAN. ) );
#2550 = VERTEX_POINT ( 'NONE', #2590 ) ;
#2551 = CARTESIAN_POINT ( 'NONE',  ( 3.246527860927181486, 1.599035850824231053, 1.507851212754776959 ) ) ;
#2552 = CARTESIAN_POINT ( 'NONE',  ( 0.000000000000000000, 1.925000000070364647, 0.000000000000000000 ) ) ;
#2553 = ORIENTED_EDGE ( 'NONE', *, *, #493, .F. ) ;
#2554 = MECHANICAL_DESIGN_GEOMETRIC_PRESENTATION_REPRESENTATION (  '', ( #1938 ), #1518 ) ;
#2555 = ORIENTED_EDGE ( 'NONE', *, *, #2027, .F. ) ;
#2556 = UNCERTAINTY_MEASURE_WITH_UNIT (LENGTH_MEASURE( 1.000000000000000082E-05 ), #387, 'distance_accuracy_value', 'NONE');
#2557 = DIRECTION ( 'NONE',  ( 0.000000000000000000, 0.000000000000000000, 1.000000000000000000 ) ) ;
#2558 = SURFACE_SIDE_STYLE ('',( #950 ) ) ;
#2559 = CARTESIAN_POINT ( 'NONE',  ( 3.725194763041577151, 11.80965654582964319, -1.506061859814059600 ) ) ;
#2560 = VECTOR ( 'NONE', #1101, 1000.000000000000000 ) ;
#2561 = AXIS2_PLACEMENT_3D ( 'NONE', #209, #1175, #609 ) ;
#2562 =( NAMED_UNIT ( * ) SI_UNIT ( $, .STERADIAN. ) SOLID_ANGLE_UNIT ( ) );
#2563 = ORIENTED_EDGE ( 'NONE', *, *, #1294, .T. ) ;
#2564 =( LENGTH_UNIT ( ) NAMED_UNIT ( * ) SI_UNIT ( .MILLI., .METRE. ) );
#2565 = PRODUCT_RELATED_PRODUCT_CATEGORY ( 'part', '', ( #1136 ) ) ;
#2566 = EDGE_CURVE ( 'NONE', #365, #1216, #2389, .T. ) ;
#2567 = VERTEX_POINT ( 'NONE', #800 ) ;
#2568 = DIRECTION ( 'NONE',  ( 0.000000000000000000, 0.000000000000000000, -1.000000000000000000 ) ) ;
#2569 = ORIENTED_EDGE ( 'NONE', *, *, #593, .F. ) ;
#2570 = SURFACE_STYLE_FILL_AREA ( #1533 ) ;
#2571 = VECTOR ( 'NONE', #1606, 1000.000000000000000 ) ;
#2572 = VECTOR ( 'NONE', #1741, 1000.000000000000000 ) ;
#2573 = DIRECTION ( 'NONE',  ( 0.000000000000000000, -1.000000000000000000, 0.000000000000000000 ) ) ;
#2574 = AXIS2_PLACEMENT_3D ( 'NONE', #1347, #2378, #190 ) ;
#2575 = SURFACE_STYLE_FILL_AREA ( #2007 ) ;
#2576 = SURFACE_STYLE_FILL_AREA ( #2193 ) ;
#2577 = VERTEX_POINT ( 'NONE', #2204 ) ;
#2578 =( NAMED_UNIT ( * ) SI_UNIT ( $, .STERADIAN. ) SOLID_ANGLE_UNIT ( ) );
#2579 = AXIS2_PLACEMENT_3D ( 'NONE', #1906, #2327, #1349 ) ;
#2580 = DIRECTION ( 'NONE',  ( -1.224646799147353454E-16, 0.000000000000000000, -1.000000000000000000 ) ) ;
#2581 = SURFACE_SIDE_STYLE ('',( #2223 ) ) ;
#2582 = EDGE_CURVE ( 'NONE', #39, #1734, #444, .T. ) ;
#2583 = ORIENTED_EDGE ( 'NONE', *, *, #1482, .F. ) ;
#2584 = DIRECTION ( 'NONE',  ( -0.000000000000000000, -1.000000000000000000, -0.000000000000000000 ) ) ;
#2585 = CARTESIAN_POINT ( 'NONE',  ( 0.000000000000000000, 1.219688472624365083, -3.840951120972684762 ) ) ;
#2586 = VECTOR ( 'NONE', #1587, 1000.000000000000000 ) ;
#2587 = CARTESIAN_POINT ( 'NONE',  ( 1.750000000000000000, -2.149999999999999911, 0.000000000000000000 ) ) ;
#2588 = ADVANCED_FACE ( 'NONE', ( #1309 ), #1512, .T. ) ;
#2589 = PRESENTATION_LAYER_ASSIGNMENT (  '', '', ( #1465 ) ) ;
#2590 = CARTESIAN_POINT ( 'NONE',  ( -2.330940369696681280, 0.4000000000000000222, 1.459183673468939402 ) ) ;
#2591 = DIRECTION ( 'NONE',  ( 0.000000000000000000, 0.000000000000000000, -1.000000000000000000 ) ) ;
#2592 = VERTEX_POINT ( 'NONE', #146 ) ;
#2593 = CARTESIAN_POINT ( 'NONE',  ( 3.343913568958534643, 1.436140054924247789, 1.506694920801638027 ) ) ;
ENDSEC;
END-ISO-10303-21;
